symbol,name,base,htf,entry_thr,exit_mode,exit_thr,htf_m_min,sl_atr,tp_atr,trail_atr,be_at_r,sides,session,n,ret,pf,wr,dd,sharpe,avg_bars,final,score
EURUSD,15min+1h_e15_zero_hm0_s1.5_t2.5_both,15min,1h,15.0,zero,0.0,0.0,1.5,2.5,0.0,0.0,both,all,1102,-80.18480138996789,0.663135738420915,36.7513611615245,-80.9392146027729,-2.5604818048650184,1.9491833030852994,19815.19861003211,-25.487121293657346
EURUSD,15min+1h_e15_zero_hm0_s1.5_t2.5_long,15min,1h,15.0,zero,0.0,0.0,1.5,2.5,0.0,0.0,long,all,1288,-80.04072920409675,0.6602045298239138,37.267080745341616,-80.68539570166007,-2.314119744974882,1.7104037267080745,19959.270795903256,-25.47853367167049
EURUSD,15min+1h_e15_zero_hm0_s1.5_t3.5_both,15min,1h,15.0,zero,0.0,0.0,1.5,3.5,0.0,0.0,both,all,1080,-80.13203449056539,0.6568956450352492,36.666666666666664,-80.96094366480932,-2.403912426598443,2.0407407407407407,19867.96550943461,-25.501480013626868
EURUSD,15min+1h_e15_zero_hm0_s1.5_t3.5_long,15min,1h,15.0,zero,0.0,0.0,1.5,3.5,0.0,0.0,long,all,1225,-80.04844420574958,0.6438494598193825,36.6530612244898,-80.73367324259473,-2.2250144866484174,1.8514285714285714,19951.555794250435,-25.521661048385315
EURUSD,15min+1h_e15_zero_hm0_s2.0_t4.0_both,15min,1h,15.0,zero,0.0,0.0,2.0,4.0,0.0,0.0,both,all,1216,-80.03557059202954,0.6315861204411415,36.92434210526316,-80.66472786922687,-2.7158658336691195,2.1751644736842106,19964.42940797046,-25.549046637347402
EURUSD,15min+1h_e15_zero_hm0_s2.0_t4.0_long,15min,1h,15.0,zero,0.0,0.0,2.0,4.0,0.0,0.0,long,all,1466,-80.17571880450205,0.6347721977555311,37.31241473396999,-80.68961251954865,-2.558855221703945,2.0463847203274215,19824.281195497955,-25.547682758573202
EURUSD,15min+1h_e15_zero_hm12_s1.5_t2.5_both,15min,1h,15.0,zero,0.0,12.0,1.5,2.5,0.0,0.0,both,all,1368,-80.0665018283249,0.6931305006897319,39.25438596491228,-80.44966540443727,-2.4217342583656456,1.8464912280701755,19933.498171675088,-25.387820437586157
EURUSD,15min+1h_e15_zero_hm12_s1.5_t2.5_long,15min,1h,15.0,zero,0.0,12.0,1.5,2.5,0.0,0.0,long,all,1403,-80.05014819559331,0.6849972994047007,36.92088382038489,-80.29145742533053,-2.2626520474405445,1.6771204561653599,19949.85180440669,-25.4011709763252
EURUSD,15min+1h_e15_zero_hm12_s1.5_t3.5_both,15min,1h,15.0,zero,0.0,12.0,1.5,3.5,0.0,0.0,both,all,1342,-80.12770714270438,0.6743348013422243,38.822652757078984,-80.43167477119981,-2.3213290782239633,1.9150521609538003,19872.29285729563,-25.436538273200608
EURUSD,15min+1h_e15_zero_hm12_s1.5_t3.5_long,15min,1h,15.0,zero,0.0,12.0,1.5,3.5,0.0,0.0,long,all,1382,-80.11044869239028,0.6683025849648351,36.61360347322721,-80.31791185821331,-2.194620061860258,1.79232995658466,19889.55130760972,-25.446377959612057
EURUSD,15min+1h_e15_zero_hm12_s2.0_t4.0_both,15min,1h,15.0,zero,0.0,12.0,2.0,4.0,0.0,0.0,both,all,1641,-80.01594050122584,0.6619715441434684,39.366240097501525,-80.24586562322571,-2.659850670032851,2.1029859841560024,19984.059498774157,-25.455543384619393
EURUSD,15min+1h_e15_zero_hm12_s2.0_t4.0_long,15min,1h,15.0,zero,0.0,12.0,2.0,4.0,0.0,0.0,long,all,1576,-80.08960174159041,0.647258609442791,36.86548223350254,-80.24571911578381,-2.538883811912313,1.9492385786802031,19910.39825840959,-25.49526631068799
EURUSD,15min+1h_e15_zero_hm25_s1.5_t2.5_both,15min,1h,15.0,zero,0.0,25.0,1.5,2.5,0.0,0.0,both,all,1486,-80.06462146027769,0.705856232019633,39.83849259757739,-80.82214612191491,-2.3467746640103337,1.82907133243607,19935.37853972231,-25.370830123238623
EURUSD,15min+1h_e15_zero_hm25_s1.5_t2.5_long,15min,1h,15.0,zero,0.0,25.0,1.5,2.5,0.0,0.0,long,all,1216,-80.11223749625415,0.6468048772021011,36.266447368421055,-80.642829080196,-2.595655559397707,1.6504934210526316,19887.76250374584,-25.513190470052756
EURUSD,15min+1h_e15_zero_hm25_s1.5_t3.5_both,15min,1h,15.0,zero,0.0,25.0,1.5,3.5,0.0,0.0,both,all,1472,-80.03868623637024,0.6912781507126383,39.60597826086956,-80.43054871215509,-2.2687671211087728,1.9110054347826086,19961.313763629765,-25.390574021159416
EURUSD,15min+1h_e15_zero_hm25_s1.5_t3.5_long,15min,1h,15.0,zero,0.0,25.0,1.5,3.5,0.0,0.0,long,all,1200,-80.0313523144866,0.6337888397518593,36.0,-80.2898708411578,-2.4987783419811676,1.7483333333333333,19968.647685513402,-25.528376826846127
EURUSD,15min+1h_e15_zero_hm25_s2.0_t4.0_both,15min,1h,15.0,zero,0.0,25.0,2.0,4.0,0.0,0.0,both,all,1813,-80.0738499695733,0.6847469394860193,40.31991174848318,-80.3169676856488,-2.5355726820452915,2.0441257584114725,19926.150030426707,-25.403765357493835
EURUSD,15min+1h_e15_zero_hm25_s2.0_t4.0_long,15min,1h,15.0,zero,0.0,25.0,2.0,4.0,0.0,0.0,long,all,1344,-80.05609825364806,0.6101182512679755,35.714285714285715,-80.2124783285919,-2.890819997037861,1.8891369047619047,19943.901746351938,-25.58544743511966
EURUSD,15min+1h_e15_hard_hm0_s1.5_t2.5_both,15min,1h,15.0,hard,0.0,0.0,1.5,2.5,0.0,0.0,both,all,1272,-80.02064803447,0.8430295088998851,32.861635220125784,-83.13370121744941,-1.4746274660109484,9.897012578616351,19979.35196553,-25.118600197827064
EURUSD,15min+1h_e15_hard_hm0_s1.5_t2.5_long,15min,1h,15.0,hard,0.0,0.0,1.5,2.5,0.0,0.0,long,all,1024,-80.16991252938021,0.7896728911077413,31.8359375,-81.91347327316055,-1.6904645371909766,10.427734375,19830.087470619783,-25.209153204332278
EURUSD,15min+1h_e15_hard_hm0_s1.5_t3.5_both,15min,1h,15.0,hard,0.0,0.0,1.5,3.5,0.0,0.0,both,all,1136,-80.08697833523158,0.8178641953962368,26.93661971830986,-82.16271577511395,-1.3195348778024818,13.696302816901408,19913.02166476843,-25.14532727592323
EURUSD,15min+1h_e15_hard_hm0_s1.5_t3.5_long,15min,1h,15.0,hard,0.0,0.0,1.5,3.5,0.0,0.0,long,all,958,-80.03062052574155,0.7831829071348584,25.991649269311065,-81.58991043696918,-1.4840518941758385,14.519832985386222,19969.37947425844,-25.206863970671282
EURUSD,15min+1h_e15_hard_hm0_s2.0_t4.0_both,15min,1h,15.0,hard,0.0,0.0,2.0,4.0,0.0,0.0,both,all,1515,-80.01372476470868,0.8442960975165541,30.42904290429043,-81.16919928745062,-1.26088088546874,19.026402640264028,19986.27523529132,-25.036576718294988
EURUSD,15min+1h_e15_hard_hm0_s2.0_t4.0_long,15min,1h,15.0,hard,0.0,0.0,2.0,4.0,0.0,0.0,long,all,1272,-80.16237331188316,0.8184713565666094,29.952830188679247,-80.75169508262994,-1.4229055591222788,20.62185534591195,19837.626688116845,-25.090384344364
EURUSD,15min+1h_e15_hard_hm12_s1.5_t2.5_both,15min,1h,15.0,hard,0.0,12.0,1.5,2.5,0.0,0.0,both,all,1671,-80.08898029035953,0.8601267078644381,33.871932974266905,-83.32321833757587,-1.202502560765828,12.48294434470377,19911.019709640463,-25.08617117545632
EURUSD,15min+1h_e15_hard_hm12_s1.5_t2.5_long,15min,1h,15.0,hard,0.0,12.0,1.5,2.5,0.0,0.0,long,all,1334,-80.01970534139042,0.830296312014066,33.20839580209895,-82.60923350023572,-1.3684613669069894,12.145427286356822,19980.29465860958,-25.12941677362988
EURUSD,15min+1h_e15_hard_hm12_s1.5_t3.5_both,15min,1h,15.0,hard,0.0,12.0,1.5,3.5,0.0,0.0,both,all,1593,-80.17693481487001,0.860547127642299,27.809165097300692,-83.60543442843876,-1.0394567705348203,16.947269303201505,19823.065185129988,-25.099926950626603
EURUSD,15min+1h_e15_hard_hm12_s1.5_t3.5_long,15min,1h,15.0,hard,0.0,12.0,1.5,3.5,0.0,0.0,long,all,1266,-80.14733150276052,0.8450081733752223,26.93522906793049,-84.02697243380106,-1.1608837101630574,16.348341232227487,19852.66849723948,-25.15445172402441
EURUSD,15min+1h_e15_hard_hm12_s2.0_t4.0_both,15min,1h,15.0,hard,0.0,12.0,2.0,4.0,0.0,0.0,both,all,1515,-80.05274204522055,0.8539656337911559,30.56105610561056,-83.19617901191421,-1.2151800045412013,23.501650165016503,19947.257954779452,-25.0950427578075
EURUSD,15min+1h_e15_hard_hm12_s2.0_t4.0_long,15min,1h,15.0,hard,0.0,12.0,2.0,4.0,0.0,0.0,long,all,1334,-80.1659961274426,0.8365128137438541,30.134932533733135,-81.98428729920937,-1.2735167759260675,23.134932533733135,19834.00387255741,-25.094729302706444
EURUSD,15min+1h_e15_hard_hm25_s1.5_t2.5_both,15min,1h,15.0,hard,0.0,25.0,1.5,2.5,0.0,0.0,both,all,1561,-80.06986926818215,0.8569604062111362,33.82447149263293,-82.52665739558542,-1.2422355728040817,13.499039077514414,19930.13073181785,-25.061460051022863
EURUSD,15min+1h_e15_hard_hm25_s1.5_t2.5_long,15min,1h,15.0,hard,0.0,25.0,1.5,2.5,0.0,0.0,long,all,1130,-80.11282083033635,0.8087225199655194,32.389380530973455,-81.23929418270322,-1.5147791253000125,12.458407079646017,19887.17916966365,-25.132278300607783
EURUSD,15min+1h_e15_hard_hm25_s1.5_t3.5_both,15min,1h,15.0,hard,0.0,25.0,1.5,3.5,0.0,0.0,both,all,1568,-80.0623175351696,0.8811554483123816,27.678571428571427,-83.46110414133877,-0.9994988119587818,17.413903061224488,19937.682464830395,-25.037296464217555
EURUSD,15min+1h_e15_hard_hm25_s1.5_t3.5_long,15min,1h,15.0,hard,0.0,25.0,1.5,3.5,0.0,0.0,long,all,1235,-74.67733225127242,0.8564903682018196,27.28744939271255,-76.6910440951306,-0.9718413245401463,16.16842105263158,25322.667748727577,-24.57127112016179
EURUSD,15min+1h_e15_hard_hm25_s2.0_t4.0_both,15min,1h,15.0,hard,0.0,25.0,2.0,4.0,0.0,0.0,both,all,1598,-80.03145195164025,0.8812565986039383,30.725907384230286,-83.08519610549149,-1.1222078482703448,25.037546933667084,19968.54804835975,-25.021524425775425
EURUSD,15min+1h_e15_hard_hm25_s2.0_t4.0_long,15min,1h,15.0,hard,0.0,25.0,2.0,4.0,0.0,0.0,long,all,1105,-71.92006241468101,0.8331886494671816,30.13574660633484,-72.77237208384571,-1.0771607096137454,24.137556561085972,28079.93758531898,-24.404725756273116
EURUSD,15min+1h_e15_neg_hm0_s1.5_t2.5_both,15min,1h,15.0,neg,10.0,0.0,1.5,2.5,0.0,0.0,both,all,1074,-80.09422193048434,0.7060455192873333,36.312849162011176,-80.82739209137084,-2.297906070130151,2.7104283054003724,19905.77806951567,-25.371750762655875
EURUSD,15min+1h_e15_neg_hm0_s1.5_t2.5_long,15min,1h,15.0,neg,10.0,0.0,1.5,2.5,0.0,0.0,long,all,1210,-80.02455491286594,0.681972796432021,36.11570247933884,-80.78577204206351,-2.106674603528822,2.5347107438016527,19975.445087134056,-25.427481087117126
EURUSD,15min+1h_e15_neg_hm0_s1.5_t3.5_both,15min,1h,15.0,neg,10.0,0.0,1.5,3.5,0.0,0.0,both,all,1052,-80.15668447181883,0.7006122399607916,35.836501901140686,-80.96004443046948,-2.128128401559853,2.8659695817490496,19843.31552818116,-25.393138556189555
EURUSD,15min+1h_e15_neg_hm0_s1.5_t3.5_long,15min,1h,15.0,neg,10.0,0.0,1.5,3.5,0.0,0.0,long,all,1058,-80.00907726234487,0.6549403282015803,35.16068052930057,-80.72065711426669,-2.0500304921747534,2.775047258979206,19990.922737655128,-25.491838554560513
EURUSD,15min+1h_e15_neg_hm0_s2.0_t4.0_both,15min,1h,15.0,neg,10.0,0.0,2.0,4.0,0.0,0.0,both,all,1318,-80.02586145475699,0.684137098528913,37.4051593323217,-80.63663716706104,-2.3399977090993733,3.1646433990895297,19974.13854524301,-25.41615719855044
EURUSD,15min+1h_e15_neg_hm0_s2.0_t4.0_long,15min,1h,15.0,neg,10.0,0.0,2.0,4.0,0.0,0.0,long,all,1370,-80.1531819333572,0.6559395125181309,37.372262773722625,-80.68635933595229,-2.3584586450799154,3.1357664233576643,19846.8180666428,-25.493732869477054
EURUSD,15min+1h_e15_neg_hm12_s1.5_t2.5_both,15min,1h,15.0,neg,10.0,12.0,1.5,2.5,0.0,0.0,both,all,1307,-80.00878630790844,0.7076112084841873,38.71461361897475,-80.97134889536898,-2.262097103415456,2.613618974751339,19991.213692091562,-25.370177386920627
EURUSD,15min+1h_e15_neg_hm12_s1.5_t2.5_long,15min,1h,15.0,neg,10.0,12.0,1.5,2.5,0.0,0.0,long,all,1401,-80.1263118477284,0.7057018110024054,36.40256959314775,-80.54726498433855,-2.0360257929238124,2.486081370449679,19873.688152271596,-25.362688545776663
EURUSD,15min+1h_e15_neg_hm12_s1.5_t3.5_both,15min,1h,15.0,neg,10.0,12.0,1.5,3.5,0.0,0.0,both,all,1240,-80.09556189110548,0.6875728620919297,38.306451612903224,-80.4783953499888,-2.207780469142769,2.764516129032258,19904.438108894516,-25.404026134413947
EURUSD,15min+1h_e15_neg_hm12_s1.5_t3.5_long,15min,1h,15.0,neg,10.0,12.0,1.5,3.5,0.0,0.0,long,all,1374,-80.06346642795542,0.6904961686866351,35.880640465793306,-80.27141965457301,-1.9544817585429042,2.6550218340611353,19936.53357204458,-25.38715502158455
EURUSD,15min+1h_e15_neg_hm12_s2.0_t4.0_both,15min,1h,15.0,neg,10.0,12.0,2.0,4.0,0.0,0.0,both,all,1552,-80.13227137734707,0.6752602996682241,39.81958762886598,-80.41380123070776,-2.4637403656668315,3.0315721649484537,19867.728622652932,-25.433692155151633
EURUSD,15min+1h_e15_neg_hm12_s2.0_t4.0_long,15min,1h,15.0,neg,10.0,12.0,2.0,4.0,0.0,0.0,long,all,1550,-80.06882287581925,0.6676014963064825,36.903225806451616,-80.22510317703806,-2.2522137683793977,2.9438709677419355,19931.17712418075,-25.442753301348088
EURUSD,15min+1h_e15_neg_hm25_s1.5_t2.5_both,15min,1h,15.0,neg,10.0,25.0,1.5,2.5,0.0,0.0,both,all,1463,-80.11512591335041,0.7213725779664472,39.576213260423785,-81.33569438740801,-2.1234954422636907,2.6637047163362952,19884.874086649594,-25.35460136711422
EURUSD,15min+1h_e15_neg_hm25_s1.5_t2.5_long,15min,1h,15.0,neg,10.0,25.0,1.5,2.5,0.0,0.0,long,all,1218,-80.04973945550904,0.6716399168365416,35.714285714285715,-80.52130671178904,-2.302208401248236,2.4794745484400655,19950.26054449096,-25.44374205460057
EURUSD,15min+1h_e15_neg_hm25_s1.5_t3.5_both,15min,1h,15.0,neg,10.0,25.0,1.5,3.5,0.0,0.0,both,all,1419,-80.05134027760796,0.7004777439661969,39.112050739957716,-80.74429090444713,-2.065281517771235,2.7815362931642,19948.659722392036,-25.380630887366713
EURUSD,15min+1h_e15_neg_hm25_s1.5_t3.5_long,15min,1h,15.0,neg,10.0,25.0,1.5,3.5,0.0,0.0,long,all,1171,-80.07601832851905,0.644781123157881,35.18360375747225,-80.28384062925561,-2.231560770069145,2.6165670367207516,19923.981671480957,-25.502441550416286
EURUSD,15min+1h_e15_neg_hm25_s2.0_t4.0_both,15min,1h,15.0,neg,10.0,25.0,2.0,4.0,0.0,0.0,both,all,1768,-80.13254427063221,0.6973114049414648,40.44117647058823,-80.57133245364383,-2.2671308370507357,3.021493212669683,19867.45572936779,-25.38487655661738
EURUSD,15min+1h_e15_neg_hm25_s2.0_t4.0_long,15min,1h,15.0,neg,10.0,25.0,2.0,4.0,0.0,0.0,long,all,1287,-80.03061362960537,0.6198049902966942,35.27583527583528,-80.18719352941139,-2.5791189388624414,2.9052059052059054,19969.386370394623,-25.559199810618935
EURUSD,15min+1h_e20_zero_hm0_s1.5_t2.5_both,15min,1h,20.0,zero,0.0,0.0,1.5,2.5,0.0,0.0,both,all,1019,-80.09109642333145,0.6489676105277763,35.91756624141315,-80.49056897924423,-2.5426251979412817,1.9391560353287536,19908.903576668545,-25.500847589783586
EURUSD,15min+1h_e20_zero_hm0_s1.5_t2.5_long,15min,1h,20.0,zero,0.0,0.0,1.5,2.5,0.0,0.0,long,all,1223,-80.03877343523847,0.6497495997999934,36.6312346688471,-80.35071827396992,-2.277160148424697,1.6271463614063777,19961.226564761535,-25.491205668868353
EURUSD,15min+1h_e20_zero_hm0_s1.5_t3.5_both,15min,1h,20.0,zero,0.0,0.0,1.5,3.5,0.0,0.0,both,all,1002,-80.044552375644,0.6444713399454778,35.728542914171655,-80.51912795059273,-2.432586062392519,2.034930139720559,19955.447624356006,-25.511368863185776
EURUSD,15min+1h_e20_zero_hm0_s1.5_t3.5_long,15min,1h,20.0,zero,0.0,0.0,1.5,3.5,0.0,0.0,long,all,1207,-80.0676434608694,0.6421704936855444,36.28831814415907,-80.45355589503066,-2.198130855526696,1.7572493786246892,19932.356539130593,-25.51542174002214
EURUSD,15min+1h_e20_zero_hm0_s2.0_t4.0_both,15min,1h,20.0,zero,0.0,0.0,2.0,4.0,0.0,0.0,both,all,1514,-80.12222402178828,0.6543819337061348,38.63936591809775,-80.53489443641462,-2.519042677122692,2.2100396301188905,19877.775978211706,-25.49032990406278
EURUSD,15min+1h_e20_zero_hm0_s2.0_t4.0_long,15min,1h,20.0,zero,0.0,0.0,2.0,4.0,0.0,0.0,long,all,1609,-80.04609755167422,0.6521988062526909,37.47669359850839,-80.39396654125542,-2.460900182042837,1.9726538222498446,19953.902448325774,-25.48710554808546
EURUSD,15min+1h_e20_zero_hm12_s1.5_t2.5_both,15min,1h,20.0,zero,0.0,12.0,1.5,2.5,0.0,0.0,both,all,1342,-80.08209622311054,0.6980487739545728,38.971684053651266,-80.6471669164656,-2.442754826419992,1.8569299552906111,19917.90377688947,-25.384048590696615
EURUSD,15min+1h_e20_zero_hm12_s1.5_t2.5_long,15min,1h,20.0,zero,0.0,12.0,1.5,2.5,0.0,0.0,long,all,1329,-80.15710087742424,0.6858726341113441,36.56884875846501,-80.3342216367223,-2.335595259108247,1.601956358164033,19842.899122575764,-25.4049713152875
EURUSD,15min+1h_e20_zero_hm12_s1.5_t3.5_both,15min,1h,20.0,zero,0.0,12.0,1.5,3.5,0.0,0.0,both,all,1329,-80.1688146245092,0.6831383396348596,38.675696012039126,-80.54995975385523,-2.3568977078545172,1.9352896914973665,19831.185375490797,-25.42090512604743
EURUSD,15min+1h_e20_zero_hm12_s1.5_t3.5_long,15min,1h,20.0,zero,0.0,12.0,1.5,3.5,0.0,0.0,long,all,1314,-80.17820275517164,0.6722643517222994,36.37747336377473,-80.35513515587422,-2.284998946249776,1.7328767123287672,19821.797244828354,-25.440672637136085
EURUSD,15min+1h_e20_zero_hm12_s2.0_t4.0_both,15min,1h,20.0,zero,0.0,12.0,2.0,4.0,0.0,0.0,both,all,1812,-80.08581716199761,0.6802979791816794,40.01103752759382,-80.31227998315607,-2.488140664832596,2.122516556291391,19914.182838002387,-25.415178937851948
EURUSD,15min+1h_e20_zero_hm12_s2.0_t4.0_long,15min,1h,20.0,zero,0.0,12.0,2.0,4.0,0.0,0.0,long,all,1468,-80.04653248007547,0.6424336325525786,36.444141689373296,-80.18041201972022,-2.6554919820809406,1.8869209809264305,19953.467519924532,-25.502993698610382
EURUSD,15min+1h_e20_zero_hm25_s1.5_t2.5_both,15min,1h,20.0,zero,0.0,25.0,1.5,2.5,0.0,0.0,both,all,1416,-80.06815752441982,0.7082948420934054,38.91242937853107,-81.29722482556232,-2.427675516890785,1.8460451977401129,19931.842475580183,-25.383878188765774
EURUSD,15min+1h_e20_zero_hm25_s1.5_t2.5_long,15min,1h,20.0,zero,0.0,25.0,1.5,2.5,0.0,0.0,long,all,1170,-80.01550186908003,0.6467227018310463,35.8974358974359,-80.52540969802793,-2.617466603942465,1.6094017094017095,19984.49813091997,-25.504829708106705
EURUSD,15min+1h_e20_zero_hm25_s1.5_t3.5_both,15min,1h,20.0,zero,0.0,25.0,1.5,3.5,0.0,0.0,both,all,1317,-80.07407783580749,0.6879696187702401,38.26879271070615,-81.28587773362977,-2.4138636571948537,1.9400151860288535,19925.922164192507,-25.43447417585189
EURUSD,15min+1h_e20_zero_hm25_s1.5_t3.5_long,15min,1h,20.0,zero,0.0,25.0,1.5,3.5,0.0,0.0,long,all,1152,-80.06216586432903,0.6318247053721338,35.763888888888886,-80.52152861751532,-2.5267941098461,1.7274305555555556,19937.83413567097,-25.54378601584344
EURUSD,15min+1h_e20_zero_hm25_s2.0_t4.0_both,15min,1h,20.0,zero,0.0,25.0,2.0,4.0,0.0,0.0,both,all,1631,-80.0707444143957,0.67254197924636,39.30104230533415,-80.8723828554984,-2.700225265270557,2.0803188228080933,19929.255585604293,-25.456370142679866
EURUSD,15min+1h_e20_zero_hm25_s2.0_t4.0_long,15min,1h,20.0,zero,0.0,25.0,2.0,4.0,0.0,0.0,long,all,1308,-80.07341396984742,0.6009268589163889,35.62691131498471,-80.41994881320691,-2.980021500272554,1.8539755351681957,19926.586030152586,-25.6174173640312
EURUSD,15min+1h_e20_hard_hm0_s1.5_t2.5_both,15min,1h,20.0,hard,0.0,0.0,1.5,2.5,0.0,0.0,both,all,1179,-80.14246488149995,0.8311559807899673,32.56997455470738,-82.62763037496161,-1.52533656982847,10.060220525869381,19857.535118500055,-25.132913858283544
EURUSD,15min+1h_e20_hard_hm0_s1.5_t2.5_long,15min,1h,20.0,hard,0.0,0.0,1.5,2.5,0.0,0.0,long,all,959,-80.1411809221242,0.7701262386424262,31.49113660062565,-81.08937256720634,-1.728408685561256,10.820646506777894,19858.819077875796,-25.223906542967157
EURUSD,15min+1h_e20_hard_hm0_s1.5_t3.5_both,15min,1h,20.0,hard,0.0,0.0,1.5,3.5,0.0,0.0,both,all,1091,-80.12263982037925,0.8182877893032589,26.672777268560953,-81.74013244971066,-1.3715909653711829,13.665444546287809,19877.36017962075,-25.12879141754545
EURUSD,15min+1h_e20_hard_hm0_s1.5_t3.5_long,15min,1h,20.0,hard,0.0,0.0,1.5,3.5,0.0,0.0,long,all,1308,-80.00634296652942,0.8252812089632872,27.217125382262996,-81.4587118714114,-1.2308664690974631,13.894495412844037,19993.657033470583,-25.095399171109413
EURUSD,15min+1h_e20_hard_hm0_s2.0_t4.0_both,15min,1h,20.0,hard,0.0,0.0,2.0,4.0,0.0,0.0,both,all,1665,-80.06135223134952,0.857290381336633,31.11111111111111,-81.02158271407484,-1.1974434401224645,18.65885885885886,19938.64776865048,-25.00009144447539
EURUSD,15min+1h_e20_hard_hm0_s2.0_t4.0_long,15min,1h,20.0,hard,0.0,0.0,2.0,4.0,0.0,0.0,long,all,1306,-80.12652722143314,0.8218151361260542,30.16845329249617,-80.70529130349354,-1.371606954985293,19.973200612557427,19873.472778566866,-25.078734900681933
EURUSD,15min+1h_e20_hard_hm12_s1.5_t2.5_both,15min,1h,20.0,hard,0.0,12.0,1.5,2.5,0.0,0.0,both,all,1569,-80.05801831277269,0.8658691065712517,33.52453792224347,-84.890806699017,-1.2528689097483894,12.4302103250478,19941.98168722732,-25.133280234043458
EURUSD,15min+1h_e20_hard_hm12_s1.5_t2.5_long,15min,1h,20.0,hard,0.0,12.0,1.5,2.5,0.0,0.0,long,all,1232,-80.14495903038615,0.8192987705507073,32.79220779220779,-83.64967600865239,-1.462901207059149,12.103084415584416,19855.040969613845,-25.203538475184775
EURUSD,15min+1h_e20_hard_hm12_s1.5_t3.5_both,15min,1h,20.0,hard,0.0,12.0,1.5,3.5,0.0,0.0,both,all,1572,-80.16677208294529,0.8744182598010575,27.480916030534353,-84.39221685044042,-1.0528567452525885,16.452926208651398,19833.2279170547,-25.096313907832787
EURUSD,15min+1h_e20_hard_hm12_s1.5_t3.5_long,15min,1h,20.0,hard,0.0,12.0,1.5,3.5,0.0,0.0,long,all,1203,-80.0990087416281,0.8465258433385975,26.517040731504572,-85.21670156098901,-1.212028445900335,15.674979218620116,19900.99125837191,-25.19631380375819
EURUSD,15min+1h_e20_hard_hm12_s2.0_t4.0_both,15min,1h,20.0,hard,0.0,12.0,2.0,4.0,0.0,0.0,both,all,1635,-80.0067130722972,0.8754177639150773,30.581039755351682,-84.67383335939218,-1.1450416229612423,23.316207951070336,19993.286927702804,-25.098677447479883
EURUSD,15min+1h_e20_hard_hm12_s2.0_t4.0_long,15min,1h,20.0,hard,0.0,12.0,2.0,4.0,0.0,0.0,long,all,1407,-78.48990795655932,0.8471351384477593,30.419331911869225,-82.54378723214158,-1.1790113107832876,22.606965174129353,21510.09204344068,-25.023509961428637
EURUSD,15min+1h_e20_hard_hm25_s1.5_t2.5_both,15min,1h,20.0,hard,0.0,25.0,1.5,2.5,0.0,0.0,both,all,1474,-80.09537340112533,0.8632962887729752,33.51424694708277,-83.42204717947264,-1.2875772116508997,13.063093622795115,19904.626598874667,-25.08245610129148
EURUSD,15min+1h_e20_hard_hm25_s1.5_t2.5_long,15min,1h,20.0,hard,0.0,25.0,1.5,2.5,0.0,0.0,long,all,1123,-80.13262029049109,0.8166132163274302,32.32413178984862,-82.13364396780905,-1.5582775635353072,12.011576135351737,19867.379709508903,-25.149117529513433
EURUSD,15min+1h_e20_hard_hm25_s1.5_t3.5_both,15min,1h,20.0,hard,0.0,25.0,1.5,3.5,0.0,0.0,both,all,1445,-80.10478142676749,0.8826937170137844,27.197231833910035,-83.04995846472877,-1.0625144838429272,16.737024221453286,19895.21857323251,-25.01945530312539
EURUSD,15min+1h_e20_hard_hm25_s1.5_t3.5_long,15min,1h,20.0,hard,0.0,25.0,1.5,3.5,0.0,0.0,long,all,1161,-67.61620600782608,0.8734163788270654,27.56244616709733,-72.0185950307807,-0.8146085482520239,15.404823428079242,32383.793992173916,-23.823763916854645
EURUSD,15min+1h_e20_hard_hm25_s2.0_t4.0_both,15min,1h,20.0,hard,0.0,25.0,2.0,4.0,0.0,0.0,both,all,1477,-80.03891204141961,0.874841647229573,30.264048747461068,-83.6269152872559,-1.1912521805972855,24.576844955991877,19961.087958580396,-25.05952897507309
EURUSD,15min+1h_e20_hard_hm25_s2.0_t4.0_long,15min,1h,20.0,hard,0.0,25.0,2.0,4.0,0.0,0.0,long,all,1042,-65.77707606068405,0.8422059140783266,30.42226487523992,-67.82906777545475,-0.9433270581426627,23.761996161228407,34222.92393931595,-23.85372155546373
EURUSD,15min+1h_e20_neg_hm0_s1.5_t2.5_both,15min,1h,20.0,neg,10.0,0.0,1.5,2.5,0.0,0.0,both,all,992,-80.02254253475905,0.6781174612752067,35.483870967741936,-80.47303173438348,-2.3453505021151018,2.6360887096774195,19977.457465240943,-25.424529317577687
EURUSD,15min+1h_e20_neg_hm0_s1.5_t2.5_long,15min,1h,20.0,neg,10.0,0.0,1.5,2.5,0.0,0.0,long,all,1167,-80.14331494230082,0.6641210549254376,35.646958011996574,-80.5535151524104,-2.133854971320425,2.3530419880034277,19856.685057699186,-25.467570566474855
EURUSD,15min+1h_e20_neg_hm0_s1.5_t3.5_both,15min,1h,20.0,neg,10.0,0.0,1.5,3.5,0.0,0.0,both,all,976,-80.04802417143637,0.6722356440969692,34.93852459016394,-80.57190693077622,-2.219379708187372,2.771516393442623,19951.975828563627,-25.444208133846082
EURUSD,15min+1h_e20_neg_hm0_s1.5_t3.5_long,15min,1h,20.0,neg,10.0,0.0,1.5,3.5,0.0,0.0,long,all,1052,-80.02191825874239,0.6418991253691279,34.98098859315589,-80.50883458796653,-2.1276165312583646,2.5513307984790874,19978.081741257607,-25.51648230044554
EURUSD,15min+1h_e20_neg_hm0_s2.0_t4.0_both,15min,1h,20.0,neg,10.0,0.0,2.0,4.0,0.0,0.0,both,all,1244,-80.02803287848536,0.6613531016708477,37.057877813504824,-80.4799640011313,-2.420433635313586,3.0868167202572345,19971.967121514637,-25.466937121007547
EURUSD,15min+1h_e20_neg_hm0_s2.0_t4.0_long,15min,1h,20.0,neg,10.0,0.0,2.0,4.0,0.0,0.0,long,all,1630,-80.14092209394667,0.6722491876487,37.423312883435585,-80.56197417157671,-2.195107324490207,2.926993865030675,19859.077906053324,-25.447492881499187
EURUSD,15min+1h_e20_neg_hm12_s1.5_t2.5_both,15min,1h,20.0,neg,10.0,12.0,1.5,2.5,0.0,0.0,both,all,1286,-80.19498187927068,0.7019789117730515,38.49144634525661,-80.77138368521165,-2.281483278948111,2.552099533437014,19805.01812072931,-25.383707343146664
EURUSD,15min+1h_e20_neg_hm12_s1.5_t2.5_long,15min,1h,20.0,neg,10.0,12.0,1.5,2.5,0.0,0.0,long,all,1311,-80.19418589473844,0.6966358332619103,36.231884057971016,-80.51703089309531,-2.154684237616012,2.2974828375286043,19805.814105261557,-25.386859088358573
EURUSD,15min+1h_e20_neg_hm12_s1.5_t3.5_both,15min,1h,20.0,neg,10.0,12.0,1.5,3.5,0.0,0.0,both,all,1245,-80.16730986218498,0.6848182109015241,38.0722891566265,-80.51505552922642,-2.210104200351309,2.672289156626506,19832.69013781502,-25.415249088402646
EURUSD,15min+1h_e20_neg_hm12_s1.5_t3.5_long,15min,1h,20.0,neg,10.0,12.0,1.5,3.5,0.0,0.0,long,all,1286,-80.08076448245453,0.6789410630183071,35.84758942457232,-80.25856663211574,-2.1074803444805497,2.4704510108864697,19919.235517545472,-25.416220587037042
EURUSD,15min+1h_e20_neg_hm12_s2.0_t4.0_both,15min,1h,20.0,neg,10.0,12.0,2.0,4.0,0.0,0.0,both,all,1764,-80.05368496026769,0.6909468496902056,40.136054421768705,-80.31678855358832,-2.2644399306384173,2.9852607709750565,19946.315039732308,-25.387451816328728
EURUSD,15min+1h_e20_neg_hm12_s2.0_t4.0_long,15min,1h,20.0,neg,10.0,12.0,2.0,4.0,0.0,0.0,long,all,1422,-80.05747206433824,0.6500525311998709,36.49789029535865,-80.19127820388331,-2.4253473295806476,2.732770745428973,19942.527935661758,-25.484818682729184
EURUSD,15min+1h_e20_neg_hm25_s1.5_t2.5_both,15min,1h,20.0,neg,10.0,25.0,1.5,2.5,0.0,0.0,both,all,1393,-80.10118739608403,0.7213959306258884,38.908829863603735,-81.66476629560935,-2.2028315026493637,2.5635319454414933,19898.81260391597,-25.367148321103016
EURUSD,15min+1h_e20_neg_hm25_s1.5_t2.5_long,15min,1h,20.0,neg,10.0,25.0,1.5,2.5,0.0,0.0,long,all,1167,-80.07182888688178,0.6680691195955035,35.2185089974293,-80.89550204661077,-2.3418161180039663,2.279348757497858,19928.17111311823,-25.468520438350943
EURUSD,15min+1h_e20_neg_hm25_s1.5_t3.5_both,15min,1h,20.0,neg,10.0,25.0,1.5,3.5,0.0,0.0,both,all,1291,-80.05647301868497,0.6959578016936662,38.342370255615805,-81.23769091119783,-2.2278835985685213,2.7126258714175058,19943.526981315033,-25.411872052961147
EURUSD,15min+1h_e20_neg_hm25_s1.5_t3.5_long,15min,1h,20.0,neg,10.0,25.0,1.5,3.5,0.0,0.0,long,all,1140,-80.0555092293989,0.6418142440125414,35.0,-80.50995660010565,-2.2336449956660602,2.43859649122807,19944.49077060111,-25.51808302314883
EURUSD,15min+1h_e20_neg_hm25_s2.0_t4.0_both,15min,1h,20.0,neg,10.0,25.0,2.0,4.0,0.0,0.0,both,all,1609,-80.04226132810781,0.6858540956689743,39.34120571783716,-80.77305081937152,-2.406116985070592,2.9440646364201366,19957.73867189219,-25.41797724672674
EURUSD,15min+1h_e20_neg_hm25_s2.0_t4.0_long,15min,1h,20.0,neg,10.0,25.0,2.0,4.0,0.0,0.0,long,all,1211,-80.0342205923289,0.6046553368310214,35.01238645747316,-80.37785139263396,-2.7360858424121157,2.7192402972749794,19965.779407671114,-25.60484453732096
EURUSD,15min+1h_e25_zero_hm0_s1.5_t2.5_both,15min,1h,25.0,zero,0.0,0.0,1.5,2.5,0.0,0.0,both,all,1111,-80.11769023625767,0.6587232549026499,37.44374437443744,-80.40978471984019,-2.479227595252082,1.9666966696669668,19882.30976374232,-25.47429086098729
EURUSD,15min+1h_e25_zero_hm0_s1.5_t2.5_long,15min,1h,25.0,zero,0.0,0.0,1.5,2.5,0.0,0.0,long,all,1290,-80.00783474624598,0.6664532799764822,37.51937984496124,-80.21234176544539,-2.3382102696555798,1.6007751937984496,19992.165253754025,-25.44267386052645
EURUSD,15min+1h_e25_zero_hm0_s1.5_t3.5_both,15min,1h,25.0,zero,0.0,0.0,1.5,3.5,0.0,0.0,both,all,1096,-80.00414122676962,0.6600515880893509,37.22627737226277,-80.37263074614881,-2.3619875634907284,2.0611313868613137,19995.858773230386,-25.464941908693362
EURUSD,15min+1h_e25_zero_hm0_s1.5_t3.5_long,15min,1h,25.0,zero,0.0,0.0,1.5,3.5,0.0,0.0,long,all,1279,-80.12233657884326,0.6665001114150128,37.21657544956998,-80.40029386405752,-2.2506347843750403,1.7161845191555902,19877.663421156743,-25.4546549391785
EURUSD,15min+1h_e25_zero_hm0_s2.0_t4.0_both,15min,1h,25.0,zero,0.0,0.0,2.0,4.0,0.0,0.0,both,all,1735,-80.06205607896973,0.6900841969088769,39.481268011527376,-80.39569503075695,-2.4200399616948594,2.235734870317003,19937.943921030263,-25.393099552116876
EURUSD,15min+1h_e25_zero_hm0_s2.0_t4.0_long,15min,1h,25.0,zero,0.0,0.0,2.0,4.0,0.0,0.0,long,all,1769,-80.16309192920059,0.6875877810259284,38.04409270774449,-80.42877617786664,-2.4150185083178095,1.9027699265121538,19836.908070799414,-25.40470527171787
EURUSD,15min+1h_e25_zero_hm12_s1.5_t2.5_both,15min,1h,25.0,zero,0.0,12.0,1.5,2.5,0.0,0.0,both,all,1609,-80.05510830506996,0.7299987793909939,39.838408949658174,-80.5534607743887,-2.1855458002073624,1.848974518334369,19944.891694930036,-25.299345814700864
EURUSD,15min+1h_e25_zero_hm12_s1.5_t2.5_long,15min,1h,25.0,zero,0.0,12.0,1.5,2.5,0.0,0.0,long,all,1323,-80.07048707949056,0.687744845935435,36.281179138321995,-80.24838096682606,-2.3540393678102776,1.5449735449735449,19929.51292050944,-25.39339260701408
EURUSD,15min+1h_e25_zero_hm12_s1.5_t3.5_both,15min,1h,25.0,zero,0.0,12.0,1.5,3.5,0.0,0.0,both,all,1404,-80.0950502096455,0.7040638719193183,39.1025641025641,-80.40963005697192,-2.3207811733536987,1.9451566951566952,19904.949790354498,-25.360027530866404
EURUSD,15min+1h_e25_zero_hm12_s1.5_t3.5_long,15min,1h,25.0,zero,0.0,12.0,1.5,3.5,0.0,0.0,long,all,1208,-80.1375217973507,0.6657371520073566,35.9271523178808,-80.31481732251878,-2.3969761801176737,1.6672185430463575,19862.47820264931,-25.453750684776388
EURUSD,15min+1h_e25_zero_hm12_s2.0_t4.0_both,15min,1h,25.0,zero,0.0,12.0,2.0,4.0,0.0,0.0,both,all,1716,-80.02657556563206,0.6928918622418452,39.743589743589745,-80.25371207845801,-2.553459275536343,2.1054778554778553,19973.42443436795,-25.37898185015899
EURUSD,15min+1h_e25_zero_hm12_s2.0_t4.0_long,15min,1h,25.0,zero,0.0,12.0,2.0,4.0,0.0,0.0,long,all,1432,-80.0475901371269,0.6502094301177301,36.522346368715084,-80.18146258032894,-2.7702885819847194,1.8044692737430168,19952.409862873097,-25.48363853340391
EURUSD,15min+1h_e25_zero_hm25_s1.5_t2.5_both,15min,1h,25.0,zero,0.0,25.0,1.5,2.5,0.0,0.0,both,all,1459,-80.17320173948205,0.726342990280028,39.13639479095271,-81.14145959870308,-2.286639889030341,1.842357779300891,19826.798260517953,-25.336728977827335
EURUSD,15min+1h_e25_zero_hm25_s1.5_t2.5_long,15min,1h,25.0,zero,0.0,25.0,1.5,2.5,0.0,0.0,long,all,1096,-80.03272918013222,0.6416642770746033,35.49270072992701,-80.21096010026534,-2.678608702300301,1.5437956204379562,19967.270819867772,-25.505586878529392
EURUSD,15min+1h_e25_zero_hm25_s1.5_t3.5_both,15min,1h,25.0,zero,0.0,25.0,1.5,3.5,0.0,0.0,both,all,1418,-80.08132442964204,0.7094293136550994,39.06911142454161,-81.03694202075381,-2.256020134592359,1.9322990126939352,19918.67557035797,-25.371157373878084
EURUSD,15min+1h_e25_zero_hm25_s1.5_t3.5_long,15min,1h,25.0,zero,0.0,25.0,1.5,3.5,0.0,0.0,long,all,1061,-80.07985383107659,0.6251769425070742,35.1555136663525,-80.2576641093516,-2.6360102085419728,1.6399622997172478,19920.146168923406,-25.55055836134944
EURUSD,15min+1h_e25_zero_hm25_s2.0_t4.0_both,15min,1h,25.0,zero,0.0,25.0,2.0,4.0,0.0,0.0,both,all,1558,-80.0097855238077,0.6833197006830182,39.02439024390244,-80.6822100635004,-2.7129283942003815,2.058408215661104,19990.214476192305,-25.419380571784778
EURUSD,15min+1h_e25_zero_hm25_s2.0_t4.0_long,15min,1h,25.0,zero,0.0,25.0,2.0,4.0,0.0,0.0,long,all,1297,-78.08881187529619,0.6199380893110328,35.62066306861989,-78.235826912972,-2.768257241605723,1.7532767925983037,21911.188124703815,-25.403140328253148
EURUSD,15min+1h_e25_hard_hm0_s1.5_t2.5_both,15min,1h,25.0,hard,0.0,0.0,1.5,2.5,0.0,0.0,both,all,1316,-80.00028576920745,0.8469294750627562,33.20668693009119,-82.74032572494735,-1.4078736907709204,10.018996960486323,19999.714230792546,-25.092300772109304
EURUSD,15min+1h_e25_hard_hm0_s1.5_t2.5_long,15min,1h,25.0,hard,0.0,0.0,1.5,2.5,0.0,0.0,long,all,1071,-80.13655658451967,0.7952158021811034,32.212885154061624,-81.14464805165073,-1.6302763852450153,10.533146591970121,19863.443415480328,-25.163208679994057
EURUSD,15min+1h_e25_hard_hm0_s1.5_t3.5_both,15min,1h,25.0,hard,0.0,0.0,1.5,3.5,0.0,0.0,both,all,1373,-80.04213444648171,0.8551556192007979,27.676620538965768,-83.42907257058737,-1.2002275247378653,13.433357611070647,19957.865553518295,-25.10095923268077
EURUSD,15min+1h_e25_hard_hm0_s1.5_t3.5_long,15min,1h,25.0,hard,0.0,0.0,1.5,3.5,0.0,0.0,long,all,1257,-80.17943030112536,0.8343902514338589,27.048528241845663,-82.7897983510569,-1.2448948134185844,13.904534606205251,19820.56969887463,-25.132793517502645
EURUSD,15min+1h_e25_hard_hm0_s2.0_t4.0_both,15min,1h,25.0,hard,0.0,0.0,2.0,4.0,0.0,0.0,both,all,1602,-80.1034413097456,0.8633939739069569,30.89887640449438,-82.18236020937142,-1.220606745257974,18.203495630461923,19896.55869025439,-25.03294712599729
EURUSD,15min+1h_e25_hard_hm0_s2.0_t4.0_long,15min,1h,25.0,hard,0.0,0.0,2.0,4.0,0.0,0.0,long,all,1428,-80.07853827643963,0.839068074980701,30.602240896358545,-81.0148021590294,-1.2669735399200532,19.53361344537815,19921.461723560376,-25.04606342996701
EURUSD,15min+1h_e25_hard_hm12_s1.5_t2.5_both,15min,1h,25.0,hard,0.0,12.0,1.5,2.5,0.0,0.0,both,all,1702,-80.0928362529896,0.8847240682474735,33.96004700352526,-85.7033443311988,-1.176832759135969,12.063454759106934,19907.163747010407,-25.120037052748852
EURUSD,15min+1h_e25_hard_hm12_s1.5_t2.5_long,15min,1h,25.0,hard,0.0,12.0,1.5,2.5,0.0,0.0,long,all,1247,-80.1836507074925,0.8366422313794996,32.878909382518046,-83.69236618285623,-1.440021011341884,11.553327987169206,19816.349292507493,-25.163435097165202
EURUSD,15min+1h_e25_hard_hm12_s1.5_t3.5_both,15min,1h,25.0,hard,0.0,12.0,1.5,3.5,0.0,0.0,both,all,1472,-80.15962941460398,0.8885420732709577,27.445652173913043,-86.3621727180393,-1.113174745667936,16.108695652173914,19840.37058539602,-25.13951690212834
EURUSD,15min+1h_e25_hard_hm12_s1.5_t3.5_long,15min,1h,25.0,hard,0.0,12.0,1.5,3.5,0.0,0.0,long,all,1148,-80.1807699064319,0.8468434245485196,26.393728222996515,-85.30366482808338,-1.2592792600477487,15.293554006968641,19819.23009356809,-25.202268828009313
EURUSD,15min+1h_e25_hard_hm12_s2.0_t4.0_both,15min,1h,25.0,hard,0.0,12.0,2.0,4.0,0.0,0.0,both,all,1621,-80.15390005612882,0.8854735834831033,30.783466995681678,-86.60260361998861,-1.1450689411214299,22.506477483035162,19846.099943871184,-25.15657618833694
EURUSD,15min+1h_e25_hard_hm12_s2.0_t4.0_long,15min,1h,25.0,hard,0.0,12.0,2.0,4.0,0.0,0.0,long,all,1350,-74.67980254244958,0.8587956525225157,30.666666666666668,-80.21222815922538,-1.0434717836863427,22.02148148148148,25320.197457550417,-24.74869209676071
EURUSD,15min+1h_e25_hard_hm25_s1.5_t2.5_both,15min,1h,25.0,hard,0.0,25.0,1.5,2.5,0.0,0.0,both,all,1351,-80.12356508923827,0.8632677456378638,33.16062176165803,-84.48016057220688,-1.338523713310877,12.718726868985936,19876.434910761734,-25.125979662363147
EURUSD,15min+1h_e25_hard_hm25_s1.5_t2.5_long,15min,1h,25.0,hard,0.0,25.0,1.5,2.5,0.0,0.0,long,all,1128,-80.07476990789978,0.8094847435393541,32.358156028368796,-81.6158229623401,-1.5322718150317916,11.71808510638298,19925.230092100224,-25.14391185596121
EURUSD,15min+1h_e25_hard_hm25_s1.5_t3.5_both,15min,1h,25.0,hard,0.0,25.0,1.5,3.5,0.0,0.0,both,all,1299,-80.17551715098621,0.8791895123554836,26.943802925327176,-84.82189805682394,-1.145500534266418,16.505773672055426,19824.482849013788,-25.101922827423696
EURUSD,15min+1h_e25_hard_hm25_s1.5_t3.5_long,15min,1h,25.0,hard,0.0,25.0,1.5,3.5,0.0,0.0,long,all,1067,-65.48745503551486,0.8635563062486435,27.4601686972821,-71.9942436276287,-0.8090055693006687,15.441424554826616,34512.544964485154,-23.753885534855137
EURUSD,15min+1h_e25_hard_hm25_s2.0_t4.0_both,15min,1h,25.0,hard,0.0,25.0,2.0,4.0,0.0,0.0,both,all,1496,-77.76937938561841,0.8801117831921751,30.681818181818183,-83.37344948035165,-1.0965762715376275,23.81216577540107,22230.62061438159,-24.945433696658366
EURUSD,15min+1h_e25_hard_hm25_s2.0_t4.0_long,15min,1h,25.0,hard,0.0,25.0,2.0,4.0,0.0,0.0,long,all,968,-57.730636452408234,0.8588211292602621,30.888429752066116,-62.216314874103375,-0.7704641931677023,23.552685950413224,42269.36354759176,-23.006521519661362
EURUSD,15min+1h_e25_neg_hm0_s1.5_t2.5_both,15min,1h,25.0,neg,10.0,0.0,1.5,2.5,0.0,0.0,both,all,1143,-80.16418288303595,0.6867207304376882,37.00787401574803,-80.4050162719431,-2.275884557199419,2.6246719160104988,19835.81711696405,-25.40596614010494
EURUSD,15min+1h_e25_neg_hm0_s1.5_t2.5_long,15min,1h,25.0,neg,10.0,0.0,1.5,2.5,0.0,0.0,long,all,1316,-80.03504408786296,0.6860305998475407,36.85410334346505,-80.23927277296107,-2.1408097609657863,2.291793313069909,19964.955912137055,-25.395896174814112
EURUSD,15min+1h_e25_neg_hm0_s1.5_t3.5_both,15min,1h,25.0,neg,10.0,0.0,1.5,3.5,0.0,0.0,both,all,1093,-80.09219546684805,0.6829343750287152,36.322049405306494,-80.40849320849375,-2.157272640711929,2.7602927721866424,19907.804533151942,-25.412691609441886
EURUSD,15min+1h_e25_neg_hm0_s1.5_t3.5_long,15min,1h,25.0,neg,10.0,0.0,1.5,3.5,0.0,0.0,long,all,1206,-80.17234103417783,0.672066906916798,36.069651741293534,-80.44959908717556,-2.1301542453735447,2.445273631840796,19827.658965822164,-25.444710337562142
EURUSD,15min+1h_e25_neg_hm0_s2.0_t4.0_both,15min,1h,25.0,neg,10.0,0.0,2.0,4.0,0.0,0.0,both,all,1703,-80.02907721342748,0.709630537268129,39.16617733411626,-80.32526769542174,-2.1636447375502237,3.0869054609512623,19970.92278657252,-25.340097453183645
EURUSD,15min+1h_e25_neg_hm0_s2.0_t4.0_long,15min,1h,25.0,neg,10.0,0.0,2.0,4.0,0.0,0.0,long,all,1754,-80.04609851368055,0.7054103450332336,37.79931584948689,-80.3133497055209,-2.157016802520048,2.7736602052451538,19953.901486319464,-25.350852066184974
EURUSD,15min+1h_e25_neg_hm12_s1.5_t2.5_both,15min,1h,25.0,neg,10.0,12.0,1.5,2.5,0.0,0.0,both,all,1624,-80.06913205846008,0.7386449548447046,39.285714285714285,-80.41859917153873,-1.9988366755768736,2.5277093596059115,19930.86794153991,-25.272896862088192
EURUSD,15min+1h_e25_neg_hm12_s1.5_t2.5_long,15min,1h,25.0,neg,10.0,12.0,1.5,2.5,0.0,0.0,long,all,1330,-80.15755238097466,0.7004483491108073,35.93984962406015,-80.33466911008283,-2.136940610425848,2.1353383458646618,19842.447619025334,-25.36856798686528
EURUSD,15min+1h_e25_neg_hm12_s1.5_t3.5_both,15min,1h,25.0,neg,10.0,12.0,1.5,3.5,0.0,0.0,both,all,1381,-80.13057625939398,0.7126569864603249,38.08834178131789,-80.47896601208978,-2.1117962880065946,2.6538740043446776,19869.423740606024,-25.342739224708538
EURUSD,15min+1h_e25_neg_hm12_s1.5_t3.5_long,15min,1h,25.0,neg,10.0,12.0,1.5,3.5,0.0,0.0,long,all,1194,-80.04936656124482,0.6776391115136039,35.42713567839196,-80.22744897356375,-2.199219264790592,2.3098827470686767,19950.633438755187,-25.416974842608333
EURUSD,15min+1h_e25_neg_hm12_s2.0_t4.0_both,15min,1h,25.0,neg,10.0,12.0,2.0,4.0,0.0,0.0,both,all,1698,-80.19156677352905,0.707319171421412,39.63486454652532,-80.452851624869,-2.345857661885997,2.905771495877503,19808.433226470956,-25.357478807382392
EURUSD,15min+1h_e25_neg_hm12_s2.0_t4.0_long,15min,1h,25.0,neg,10.0,12.0,2.0,4.0,0.0,0.0,long,all,1437,-80.05315528087105,0.6689850373068329,36.604036186499656,-80.18699038425325,-2.471876195993662,2.543493389004871,19946.84471912896,-25.437143233337892
EURUSD,15min+1h_e25_neg_hm25_s1.5_t2.5_both,15min,1h,25.0,neg,10.0,25.0,1.5,2.5,0.0,0.0,both,all,1449,-80.04612165880371,0.7357661597999332,38.71635610766045,-81.04181577560817,-2.0809123646423693,2.474120082815735,19953.878341196287,-25.304102097876644
EURUSD,15min+1h_e25_neg_hm25_s1.5_t2.5_long,15min,1h,25.0,neg,10.0,25.0,1.5,2.5,0.0,0.0,long,all,1081,-80.02309885652674,0.6552275771947093,34.87511563367253,-80.2014157384046,-2.460595889329026,2.080481036077706,19976.901143473253,-25.47091164081048
EURUSD,15min+1h_e25_neg_hm25_s1.5_t3.5_both,15min,1h,25.0,neg,10.0,25.0,1.5,3.5,0.0,0.0,both,all,1407,-80.14301433370747,0.719290158005327,38.45060412224591,-81.00212065615146,-2.0363465156041185,2.594171997157072,19856.985666292527,-25.34758000458104
EURUSD,15min+1h_e25_neg_hm25_s1.5_t3.5_long,15min,1h,25.0,neg,10.0,25.0,1.5,3.5,0.0,0.0,long,all,1038,-80.00073685993793,0.6360542229500542,34.58574181117534,-80.17925334842522,-2.379122094765508,2.1984585741811173,19999.26314006207,-25.51706405095939
EURUSD,15min+1h_e25_neg_hm25_s2.0_t4.0_both,15min,1h,25.0,neg,10.0,25.0,2.0,4.0,0.0,0.0,both,all,1536,-80.14843989874565,0.6972580504472851,38.606770833333336,-80.74530119211416,-2.49181743954254,2.826171875,19851.560101254352,-25.39260451751618
EURUSD,15min+1h_e25_neg_hm25_s2.0_t4.0_long,15min,1h,25.0,neg,10.0,25.0,2.0,4.0,0.0,0.0,long,all,1250,-80.02043339817887,0.620877745158425,34.96,-80.15448805190172,-2.7055055955288676,2.4856,19979.56660182113,-25.55480249510716
EURUSD,15min+1h_e35_zero_hm0_s1.5_t2.5_both,15min,1h,35.0,zero,0.0,0.0,1.5,2.5,0.0,0.0,both,all,1508,-80.1630704523988,0.7228608959593877,39.19098143236074,-80.26856387334958,-2.2434423535779073,1.9144562334217508,19836.929547601198,-25.310113133131466
EURUSD,15min+1h_e35_zero_hm0_s1.5_t2.5_long,15min,1h,35.0,zero,0.0,0.0,1.5,2.5,0.0,0.0,long,all,1569,-80.13894932043823,0.7188777768347144,37.09369024856596,-80.17600520380705,-2.160095994995719,1.5130656469088593,19861.050679561762,-25.315403738883028
EURUSD,15min+1h_e35_zero_hm0_s1.5_t3.5_both,15min,1h,35.0,zero,0.0,0.0,1.5,3.5,0.0,0.0,both,all,1483,-80.03422143314184,0.7137277776320081,38.840188806473364,-80.14040007726663,-2.162623758411003,1.9993256911665542,19965.77856685816,-25.32266541633632
EURUSD,15min+1h_e35_zero_hm0_s1.5_t3.5_long,15min,1h,35.0,zero,0.0,0.0,1.5,3.5,0.0,0.0,long,all,1521,-80.08672629146481,0.7042689178024399,36.94937541091387,-80.12387961028668,-2.106401278215,1.6331360946745561,19913.273708535184,-25.34775194156396
EURUSD,15min+1h_e35_zero_hm0_s2.0_t4.0_both,15min,1h,35.0,zero,0.0,0.0,2.0,4.0,0.0,0.0,both,all,1791,-80.06038406470063,0.708676863574916,39.58682300390843,-80.14014385732487,-2.4554368113602365,2.168062534896706,19939.615935299375,-25.33632895794373
EURUSD,15min+1h_e35_zero_hm0_s2.0_t4.0_long,15min,1h,35.0,zero,0.0,0.0,2.0,4.0,0.0,0.0,long,all,1658,-80.12612499556069,0.6884498575239066,37.03256936067551,-80.15406210422883,-2.479787995538116,1.7750301568154403,19873.875004439305,-25.390082840181815
EURUSD,15min+1h_e35_zero_hm12_s1.5_t2.5_both,15min,1h,35.0,zero,0.0,12.0,1.5,2.5,0.0,0.0,both,all,1555,-80.06468404588514,0.7487704631944779,38.39228295819936,-80.77560047837775,-2.125330145962816,1.8405144694533762,19935.31595411485,-25.261685222984323
EURUSD,15min+1h_e35_zero_hm12_s1.5_t2.5_long,15min,1h,35.0,zero,0.0,12.0,1.5,2.5,0.0,0.0,long,all,1253,-80.01493508406912,0.6976964171772674,35.67438148443735,-80.1555273872879,-2.3640492956806627,1.4660814046288906,19985.064915930874,-25.362577455911115
EURUSD,15min+1h_e35_zero_hm12_s1.5_t3.5_both,15min,1h,35.0,zero,0.0,12.0,1.5,3.5,0.0,0.0,both,all,1521,-80.04855246125476,0.7330377858542958,38.198553583168966,-80.46038670657636,-2.08205750885063,1.9316239316239316,19951.447538745255,-25.287763102077506
EURUSD,15min+1h_e35_zero_hm12_s1.5_t3.5_long,15min,1h,35.0,zero,0.0,12.0,1.5,3.5,0.0,0.0,long,all,1224,-80.06299060456976,0.6830840835288784,35.37581699346405,-80.20324484352214,-2.32694152085552,1.5686274509803921,19937.009395430243,-25.40293920910148
EURUSD,15min+1h_e35_zero_hm12_s2.0_t4.0_both,15min,1h,35.0,zero,0.0,12.0,2.0,4.0,0.0,0.0,both,all,1697,-80.03304515993821,0.7114636413823878,38.71538008249853,-80.2161797701472,-2.5000330440080183,2.0612846199175014,19966.954840061786,-25.33130989374745
EURUSD,15min+1h_e35_zero_hm12_s2.0_t4.0_long,15min,1h,35.0,zero,0.0,12.0,2.0,4.0,0.0,0.0,long,all,1457,-80.09240199181981,0.6664295251400448,35.27796842827728,-80.19762254529202,-2.6740068020607537,1.6760466712422786,19907.59800818018,-25.445527168634364
EURUSD,15min+1h_e35_zero_hm25_s1.5_t2.5_both,15min,1h,35.0,zero,0.0,25.0,1.5,2.5,0.0,0.0,both,all,1463,-80.16885846062974,0.7421410650086036,38.07245386192755,-81.16341897652426,-2.1556272888140473,1.7969924812030076,19831.14153937027,-25.29793843496465
EURUSD,15min+1h_e35_zero_hm25_s1.5_t2.5_long,15min,1h,35.0,zero,0.0,25.0,1.5,2.5,0.0,0.0,long,all,1077,-74.15769516050099,0.6757175162059819,35.37604456824513,-74.36141716783105,-2.1548445739018063,1.4308263695450325,25842.30483949901,-24.951470702618327
EURUSD,15min+1h_e35_zero_hm25_s1.5_t3.5_both,15min,1h,35.0,zero,0.0,25.0,1.5,3.5,0.0,0.0,both,all,1459,-80.00022405615894,0.7356760619383084,37.834132967786154,-80.98606871254724,-2.0696642913837318,1.8738862234407128,19999.77594384106,-25.300261555902477
EURUSD,15min+1h_e35_zero_hm25_s1.5_t3.5_long,15min,1h,35.0,zero,0.0,25.0,1.5,3.5,0.0,0.0,long,all,1073,-73.4636302368044,0.6757608271398111,35.13513513513514,-73.67282374910862,-2.0214118318347536,1.5274930102516309,26536.369763195595,-24.896056091586992
EURUSD,15min+1h_e35_zero_hm25_s2.0_t4.0_both,15min,1h,35.0,zero,0.0,25.0,2.0,4.0,0.0,0.0,both,all,1498,-72.47238686453966,0.7273636829974588,38.78504672897196,-73.43856038627735,-2.066338327798095,2.020694259012016,27527.613135460342,-24.718028682539035
EURUSD,15min+1h_e35_zero_hm25_s2.0_t4.0_long,15min,1h,35.0,zero,0.0,25.0,2.0,4.0,0.0,0.0,long,all,1070,-62.8609010101498,0.6786663262188166,35.794392523364486,-63.30094291464165,-1.8927938099931696,1.6457943925233645,37139.0989898502,-24.049807941444616
EURUSD,15min+1h_e35_hard_hm0_s1.5_t2.5_both,15min,1h,35.0,hard,0.0,0.0,1.5,2.5,0.0,0.0,both,all,1687,-80.18894287577592,0.8640690302507861,34.143449911084765,-82.93942817008728,-1.221230084652729,10.050978067575578,19811.05712422408,-25.064962266207562
EURUSD,15min+1h_e35_hard_hm0_s1.5_t2.5_long,15min,1h,35.0,hard,0.0,0.0,1.5,2.5,0.0,0.0,long,all,1445,-80.0417166036579,0.8440507837146598,33.56401384083045,-81.29310222753175,-1.3687413817293723,10.240138408304498,19958.283396342093,-25.043265793960938
EURUSD,15min+1h_e35_hard_hm0_s1.5_t3.5_both,15min,1h,35.0,hard,0.0,0.0,1.5,3.5,0.0,0.0,both,all,1771,-80.1050134270398,0.8856990837795733,28.28910220214568,-85.01725164287961,-0.9902661372746066,13.198757763975156,19894.98657296021,-25.07604209925975
EURUSD,15min+1h_e35_hard_hm0_s1.5_t3.5_long,15min,1h,35.0,hard,0.0,0.0,1.5,3.5,0.0,0.0,long,all,1361,-80.04770753543023,0.8658877610164485,27.03894195444526,-83.77509451313902,-1.1668695092642358,13.619397501836884,19952.292464569764,-25.08819267940165
EURUSD,15min+1h_e35_hard_hm0_s2.0_t4.0_both,15min,1h,35.0,hard,0.0,0.0,2.0,4.0,0.0,0.0,both,all,1787,-80.04487897545825,0.8808015040064916,31.561275881365418,-82.8379396878349,-1.1172110446068697,18.315612758813653,19955.12102454176,-25.013308986515497
EURUSD,15min+1h_e35_hard_hm0_s2.0_t4.0_long,15min,1h,35.0,hard,0.0,0.0,2.0,4.0,0.0,0.0,long,all,1537,-80.01027942014879,0.8680421547074263,30.839297332465843,-81.46098553585924,-1.2341262343381283,18.798308392973325,19989.720579851208,-24.988745211471755
EURUSD,15min+1h_e35_hard_hm12_s1.5_t2.5_both,15min,1h,35.0,hard,0.0,12.0,1.5,2.5,0.0,0.0,both,all,1546,-80.04071092391766,0.8829322950047591,33.76455368693402,-84.88150126128737,-1.2393922861337419,11.826002587322122,19959.289076082343,-25.089557749896304
EURUSD,15min+1h_e35_hard_hm12_s1.5_t2.5_long,15min,1h,35.0,hard,0.0,12.0,1.5,2.5,0.0,0.0,long,all,1204,-80.16594432863617,0.8466755777197033,32.72425249169435,-82.65887283256912,-1.4764725442824769,11.266611295681063,19834.055671363833,-25.096303742148955
EURUSD,15min+1h_e35_hard_hm12_s1.5_t3.5_both,15min,1h,35.0,hard,0.0,12.0,1.5,3.5,0.0,0.0,both,all,1485,-80.00806325763764,0.8983887467512282,27.744107744107744,-86.18760963534781,-1.0788735620238872,16.071380471380472,19991.936742362344,-25.101855048841347
EURUSD,15min+1h_e35_hard_hm12_s1.5_t3.5_long,15min,1h,35.0,hard,0.0,12.0,1.5,3.5,0.0,0.0,long,all,1365,-77.64936212571824,0.8760870100705107,27.252747252747252,-83.60091206512854,-1.0313605102083343,14.672527472527472,22350.637874281747,-24.959793442457595
EURUSD,15min+1h_e35_hard_hm12_s2.0_t4.0_both,15min,1h,35.0,hard,0.0,12.0,2.0,4.0,0.0,0.0,both,all,1841,-71.31311466830819,0.9169788297191264,32.10211841390549,-80.74351583391488,-0.7725025681080393,21.2221618685497,28686.88533169181,-24.148571997953166
EURUSD,15min+1h_e35_hard_hm12_s2.0_t4.0_long,15min,1h,35.0,hard,0.0,12.0,2.0,4.0,0.0,0.0,long,all,1219,-39.89895253356853,0.9415584297457725,32.73174733388023,-54.54594000529857,-0.3424077392773795,21.217391304347824,60101.04746643147,-21.13751123610632
EURUSD,15min+1h_e35_hard_hm25_s1.5_t2.5_both,15min,1h,35.0,hard,0.0,25.0,1.5,2.5,0.0,0.0,both,all,1370,-79.71023237165076,0.867338339918346,33.284671532846716,-84.72078369406361,-1.3015466447441797,12.340875912408759,20289.767628349236,-25.10889479283271
EURUSD,15min+1h_e35_hard_hm25_s1.5_t2.5_long,15min,1h,35.0,hard,0.0,25.0,1.5,2.5,0.0,0.0,long,all,958,-65.74163146972376,0.8475147476798883,33.50730688935282,-69.94796833782489,-1.0490558405093267,11.91231732776618,34258.368530276246,-24.008797123102227
EURUSD,15min+1h_e35_hard_hm25_s1.5_t3.5_both,15min,1h,35.0,hard,0.0,25.0,1.5,3.5,0.0,0.0,both,all,1312,-69.00748340672487,0.9035718867564001,27.972560975609756,-77.68560003117805,-0.7859454105165155,16.524390243902438,30992.516593275122,-23.98771173639989
EURUSD,15min+1h_e35_hard_hm25_s1.5_t3.5_long,15min,1h,35.0,hard,0.0,25.0,1.5,3.5,0.0,0.0,long,all,907,-41.72084848588413,0.9157276110218717,28.66593164277839,-59.36835054861649,-0.39065414927031517,16.068357221609702,58279.15151411587,-21.540230157730818
EURUSD,15min+1h_e35_hard_hm25_s2.0_t4.0_both,15min,1h,35.0,hard,0.0,25.0,2.0,4.0,0.0,0.0,both,all,1235,-40.06388126789362,0.9422677490611024,32.550607287449395,-60.40943067632536,-0.3342693346179687,23.325506072874493,59936.118732106384,-21.364667107042955
EURUSD,15min+1h_e35_hard_hm25_s2.0_t4.0_long,15min,1h,35.0,hard,0.0,25.0,2.0,4.0,0.0,0.0,long,all,838,-14.806397111913128,0.9681681750442451,33.17422434367542,-33.09362990848661,-0.080024359396866,23.268496420047732,85193.60288808687,-18.815617182300677
EURUSD,15min+1h_e35_neg_hm0_s1.5_t2.5_both,15min,1h,35.0,neg,10.0,0.0,1.5,2.5,0.0,0.0,both,all,1469,-80.01880585794147,0.7306052390398117,37.848876786929885,-80.05305614156303,-2.101592361515055,2.443839346494214,19981.19414205853,-25.276361382380653
EURUSD,15min+1h_e35_neg_hm0_s1.5_t2.5_long,15min,1h,35.0,neg,10.0,0.0,1.5,2.5,0.0,0.0,long,all,1541,-80.1701681278796,0.7290210169020824,36.27514600908501,-80.20716576455715,-2.0189985578692613,1.9487345879299156,19829.83187212039,-25.292540813442265
EURUSD,15min+1h_e35_neg_hm0_s1.5_t3.5_both,15min,1h,35.0,neg,10.0,0.0,1.5,3.5,0.0,0.0,both,all,1434,-80.15585248703398,0.7229249213188567,37.23849372384937,-80.1898678554707,-2.0199735541798405,2.5655509065550905,19844.14751296601,-25.306516510403046
EURUSD,15min+1h_e35_neg_hm0_s1.5_t3.5_long,15min,1h,35.0,neg,10.0,0.0,1.5,3.5,0.0,0.0,long,all,1497,-80.05195994042273,0.7148420173039146,35.73814295257181,-80.08917812478823,-1.942944167539074,2.0988643954575816,19948.04005957726,-25.318540479348652
EURUSD,15min+1h_e35_neg_hm0_s2.0_t4.0_both,15min,1h,35.0,neg,10.0,0.0,2.0,4.0,0.0,0.0,both,all,1769,-80.03022414288384,0.7273448149978154,38.83550028264556,-80.05597643817394,-2.224829262775341,2.864330130016959,19969.775857116154,-25.285085985747774
EURUSD,15min+1h_e35_neg_hm0_s2.0_t4.0_long,15min,1h,35.0,neg,10.0,0.0,2.0,4.0,0.0,0.0,long,all,1656,-80.04677251784992,0.7094710886342663,36.71497584541063,-80.07482117390337,-2.2930018432147494,2.3442028985507246,19953.227482150083,-25.331186026084467
EURUSD,15min+1h_e35_neg_hm12_s1.5_t2.5_both,15min,1h,35.0,neg,10.0,12.0,1.5,2.5,0.0,0.0,both,all,1558,-80.17737616302693,0.7595573197189485,37.93324775353017,-80.41923088642065,-1.9782503084218714,2.3440308087291397,19822.623836973067,-25.22497098268053
EURUSD,15min+1h_e35_neg_hm12_s1.5_t2.5_long,15min,1h,35.0,neg,10.0,12.0,1.5,2.5,0.0,0.0,long,all,1276,-80.01964457628092,0.7142712271932182,35.03134796238245,-80.16020374884141,-2.1867771659385626,1.8401253918495297,19980.355423719073,-25.321515865021848
EURUSD,15min+1h_e35_neg_hm12_s1.5_t3.5_both,15min,1h,35.0,neg,10.0,12.0,1.5,3.5,0.0,0.0,both,all,1548,-80.08188171328882,0.7481842176273167,37.53229974160207,-80.32490155911623,-1.9126834595348157,2.4618863049095605,19918.118286711182,-25.24581078682791
EURUSD,15min+1h_e35_neg_hm12_s1.5_t3.5_long,15min,1h,35.0,neg,10.0,12.0,1.5,3.5,0.0,0.0,long,all,1270,-80.11733221043279,0.7040860862754391,34.56692913385827,-80.25720416333503,-2.114591865571566,1.9811023622047244,19882.667789567207,-25.354766239262116
EURUSD,15min+1h_e35_neg_hm12_s2.0_t4.0_both,15min,1h,35.0,neg,10.0,12.0,2.0,4.0,0.0,0.0,both,all,1734,-80.0715854114245,0.7293500928516453,38.23529411764706,-80.25436653488552,-2.2550892194966505,2.669550173010381,19928.414588575506,-25.28966284572329
EURUSD,15min+1h_e35_neg_hm12_s2.0_t4.0_long,15min,1h,35.0,neg,10.0,12.0,2.0,4.0,0.0,0.0,long,all,1482,-80.07175635504097,0.6900719947934727,34.81781376518219,-80.17708602993144,-2.4649786701586773,2.1815114709851553,19928.243644959017,-25.384773708415217
EURUSD,15min+1h_e35_neg_hm25_s1.5_t2.5_both,15min,1h,35.0,neg,10.0,25.0,1.5,2.5,0.0,0.0,both,all,1449,-80.017717816033,0.7530253222503503,37.267080745341616,-80.84265829933172,-2.027047489676685,2.3278122843340237,19982.28218396701,-25.251851738988712
EURUSD,15min+1h_e35_neg_hm25_s1.5_t2.5_long,15min,1h,35.0,neg,10.0,25.0,1.5,2.5,0.0,0.0,long,all,1068,-75.1069061717363,0.6821412550550063,34.550561797752806,-75.30314528720399,-2.086028926411286,1.8558052434456929,24893.0938282637,-25.011048920720096
EURUSD,15min+1h_e35_neg_hm25_s1.5_t3.5_both,15min,1h,35.0,neg,10.0,25.0,1.5,3.5,0.0,0.0,both,all,1450,-80.09148234505146,0.7474863389382108,36.827586206896555,-80.76120748333275,-1.9286274523510145,2.4282758620689657,19908.517654948544,-25.26539174578984
EURUSD,15min+1h_e35_neg_hm25_s1.5_t3.5_long,15min,1h,35.0,neg,10.0,25.0,1.5,3.5,0.0,0.0,long,all,1064,-74.10401987126095,0.6820434629972643,34.21052631578947,-74.30816501568098,-1.9306979854892825,1.9727443609022557,25895.98012873906,-24.931378737984517
EURUSD,15min+1h_e35_neg_hm25_s2.0_t4.0_both,15min,1h,35.0,neg,10.0,25.0,2.0,4.0,0.0,0.0,both,all,1484,-72.84458259299599,0.7359805011861095,38.34231805929919,-73.51268522607246,-1.9318086562920203,2.6839622641509435,27155.41740700401,-24.714339459797465
EURUSD,15min+1h_e35_neg_hm25_s2.0_t4.0_long,15min,1h,35.0,neg,10.0,25.0,2.0,4.0,0.0,0.0,long,all,1057,-64.5163048343331,0.678966165784713,35.28855250709555,-64.81242956436945,-1.8560085541110285,2.2015137180700095,35483.695165666904,-24.17573396148632
EURUSD,15min+4h_e15_zero_hm0_s1.5_t2.5_both,15min,4h,15.0,zero,0.0,0.0,1.5,2.5,0.0,0.0,both,all,1165,-80.00136898283878,0.6976272036602561,39.57081545064378,-80.81419522624788,-2.453284795803425,2.109871244635193,19998.631017161217,-25.388554559212828
EURUSD,15min+4h_e15_zero_hm0_s1.5_t2.5_long,15min,4h,15.0,zero,0.0,0.0,1.5,2.5,0.0,0.0,long,all,1073,-80.19559632580683,0.6430412484418988,37.09226467847157,-81.04025841253998,-2.4961440532788126,1.7949673811742777,19804.403674193174,-25.541831068429126
EURUSD,15min+4h_e15_zero_hm0_s1.5_t3.5_both,15min,4h,15.0,zero,0.0,0.0,1.5,3.5,0.0,0.0,both,all,1102,-80.0835492760986,0.6794736970516132,38.74773139745916,-81.03888553967697,-2.471385275219669,2.1842105263157894,19916.450723901402,-25.44621315000199
EURUSD,15min+4h_e15_zero_hm0_s1.5_t3.5_long,15min,4h,15.0,zero,0.0,0.0,1.5,3.5,0.0,0.0,long,all,1051,-80.02237476328935,0.6282946034018619,36.822074215033304,-81.02041701191787,-2.3977430273970906,1.8972407231208372,19977.625236710654,-25.570975162503636
EURUSD,15min+4h_e15_zero_hm0_s2.0_t4.0_both,15min,4h,15.0,zero,0.0,0.0,2.0,4.0,0.0,0.0,both,all,1346,-80.0702621320574,0.6585358578051054,40.56463595839524,-80.8405344108595,-2.6289665475807227,2.473997028231798,19929.737867942615,-25.490092217203912
EURUSD,15min+4h_e15_zero_hm0_s2.0_t4.0_long,15min,4h,15.0,zero,0.0,0.0,2.0,4.0,0.0,0.0,long,all,1448,-80.00486464515582,0.6355495039931693,38.812154696132595,-80.80781155059505,-2.496734776616631,2.169198895027624,19995.13535484419,-25.54363328784711
EURUSD,15min+4h_e15_zero_hm12_s1.5_t2.5_both,15min,4h,15.0,zero,0.0,12.0,1.5,2.5,0.0,0.0,both,all,1021,-80.0338647188379,0.6623674682748468,37.80607247796278,-80.56909929726382,-2.63750306535616,2.046033300685602,19966.13528116209,-25.468199889956953
EURUSD,15min+4h_e15_zero_hm12_s1.5_t2.5_long,15min,4h,15.0,zero,0.0,12.0,1.5,2.5,0.0,0.0,long,all,1029,-80.0991202283281,0.6006461383838397,37.12342079689019,-80.55311533257733,-2.6293864388390444,1.7696793002915452,19900.879771671895,-25.62447407647662
EURUSD,15min+4h_e15_zero_hm12_s1.5_t3.5_both,15min,4h,15.0,zero,0.0,12.0,1.5,3.5,0.0,0.0,both,all,986,-80.00071986658573,0.651816666712314,37.52535496957404,-80.49396720938189,-2.5312166165987846,2.0933062880324544,19999.280133414282,-25.490245816257918
EURUSD,15min+4h_e15_zero_hm12_s1.5_t3.5_long,15min,4h,15.0,zero,0.0,12.0,1.5,3.5,0.0,0.0,long,all,1025,-80.1668510980126,0.5899358440072474,36.97560975609756,-80.65600110390913,-2.5460492696800756,1.8575609756097562,19833.148901987402,-25.65807447805875
EURUSD,15min+4h_e15_zero_hm12_s2.0_t4.0_both,15min,4h,15.0,zero,0.0,12.0,2.0,4.0,0.0,0.0,both,all,1542,-80.09127593787541,0.6693074581138923,40.72632944228275,-80.50970198888851,-2.5332842533424333,2.487029831387808,19908.72406212459,-25.450770471785827
EURUSD,15min+4h_e15_zero_hm12_s2.0_t4.0_long,15min,4h,15.0,zero,0.0,12.0,2.0,4.0,0.0,0.0,long,all,1324,-80.06771990402616,0.5982644240886482,37.53776435045317,-80.48664103740568,-2.8080261406145373,2.1570996978851964,19932.28009597383,-25.626513377435653
EURUSD,15min+4h_e15_zero_hm25_s1.5_t2.5_both,15min,4h,15.0,zero,0.0,25.0,1.5,2.5,0.0,0.0,both,all,1139,-80.10199106218458,0.6485094421776574,38.981562774363475,-80.61198940178333,-2.4535784642241345,2.0939420544337137,19898.00893781543,-25.507285613114576
EURUSD,15min+4h_e15_zero_hm25_s1.5_t2.5_long,15min,4h,15.0,zero,0.0,25.0,1.5,2.5,0.0,0.0,long,all,946,-80.02210658043703,0.5632094295928272,35.72938689217759,-80.53415240896688,-2.863332816030301,1.7463002114164905,19977.893419562977,-25.71422678559409
EURUSD,15min+4h_e15_zero_hm25_s1.5_t3.5_both,15min,4h,15.0,zero,0.0,25.0,1.5,3.5,0.0,0.0,both,all,1109,-80.00500665102588,0.6391727028880949,38.59332732191163,-80.46091855149115,-2.354079465017033,2.171325518485122,19994.993348974116,-25.520705250880443
EURUSD,15min+4h_e15_zero_hm25_s1.5_t3.5_long,15min,4h,15.0,zero,0.0,25.0,1.5,3.5,0.0,0.0,long,all,917,-80.04414212759244,0.5407805628615957,35.33260632497274,-80.49916168820113,-2.8297229578314957,1.8233369683751364,19955.85787240757,-25.769780745477753
EURUSD,15min+4h_e15_zero_hm25_s2.0_t4.0_both,15min,4h,15.0,zero,0.0,25.0,2.0,4.0,0.0,0.0,both,all,1311,-80.02294222136287,0.6272632898557421,39.43554538520213,-80.37206219209146,-2.7575767119016925,2.38977879481312,19977.057778637132,-25.547641951898818
EURUSD,15min+4h_e15_zero_hm25_s2.0_t4.0_long,15min,4h,15.0,zero,0.0,25.0,2.0,4.0,0.0,0.0,long,all,1176,-80.04693505487268,0.5413359412756455,36.904761904761905,-80.39563572575115,-3.085116869547109,2.127551020408163,19953.064945127324,-25.76436297803584
EURUSD,15min+4h_e15_hard_hm0_s1.5_t2.5_both,15min,4h,15.0,hard,0.0,0.0,1.5,2.5,0.0,0.0,both,all,1908,-80.03576229779644,0.8791313579950156,34.85324947589098,-81.2679322026943,-1.1041409309333936,11.428721174004194,19964.237702203558,-24.95431938503209
EURUSD,15min+4h_e15_hard_hm0_s1.5_t2.5_long,15min,4h,15.0,hard,0.0,0.0,1.5,2.5,0.0,0.0,long,all,1400,-80.0363045651021,0.8464152222733705,33.5,-83.15521698067259,-1.3710955522365262,12.442142857142857,19963.695434897898,-25.11162280614756
EURUSD,15min+4h_e15_hard_hm0_s1.5_t3.5_both,15min,4h,15.0,hard,0.0,0.0,1.5,3.5,0.0,0.0,both,all,1482,-80.15997725785708,0.8591184642468779,27.732793522267208,-80.78459083085704,-1.0710213277537906,15.862348178137651,19840.022742142923,-24.98998656293137
EURUSD,15min+4h_e15_hard_hm0_s1.5_t3.5_long,15min,4h,15.0,hard,0.0,0.0,1.5,3.5,0.0,0.0,long,all,1317,-80.08992989564531,0.8500321009631141,26.80334092634776,-84.30732422885059,-1.185655699300464,17.30523917995444,19910.070104354687,-25.15080991257205
EURUSD,15min+4h_e15_hard_hm0_s2.0_t4.0_both,15min,4h,15.0,hard,0.0,0.0,2.0,4.0,0.0,0.0,both,all,1577,-80.06049597239284,0.8515292078890349,30.88142041851617,-80.27721680751188,-1.163510364134374,22.476220672162334,19939.504027607156,-24.984685491473602
EURUSD,15min+4h_e15_hard_hm0_s2.0_t4.0_long,15min,4h,15.0,hard,0.0,0.0,2.0,4.0,0.0,0.0,long,all,1466,-77.35135609730062,0.8349915155466096,30.62755798090041,-78.18088081173433,-1.1425121713432596,25.99317871759891,22648.64390269938,-24.833810687494875
EURUSD,15min+4h_e15_hard_hm12_s1.5_t2.5_both,15min,4h,15.0,hard,0.0,12.0,1.5,2.5,0.0,0.0,both,all,1425,-80.17595021722732,0.8607335315228102,33.54385964912281,-81.69241068124296,-1.2485379085601855,12.145964912280702,19824.049782772683,-25.022900607131785
EURUSD,15min+4h_e15_hard_hm12_s1.5_t2.5_long,15min,4h,15.0,hard,0.0,12.0,1.5,2.5,0.0,0.0,long,all,1150,-80.15268976487964,0.8012102308313126,32.52173913043478,-81.54713179195542,-1.5345714806064694,13.381739130434783,19847.310235120367,-25.16496728519512
EURUSD,15min+4h_e15_hard_hm12_s1.5_t3.5_both,15min,4h,15.0,hard,0.0,12.0,1.5,3.5,0.0,0.0,both,all,1249,-80.10328860178417,0.8434145779664273,26.58126501200961,-81.29203492786893,-1.1528007752735236,16.540432345876702,19896.711398215833,-25.047276496270054
EURUSD,15min+4h_e15_hard_hm12_s1.5_t3.5_long,15min,4h,15.0,hard,0.0,12.0,1.5,3.5,0.0,0.0,long,all,1395,-79.42994835284726,0.8306618860895474,26.953405017921146,-81.17366605397758,-1.109171539678353,18.136200716845877,20570.051647152737,-25.047489861049126
EURUSD,15min+4h_e15_hard_hm12_s2.0_t4.0_both,15min,4h,15.0,hard,0.0,12.0,2.0,4.0,0.0,0.0,both,all,1377,-80.07683220553045,0.8382316147797074,30.065359477124183,-80.46748255444163,-1.243937760951473,24.278867102396514,19923.167794469537,-25.026193553449616
EURUSD,15min+4h_e15_hard_hm12_s2.0_t4.0_long,15min,4h,15.0,hard,0.0,12.0,2.0,4.0,0.0,0.0,long,all,1118,-60.462057605125054,0.857686143580225,31.037567084078713,-66.13745899496357,-0.80511054309197,27.32737030411449,39537.942394874946,-23.32743111969094
EURUSD,15min+4h_e15_hard_hm25_s1.5_t2.5_both,15min,4h,15.0,hard,0.0,25.0,1.5,2.5,0.0,0.0,both,all,1405,-80.10545961031288,0.8739733522693102,33.45195729537367,-82.01681817798429,-1.2737643784965955,12.461921708185054,19894.540389687118,-24.99995773085861
EURUSD,15min+4h_e15_hard_hm25_s1.5_t2.5_long,15min,4h,15.0,hard,0.0,25.0,1.5,2.5,0.0,0.0,long,all,1234,-78.93636767110586,0.8144831036649626,33.06320907617504,-80.55564977528898,-1.36509160243062,13.105348460291735,21063.632328894146,-25.043472938693387
EURUSD,15min+4h_e15_hard_hm25_s1.5_t3.5_both,15min,4h,15.0,hard,0.0,25.0,1.5,3.5,0.0,0.0,both,all,1156,-80.05188057770148,0.8442908467923392,26.21107266435986,-80.98560622539561,-1.221214575680751,16.469723183391004,19948.119422298518,-25.030772355143036
EURUSD,15min+4h_e15_hard_hm25_s1.5_t3.5_long,15min,4h,15.0,hard,0.0,25.0,1.5,3.5,0.0,0.0,long,all,1085,-80.0454438737032,0.7975212870474707,25.898617511520737,-81.11653628360752,-1.3186616873398582,18.329032258064515,19954.55612629679,-25.152675988673753
EURUSD,15min+4h_e15_hard_hm25_s2.0_t4.0_both,15min,4h,15.0,hard,0.0,25.0,2.0,4.0,0.0,0.0,both,all,1643,-75.9620563232956,0.8607107106565186,30.858186244674375,-80.13776663028067,-0.9560774242582898,24.7492391965916,24037.943676704395,-24.72633227788919
EURUSD,15min+4h_e15_hard_hm25_s2.0_t4.0_long,15min,4h,15.0,hard,0.0,25.0,2.0,4.0,0.0,0.0,long,all,876,-55.755173866314465,0.8506171027073879,30.59360730593607,-62.14102294633381,-0.7843118808469376,28.480593607305938,44244.826133685536,-22.96577293700787
EURUSD,15min+4h_e15_neg_hm0_s1.5_t2.5_both,15min,4h,15.0,neg,10.0,0.0,1.5,2.5,0.0,0.0,both,all,1042,-80.05476613082642,0.6922965904611343,38.29174664107486,-80.71293809463705,-2.4008696746007607,2.7687140115163147,19945.233869173586,-25.399966692865704
EURUSD,15min+4h_e15_neg_hm0_s1.5_t2.5_long,15min,4h,15.0,neg,10.0,0.0,1.5,2.5,0.0,0.0,long,all,1107,-80.03846988814165,0.6793076697238729,38.30171635049684,-80.73754398523036,-2.3553812725044474,2.682926829268293,19961.530111858356,-25.432771380625198
EURUSD,15min+4h_e15_neg_hm0_s1.5_t3.5_both,15min,4h,15.0,neg,10.0,0.0,1.5,3.5,0.0,0.0,both,all,1014,-80.10347189470049,0.6789441574777358,38.06706114398422,-80.95787707149802,-2.2947768480594846,2.886587771203156,19896.5281052995,-25.445093564953602
EURUSD,15min+4h_e15_neg_hm0_s1.5_t3.5_long,15min,4h,15.0,neg,10.0,0.0,1.5,3.5,0.0,0.0,long,all,1112,-80.03385502045039,0.6733774726466168,37.67985611510792,-80.93120826644139,-2.1830766685224825,2.838129496402878,19966.1449795496,-25.455158849859128
EURUSD,15min+4h_e15_neg_hm0_s2.0_t4.0_both,15min,4h,15.0,neg,10.0,0.0,2.0,4.0,0.0,0.0,both,all,1200,-80.11036871631667,0.6483652344263628,39.916666666666664,-80.8033896342828,-2.5904149855650704,3.4116666666666666,19889.63128368333,-25.51563724795807
EURUSD,15min+4h_e15_neg_hm0_s2.0_t4.0_long,15min,4h,15.0,neg,10.0,0.0,2.0,4.0,0.0,0.0,long,all,1352,-80.0121686714578,0.6554108274921833,39.12721893491124,-80.73886655775975,-2.3901554770009303,3.3328402366863905,19987.831328542197,-25.491514340438243
EURUSD,15min+4h_e15_neg_hm12_s1.5_t2.5_both,15min,4h,15.0,neg,10.0,12.0,1.5,2.5,0.0,0.0,both,all,957,-80.15407509106869,0.6665321040106109,37.72204806687565,-80.41378050483394,-2.5493347564010236,2.8014629049111806,19845.924908931313,-25.45638396380958
EURUSD,15min+4h_e15_neg_hm12_s1.5_t2.5_long,15min,4h,15.0,neg,10.0,12.0,1.5,2.5,0.0,0.0,long,all,970,-80.03934499562463,0.6218167554818792,36.8041237113402,-80.30055177690213,-2.504569067152951,2.665979381443299,19960.65500437537,-25.55905398219637
EURUSD,15min+4h_e15_neg_hm12_s1.5_t3.5_both,15min,4h,15.0,neg,10.0,12.0,1.5,3.5,0.0,0.0,both,all,936,-80.06776703042449,0.6568293551227015,37.17948717948718,-80.45675430936359,-2.3890932051702656,2.947649572649573,19932.232969575503,-25.47890746578477
EURUSD,15min+4h_e15_neg_hm12_s1.5_t3.5_long,15min,4h,15.0,neg,10.0,12.0,1.5,3.5,0.0,0.0,long,all,959,-80.05337936032177,0.615323879510793,36.183524504692386,-80.44264742168258,-2.3984143570906724,2.816475495307612,19946.620639678225,-25.581531372503193
EURUSD,15min+4h_e15_neg_hm12_s2.0_t4.0_both,15min,4h,15.0,neg,10.0,12.0,2.0,4.0,0.0,0.0,both,all,1470,-80.11146250742108,0.6690263232401839,41.42857142857143,-80.45237882641155,-2.3677049530467955,3.4979591836734696,19888.537492578915,-25.449987845252846
EURUSD,15min+4h_e15_neg_hm12_s2.0_t4.0_long,15min,4h,15.0,neg,10.0,12.0,2.0,4.0,0.0,0.0,long,all,1173,-80.04002499155285,0.5978060628816934,37.59590792838875,-80.38216584577908,-2.6727631537778658,3.329923273657289,19959.97500844715,-25.622372476289044
EURUSD,15min+4h_e15_neg_hm25_s1.5_t2.5_both,15min,4h,15.0,neg,10.0,25.0,1.5,2.5,0.0,0.0,both,all,1117,-80.082450912932,0.6691589917394855,39.57027752909579,-80.4089681110807,-2.250110144395885,2.890778871978514,19917.549087067993,-25.446759281611794
EURUSD,15min+4h_e15_neg_hm25_s1.5_t2.5_long,15min,4h,15.0,neg,10.0,25.0,1.5,2.5,0.0,0.0,long,all,908,-80.15691434051189,0.5883419281875002,35.68281938325991,-80.48221082673304,-2.65142421967926,2.7224669603524227,19843.08565948811,-25.654710186221045
EURUSD,15min+4h_e15_neg_hm25_s1.5_t3.5_both,15min,4h,15.0,neg,10.0,25.0,1.5,3.5,0.0,0.0,both,all,1077,-80.04706956219451,0.6569654817379527,39.09006499535747,-80.50202237348003,-2.2119194578133268,3.0352831940575675,19952.93043780549,-25.4795499730821
EURUSD,15min+4h_e15_neg_hm25_s1.5_t3.5_long,15min,4h,15.0,neg,10.0,25.0,1.5,3.5,0.0,0.0,long,all,888,-80.16563817964158,0.5727983548874241,35.36036036036036,-80.6178874719625,-2.6637873822366935,2.873873873873874,19834.36182035843,-25.6993451388456
EURUSD,15min+4h_e15_neg_hm25_s2.0_t4.0_both,15min,4h,15.0,neg,10.0,25.0,2.0,4.0,0.0,0.0,both,all,1318,-80.0068379972396,0.6432497184430679,40.44006069802732,-80.26173881257401,-2.5754564786724434,3.4476479514415783,19993.162002760397,-25.502618776284876
EURUSD,15min+4h_e15_neg_hm25_s2.0_t4.0_long,15min,4h,15.0,neg,10.0,25.0,2.0,4.0,0.0,0.0,long,all,1163,-80.00091016044071,0.5695185774156403,37.74720550300946,-80.25588655213632,-2.890907514476506,3.3834909716251076,19999.089839559296,-25.68647542496398
EURUSD,15min+4h_e20_zero_hm0_s1.5_t2.5_both,15min,4h,20.0,zero,0.0,0.0,1.5,2.5,0.0,0.0,both,all,1212,-80.11802753215275,0.7032707663698164,40.18151815181518,-80.83287741283887,-2.449112789025799,2.1245874587458746,19881.972467847252,-25.379859281875124
EURUSD,15min+4h_e20_zero_hm0_s1.5_t2.5_long,15min,4h,20.0,zero,0.0,0.0,1.5,2.5,0.0,0.0,long,all,1203,-80.17574117585423,0.6567050929906055,38.73649210307565,-80.92848024947268,-2.3908103667606473,1.740648379052369,19824.258824145767,-25.502406124536563
EURUSD,15min+4h_e20_zero_hm0_s1.5_t3.5_both,15min,4h,20.0,zero,0.0,0.0,1.5,3.5,0.0,0.0,both,all,1162,-80.05139192582806,0.6945984758175772,39.672977624784856,-80.966389677912,-2.3500192854580875,2.2030981067125643,19948.608074171945,-25.40421507460566
EURUSD,15min+4h_e20_zero_hm0_s1.5_t3.5_long,15min,4h,20.0,zero,0.0,0.0,1.5,3.5,0.0,0.0,long,all,1318,-80.15491191877675,0.6655934457629349,38.998482549317146,-81.10475632450739,-2.1559188523485693,1.830804248861912,19845.08808122325,-25.48640311532403
EURUSD,15min+4h_e20_zero_hm0_s2.0_t4.0_both,15min,4h,20.0,zero,0.0,0.0,2.0,4.0,0.0,0.0,both,all,1891,-80.12570970663397,0.7079539206269296,42.99312533051295,-80.84282346001554,-2.1641436003037464,2.532522474881015,19874.29029336603,-25.368856525098657
EURUSD,15min+4h_e20_zero_hm0_s2.0_t4.0_long,15min,4h,20.0,zero,0.0,0.0,2.0,4.0,0.0,0.0,long,all,1666,-80.13103113747727,0.6737267817390324,39.375750300120046,-80.87798969815569,-2.360890754263643,2.063025210084034,19868.968862522743,-25.45604387907774
EURUSD,15min+4h_e20_zero_hm12_s1.5_t2.5_both,15min,4h,20.0,zero,0.0,12.0,1.5,2.5,0.0,0.0,both,all,1263,-80.0198882029055,0.6900235436899373,39.82581155977831,-80.43149657713006,-2.2941634826259762,2.121931908155186,19980.111797094494,-25.39299653197658
EURUSD,15min+4h_e20_zero_hm12_s1.5_t2.5_long,15min,4h,20.0,zero,0.0,12.0,1.5,2.5,0.0,0.0,long,all,1146,-80.03675246810516,0.6278048536656442,37.521815008726,-80.44801342321357,-2.6286748902065336,1.7094240837696335,19963.247531894835,-25.54987850148864
EURUSD,15min+4h_e20_zero_hm12_s1.5_t3.5_both,15min,4h,20.0,zero,0.0,12.0,1.5,3.5,0.0,0.0,both,all,1274,-80.01039633461335,0.690740927722975,39.638932496075356,-80.54974291929145,-2.14350780704939,2.19701726844584,19989.60366538664,-25.395553250848756
EURUSD,15min+4h_e20_zero_hm12_s1.5_t3.5_long,15min,4h,20.0,zero,0.0,12.0,1.5,3.5,0.0,0.0,long,all,1175,-80.06272549475247,0.6322113998026933,37.02127659574468,-80.60066016780527,-2.4553729431236926,1.7965957446808511,19937.274505247526,-25.546006926995577
EURUSD,15min+4h_e20_zero_hm12_s2.0_t4.0_both,15min,4h,20.0,zero,0.0,12.0,2.0,4.0,0.0,0.0,both,all,1641,-80.0269365751612,0.6929911547272097,40.76782449725777,-80.48172811160576,-2.38944108858196,2.411334552102377,19973.063424838805,-25.387868700652653
EURUSD,15min+4h_e20_zero_hm12_s2.0_t4.0_long,15min,4h,20.0,zero,0.0,12.0,2.0,4.0,0.0,0.0,long,all,1352,-80.08589780806207,0.6260597228621323,38.01775147928994,-80.53934678282086,-2.782981088596049,2.0310650887573964,19914.10219193793,-25.559860476479987
EURUSD,15min+4h_e20_zero_hm25_s1.5_t2.5_both,15min,4h,20.0,zero,0.0,25.0,1.5,2.5,0.0,0.0,both,all,1301,-80.0021762521353,0.6909534161865237,40.4304381245196,-80.33000942832984,-2.346681146709133,2.0576479631053037,19997.823747864695,-25.385903886752295
EURUSD,15min+4h_e20_zero_hm25_s1.5_t2.5_long,15min,4h,20.0,zero,0.0,25.0,1.5,2.5,0.0,0.0,long,all,1032,-80.01959647561924,0.6054194747757943,37.6937984496124,-80.3471440743796,-2.820731529202999,1.7083333333333333,19980.403524380763,-25.601120935060468
EURUSD,15min+4h_e20_zero_hm25_s1.5_t3.5_both,15min,4h,20.0,zero,0.0,25.0,1.5,3.5,0.0,0.0,both,all,1225,-80.06612693456631,0.6812615587802717,39.51020408163265,-80.52064521293131,-2.2874617911155943,2.1151020408163266,19933.873065433676,-25.420316988949224
EURUSD,15min+4h_e20_zero_hm25_s1.5_t3.5_long,15min,4h,20.0,zero,0.0,25.0,1.5,3.5,0.0,0.0,long,all,1007,-80.11907309882938,0.59087197040618,37.53723932472691,-80.57238413566394,-2.8126788610990263,1.7835153922542204,19880.926901170624,-25.650478363364282
EURUSD,15min+4h_e20_zero_hm25_s2.0_t4.0_both,15min,4h,20.0,zero,0.0,25.0,2.0,4.0,0.0,0.0,both,all,1508,-80.08898655424365,0.670972763072506,40.84880636604775,-80.34284002478309,-2.6064963308445397,2.348806366047745,19911.013445756354,-25.439841155479805
EURUSD,15min+4h_e20_zero_hm25_s2.0_t4.0_long,15min,4h,20.0,zero,0.0,25.0,2.0,4.0,0.0,0.0,long,all,1273,-80.05166222378624,0.5905810854228235,38.09897879025923,-80.30599155713637,-2.9511880928847845,2.044776119402985,19948.337776213764,-25.637853437679844
EURUSD,15min+4h_e20_hard_hm0_s1.5_t2.5_both,15min,4h,20.0,hard,0.0,0.0,1.5,2.5,0.0,0.0,both,all,2039,-80.10734363400692,0.8896360512152417,34.91907797940167,-82.16234603194486,-1.0699187025345915,11.435017165277097,19892.65636599308,-24.966697458599967
EURUSD,15min+4h_e20_hard_hm0_s1.5_t2.5_long,15min,4h,20.0,hard,0.0,0.0,1.5,2.5,0.0,0.0,long,all,1381,-80.00376326373309,0.8477972803609592,33.3816075307748,-83.85037257926469,-1.3896629204505784,12.328023171614772,19996.236736266903,-25.134672232817515
EURUSD,15min+4h_e20_hard_hm0_s1.5_t3.5_both,15min,4h,20.0,hard,0.0,0.0,1.5,3.5,0.0,0.0,both,all,1756,-80.12071116695547,0.8813526896179067,28.018223234624145,-82.70961451785143,-0.9873455612175762,15.629271070615035,19879.288833044524,-24.990849645173874
EURUSD,15min+4h_e20_hard_hm0_s1.5_t3.5_long,15min,4h,20.0,hard,0.0,0.0,1.5,3.5,0.0,0.0,long,all,1613,-80.15022660883571,0.8725248185069758,27.464352138871668,-85.46086336419475,-1.026779009168822,16.53812771233726,19849.773391164294,-25.143131552653777
EURUSD,15min+4h_e20_hard_hm0_s2.0_t4.0_both,15min,4h,20.0,hard,0.0,0.0,2.0,4.0,0.0,0.0,both,all,1700,-80.03075409369234,0.8661720016744112,30.88235294117647,-80.24779819085343,-1.1034344512175975,22.966470588235293,19969.24590630767,-24.9457120871958
EURUSD,15min+4h_e20_hard_hm0_s2.0_t4.0_long,15min,4h,20.0,hard,0.0,0.0,2.0,4.0,0.0,0.0,long,all,1457,-72.98948256187751,0.8565413800063024,30.885380919698008,-76.62312261247209,-0.999687448573918,25.357584076870282,27010.517438122497,-24.542681929819103
EURUSD,15min+4h_e20_hard_hm12_s1.5_t2.5_both,15min,4h,20.0,hard,0.0,12.0,1.5,2.5,0.0,0.0,both,all,1710,-80.13888988702061,0.8807463156109878,34.21052631578947,-81.74071636931224,-1.160861754132205,12.148538011695907,19861.110112979382,-24.973318461225844
EURUSD,15min+4h_e20_hard_hm12_s1.5_t2.5_long,15min,4h,20.0,hard,0.0,12.0,1.5,2.5,0.0,0.0,long,all,1237,-80.09805786435176,0.820571144417485,32.90218270008084,-81.792190163943,-1.4668563663644527,12.873888439773646,19901.942135648245,-25.124182060088078
EURUSD,15min+4h_e20_hard_hm12_s1.5_t3.5_both,15min,4h,20.0,hard,0.0,12.0,1.5,3.5,0.0,0.0,both,all,1331,-80.04905873423264,0.8657330241447121,26.74680691209617,-81.29657553814363,-1.1176947734693359,16.501878287002253,19950.94126576735,-24.98949281053327
EURUSD,15min+4h_e20_hard_hm12_s1.5_t3.5_long,15min,4h,20.0,hard,0.0,12.0,1.5,3.5,0.0,0.0,long,all,1395,-78.73735402129277,0.8540870757667371,27.025089605734767,-81.2916682026306,-1.0886895852507374,17.697491039426524,21262.64597870723,-24.965943199540092
EURUSD,15min+4h_e20_hard_hm12_s2.0_t4.0_both,15min,4h,20.0,hard,0.0,12.0,2.0,4.0,0.0,0.0,both,all,1360,-80.12832375814291,0.8560570711274281,30.0,-80.84866246138014,-1.2806752671336008,24.18014705882353,19871.676241857087,-24.998936770962352
EURUSD,15min+4h_e20_hard_hm12_s2.0_t4.0_long,15min,4h,20.0,hard,0.0,12.0,2.0,4.0,0.0,0.0,long,all,1109,-61.590610501292566,0.8666182189774672,30.928764652840396,-66.05379900514563,-0.8530025662073353,26.517583408476103,38409.38949870744,-23.418734682124864
EURUSD,15min+4h_e20_hard_hm25_s1.5_t2.5_both,15min,4h,20.0,hard,0.0,25.0,1.5,2.5,0.0,0.0,both,all,1538,-80.0702999827933,0.896159953970313,33.81014304291288,-84.29041449681118,-1.2084451957407052,12.143042912873861,19929.700017206695,-25.034028694258396
EURUSD,15min+4h_e20_hard_hm25_s1.5_t2.5_long,15min,4h,20.0,hard,0.0,25.0,1.5,2.5,0.0,0.0,long,all,1222,-74.93903959535557,0.8441175944014722,33.55155482815057,-76.85610276157807,-1.2051700542599402,12.638297872340425,25060.960404644426,-24.661511708273665
EURUSD,15min+4h_e20_hard_hm25_s1.5_t3.5_both,15min,4h,20.0,hard,0.0,25.0,1.5,3.5,0.0,0.0,both,all,1199,-80.06051441352338,0.8679594599302888,26.355296080066722,-81.70047806375284,-1.1931139083632443,16.949124270225187,19939.485586476618,-25.000541049265326
EURUSD,15min+4h_e20_hard_hm25_s1.5_t3.5_long,15min,4h,20.0,hard,0.0,25.0,1.5,3.5,0.0,0.0,long,all,1075,-76.42487641706856,0.82812670509805,26.325581395348838,-78.48405199142397,-1.186574082743564,17.95906976744186,23575.12358293143,-24.826040373594576
EURUSD,15min+4h_e20_hard_hm25_s2.0_t4.0_both,15min,4h,20.0,hard,0.0,25.0,2.0,4.0,0.0,0.0,both,all,1614,-72.81982809118487,0.8786929696267867,31.04089219330855,-77.63626594611796,-0.8922491190599057,24.02354399008674,27180.171908815133,-24.359885016015006
EURUSD,15min+4h_e20_hard_hm25_s2.0_t4.0_long,15min,4h,20.0,hard,0.0,25.0,2.0,4.0,0.0,0.0,long,all,873,-51.59537461582695,0.870479662748248,30.927835051546392,-58.796359713306465,-0.7128722725749879,27.030927835051546,48404.62538417304,-22.5087786251572
EURUSD,15min+4h_e20_neg_hm0_s1.5_t2.5_both,15min,4h,20.0,neg,10.0,0.0,1.5,2.5,0.0,0.0,both,all,1108,-80.10358114438063,0.697698143264408,39.35018050541516,-80.6925988530953,-2.4007839943203426,2.7418772563176894,19896.418855619362,-25.387601841738018
EURUSD,15min+4h_e20_neg_hm0_s1.5_t2.5_long,15min,4h,20.0,neg,10.0,0.0,1.5,2.5,0.0,0.0,long,all,1216,-80.14741745754269,0.6794153361885727,39.22697368421053,-80.77542242710712,-2.272085984496368,2.46875,19852.582542457312,-25.43837525491456
EURUSD,15min+4h_e20_neg_hm0_s1.5_t3.5_both,15min,4h,20.0,neg,10.0,0.0,1.5,3.5,0.0,0.0,both,all,1079,-80.03290006080202,0.6900182251725534,38.83225208526413,-80.82324940994903,-2.230560307893979,2.870250231696015,19967.09993919797,-25.40920041589866
EURUSD,15min+4h_e20_neg_hm0_s1.5_t3.5_long,15min,4h,20.0,neg,10.0,0.0,1.5,3.5,0.0,0.0,long,all,1196,-80.00480583038015,0.6763741624500539,38.54515050167224,-80.83642439253462,-2.073219609300555,2.6145484949832776,19995.194169619845,-25.442713802791456
EURUSD,15min+4h_e20_neg_hm0_s2.0_t4.0_both,15min,4h,20.0,neg,10.0,0.0,2.0,4.0,0.0,0.0,both,all,1266,-80.10765782208009,0.6676602719163717,40.60031595576619,-80.75032426267619,-2.578610343676542,3.4375987361769353,19892.342177919913,-25.465168603599324
EURUSD,15min+4h_e20_neg_hm0_s2.0_t4.0_long,15min,4h,20.0,neg,10.0,0.0,2.0,4.0,0.0,0.0,long,all,1523,-80.04155238562157,0.6831609022772442,39.85554826001313,-80.71664476769725,-2.274652637958705,3.112278397898884,19958.447614378423,-25.42242563043964
EURUSD,15min+4h_e20_neg_hm12_s1.5_t2.5_both,15min,4h,20.0,neg,10.0,12.0,1.5,2.5,0.0,0.0,both,all,1167,-80.06371224773086,0.6893223051751795,39.84575835475579,-80.37260451719554,-2.1750924279360513,2.7806341045415595,19936.287752269145,-25.394146907659106
EURUSD,15min+4h_e20_neg_hm12_s1.5_t2.5_long,15min,4h,20.0,neg,10.0,12.0,1.5,2.5,0.0,0.0,long,all,1066,-80.00912428919385,0.6355444648985866,37.24202626641651,-80.31886234291925,-2.537068785641434,2.4606003752345216,19990.87571080615,-25.524258303038057
EURUSD,15min+4h_e20_neg_hm12_s1.5_t3.5_both,15min,4h,20.0,neg,10.0,12.0,1.5,3.5,0.0,0.0,both,all,1199,-80.05491463744619,0.6919888799523084,39.44954128440367,-80.49186541085894,-2.004710570480277,2.9190992493744785,19945.085362553815,-25.391899002051435
EURUSD,15min+4h_e20_neg_hm12_s1.5_t3.5_long,15min,4h,20.0,neg,10.0,12.0,1.5,3.5,0.0,0.0,long,all,1091,-80.18705944156157,0.6408436076019893,36.48029330889093,-80.62111522739663,-2.3675273099219605,2.615032080659945,19812.940558438433,-25.530217967753355
EURUSD,15min+4h_e20_neg_hm12_s2.0_t4.0_both,15min,4h,20.0,neg,10.0,12.0,2.0,4.0,0.0,0.0,both,all,1542,-80.08435142561144,0.6894157826348724,41.24513618677043,-80.46161058494702,-2.273417231771457,3.3702983138780804,19915.648574388557,-25.398299023835158
EURUSD,15min+4h_e20_neg_hm12_s2.0_t4.0_long,15min,4h,20.0,neg,10.0,12.0,2.0,4.0,0.0,0.0,long,all,1329,-80.0966719734657,0.6305713443318831,38.60045146726862,-80.47369774650163,-2.5916113294652803,3.091798344620015,19903.32802653429,-25.546386427968987
EURUSD,15min+4h_e20_neg_hm25_s1.5_t2.5_both,15min,4h,20.0,neg,10.0,25.0,1.5,2.5,0.0,0.0,both,all,1313,-80.0610753655859,0.7131314079767461,40.51789794364052,-80.38794298254355,-2.164569992708341,2.798172124904798,19938.924634414092,-25.335132213983314
EURUSD,15min+4h_e20_neg_hm25_s1.5_t2.5_long,15min,4h,20.0,neg,10.0,25.0,1.5,2.5,0.0,0.0,long,all,1122,-80.02508658443692,0.6392570076212875,38.05704099821747,-80.35254418141339,-2.481351153938443,2.5677361853832443,19974.913415563078,-25.516962711580796
EURUSD,15min+4h_e20_neg_hm25_s1.5_t3.5_both,15min,4h,20.0,neg,10.0,25.0,1.5,3.5,0.0,0.0,both,all,1257,-80.01208588068879,0.7042087085638592,40.17501988862371,-80.46783636549398,-2.0881923442804307,2.9204455051710423,19987.914119311215,-25.358675118437663
EURUSD,15min+4h_e20_neg_hm25_s1.5_t3.5_long,15min,4h,20.0,neg,10.0,25.0,1.5,3.5,0.0,0.0,long,all,1016,-80.17423854991513,0.6162752341559623,37.40157480314961,-80.62629174258814,-2.548323885898037,2.7096456692913384,19825.76145008487,-25.591333126310225
EURUSD,15min+4h_e20_neg_hm25_s2.0_t4.0_both,15min,4h,20.0,neg,10.0,25.0,2.0,4.0,0.0,0.0,both,all,1429,-80.03023287723275,0.683743990992974,41.707487753673895,-80.2848354218892,-2.5050411330868303,3.337998600419874,19969.76712276726,-25.40324275448244
EURUSD,15min+4h_e20_neg_hm25_s2.0_t4.0_long,15min,4h,20.0,neg,10.0,25.0,2.0,4.0,0.0,0.0,long,all,1217,-80.01788192548791,0.6053869938096278,39.112571898110104,-80.27264193736589,-2.8455087743725582,3.0821692686935087,19982.118074512087,-25.598153469990084
EURUSD,15min+4h_e25_zero_hm0_s1.5_t2.5_both,15min,4h,25.0,zero,0.0,0.0,1.5,2.5,0.0,0.0,both,all,1208,-80.06592186669086,0.7075856534380295,39.90066225165563,-80.769349213737,-2.337341769638693,2.115894039735099,19934.078133309144,-25.36444670962204
EURUSD,15min+4h_e25_zero_hm0_s1.5_t2.5_long,15min,4h,25.0,zero,0.0,0.0,1.5,2.5,0.0,0.0,long,all,1331,-80.01026353017409,0.6800685879435705,39.21863260706236,-80.7848189207845,-2.261317466571925,1.638617580766341,19989.73646982591,-25.43163182817942
EURUSD,15min+4h_e25_zero_hm0_s1.5_t3.5_both,15min,4h,25.0,zero,0.0,0.0,1.5,3.5,0.0,0.0,both,all,1202,-80.09788736461529,0.7048361872121938,39.60066555740433,-80.99761432096408,-2.1678669968241397,2.1888519134775373,19902.112635384703,-25.381729599392692
EURUSD,15min+4h_e25_zero_hm0_s1.5_t3.5_long,15min,4h,25.0,zero,0.0,0.0,1.5,3.5,0.0,0.0,long,all,1339,-80.0152712940691,0.6782842708086853,38.90963405526512,-80.98716876844298,-2.0847573498434575,1.7251680358476476,19984.728705930902,-25.44438692547877
EURUSD,15min+4h_e25_zero_hm0_s2.0_t4.0_both,15min,4h,25.0,zero,0.0,0.0,2.0,4.0,0.0,0.0,both,all,2196,-80.07255684868571,0.7422967711662662,43.26047358834244,-80.76417413415982,-2.0173868147932175,2.4658469945355193,19927.443151314288,-25.277727311398156
EURUSD,15min+4h_e25_zero_hm0_s2.0_t4.0_long,15min,4h,25.0,zero,0.0,0.0,2.0,4.0,0.0,0.0,long,all,1681,-80.02587735248356,0.6941180415638165,39.38132064247472,-80.77097841874705,-2.333733021445584,1.9857227840571088,19974.12264751644,-25.396579126939685
EURUSD,15min+4h_e25_zero_hm12_s1.5_t2.5_both,15min,4h,25.0,zero,0.0,12.0,1.5,2.5,0.0,0.0,both,all,1308,-80.06697796605857,0.6955812946142341,40.0611620795107,-80.49338486685333,-2.294085259627989,2.11085626911315,19933.02203394143,-25.383461276780892
EURUSD,15min+4h_e25_zero_hm12_s1.5_t2.5_long,15min,4h,25.0,zero,0.0,12.0,1.5,2.5,0.0,0.0,long,all,1164,-80.07374793942824,0.6367218345309756,37.2852233676976,-80.5000100170568,-2.570500055964416,1.6417525773195876,19926.25206057176,-25.531145731931964
EURUSD,15min+4h_e25_zero_hm12_s1.5_t3.5_both,15min,4h,25.0,zero,0.0,12.0,1.5,3.5,0.0,0.0,both,all,1294,-80.04665303409581,0.6958566035722072,39.72179289026275,-80.60070322893935,-2.138491458048088,2.179289026275116,19953.346965904184,-25.386252741590887
EURUSD,15min+4h_e25_zero_hm12_s1.5_t3.5_long,15min,4h,25.0,zero,0.0,12.0,1.5,3.5,0.0,0.0,long,all,1181,-80.07155612924184,0.6383016745059535,37.25656223539374,-80.62491483284127,-2.4016278889874063,1.7315834038950042,19928.443870758158,-25.53210465221844
EURUSD,15min+4h_e25_zero_hm12_s2.0_t4.0_both,15min,4h,25.0,zero,0.0,12.0,2.0,4.0,0.0,0.0,both,all,1710,-80.01320576936884,0.7065828590992002,40.87719298245614,-80.34358478471246,-2.369915847384372,2.358479532163743,19986.79423063116,-25.34781447441525
EURUSD,15min+4h_e25_zero_hm12_s2.0_t4.0_long,15min,4h,25.0,zero,0.0,12.0,2.0,4.0,0.0,0.0,long,all,1443,-80.10223661255999,0.6470922516683656,38.32293832293832,-80.43114396006288,-2.660378112885524,1.948024948024948,19897.76338744,-25.503604593734003
EURUSD,15min+4h_e25_zero_hm25_s1.5_t2.5_both,15min,4h,25.0,zero,0.0,25.0,1.5,2.5,0.0,0.0,both,all,1265,-80.04853610748982,0.6819839327229207,39.52569169960474,-80.37560928605559,-2.3659338325262573,2.0126482213438734,19951.463892510175,-25.412005983934513
EURUSD,15min+4h_e25_zero_hm25_s1.5_t2.5_long,15min,4h,25.0,zero,0.0,25.0,1.5,2.5,0.0,0.0,long,all,978,-80.04927523193454,0.5895121714112205,37.01431492842536,-80.37633629370615,-2.874418455021626,1.6247443762781186,19950.72476806545,-25.643244032497577
EURUSD,15min+4h_e25_zero_hm25_s1.5_t3.5_both,15min,4h,25.0,zero,0.0,25.0,1.5,3.5,0.0,0.0,both,all,1178,-80.02778092262253,0.6681552520765709,38.964346349745334,-80.48317354002207,-2.292885069629386,2.0848896434634976,19972.21907737747,-25.450050048314356
EURUSD,15min+4h_e25_zero_hm25_s1.5_t3.5_long,15min,4h,25.0,zero,0.0,25.0,1.5,3.5,0.0,0.0,long,all,933,-80.01025977015314,0.5661647228892152,36.334405144694536,-80.46605189265786,-2.844912551281725,1.7031082529474812,19989.74022984686,-25.703640659289402
EURUSD,15min+4h_e25_zero_hm25_s2.0_t4.0_both,15min,4h,25.0,zero,0.0,25.0,2.0,4.0,0.0,0.0,both,all,1424,-80.15976050616922,0.6627156581871851,39.81741573033708,-80.41271165130122,-2.636665737009981,2.326544943820225,19840.239493830773,-25.466109740830856
EURUSD,15min+4h_e25_zero_hm25_s2.0_t4.0_long,15min,4h,25.0,zero,0.0,25.0,2.0,4.0,0.0,0.0,long,all,1205,-80.04805896830192,0.5792751443083023,37.593360995850624,-80.30243424099675,-2.9730389411401945,1.9618257261410788,19951.941031698087,-25.66583186760119
EURUSD,15min+4h_e25_hard_hm0_s1.5_t2.5_both,15min,4h,25.0,hard,0.0,0.0,1.5,2.5,0.0,0.0,both,all,1998,-80.02698434659862,0.8946590545365873,34.98498498498498,-83.04280452689157,-1.0945435988715784,11.326326326326326,19973.01565340137,-24.986143918598138
EURUSD,15min+4h_e25_hard_hm0_s1.5_t2.5_long,15min,4h,25.0,hard,0.0,0.0,1.5,2.5,0.0,0.0,long,all,1415,-80.12743252509318,0.8500892483002289,33.56890459363957,-84.21336262060248,-1.3984340517631766,12.275618374558304,19872.56747490682,-25.148408685077253
EURUSD,15min+4h_e25_hard_hm0_s1.5_t3.5_both,15min,4h,25.0,hard,0.0,0.0,1.5,3.5,0.0,0.0,both,all,1844,-80.06769613999283,0.8981217192728883,28.199566160520607,-84.36759611060225,-0.9614708484512844,15.136117136659436,19932.30386000717,-24.974313664518508
EURUSD,15min+4h_e25_hard_hm0_s1.5_t3.5_long,15min,4h,25.0,hard,0.0,0.0,1.5,3.5,0.0,0.0,long,all,1744,-80.04215781276483,0.8805247875370296,27.75229357798165,-85.99929459621367,-0.9912642296044554,15.965596330275229,19957.842187235176,-25.12724247192325
EURUSD,15min+4h_e25_hard_hm0_s2.0_t4.0_both,15min,4h,25.0,hard,0.0,0.0,2.0,4.0,0.0,0.0,both,all,1743,-80.18844041245268,0.8772040221066092,31.038439472174414,-80.38070945974715,-1.1110933660902136,22.137119908204244,19811.55958754732,-24.929755939621472
EURUSD,15min+4h_e25_hard_hm0_s2.0_t4.0_long,15min,4h,25.0,hard,0.0,0.0,2.0,4.0,0.0,0.0,long,all,1478,-68.93458214477673,0.8733324120226685,31.32611637347767,-73.030844173261,-0.8883031121716095,24.39851150202977,31065.41785522328,-24.02774069092225
EURUSD,15min+4h_e25_hard_hm12_s1.5_t2.5_both,15min,4h,25.0,hard,0.0,12.0,1.5,2.5,0.0,0.0,both,all,1722,-80.02952328419552,0.8875483975713683,34.3205574912892,-82.3330209871648,-1.171469678307261,12.249128919860627,19970.476715804478,-24.975630776925993
EURUSD,15min+4h_e25_hard_hm12_s1.5_t2.5_long,15min,4h,25.0,hard,0.0,12.0,1.5,2.5,0.0,0.0,long,all,1274,-80.09303193599408,0.8314779927994452,33.04552590266876,-81.6204767816042,-1.439746845771438,12.741758241758241,19906.968064005927,-25.08984536670532
EURUSD,15min+4h_e25_hard_hm12_s1.5_t3.5_both,15min,4h,25.0,hard,0.0,12.0,1.5,3.5,0.0,0.0,both,all,1465,-80.11361313322803,0.8807138340485055,27.167235494880547,-82.40742778417135,-1.0677990509195285,16.307849829351536,19886.386866771973,-24.999057051574713
EURUSD,15min+4h_e25_hard_hm12_s1.5_t3.5_long,15min,4h,25.0,hard,0.0,12.0,1.5,3.5,0.0,0.0,long,all,1224,-80.16761158451213,0.8431780355967076,26.38888888888889,-83.187934894618,-1.2008290028326776,17.090686274509803,19832.388415487865,-25.126276770173437
EURUSD,15min+4h_e25_hard_hm12_s2.0_t4.0_both,15min,4h,25.0,hard,0.0,12.0,2.0,4.0,0.0,0.0,both,all,1352,-80.02565080172968,0.8528086133206114,30.02958579881657,-80.94221423673716,-1.2934711343555916,23.651627218934912,19974.349198270327,-25.006693068237144
EURUSD,15min+4h_e25_hard_hm12_s2.0_t4.0_long,15min,4h,25.0,hard,0.0,12.0,2.0,4.0,0.0,0.0,long,all,1118,-65.7484372055182,0.8518160428641343,30.590339892665472,-69.24215665729763,-0.9835419295932094,25.73881932021467,34251.56279448181,-23.945396541742113
EURUSD,15min+4h_e25_hard_hm25_s1.5_t2.5_both,15min,4h,25.0,hard,0.0,25.0,1.5,2.5,0.0,0.0,both,all,1510,-80.07645662101504,0.8902230630120469,33.77483443708609,-83.38960051641746,-1.232144993816841,11.86158940397351,19923.54337898497,-25.01308462796718
EURUSD,15min+4h_e25_hard_hm25_s1.5_t2.5_long,15min,4h,25.0,hard,0.0,25.0,1.5,2.5,0.0,0.0,long,all,1222,-78.05777014488358,0.8340818927250037,33.14238952536825,-79.57745471844436,-1.3523566759474177,12.247954173486088,21942.22985511642,-24.92020426272061
EURUSD,15min+4h_e25_hard_hm25_s1.5_t3.5_both,15min,4h,25.0,hard,0.0,25.0,1.5,3.5,0.0,0.0,both,all,1189,-80.14142623221244,0.8684724764754691,26.324642556770396,-83.44932996882041,-1.1908341322004161,16.338940285954585,19858.573767787573,-25.07244905685264
EURUSD,15min+4h_e25_hard_hm25_s1.5_t3.5_long,15min,4h,25.0,hard,0.0,25.0,1.5,3.5,0.0,0.0,long,all,1082,-78.74219523781846,0.8224948318684107,26.062846580406653,-81.60442424232886,-1.2634575076687833,16.795748613678374,21257.80476218153,-25.057627699534866
EURUSD,15min+4h_e25_hard_hm25_s2.0_t4.0_both,15min,4h,25.0,hard,0.0,25.0,2.0,4.0,0.0,0.0,both,all,1108,-80.03767315245942,0.8363522836819731,28.971119133574007,-81.92463885601092,-1.427240496233695,23.287906137184116,19962.32684754058,-25.08761177113388
EURUSD,15min+4h_e25_hard_hm25_s2.0_t4.0_long,15min,4h,25.0,hard,0.0,25.0,2.0,4.0,0.0,0.0,long,all,882,-64.12030235857915,0.8277695367076763,29.81859410430839,-66.52507782891371,-1.0546775798178971,25.750566893424036,35879.69764142085,-23.856391365730524
EURUSD,15min+4h_e25_neg_hm0_s1.5_t2.5_both,15min,4h,25.0,neg,10.0,0.0,1.5,2.5,0.0,0.0,both,all,1124,-80.03529850618584,0.693564064902669,39.32384341637011,-80.61293354730125,-2.3059756658317485,2.7037366548042705,19964.701493814166,-25.39201911988281
EURUSD,15min+4h_e25_neg_hm0_s1.5_t2.5_long,15min,4h,25.0,neg,10.0,0.0,1.5,2.5,0.0,0.0,long,all,1296,-80.17977994079124,0.6908332074860608,38.888888888888886,-80.82226393588155,-2.186892118775055,2.2785493827160495,19820.220059208765,-25.41299873635176
EURUSD,15min+4h_e25_neg_hm0_s1.5_t3.5_both,15min,4h,25.0,neg,10.0,0.0,1.5,3.5,0.0,0.0,both,all,1117,-80.02335956801045,0.6902290240228011,38.764547896150404,-80.8008123319627,-2.1065329941334188,2.820053715308863,19976.64043198955,-25.407394315941925
EURUSD,15min+4h_e25_neg_hm0_s1.5_t3.5_long,15min,4h,25.0,neg,10.0,0.0,1.5,3.5,0.0,0.0,long,all,1240,-80.15575066203913,0.6829145672347073,38.145161290322584,-80.99645324092685,-2.0152431349491877,2.4330645161290323,19844.249337960875,-25.43880173803187
EURUSD,15min+4h_e25_neg_hm0_s2.0_t4.0_both,15min,4h,25.0,neg,10.0,0.0,2.0,4.0,0.0,0.0,both,all,2056,-80.02049589312642,0.7317814622237687,43.1420233463035,-80.52063365196483,-1.944337008878734,3.367217898832685,19979.504106873577,-25.292191526244228
EURUSD,15min+4h_e25_neg_hm0_s2.0_t4.0_long,15min,4h,25.0,neg,10.0,0.0,2.0,4.0,0.0,0.0,long,all,1540,-80.09159683485369,0.6940529919061557,39.8051948051948,-80.64216587009987,-2.3253638167876542,2.862337662337662,19908.403165146316,-25.394218028432753
EURUSD,15min+4h_e25_neg_hm12_s1.5_t2.5_both,15min,4h,25.0,neg,10.0,12.0,1.5,2.5,0.0,0.0,both,all,1293,-80.05195021632801,0.6950302928932879,39.984532095901,-80.37688751794637,-2.128890337552295,2.7811291569992265,19948.049783671995,-25.379577777137754
EURUSD,15min+4h_e25_neg_hm12_s1.5_t2.5_long,15min,4h,25.0,neg,10.0,12.0,1.5,2.5,0.0,0.0,long,all,1115,-80.09964299170443,0.6421072497286687,37.219730941704036,-80.42380341729202,-2.446249400242403,2.318385650224215,19900.35700829557,-25.515669732038187
EURUSD,15min+4h_e25_neg_hm12_s1.5_t3.5_both,15min,4h,25.0,neg,10.0,12.0,1.5,3.5,0.0,0.0,both,all,1242,-80.09981377787336,0.6909792764067865,39.210950080515296,-80.55150255229955,-2.004949239940626,2.9009661835748792,19900.18622212664,-25.39860446218995
EURUSD,15min+4h_e25_neg_hm12_s1.5_t3.5_long,15min,4h,25.0,neg,10.0,12.0,1.5,3.5,0.0,0.0,long,all,1107,-80.19818035206757,0.6416817712326298,36.76603432700993,-80.64763642993272,-2.2990700779149744,2.4724480578139114,19801.819647932425,-25.529628243198438
EURUSD,15min+4h_e25_neg_hm12_s2.0_t4.0_both,15min,4h,25.0,neg,10.0,12.0,2.0,4.0,0.0,0.0,both,all,1599,-80.0714472120542,0.6948427523173123,41.40087554721701,-80.32410201573312,-2.2756422343860097,3.2464040025015635,19928.552787945802,-25.378715088318213
EURUSD,15min+4h_e25_neg_hm12_s2.0_t4.0_long,15min,4h,25.0,neg,10.0,12.0,2.0,4.0,0.0,0.0,long,all,1310,-80.09673782190981,0.6341175097056153,38.93129770992366,-80.34907199046103,-2.593851778404048,2.877862595419847,19903.262178090183,-25.532538618230795
EURUSD,15min+4h_e25_neg_hm25_s1.5_t2.5_both,15min,4h,25.0,neg,10.0,25.0,1.5,2.5,0.0,0.0,both,all,1298,-80.10171915953597,0.704626608585349,39.907550077041606,-80.42792048478951,-2.138958727968395,2.711093990755008,19898.280840464024,-25.359619064309648
EURUSD,15min+4h_e25_neg_hm25_s1.5_t2.5_long,15min,4h,25.0,neg,10.0,25.0,1.5,2.5,0.0,0.0,long,all,1079,-80.03622266877687,0.6252010210358694,37.90546802594995,-80.3634977069937,-2.466621533811769,2.377201112140871,19963.777331223115,-25.55298626244115
EURUSD,15min+4h_e25_neg_hm25_s1.5_t3.5_both,15min,4h,25.0,neg,10.0,25.0,1.5,3.5,0.0,0.0,both,all,1225,-80.04299006506726,0.6942632898306816,39.265306122448976,-80.49803589420259,-2.05375064293345,2.844081632653061,19957.009934932743,-25.38598281379409
EURUSD,15min+4h_e25_neg_hm25_s1.5_t3.5_long,15min,4h,25.0,neg,10.0,25.0,1.5,3.5,0.0,0.0,long,all,975,-80.01939953044693,0.6010951749663215,37.333333333333336,-80.47498325450846,-2.5051059477889615,2.481025641025641,19980.60046955307,-25.617037373982413
EURUSD,15min+4h_e25_neg_hm25_s2.0_t4.0_both,15min,4h,25.0,neg,10.0,25.0,2.0,4.0,0.0,0.0,both,all,1362,-80.08967556871472,0.6740810148562645,40.89574155653451,-80.3435202547332,-2.4736814210954217,3.23935389133627,19910.324431285277,-25.432125295797256
EURUSD,15min+4h_e25_neg_hm25_s2.0_t4.0_long,15min,4h,25.0,neg,10.0,25.0,2.0,4.0,0.0,0.0,long,all,1150,-80.12034442294191,0.5891829127697088,38.52173913043478,-80.37379809947691,-2.849885884217778,2.8643478260869566,19879.655577058085,-25.64680841897248
EURUSD,15min+4h_e35_zero_hm0_s1.5_t2.5_both,15min,4h,35.0,zero,0.0,0.0,1.5,2.5,0.0,0.0,both,all,1926,-80.14420491210959,0.7572602904473423,42.36760124610592,-80.74854076222839,-1.7284767698239523,2.1163032191069573,19855.79508789042,-25.242559100855164
EURUSD,15min+4h_e35_zero_hm0_s1.5_t2.5_long,15min,4h,35.0,zero,0.0,0.0,1.5,2.5,0.0,0.0,long,all,1425,-80.12280179453467,0.6897612699137715,38.10526315789474,-80.72778907519039,-2.16278750384645,1.56,19877.198205465327,-25.409620460004575
EURUSD,15min+4h_e35_zero_hm0_s1.5_t3.5_both,15min,4h,35.0,zero,0.0,0.0,1.5,3.5,0.0,0.0,both,all,1890,-80.14944284424116,0.7510699447952168,42.116402116402114,-80.87900285918136,-1.6600269925837203,2.208994708994709,19850.557155758845,-25.263462966148857
EURUSD,15min+4h_e35_zero_hm0_s1.5_t3.5_long,15min,4h,35.0,zero,0.0,0.0,1.5,3.5,0.0,0.0,long,all,1430,-80.17113896501027,0.6900753348163301,37.9020979020979,-80.89990159063447,-2.0368490304908775,1.6475524475524475,19828.86103498973,-25.417653285184965
EURUSD,15min+4h_e35_zero_hm0_s2.0_t4.0_both,15min,4h,35.0,zero,0.0,0.0,2.0,4.0,0.0,0.0,both,all,2264,-80.10954308115,0.7558977628366371,42.35865724381625,-80.57412243294148,-1.9100759278797688,2.4275618374558303,19890.456918850014,-25.237602213472066
EURUSD,15min+4h_e35_zero_hm0_s2.0_t4.0_long,15min,4h,35.0,zero,0.0,0.0,2.0,4.0,0.0,0.0,long,all,1738,-80.05951222705151,0.6984224131505719,38.43498273878021,-80.5252601443446,-2.2884331891988574,1.856156501726122,19940.48777294849,-25.377334861979413
EURUSD,15min+4h_e35_zero_hm12_s1.5_t2.5_both,15min,4h,35.0,zero,0.0,12.0,1.5,2.5,0.0,0.0,both,all,1348,-80.16189399694082,0.7112439996630012,39.46587537091988,-80.65079852137524,-2.1060920574381368,2.026706231454006,19838.106003059173,-25.354397701575138
EURUSD,15min+4h_e35_zero_hm12_s1.5_t2.5_long,15min,4h,35.0,zero,0.0,12.0,1.5,2.5,0.0,0.0,long,all,1148,-80.15508725099546,0.6392051456079144,36.149825783972126,-80.64415952576294,-2.450653174266816,1.5304878048780488,19844.912749004536,-25.53395700705055
EURUSD,15min+4h_e35_zero_hm12_s1.5_t3.5_both,15min,4h,35.0,zero,0.0,12.0,1.5,3.5,0.0,0.0,both,all,1332,-80.0942117441243,0.709488449629232,39.03903903903904,-80.7112677686223,-2.0222435216565273,2.104354354354354,19905.788255875712,-25.358498056436783
EURUSD,15min+4h_e35_zero_hm12_s1.5_t3.5_long,15min,4h,35.0,zero,0.0,12.0,1.5,3.5,0.0,0.0,long,all,1138,-80.16798540918408,0.6438681478509506,36.115992970123024,-80.78275453683133,-2.3631539068401968,1.6107205623901582,19832.01459081591,-25.52835922821324
EURUSD,15min+4h_e35_zero_hm12_s2.0_t4.0_both,15min,4h,35.0,zero,0.0,12.0,2.0,4.0,0.0,0.0,both,all,1668,-80.06152206955394,0.7172802768310785,39.74820143884892,-80.43998500239624,-2.314239845101849,2.3711031175059953,19938.477930446057,-25.32685959080031
EURUSD,15min+4h_e35_zero_hm12_s2.0_t4.0_long,15min,4h,35.0,zero,0.0,12.0,2.0,4.0,0.0,0.0,long,all,1447,-80.13440990666504,0.6531735289511772,37.04215618521078,-80.51148931641706,-2.6025094452981583,1.8223911541119557,19865.59009333496,-25.49290214654534
EURUSD,15min+4h_e35_zero_hm25_s1.5_t2.5_both,15min,4h,35.0,zero,0.0,25.0,1.5,2.5,0.0,0.0,both,all,1215,-80.01677286990632,0.6867383518248922,38.27160493827161,-80.34436675728493,-2.292983432405767,2.0032921810699587,19983.227130093677,-25.39759970552542
EURUSD,15min+4h_e35_zero_hm25_s1.5_t2.5_long,15min,4h,35.0,zero,0.0,25.0,1.5,2.5,0.0,0.0,long,all,1044,-80.06379126722315,0.5909690176742326,36.015325670498086,-80.39061436120313,-2.6905949032299703,1.5440613026819923,19936.20873277685,-25.64075368095147
EURUSD,15min+4h_e35_zero_hm25_s1.5_t3.5_both,15min,4h,35.0,zero,0.0,25.0,1.5,3.5,0.0,0.0,both,all,1197,-80.00677159820734,0.6820433482351997,37.9281537176274,-80.46264325557726,-2.2173958049300717,2.0701754385964914,19993.22840179266,-25.413668223563384
EURUSD,15min+4h_e35_zero_hm25_s1.5_t3.5_long,15min,4h,35.0,zero,0.0,25.0,1.5,3.5,0.0,0.0,long,all,1009,-80.0048949913993,0.5788418466698296,35.97621407333994,-80.46080943784953,-2.6690625104912944,1.6134786917740338,19995.1050086007,-25.67152356049538
EURUSD,15min+4h_e35_zero_hm25_s2.0_t4.0_both,15min,4h,35.0,zero,0.0,25.0,2.0,4.0,0.0,0.0,both,all,1408,-80.18062928883761,0.6741501674817345,38.77840909090909,-80.43331436951634,-2.5951170386140747,2.313210227272727,19819.370711162384,-25.439182327629823
EURUSD,15min+4h_e35_zero_hm25_s2.0_t4.0_long,15min,4h,35.0,zero,0.0,25.0,2.0,4.0,0.0,0.0,long,all,1109,-80.10475731323378,0.5651948730820051,35.617673579801625,-80.35840971606193,-3.0022922948717494,1.806131650135257,19895.242686766225,-25.705539498466816
EURUSD,15min+4h_e35_hard_hm0_s1.5_t2.5_both,15min,4h,35.0,hard,0.0,0.0,1.5,2.5,0.0,0.0,both,all,2251,-80.06845342289992,0.9064575656443007,35.273211905819636,-82.23044007580869,-1.0238904870109897,10.867614393602842,19931.546577100085,-24.92581182583759
EURUSD,15min+4h_e35_hard_hm0_s1.5_t2.5_long,15min,4h,35.0,hard,0.0,0.0,1.5,2.5,0.0,0.0,long,all,1608,-80.05821655380598,0.864669787733225,34.07960199004975,-82.02359600150707,-1.2542665529799892,10.951492537313433,19941.783446194022,-25.02159803287946
EURUSD,15min+4h_e35_hard_hm0_s1.5_t3.5_both,15min,4h,35.0,hard,0.0,0.0,1.5,3.5,0.0,0.0,both,all,1657,-80.1686408052309,0.8780601780076539,27.942063971031985,-82.98826674788064,-1.0143429140217226,14.573928786964393,19831.359194769102,-25.031125857105327
EURUSD,15min+4h_e35_hard_hm0_s1.5_t3.5_long,15min,4h,35.0,hard,0.0,0.0,1.5,3.5,0.0,0.0,long,all,1578,-80.01621084970158,0.8577690404652558,27.43979721166033,-82.48036211965591,-1.0464792411624788,14.547528517110266,19983.789150298417,-25.05544031761116
EURUSD,15min+4h_e35_hard_hm0_s2.0_t4.0_both,15min,4h,35.0,hard,0.0,0.0,2.0,4.0,0.0,0.0,both,all,1635,-80.16524836959324,0.8480444163019916,30.8868501529052,-80.55416506822868,-1.1229298046336789,21.18593272171254,19834.75163040675,-25.0086654967579
EURUSD,15min+4h_e35_hard_hm0_s2.0_t4.0_long,15min,4h,35.0,hard,0.0,0.0,2.0,4.0,0.0,0.0,long,all,1473,-65.31151607283431,0.8670963528104366,31.568228105906314,-70.50210470273856,-0.7570081025211677,22.568228105906314,34688.48392716569,-23.600316102778574
EURUSD,15min+4h_e35_hard_hm12_s1.5_t2.5_both,15min,4h,35.0,hard,0.0,12.0,1.5,2.5,0.0,0.0,both,all,1738,-80.00037174178551,0.8907522585940235,34.29228998849252,-82.10628376172806,-1.1775400346018636,11.394131185270426,19999.628258214492,-24.957385573655486
EURUSD,15min+4h_e35_hard_hm12_s1.5_t2.5_long,15min,4h,35.0,hard,0.0,12.0,1.5,2.5,0.0,0.0,long,all,1494,-80.19160427321698,0.8396579506687573,33.734939759036145,-80.57290043477605,-1.3035685990675638,11.48661311914324,19808.395726783016,-25.03143531164783
EURUSD,15min+4h_e35_hard_hm12_s1.5_t3.5_both,15min,4h,35.0,hard,0.0,12.0,1.5,3.5,0.0,0.0,both,all,1275,-80.08535275618358,0.8637519297651779,26.58823529411765,-83.39421083204577,-1.1543817455743683,15.626666666666667,19914.647243816424,-25.07980271911623
EURUSD,15min+4h_e35_hard_hm12_s1.5_t3.5_long,15min,4h,35.0,hard,0.0,12.0,1.5,3.5,0.0,0.0,long,all,1365,-78.39324972383201,0.8430422382250857,26.95970695970696,-81.86695702499229,-1.0690904286659726,15.628571428571428,21606.750276167986,-25.00280267439026
EURUSD,15min+4h_e35_hard_hm12_s2.0_t4.0_both,15min,4h,35.0,hard,0.0,12.0,2.0,4.0,0.0,0.0,both,all,1278,-80.12429079662262,0.8335439626119108,29.7339593114241,-80.69736782444917,-1.3112489554566247,23.309076682316118,19875.70920337738,-25.049006438313096
EURUSD,15min+4h_e35_hard_hm12_s2.0_t4.0_long,15min,4h,35.0,hard,0.0,12.0,2.0,4.0,0.0,0.0,long,all,1098,-59.45277853729842,0.8561617786523538,31.05646630236794,-68.80293980942083,-0.7508629317234102,24.116575591985427,40547.22146270157,-23.316118684823003
EURUSD,15min+4h_e35_hard_hm25_s1.5_t2.5_both,15min,4h,35.0,hard,0.0,25.0,1.5,2.5,0.0,0.0,both,all,1741,-80.11499468165249,0.8998262783119179,34.29063756461804,-83.75841871937885,-1.1514738195209966,11.060310166570936,19885.005318347503,-25.00537084026146
EURUSD,15min+4h_e35_hard_hm25_s1.5_t2.5_long,15min,4h,35.0,hard,0.0,25.0,1.5,2.5,0.0,0.0,long,all,1171,-70.38316025077503,0.8547826121084784,33.90264730999146,-71.61394669701748,-1.1142369438887485,11.527754056362083,29616.839749224968,-24.242927747640504
EURUSD,15min+4h_e35_hard_hm25_s1.5_t3.5_both,15min,4h,35.0,hard,0.0,25.0,1.5,3.5,0.0,0.0,both,all,1206,-80.00285441694461,0.8669647883780747,26.3681592039801,-83.35666478390623,-1.2029423339830598,15.433665008291873,19997.145583055382,-25.066968797088848
EURUSD,15min+4h_e35_hard_hm25_s1.5_t3.5_long,15min,4h,35.0,hard,0.0,25.0,1.5,3.5,0.0,0.0,long,all,1044,-67.39919957630161,0.8578609177116105,27.10727969348659,-70.90618925873791,-0.9103447413617927,15.718390804597702,32600.800423698383,-23.953080371165242
EURUSD,15min+4h_e35_hard_hm25_s2.0_t4.0_both,15min,4h,35.0,hard,0.0,25.0,2.0,4.0,0.0,0.0,both,all,1531,-77.41387320689051,0.8608883326410333,30.568256041802744,-79.43023856973754,-1.0331500849398843,22.826257348138473,22586.126793109488,-24.82154363946254
EURUSD,15min+4h_e35_hard_hm25_s2.0_t4.0_long,15min,4h,35.0,hard,0.0,25.0,2.0,4.0,0.0,0.0,long,all,859,-53.348142368867734,0.857992126451163,30.733410942956926,-57.78578742054956,-0.7203702863082367,24.335273573923168,46651.85763113226,-22.58093230491114
EURUSD,15min+4h_e35_neg_hm0_s1.5_t2.5_both,15min,4h,35.0,neg,10.0,0.0,1.5,2.5,0.0,0.0,both,all,1105,-80.08977769503042,0.6746594557559482,38.3710407239819,-80.59511102463381,-2.242802821354006,2.671493212669683,19910.22230496958,-25.4407469093967
EURUSD,15min+4h_e35_neg_hm0_s1.5_t2.5_long,15min,4h,35.0,neg,10.0,0.0,1.5,2.5,0.0,0.0,long,all,1397,-80.08363137080752,0.6932670828711743,38.010021474588406,-80.58912069778937,-2.061869308060411,1.9863994273443093,19916.368629192486,-25.39374237556594
EURUSD,15min+4h_e35_neg_hm0_s1.5_t3.5_both,15min,4h,35.0,neg,10.0,0.0,1.5,3.5,0.0,0.0,both,all,1087,-80.0405590499576,0.6728134145523824,37.99448022079117,-80.67387029751973,-2.1162931770281195,2.770009199632015,19959.4409500424,-25.446543637518136
EURUSD,15min+4h_e35_neg_hm0_s1.5_t3.5_long,15min,4h,35.0,neg,10.0,0.0,1.5,3.5,0.0,0.0,long,all,1384,-80.02364362395188,0.694925441896169,37.57225433526011,-80.65749159644402,-1.9289835265146973,2.10621387283237,19976.35637604811,-25.389931804075413
EURUSD,15min+4h_e35_neg_hm0_s2.0_t4.0_both,15min,4h,35.0,neg,10.0,0.0,2.0,4.0,0.0,0.0,both,all,2248,-80.1188645689623,0.7542097137327289,42.12633451957296,-80.5071789484369,-1.8116180070951593,3.163256227758007,19881.1354310377,-25.239517456364148
EURUSD,15min+4h_e35_neg_hm0_s2.0_t4.0_long,15min,4h,35.0,neg,10.0,0.0,2.0,4.0,0.0,0.0,long,all,1637,-80.06283944442023,0.6984738092175161,39.09590714722052,-80.45224809547439,-2.2448123133628797,2.469150885766646,19937.16055557977,-25.374418978551994
EURUSD,15min+4h_e35_neg_hm12_s1.5_t2.5_both,15min,4h,35.0,neg,10.0,12.0,1.5,2.5,0.0,0.0,both,all,1432,-80.0807862717767,0.7197841654288087,39.315642458100555,-80.47038359331678,-1.9758689767008042,2.59427374301676,19919.213728223298,-25.32258638103172
EURUSD,15min+4h_e35_neg_hm12_s1.5_t2.5_long,15min,4h,35.0,neg,10.0,12.0,1.5,2.5,0.0,0.0,long,all,1102,-80.08251916381353,0.6422400954268639,36.116152450090745,-80.4720825919427,-2.3514481864543515,2.0226860254083485,19917.480836186478,-25.51658383166309
EURUSD,15min+4h_e35_neg_hm12_s1.5_t3.5_both,15min,4h,35.0,neg,10.0,12.0,1.5,3.5,0.0,0.0,both,all,1386,-80.05594306579033,0.7136753604924355,38.888888888888886,-80.57341374324281,-1.8707040554735368,2.707792207792208,19944.05693420968,-25.340985871130236
EURUSD,15min+4h_e35_neg_hm12_s1.5_t3.5_long,15min,4h,35.0,neg,10.0,12.0,1.5,3.5,0.0,0.0,long,all,1090,-80.17087392482907,0.6459444134674074,35.77981651376147,-80.68536259367202,-2.2419335790154835,2.128440366972477,19829.126075170938,-25.519388427071526
EURUSD,15min+4h_e35_neg_hm12_s2.0_t4.0_both,15min,4h,35.0,neg,10.0,12.0,2.0,4.0,0.0,0.0,both,all,1637,-80.00127504156633,0.7172460710796684,40.25656689065364,-80.30404180626142,-2.1816503754673056,3.125229077580941,19998.72495843367,-25.31909749621394
EURUSD,15min+4h_e35_neg_hm12_s2.0_t4.0_long,15min,4h,35.0,neg,10.0,12.0,2.0,4.0,0.0,0.0,long,all,1385,-80.17746060344767,0.6478946761334008,38.12274368231047,-80.47756004146731,-2.513855333906161,2.4620938628158844,19822.53939655233,-25.506464135463098
EURUSD,15min+4h_e35_neg_hm25_s1.5_t2.5_both,15min,4h,35.0,neg,10.0,25.0,1.5,2.5,0.0,0.0,both,all,1224,-80.00817641187605,0.7035160461944997,38.48039215686274,-80.33591122479615,-2.157934407239972,2.5833333333333335,19991.82358812394,-25.35497338998064
EURUSD,15min+4h_e35_neg_hm25_s1.5_t2.5_long,15min,4h,35.0,neg,10.0,25.0,1.5,2.5,0.0,0.0,long,all,1012,-80.04177187630287,0.6067854632012784,36.16600790513834,-80.36895594390448,-2.5742337673779394,2.0217391304347827,19958.228123697132,-25.5994654548051
EURUSD,15min+4h_e35_neg_hm25_s1.5_t3.5_both,15min,4h,35.0,neg,10.0,25.0,1.5,3.5,0.0,0.0,both,all,1206,-80.12098244503032,0.7020814154964378,38.059701492537314,-80.57424994628374,-2.065392202604463,2.6791044776119404,19879.017554969683,-25.37260575691147
EURUSD,15min+4h_e35_neg_hm25_s1.5_t3.5_long,15min,4h,35.0,neg,10.0,25.0,1.5,3.5,0.0,0.0,long,all,990,-80.00133805336502,0.6026493974698496,36.16161616161616,-80.4573336026369,-2.5029941973753562,2.124242424242424,19998.661946634973,-25.611723372565454
EURUSD,15min+4h_e35_neg_hm25_s2.0_t4.0_both,15min,4h,35.0,neg,10.0,25.0,2.0,4.0,0.0,0.0,both,all,1415,-80.00899322879386,0.6905939957768115,39.85865724381625,-80.26386656621955,-2.446785680440306,3.0586572438162545,19991.006771206146,-25.384429402358506
EURUSD,15min+4h_e35_neg_hm25_s2.0_t4.0_long,15min,4h,35.0,neg,10.0,25.0,2.0,4.0,0.0,0.0,long,all,1154,-80.00069647217786,0.5864219099724672,37.34835355285962,-80.25567558827058,-2.866801527492044,2.4064124783362217,19999.30352782213,-25.64420010748677
EURUSD,30min+4h_e15_zero_hm0_s1.5_t2.5_both,30min,4h,15.0,zero,0.0,0.0,1.5,2.5,0.0,0.0,both,all,1764,-80.08356474428628,0.7676901357270485,41.439909297052154,-80.13613210331212,-1.8891367657653577,2.1320861678004537,19916.435255713724,-25.189562534586315
EURUSD,30min+4h_e15_zero_hm0_s1.5_t2.5_long,30min,4h,15.0,zero,0.0,0.0,1.5,2.5,0.0,0.0,long,all,1914,-80.09626521085413,0.7593378718840383,40.90909090909091,-80.14879904831966,-1.9138356486737467,1.815569487983281,19903.73478914586,-25.211457890656856
EURUSD,30min+4h_e15_zero_hm0_s1.5_t3.5_both,30min,4h,15.0,zero,0.0,0.0,1.5,3.5,0.0,0.0,both,all,1642,-80.05779419132695,0.76536782620656,41.10840438489647,-80.1104295690465,-1.8993594484982081,2.2058465286236295,19942.205808673058,-25.193309384898537
EURUSD,30min+4h_e15_zero_hm0_s1.5_t3.5_long,30min,4h,15.0,zero,0.0,0.0,1.5,3.5,0.0,0.0,long,all,1917,-79.83349432785587,0.7669686122557473,40.32342201356286,-79.886721721732,-1.7774165810903908,1.8988002086593636,20166.50567214413,-25.171387111344146
EURUSD,30min+4h_e15_zero_hm0_s2.0_t4.0_both,30min,4h,15.0,zero,0.0,0.0,2.0,4.0,0.0,0.0,both,all,2008,-80.06364656662035,0.7561341987135393,42.330677290836654,-80.10313757295896,-2.123852564557515,2.3774900398406373,19936.353433379656,-25.216335868799323
EURUSD,30min+4h_e15_zero_hm0_s2.0_t4.0_long,30min,4h,15.0,zero,0.0,0.0,2.0,4.0,0.0,0.0,long,all,1896,-70.85908418545735,0.7665109632794578,41.29746835443038,-71.28647500313923,-1.6846028544563798,2.1165611814345993,29140.915814542648,-24.46954495934522
EURUSD,30min+4h_e15_zero_hm12_s1.5_t2.5_both,30min,4h,15.0,zero,0.0,12.0,1.5,2.5,0.0,0.0,both,all,1408,-80.00241799661178,0.739056113989705,40.625,-80.1487556419207,-2.194874966385255,2.147727272727273,19997.58200338821,-25.258406660567037
EURUSD,30min+4h_e15_zero_hm12_s1.5_t2.5_long,30min,4h,15.0,zero,0.0,12.0,1.5,2.5,0.0,0.0,long,all,1352,-71.65438172714698,0.7213767823753302,40.532544378698226,-71.72919703789044,-1.7959410063812968,1.8505917159763314,28345.618272853022,-24.631901194663172
EURUSD,30min+4h_e15_zero_hm12_s1.5_t3.5_both,30min,4h,15.0,zero,0.0,12.0,1.5,3.5,0.0,0.0,both,all,1459,-80.04267700237106,0.7513542813017678,40.233036326250854,-80.55890718943782,-2.0611005876032458,2.20904729266621,19957.322997628937,-25.245677664417936
EURUSD,30min+4h_e15_zero_hm12_s1.5_t3.5_long,30min,4h,15.0,zero,0.0,12.0,1.5,3.5,0.0,0.0,long,all,1345,-68.37374716085037,0.7476862059215189,40.14869888475837,-68.45722136525956,-1.5216807232241958,1.9345724907063198,31626.252839149627,-24.304023226240602
EURUSD,30min+4h_e15_zero_hm12_s2.0_t4.0_both,30min,4h,15.0,zero,0.0,12.0,2.0,4.0,0.0,0.0,both,all,1577,-80.12949370174991,0.7238429538830177,40.456563094483194,-80.66900896955799,-2.4074442261928004,2.3849080532656943,19870.506298250093,-25.322332722144772
EURUSD,30min+4h_e15_zero_hm12_s2.0_t4.0_long,30min,4h,15.0,zero,0.0,12.0,2.0,4.0,0.0,0.0,long,all,1334,-61.211251364662836,0.7411929718338838,40.929535232383806,-61.339288884936934,-1.5312719522378198,2.1229385307346327,38788.748635337164,-23.749039180399283
EURUSD,30min+4h_e15_zero_hm25_s1.5_t2.5_both,30min,4h,15.0,zero,0.0,25.0,1.5,2.5,0.0,0.0,both,all,1329,-80.00762326328957,0.7141293986078883,40.63205417607224,-80.45226310568715,-2.270092574389138,2.146726862302483,19992.376736710426,-25.333071958239348
EURUSD,30min+4h_e15_zero_hm25_s1.5_t2.5_long,30min,4h,15.0,zero,0.0,25.0,1.5,2.5,0.0,0.0,long,all,965,-60.14352059161876,0.7184339772456915,41.24352331606217,-60.14352059161876,-1.6073671937458864,1.8984455958549222,39856.47940838124,-23.715396704215273
EURUSD,30min+4h_e15_zero_hm25_s1.5_t3.5_both,30min,4h,15.0,zero,0.0,25.0,1.5,3.5,0.0,0.0,both,all,1328,-80.19201976118968,0.7180925776343676,40.06024096385542,-80.74438195630363,-2.170103738928918,2.2093373493975905,19807.980238810316,-25.342224624613813
EURUSD,30min+4h_e15_zero_hm25_s1.5_t3.5_long,30min,4h,15.0,zero,0.0,25.0,1.5,3.5,0.0,0.0,long,all,960,-57.76777576457632,0.7385877239515783,40.729166666666664,-57.76777576457632,-1.3980439944209564,1.9708333333333334,42232.22423542367,-23.47495275128716
EURUSD,30min+4h_e15_zero_hm25_s2.0_t4.0_both,30min,4h,15.0,zero,0.0,25.0,2.0,4.0,0.0,0.0,both,all,1645,-76.20124137528907,0.7142295597430345,41.88449848024316,-76.81901321148518,-2.1557170886850514,2.3945288753799394,23798.75862471093,-25.035236284113385
EURUSD,30min+4h_e15_zero_hm25_s2.0_t4.0_long,30min,4h,15.0,zero,0.0,25.0,2.0,4.0,0.0,0.0,long,all,949,-49.122059093519695,0.7351023765007588,41.51738672286618,-49.926862844228324,-1.3686543739277033,2.1696522655426764,50877.940906480304,-22.824200936258023
EURUSD,30min+4h_e15_hard_hm0_s1.5_t2.5_both,30min,4h,15.0,hard,0.0,0.0,1.5,2.5,0.0,0.0,both,all,2062,-80.05909468923845,0.8779137106425411,34.86905916585839,-80.81378330117404,-1.0605687596433602,9.778370514064015,19940.90531076155,-24.94013084301015
EURUSD,30min+4h_e15_hard_hm0_s1.5_t2.5_long,30min,4h,15.0,hard,0.0,0.0,1.5,2.5,0.0,0.0,long,all,1243,-42.01190990430431,0.9257188067068675,36.283185840707965,-50.48714320992105,-0.4337617171307505,10.09251810136766,57988.09009569569,-21.236307683497973
EURUSD,30min+4h_e15_hard_hm0_s1.5_t3.5_both,30min,4h,15.0,hard,0.0,0.0,1.5,3.5,0.0,0.0,both,all,1513,-80.09771767628106,0.8586932377543979,27.627230667547916,-81.03000366052235,-1.0643045625937781,12.66226040978189,19902.28232371894,-24.99837575908614
EURUSD,30min+4h_e15_hard_hm0_s1.5_t3.5_long,30min,4h,15.0,hard,0.0,0.0,1.5,3.5,0.0,0.0,long,all,1100,-54.2563956376652,0.8941609888217094,28.636363636363637,-57.144638503190784,-0.5786535988655159,13.263636363636364,45743.604362334794,-22.28861929187824
EURUSD,30min+4h_e15_hard_hm0_s2.0_t4.0_both,30min,4h,15.0,hard,0.0,0.0,2.0,4.0,0.0,0.0,both,all,1802,-76.23374821595505,0.8562960126426126,31.35405105438402,-79.33489980955511,-0.9363813107680712,19.049389567147614,23766.25178404496,-24.686577855565982
EURUSD,30min+4h_e15_hard_hm0_s2.0_t4.0_long,30min,4h,15.0,hard,0.0,0.0,2.0,4.0,0.0,0.0,long,all,885,-48.75555255124365,0.8758616237849285,31.864406779661017,-55.431832965230875,-0.6246720479508523,20.943502824858758,51244.44744875634,-22.114849433122938
EURUSD,30min+4h_e15_hard_hm12_s1.5_t2.5_both,30min,4h,15.0,hard,0.0,12.0,1.5,2.5,0.0,0.0,both,all,1730,-66.67701208811302,0.8918447117384386,35.49132947976879,-71.61697251884931,-0.7646709405008503,10.019653179190751,33322.98791188698,-23.64915401568367
EURUSD,30min+4h_e15_hard_hm12_s1.5_t2.5_long,30min,4h,15.0,hard,0.0,12.0,1.5,2.5,0.0,0.0,long,all,931,-42.181919199317534,0.8978423462650845,35.660580021482275,-46.86225444379926,-0.5374046282831083,10.331901181525241,57818.080800682466,-21.323268022486623
EURUSD,30min+4h_e15_hard_hm12_s1.5_t3.5_both,30min,4h,15.0,hard,0.0,12.0,1.5,3.5,0.0,0.0,both,all,1124,-80.18991618127001,0.8194457582679464,26.245551601423486,-81.7671148972894,-1.2646829309466616,13.395907473309608,19810.08381872999,-25.12966684747251
EURUSD,30min+4h_e15_hard_hm12_s1.5_t3.5_long,30min,4h,15.0,hard,0.0,12.0,1.5,3.5,0.0,0.0,long,all,831,-59.36796368916959,0.8290761764030602,27.196149217809868,-63.36248600412895,-0.8302403903859101,13.73164861612515,40632.03631083041,-23.281888132303155
EURUSD,30min+4h_e15_hard_hm12_s2.0_t4.0_both,30min,4h,15.0,hard,0.0,12.0,2.0,4.0,0.0,0.0,both,all,1314,-69.14332745933164,0.8501594822122277,30.898021308980212,-75.30918233322983,-0.8919326265705253,20.568493150684933,30856.67254066836,-24.190600626027678
EURUSD,30min+4h_e15_hard_hm12_s2.0_t4.0_long,30min,4h,15.0,hard,0.0,12.0,2.0,4.0,0.0,0.0,long,all,675,-54.64057515881626,0.8085449057078888,30.074074074074073,-61.481891785987166,-0.8936781984320233,22.6,45359.42484118374,-23.16405371117045
EURUSD,30min+4h_e15_hard_hm25_s1.5_t2.5_both,30min,4h,15.0,hard,0.0,25.0,1.5,2.5,0.0,0.0,both,all,1291,-62.32378320794811,0.880088511817781,35.08907823392719,-64.9722363510587,-0.8164904836261213,10.261037955073586,37676.21679205189,-23.316355228255002
EURUSD,30min+4h_e15_hard_hm25_s1.5_t2.5_long,30min,4h,15.0,hard,0.0,25.0,1.5,2.5,0.0,0.0,long,all,709,-39.79159989376569,0.879002423901631,35.119887165021154,-42.77668272762715,-0.581578895051285,10.959097320169253,60208.4001062343,-21.177593587678565
EURUSD,30min+4h_e15_hard_hm25_s1.5_t3.5_both,30min,4h,15.0,hard,0.0,25.0,1.5,3.5,0.0,0.0,both,all,1191,-77.82502834922997,0.8358355587830181,26.700251889168765,-78.67143469928787,-1.1399632446490364,13.499580184718724,22174.971650770036,-24.87026962498317
EURUSD,30min+4h_e15_hard_hm25_s1.5_t3.5_long,30min,4h,15.0,hard,0.0,25.0,1.5,3.5,0.0,0.0,long,all,639,-56.268131792186,0.8104832625999263,26.447574334898277,-56.41675183656963,-0.8679092994355588,14.384976525821596,43731.86820781401,-22.98305113780375
EURUSD,30min+4h_e15_hard_hm25_s2.0_t4.0_both,30min,4h,15.0,hard,0.0,25.0,2.0,4.0,0.0,0.0,both,all,1027,-58.50802002336523,0.875020327584766,30.963972736124635,-64.09787293601585,-0.7478848110008139,20.713729308666018,41491.979976634764,-23.03851211591455
EURUSD,30min+4h_e15_hard_hm25_s2.0_t4.0_long,30min,4h,15.0,hard,0.0,25.0,2.0,4.0,0.0,0.0,long,all,538,-43.18443885279319,0.8374854339560139,30.297397769516728,-50.25361095740543,-0.6969797009115302,23.654275092936803,56815.561147206805,-21.889277958885206
EURUSD,30min+4h_e15_neg_hm0_s1.5_t2.5_both,30min,4h,15.0,neg,10.0,0.0,1.5,2.5,0.0,0.0,both,all,1797,-80.02375055673741,0.7910762808516854,40.40066777963272,-80.07647578908905,-1.7369604848847817,2.880912632164719,19976.249443262586,-25.126318351703844
EURUSD,30min+4h_e15_neg_hm0_s1.5_t2.5_long,30min,4h,15.0,neg,10.0,0.0,1.5,2.5,0.0,0.0,long,all,1764,-75.31274293188332,0.8035236304626986,40.249433106575964,-75.48475785583068,-1.5374652827444826,2.697278911564626,24687.257068116687,-24.723090955351815
EURUSD,30min+4h_e15_neg_hm0_s1.5_t3.5_both,30min,4h,15.0,neg,10.0,0.0,1.5,3.5,0.0,0.0,both,all,1682,-80.14672922122493,0.7885079583952561,39.6551724137931,-80.19912986418464,-1.7218592533867403,3.0196195005945303,19853.27077877507,-25.142564467428244
EURUSD,30min+4h_e15_neg_hm0_s1.5_t3.5_long,30min,4h,15.0,neg,10.0,0.0,1.5,3.5,0.0,0.0,long,all,1729,-76.4007563317522,0.792348999315595,39.27125506072875,-76.56519023761741,-1.4936448296103138,2.888374783111625,23599.24366824779,-24.837765364485797
EURUSD,30min+4h_e15_neg_hm0_s2.0_t4.0_both,30min,4h,15.0,neg,10.0,0.0,2.0,4.0,0.0,0.0,both,all,1920,-80.12430088712226,0.7807886095559406,41.614583333333336,-80.16367174610477,-1.9848340485268983,3.3484375,19875.69911287774,-25.15954738143923
EURUSD,30min+4h_e15_neg_hm0_s2.0_t4.0_long,30min,4h,15.0,neg,10.0,0.0,2.0,4.0,0.0,0.0,long,all,1673,-65.11885444305341,0.8034402565291714,41.06395696353855,-65.33031703252962,-1.3538354090901499,3.320382546323969,34881.14555694659,-23.90936621770039
EURUSD,30min+4h_e15_neg_hm12_s1.5_t2.5_both,30min,4h,15.0,neg,10.0,12.0,1.5,2.5,0.0,0.0,both,all,1412,-80.10092265033407,0.7556473883197341,39.58923512747875,-80.31301045654652,-2.00992259280036,2.9610481586402266,19899.077349665924,-25.22743885347589
EURUSD,30min+4h_e15_neg_hm12_s1.5_t2.5_long,30min,4h,15.0,neg,10.0,12.0,1.5,2.5,0.0,0.0,long,all,1246,-68.59385340621954,0.7498051364273597,39.807383627608345,-68.81268395118056,-1.554383322330688,2.8057784911717496,31406.14659378046,-24.321748653227605
EURUSD,30min+4h_e15_neg_hm12_s1.5_t3.5_both,30min,4h,15.0,neg,10.0,12.0,1.5,3.5,0.0,0.0,both,all,1335,-80.11186099284835,0.7524966104234917,38.72659176029963,-80.58703709856975,-1.9961261618853785,3.103370786516854,19888.139007151647,-25.246714397597994
EURUSD,30min+4h_e15_neg_hm12_s1.5_t3.5_long,30min,4h,15.0,neg,10.0,12.0,1.5,3.5,0.0,0.0,long,all,1226,-70.66082937912992,0.7334823737095152,38.825448613376835,-70.8652577280997,-1.5317720486518118,2.9853181076672106,29339.170620870078,-24.527337550015396
EURUSD,30min+4h_e15_neg_hm12_s2.0_t4.0_both,30min,4h,15.0,neg,10.0,12.0,2.0,4.0,0.0,0.0,both,all,1504,-80.01494735231509,0.739268193681639,39.62765957446808,-80.519696334111,-2.251312840488848,3.435505319148936,19985.052647684915,-25.273215263252947
EURUSD,30min+4h_e15_neg_hm12_s2.0_t4.0_long,30min,4h,15.0,neg,10.0,12.0,2.0,4.0,0.0,0.0,long,all,1190,-60.33448972708826,0.7504344847757396,40.50420168067227,-60.54209020446598,-1.4493793967712467,3.4,39665.51027291175,-23.65897698532282
EURUSD,30min+4h_e15_neg_hm25_s1.5_t2.5_both,30min,4h,15.0,neg,10.0,25.0,1.5,2.5,0.0,0.0,both,all,1374,-80.08766086494592,0.7370603846262321,39.956331877729255,-80.39308128437061,-2.030956764785807,3.008005822416303,19912.339135054073,-25.27657872440708
EURUSD,30min+4h_e15_neg_hm25_s1.5_t2.5_long,30min,4h,15.0,neg,10.0,25.0,1.5,2.5,0.0,0.0,long,all,896,-57.113508821029434,0.752389307574576,40.29017857142857,-57.29962848247856,-1.3433410983395206,2.931919642857143,42886.49117897057,-23.39555222320388
EURUSD,30min+4h_e15_neg_hm25_s1.5_t3.5_both,30min,4h,15.0,neg,10.0,25.0,1.5,3.5,0.0,0.0,both,all,1267,-80.12149750170427,0.7300562369933878,38.51617995264404,-80.58195638099184,-2.019620190237614,3.1033938437253354,19878.50249829572,-25.302997562824373
EURUSD,30min+4h_e15_neg_hm25_s1.5_t3.5_long,30min,4h,15.0,neg,10.0,25.0,1.5,3.5,0.0,0.0,long,all,885,-59.498674698485424,0.7382428125395719,39.2090395480226,-59.674443168838984,-1.3420445354218153,3.093785310734463,40501.325301514575,-23.621317683344046
EURUSD,30min+4h_e15_neg_hm25_s2.0_t4.0_both,30min,4h,15.0,neg,10.0,25.0,2.0,4.0,0.0,0.0,both,all,1540,-77.43547663635623,0.7230056727624621,40.97402597402598,-78.06770749197992,-2.0742448521756858,3.5214285714285714,22564.523363643777,-25.11261318322729
EURUSD,30min+4h_e15_neg_hm25_s2.0_t4.0_long,30min,4h,15.0,neg,10.0,25.0,2.0,4.0,0.0,0.0,long,all,860,-50.2188088305852,0.7394770515560938,40.46511627906977,-50.381064667939015,-1.326379839286506,3.5232558139534884,49781.1911694148,-22.875302311050735
EURUSD,30min+4h_e20_zero_hm0_s1.5_t2.5_both,30min,4h,20.0,zero,0.0,0.0,1.5,2.5,0.0,0.0,both,all,1909,-80.14682590968346,0.7885456467606591,41.43530644316396,-80.19122984859638,-1.8084524259333787,2.1498166579360922,19853.174090316537,-25.142158113429545
EURUSD,30min+4h_e20_zero_hm0_s1.5_t2.5_long,30min,4h,20.0,zero,0.0,0.0,1.5,2.5,0.0,0.0,long,all,1825,-77.3162494245265,0.7747688871168428,40.87671232876713,-77.4657506005686,-1.8303931378602347,1.7457534246575341,22683.75057547349,-24.954357783211698
EURUSD,30min+4h_e20_zero_hm0_s1.5_t3.5_both,30min,4h,20.0,zero,0.0,0.0,1.5,3.5,0.0,0.0,both,all,1897,-80.04885227387749,0.7884368004448441,41.22298365840801,-80.09347534225151,-1.7546474163158203,2.219820769636268,19951.14772612251,-25.13460110353305
EURUSD,30min+4h_e20_zero_hm0_s1.5_t3.5_long,30min,4h,20.0,zero,0.0,0.0,1.5,3.5,0.0,0.0,long,all,1817,-77.69472273036607,0.7717018146874677,40.451293340671434,-78.09624345048853,-1.7612523479275177,1.8299394606494221,22305.27726963393,-25.002384110515514
EURUSD,30min+4h_e20_zero_hm0_s2.0_t4.0_both,30min,4h,20.0,zero,0.0,0.0,2.0,4.0,0.0,0.0,both,all,2097,-80.04070235234413,0.7727997095775097,42.06008583690987,-80.24271747567204,-2.042320966952168,2.440629470672389,19959.297647655865,-25.179337519176872
EURUSD,30min+4h_e20_zero_hm0_s2.0_t4.0_long,30min,4h,20.0,zero,0.0,0.0,2.0,4.0,0.0,0.0,long,all,1793,-67.82054185543254,0.772917512520949,41.66201896263246,-68.75515262298629,-1.6483505767223205,2.030117122141662,32179.45814456746,-24.23073399783438
EURUSD,30min+4h_e20_zero_hm12_s1.5_t2.5_both,30min,4h,20.0,zero,0.0,12.0,1.5,2.5,0.0,0.0,both,all,1469,-80.11877296498201,0.7530155263773565,40.29952348536419,-80.53599013190242,-2.113655697093879,2.151803948264125,19881.22703501798,-25.24365170793199
EURUSD,30min+4h_e20_zero_hm12_s1.5_t2.5_long,30min,4h,20.0,zero,0.0,12.0,1.5,2.5,0.0,0.0,long,all,1276,-69.79372453481159,0.724064702561223,40.51724137931034,-69.86128439221481,-1.788201298886299,1.7797805642633229,30206.27546518841,-24.476038600678
EURUSD,30min+4h_e20_zero_hm12_s1.5_t3.5_both,30min,4h,20.0,zero,0.0,12.0,1.5,3.5,0.0,0.0,both,all,1469,-80.02446356556149,0.75868212965413,39.823008849557525,-80.80908328590836,-2.0135844260406457,2.2157930565010213,19975.536434438516,-25.236636549923467
EURUSD,30min+4h_e20_zero_hm12_s1.5_t3.5_long,30min,4h,20.0,zero,0.0,12.0,1.5,3.5,0.0,0.0,long,all,1273,-69.02619602382114,0.733267929160549,40.062843676355065,-69.09547254823995,-1.6462621752492639,1.8507462686567164,30973.803976178868,-24.391696919981072
EURUSD,30min+4h_e20_zero_hm12_s2.0_t4.0_both,30min,4h,20.0,zero,0.0,12.0,2.0,4.0,0.0,0.0,both,all,1747,-80.03008776561936,0.736690183975339,41.49971379507728,-80.8183145761594,-2.2881777846986266,2.373211219232971,19969.912234380652,-25.292210633732804
EURUSD,30min+4h_e20_zero_hm12_s2.0_t4.0_long,30min,4h,20.0,zero,0.0,12.0,2.0,4.0,0.0,0.0,long,all,1262,-60.94158570596995,0.7289772389538078,41.0459587955626,-61.87688738033032,-1.605524823440831,2.0213946117274166,39058.414294030044,-23.790295826067492
EURUSD,30min+4h_e20_zero_hm25_s1.5_t2.5_both,30min,4h,20.0,zero,0.0,25.0,1.5,2.5,0.0,0.0,both,all,1534,-79.83660357853353,0.7374188293176059,41.19947848761408,-80.28363362661321,-2.1095646541536115,2.1590612777053453,20163.396421466477,-25.261262414911855
EURUSD,30min+4h_e20_zero_hm25_s1.5_t2.5_long,30min,4h,20.0,zero,0.0,25.0,1.5,2.5,0.0,0.0,long,all,900,-56.12550970558128,0.7281649997556195,41.55555555555556,-56.12550970558128,-1.4921402435949753,1.8388888888888888,43874.49029441873,-23.369628277057455
EURUSD,30min+4h_e20_zero_hm25_s1.5_t3.5_both,30min,4h,20.0,zero,0.0,25.0,1.5,3.5,0.0,0.0,both,all,1519,-80.12590818937566,0.7329696599672972,40.816326530612244,-80.67872893101644,-2.0391655497415817,2.2231731402238313,19874.091810624333,-25.29976133489744
EURUSD,30min+4h_e20_zero_hm25_s1.5_t3.5_long,30min,4h,20.0,zero,0.0,25.0,1.5,3.5,0.0,0.0,long,all,898,-56.92109658954496,0.7246307047820802,40.97995545657015,-56.92109658954496,-1.432298840277365,1.9031180400890868,43078.90341045503,-23.442110965208396
EURUSD,30min+4h_e20_zero_hm25_s2.0_t4.0_both,30min,4h,20.0,zero,0.0,25.0,2.0,4.0,0.0,0.0,both,all,1519,-71.33528933369988,0.7275550180661459,42.19881500987492,-71.96821396638484,-1.9559395821724594,2.414746543778802,28664.71066630012,-24.613252586838023
EURUSD,30min+4h_e20_zero_hm25_s2.0_t4.0_long,30min,4h,20.0,zero,0.0,25.0,2.0,4.0,0.0,0.0,long,all,888,-46.99413693854735,0.7294995724308153,41.891891891891895,-49.348333324954254,-1.328608889035456,2.088963963963964,53005.863061452656,-22.729949879463028
EURUSD,30min+4h_e20_hard_hm0_s1.5_t2.5_both,30min,4h,20.0,hard,0.0,0.0,1.5,2.5,0.0,0.0,both,all,2023,-80.15053965571659,0.8752418962208693,34.84923381117153,-80.58346354165313,-1.0922572481716635,9.72318339100346,19849.460344283416,-24.941255387342615
EURUSD,30min+4h_e20_hard_hm0_s1.5_t2.5_long,30min,4h,20.0,hard,0.0,0.0,1.5,2.5,0.0,0.0,long,all,1234,-49.35050888650672,0.9062853161884543,35.81847649918963,-56.16342872351117,-0.5791427235393732,9.901134521880065,50649.491113493285,-22.02355829923864
EURUSD,30min+4h_e20_hard_hm0_s1.5_t3.5_both,30min,4h,20.0,hard,0.0,0.0,1.5,3.5,0.0,0.0,both,all,1735,-80.19567399025877,0.8660865456814605,28.12680115273775,-80.93269837402144,-0.9752345242317925,12.587319884726226,19804.32600974123,-24.942770316715247
EURUSD,30min+4h_e20_hard_hm0_s1.5_t3.5_long,30min,4h,20.0,hard,0.0,0.0,1.5,3.5,0.0,0.0,long,all,1101,-60.81260702376785,0.8757095208822383,28.15622161671208,-63.52235297831022,-0.7152060650719465,12.891916439600363,39187.39297623214,-23.056933695485448
EURUSD,30min+4h_e20_hard_hm0_s2.0_t4.0_both,30min,4h,20.0,hard,0.0,0.0,2.0,4.0,0.0,0.0,both,all,1547,-80.02342059041541,0.83526160528282,30.70458952811894,-80.57102850633584,-1.18064794191244,18.820297349709115,19976.579409584585,-25.035623950663002
EURUSD,30min+4h_e20_hard_hm0_s2.0_t4.0_long,30min,4h,20.0,hard,0.0,0.0,2.0,4.0,0.0,0.0,long,all,895,-61.42148128060321,0.833137822633068,30.837988826815643,-62.81993402353846,-0.9376168874216695,20.275977653631283,38578.51871939679,-23.4932373867155
EURUSD,30min+4h_e20_hard_hm12_s1.5_t2.5_both,30min,4h,20.0,hard,0.0,12.0,1.5,2.5,0.0,0.0,both,all,1664,-64.56998431969345,0.899986576547815,35.51682692307692,-68.34072547010746,-0.7371304693244607,10.123197115384615,35430.01568030654,-23.37215765420919
EURUSD,30min+4h_e20_hard_hm12_s1.5_t2.5_long,30min,4h,20.0,hard,0.0,12.0,1.5,2.5,0.0,0.0,long,all,907,-47.90993120740593,0.8784371639766874,35.170893054024255,-51.18697504132699,-0.6665250726730894,10.24696802646086,52090.068792594066,-21.967570949017233
EURUSD,30min+4h_e20_hard_hm12_s1.5_t3.5_both,30min,4h,20.0,hard,0.0,12.0,1.5,3.5,0.0,0.0,both,all,1345,-80.05859079727186,0.839316360526916,27.063197026022305,-81.4608536454371,-1.1173744296178398,13.349442379182156,19941.40920272813,-25.06248687639107
EURUSD,30min+4h_e20_hard_hm12_s1.5_t3.5_long,30min,4h,20.0,hard,0.0,12.0,1.5,3.5,0.0,0.0,long,all,832,-59.77428405227767,0.8297767349832675,27.16346153846154,-61.65777777105771,-0.8230295057337875,13.207932692307692,40225.71594772233,-23.217384894075927
EURUSD,30min+4h_e20_hard_hm12_s2.0_t4.0_both,30min,4h,20.0,hard,0.0,12.0,2.0,4.0,0.0,0.0,both,all,1306,-70.25247464138235,0.8480042075772707,30.857580398162327,-75.61779187448293,-0.9257112868520012,20.22970903522205,29747.525358617637,-24.303367071969436
EURUSD,30min+4h_e20_hard_hm12_s2.0_t4.0_long,30min,4h,20.0,hard,0.0,12.0,2.0,4.0,0.0,0.0,long,all,683,-56.83653096850387,0.8023900190749476,29.86822840409956,-63.02051993678681,-0.948040569703799,21.52415812591508,43163.46903149613,-23.410367843079957
EURUSD,30min+4h_e20_hard_hm25_s1.5_t2.5_both,30min,4h,20.0,hard,0.0,25.0,1.5,2.5,0.0,0.0,both,all,1232,-55.40970686661839,0.8980919964378837,35.47077922077922,-58.76995389939685,-0.6784789035810659,10.359577922077921,44590.2931333816,-22.5396747949175
EURUSD,30min+4h_e20_hard_hm25_s1.5_t2.5_long,30min,4h,20.0,hard,0.0,25.0,1.5,2.5,0.0,0.0,long,all,685,-38.04657845657458,0.8847879844357612,35.18248175182482,-41.72717595472781,-0.558653088158473,10.916788321167884,61953.42154342542,-21.016959847600404
EURUSD,30min+4h_e20_hard_hm25_s1.5_t3.5_both,30min,4h,20.0,hard,0.0,25.0,1.5,3.5,0.0,0.0,both,all,1156,-71.22492244591463,0.8595106758049249,27.335640138408305,-73.14527828898495,-0.9172275664780992,13.506920415224913,28775.077554085372,-24.20187268960082
EURUSD,30min+4h_e20_hard_hm25_s1.5_t3.5_long,30min,4h,20.0,hard,0.0,25.0,1.5,3.5,0.0,0.0,long,all,634,-50.865571389700804,0.8350453936249813,26.971608832807572,-51.01101967229387,-0.7091386927576422,14.017350157728707,49134.4286102992,-22.251158197553796
EURUSD,30min+4h_e20_hard_hm25_s2.0_t4.0_both,30min,4h,20.0,hard,0.0,25.0,2.0,4.0,0.0,0.0,both,all,1008,-53.88664658473202,0.8886687618003168,31.349206349206348,-59.15304775449071,-0.650984429123816,20.7609126984127,46113.35341526798,-22.47639251275384
EURUSD,30min+4h_e20_hard_hm25_s2.0_t4.0_long,30min,4h,20.0,hard,0.0,25.0,2.0,4.0,0.0,0.0,long,all,536,-40.23607798767317,0.8508384875888187,30.597014925373134,-46.10246663763061,-0.6225966685596528,23.257462686567163,59763.92201232683,-21.460340568879584
EURUSD,30min+4h_e20_neg_hm0_s1.5_t2.5_both,30min,4h,20.0,neg,10.0,0.0,1.5,2.5,0.0,0.0,both,all,1902,-80.11586543044092,0.802509416648249,40.7465825446898,-80.16033861607593,-1.709777220691812,2.885383806519453,19884.13456955909,-25.10477462024005
EURUSD,30min+4h_e20_neg_hm0_s1.5_t2.5_long,30min,4h,20.0,neg,10.0,0.0,1.5,2.5,0.0,0.0,long,all,1699,-71.69560549212153,0.8110908573327965,40.72984108298999,-72.06306290859195,-1.4398974191354834,2.529134785167746,28304.394507878467,-24.42261959269655
EURUSD,30min+4h_e20_neg_hm0_s1.5_t3.5_both,30min,4h,20.0,neg,10.0,0.0,1.5,3.5,0.0,0.0,both,all,1814,-80.03309839110939,0.7993521922525587,40.187431091510476,-80.07775669487926,-1.6640637770416984,2.990077177508269,19966.901608890614,-25.10605372280815
EURUSD,30min+4h_e20_neg_hm0_s1.5_t3.5_long,30min,4h,20.0,neg,10.0,0.0,1.5,3.5,0.0,0.0,long,all,1671,-74.9654861293764,0.7911162827995242,39.85637342908438,-75.45146681517673,-1.503951490351011,2.7091561938958706,25034.5138706236,-24.738887410783313
EURUSD,30min+4h_e20_neg_hm0_s2.0_t4.0_both,30min,4h,20.0,neg,10.0,0.0,2.0,4.0,0.0,0.0,both,all,2018,-80.0638871084603,0.7949162627787213,41.823587710604556,-80.4325880186454,-1.8845594387415168,3.3582755203171457,19936.112891539695,-25.132568348137426
EURUSD,30min+4h_e20_neg_hm0_s2.0_t4.0_long,30min,4h,20.0,neg,10.0,0.0,2.0,4.0,0.0,0.0,long,all,1617,-63.083978382461694,0.80718119500444,41.805813234384665,-64.07309353030752,-1.3337764905228686,3.116264687693259,36916.02161753831,-23.76832988899967
EURUSD,30min+4h_e20_neg_hm12_s1.5_t2.5_both,30min,4h,20.0,neg,10.0,12.0,1.5,2.5,0.0,0.0,both,all,1418,-80.1423566632156,0.7632103851399108,39.492242595204516,-80.65718965092243,-2.0007782102798637,2.9217207334273625,19857.6433367844,-25.223955889715743
EURUSD,30min+4h_e20_neg_hm12_s1.5_t2.5_long,30min,4h,20.0,neg,10.0,12.0,1.5,2.5,0.0,0.0,long,all,1190,-67.38943363398131,0.7488985863467108,40.08403361344538,-67.60357842862695,-1.5474802748878236,2.6142857142857143,32610.566366018687,-24.227474016637554
EURUSD,30min+4h_e20_neg_hm12_s1.5_t3.5_both,30min,4h,20.0,neg,10.0,12.0,1.5,3.5,0.0,0.0,both,all,1408,-80.0730041407246,0.7650580172523301,38.92045454545455,-80.99397196857781,-1.8902597147789386,3.0511363636363638,19926.995859275394,-25.230034001241272
EURUSD,30min+4h_e20_neg_hm12_s1.5_t3.5_long,30min,4h,20.0,neg,10.0,12.0,1.5,3.5,0.0,0.0,long,all,1176,-69.55819258284933,0.7333757493754114,39.285714285714285,-69.75809572236611,-1.539674818062637,2.7780612244897958,30441.80741715067,-24.43921215877009
EURUSD,30min+4h_e20_neg_hm12_s2.0_t4.0_both,30min,4h,20.0,neg,10.0,12.0,2.0,4.0,0.0,0.0,both,all,1771,-80.11640062361461,0.7589746522643247,41.67137210615471,-80.97792255753772,-2.0600826366102014,3.365330321852061,19883.599376385384,-25.246336296585284
EURUSD,30min+4h_e20_neg_hm12_s2.0_t4.0_long,30min,4h,20.0,neg,10.0,12.0,2.0,4.0,0.0,0.0,long,all,1145,-58.90777845636048,0.7514777359938258,41.222707423580786,-59.1109673829205,-1.4135947634723103,3.154585152838428,41092.22154363952,-23.542055493586673
EURUSD,30min+4h_e20_neg_hm25_s1.5_t2.5_both,30min,4h,20.0,neg,10.0,25.0,1.5,2.5,0.0,0.0,both,all,1473,-78.24498137170063,0.7640628216431266,40.6653088934148,-78.96910409394434,-1.8368236155781448,2.972844534962661,21755.01862829937,-25.07840636451798
EURUSD,30min+4h_e20_neg_hm25_s1.5_t2.5_long,30min,4h,20.0,neg,10.0,25.0,1.5,2.5,0.0,0.0,long,all,845,-51.87300999883249,0.7721152134007925,41.42011834319526,-52.08187248301668,-1.1804458560408606,2.757396449704142,48126.99000116751,-22.927907265771985
EURUSD,30min+4h_e20_neg_hm25_s1.5_t3.5_both,30min,4h,20.0,neg,10.0,25.0,1.5,3.5,0.0,0.0,both,all,1467,-79.73789140242069,0.7554396066752134,39.94546693933197,-80.56799146612916,-1.813505884202396,3.1029311520109064,20262.108597579318,-25.22363629805396
EURUSD,30min+4h_e20_neg_hm25_s1.5_t3.5_long,30min,4h,20.0,neg,10.0,25.0,1.5,3.5,0.0,0.0,long,all,839,-56.6045694257701,0.7431405616183161,40.405244338498214,-56.79289779269594,-1.2609426280106564,2.9129916567342073,43395.430574229904,-23.37804728469285
EURUSD,30min+4h_e20_neg_hm25_s2.0_t4.0_both,30min,4h,20.0,neg,10.0,25.0,2.0,4.0,0.0,0.0,both,all,1442,-72.83272320026046,0.7392534939020908,41.67822468793342,-73.83730010790823,-1.8514258380333999,3.4639389736477115,27167.276799739542,-24.71866719757152
EURUSD,30min+4h_e20_neg_hm25_s2.0_t4.0_long,30min,4h,20.0,neg,10.0,25.0,2.0,4.0,0.0,0.0,long,all,820,-47.63816113440797,0.743193278079078,41.829268292682926,-47.80882828420776,-1.2295310196216322,3.3,52361.83886559202,-22.659896381546936
EURUSD,30min+4h_e25_zero_hm0_s1.5_t2.5_both,30min,4h,25.0,zero,0.0,0.0,1.5,2.5,0.0,0.0,both,all,1959,-80.0134120207181,0.8122830008747616,41.70495150587034,-80.4363267983064,-1.6959060762666078,2.179683511995916,19986.587979281907,-25.087282050574075
EURUSD,30min+4h_e25_zero_hm0_s1.5_t2.5_long,30min,4h,25.0,zero,0.0,0.0,1.5,2.5,0.0,0.0,long,all,1691,-62.34401099950715,0.8401866382146458,42.460082791247785,-64.19778391485744,-1.153400478299083,1.6883500887049083,37655.98900049285,-23.66120520103797
EURUSD,30min+4h_e25_zero_hm0_s1.5_t3.5_both,30min,4h,25.0,zero,0.0,0.0,1.5,3.5,0.0,0.0,both,all,1943,-80.05598571670254,0.8127091383119277,41.37931034482759,-80.6618151050641,-1.6451122287640065,2.246525990735975,19944.014283297456,-25.096939187090847
EURUSD,30min+4h_e25_zero_hm0_s1.5_t3.5_long,30min,4h,25.0,zero,0.0,0.0,1.5,3.5,0.0,0.0,long,all,1681,-64.47517296517582,0.8318951670679962,41.93932183224271,-67.66332743061432,-1.1838552325055502,1.7745389649018442,35524.82703482418,-23.905802098161615
EURUSD,30min+4h_e25_zero_hm0_s2.0_t4.0_both,30min,4h,25.0,zero,0.0,0.0,2.0,4.0,0.0,0.0,both,all,2115,-80.00899683207379,0.7871040645482952,42.174940898345156,-80.84417880833018,-1.958944717640683,2.426950354609929,19991.003167926207,-25.166366864245422
EURUSD,30min+4h_e25_zero_hm0_s2.0_t4.0_long,30min,4h,25.0,zero,0.0,0.0,2.0,4.0,0.0,0.0,long,all,1656,-52.99222394881593,0.8321878709177375,43.11594202898551,-56.89508980441389,-1.077705855077781,1.9679951690821256,47007.77605118407,-23.015022872834848
EURUSD,30min+4h_e25_zero_hm12_s1.5_t2.5_both,30min,4h,25.0,zero,0.0,12.0,1.5,2.5,0.0,0.0,both,all,1442,-80.11251491504198,0.7688018138470988,40.98474341192788,-81.48245971908844,-2.1167636760363164,2.133148404993065,19887.48508495801,-25.24179445074747
EURUSD,30min+4h_e25_zero_hm12_s1.5_t2.5_long,30min,4h,25.0,zero,0.0,12.0,1.5,2.5,0.0,0.0,long,all,1167,-55.33994305044043,0.79094075343292,42.07369323050557,-59.365428945107226,-1.2021809769608267,1.7352185089974292,44660.05694955956,-23.310862996239607
EURUSD,30min+4h_e25_zero_hm12_s1.5_t3.5_both,30min,4h,25.0,zero,0.0,12.0,1.5,3.5,0.0,0.0,both,all,1586,-80.19597221043342,0.7831136803054972,40.85750315258512,-82.07937030599714,-1.9084327488729547,2.1834804539722574,19804.027789566575,-25.23322949989348
EURUSD,30min+4h_e25_zero_hm12_s1.5_t3.5_long,30min,4h,25.0,zero,0.0,12.0,1.5,3.5,0.0,0.0,long,all,1164,-54.589160679492956,0.799571604948723,41.580756013745706,-59.66645067062342,-1.1052449220398597,1.8084192439862543,45410.83932050705,-23.271295441632848
EURUSD,30min+4h_e25_zero_hm12_s2.0_t4.0_both,30min,4h,25.0,zero,0.0,12.0,2.0,4.0,0.0,0.0,both,all,1990,-77.49139817093156,0.767933401461059,42.462311557788944,-79.25469499688727,-1.9594628608384288,2.3829145728643217,22508.601829068448,-25.050010223060106
EURUSD,30min+4h_e25_zero_hm12_s2.0_t4.0_long,30min,4h,25.0,zero,0.0,12.0,2.0,4.0,0.0,0.0,long,all,1151,-45.62859748378566,0.7985296276303688,42.397914856646395,-52.31892935741384,-1.0587580428695196,1.9808861859252824,54371.40251621434,-22.62157700457206
EURUSD,30min+4h_e25_zero_hm25_s1.5_t2.5_both,30min,4h,25.0,zero,0.0,25.0,1.5,2.5,0.0,0.0,both,all,1398,-73.80580503473394,0.765768486787783,41.9170243204578,-75.64063127904897,-1.7897081362664526,2.1666666666666665,26194.19496526607,-24.76343623558186
EURUSD,30min+4h_e25_zero_hm25_s1.5_t2.5_long,30min,4h,25.0,zero,0.0,25.0,1.5,2.5,0.0,0.0,long,all,812,-40.78628579317003,0.802517293666211,43.34975369458128,-43.04441120751177,-0.9565891655113214,1.8029556650246306,59213.71420682997,-21.981818394128727
EURUSD,30min+4h_e25_zero_hm25_s1.5_t3.5_both,30min,4h,25.0,zero,0.0,25.0,1.5,3.5,0.0,0.0,both,all,1396,-73.35088120518087,0.7716433260070296,41.4756446991404,-75.59846166165346,-1.681423428287809,2.224212034383954,26649.11879481914,-24.7288653996558
EURUSD,30min+4h_e25_zero_hm25_s1.5_t3.5_long,30min,4h,25.0,zero,0.0,25.0,1.5,3.5,0.0,0.0,long,all,810,-40.624755738744646,0.8076101822475131,42.71604938271605,-44.858729952540834,-0.892297382540857,1.8679012345679011,59375.24426125536,-21.93876004584392
EURUSD,30min+4h_e25_zero_hm25_s2.0_t4.0_both,30min,4h,25.0,zero,0.0,25.0,2.0,4.0,0.0,0.0,both,all,1379,-62.20573593377712,0.7720109693027304,42.92965917331399,-65.33266094806322,-1.535493601144651,2.435097897026831,37794.26406622289,-23.871508452016787
EURUSD,30min+4h_e25_zero_hm25_s2.0_t4.0_long,30min,4h,25.0,zero,0.0,25.0,2.0,4.0,0.0,0.0,long,all,798,-30.005621851288645,0.8252683372715133,43.48370927318296,-38.5391558720985,-0.7534801593454741,2.0601503759398496,69994.37814871136,-21.008840504774913
EURUSD,30min+4h_e25_hard_hm0_s1.5_t2.5_both,30min,4h,25.0,hard,0.0,0.0,1.5,2.5,0.0,0.0,both,all,1786,-80.19899175897916,0.8736527863848392,34.546472564389695,-81.02053429877797,-1.1409656488714437,9.645576707726764,19801.00824102084,-24.964649076348188
EURUSD,30min+4h_e25_hard_hm0_s1.5_t2.5_long,30min,4h,25.0,hard,0.0,0.0,1.5,2.5,0.0,0.0,long,all,1187,-39.74149451331426,0.9303742118824757,36.310025273799496,-48.29956277837911,-0.3849615859608426,9.898904802021905,60258.50548668574,-20.97314914090281
EURUSD,30min+4h_e25_hard_hm0_s1.5_t3.5_both,30min,4h,25.0,hard,0.0,0.0,1.5,3.5,0.0,0.0,both,all,1536,-80.08832758765784,0.85998724094382,27.864583333333332,-80.85333633824294,-1.042972006907876,12.534505208333334,19911.672412342148,-24.987698454676483
EURUSD,30min+4h_e25_hard_hm0_s1.5_t3.5_long,30min,4h,25.0,hard,0.0,0.0,1.5,3.5,0.0,0.0,long,all,1071,-52.64335512224274,0.8975492825369414,28.66479925303455,-56.2071316481503,-0.5465275424054085,12.72829131652661,47356.64487775725,-22.12993757808148
EURUSD,30min+4h_e25_hard_hm0_s2.0_t4.0_both,30min,4h,25.0,hard,0.0,0.0,2.0,4.0,0.0,0.0,both,all,1538,-80.08667652064355,0.8404746286111704,30.689206762028608,-81.19657788339872,-1.1667272573469796,18.371261378413525,19913.323479356444,-25.050143604633764
EURUSD,30min+4h_e25_hard_hm0_s2.0_t4.0_long,30min,4h,25.0,hard,0.0,0.0,2.0,4.0,0.0,0.0,long,all,890,-57.17975385714795,0.8503504596045875,31.235955056179776,-60.85203480588361,-0.8081369298717176,19.68426966292135,42820.24614285204,-23.00760079231737
EURUSD,30min+4h_e25_hard_hm12_s1.5_t2.5_both,30min,4h,25.0,hard,0.0,12.0,1.5,2.5,0.0,0.0,both,all,1579,-71.26592178872414,0.8824512920501624,34.895503483217226,-76.59284444291467,-0.9225223063066913,9.929069031032299,28734.07821127586,-24.292005878600182
EURUSD,30min+4h_e25_hard_hm12_s1.5_t2.5_long,30min,4h,25.0,hard,0.0,12.0,1.5,2.5,0.0,0.0,long,all,858,-48.55940478391984,0.8734383336878763,34.96503496503497,-53.25396336217928,-0.6861734366580647,10.221445221445222,51440.59521608016,-22.118199046611373
EURUSD,30min+4h_e25_hard_hm12_s1.5_t3.5_both,30min,4h,25.0,hard,0.0,12.0,1.5,3.5,0.0,0.0,both,all,1015,-80.04794715061492,0.8093337744346706,25.8128078817734,-81.6151985425792,-1.3077139811401335,13.2935960591133,19952.052849385087,-25.14319139164109
EURUSD,30min+4h_e25_hard_hm12_s1.5_t3.5_long,30min,4h,25.0,hard,0.0,12.0,1.5,3.5,0.0,0.0,long,all,796,-62.444656644866846,0.8059761148607655,26.758793969849247,-66.1367102729564,-0.9178721125595449,13.154522613065327,37555.34335513315,-23.705122558400333
EURUSD,30min+4h_e25_hard_hm12_s2.0_t4.0_both,30min,4h,25.0,hard,0.0,12.0,2.0,4.0,0.0,0.0,both,all,1271,-69.13195237471027,0.8515007894900101,30.920535011801732,-77.25540288805989,-0.9062061413404493,19.774193548387096,30868.047625289728,-24.286051448796456
EURUSD,30min+4h_e25_hard_hm12_s2.0_t4.0_long,30min,4h,25.0,hard,0.0,12.0,2.0,4.0,0.0,0.0,long,all,674,-54.13994059570057,0.8142821059138381,30.118694362017806,-64.12954005759688,-0.8791206937553847,21.01780415430267,45860.05940429943,-23.21375500198038
EURUSD,30min+4h_e25_hard_hm25_s1.5_t2.5_both,30min,4h,25.0,hard,0.0,25.0,1.5,2.5,0.0,0.0,both,all,1164,-60.25068824075595,0.8805787068490172,34.965635738831615,-64.32728225616252,-0.8130608675621828,10.04639175257732,39749.31175924406,-23.20126335409747
EURUSD,30min+4h_e25_hard_hm25_s1.5_t2.5_long,30min,4h,25.0,hard,0.0,25.0,1.5,2.5,0.0,0.0,long,all,644,-32.001139096803456,0.9011555997626362,35.559006211180126,-39.165865756473394,-0.45374099468630497,10.576086956521738,67998.86090319655,-20.47440268675394
EURUSD,30min+4h_e25_hard_hm25_s1.5_t3.5_both,30min,4h,25.0,hard,0.0,25.0,1.5,3.5,0.0,0.0,both,all,1097,-70.52813741090311,0.8523368005498599,27.256153144940747,-73.95755651908063,-0.9309583085556103,13.003646308113035,29471.862589096883,-24.245023218658115
EURUSD,30min+4h_e25_hard_hm25_s1.5_t3.5_long,30min,4h,25.0,hard,0.0,25.0,1.5,3.5,0.0,0.0,long,all,601,-40.035145587924916,0.8712301815470436,27.78702163061564,-45.96017558810273,-0.5060506176625305,13.464226289517471,59964.85441207509,-21.220813319667293
EURUSD,30min+4h_e25_hard_hm25_s2.0_t4.0_both,30min,4h,25.0,hard,0.0,25.0,2.0,4.0,0.0,0.0,both,all,960,-49.617187445782044,0.8952813508226186,31.5625,-57.558440587901416,-0.585100838359159,20.325,50382.81255421796,-22.12647300182953
EURUSD,30min+4h_e25_hard_hm25_s2.0_t4.0_long,30min,4h,25.0,hard,0.0,25.0,2.0,4.0,0.0,0.0,long,all,515,-32.515338735116,0.8808131540788143,31.262135922330096,-41.83319805213469,-0.4699599903017396,22.423300970873786,67484.661264884,-20.6768485717456
EURUSD,30min+4h_e25_neg_hm0_s1.5_t2.5_both,30min,4h,25.0,neg,10.0,0.0,1.5,2.5,0.0,0.0,both,all,1911,-80.0394890460407,0.8230586620579112,41.13029827315542,-80.82091052032169,-1.5981613989785075,2.8451072736787024,19960.510953959303,-25.076769327509716
EURUSD,30min+4h_e25_neg_hm0_s1.5_t2.5_long,30min,4h,25.0,neg,10.0,0.0,1.5,2.5,0.0,0.0,long,all,1606,-58.088557945329974,0.8647681902806709,42.092154420921545,-61.19876878068874,-0.9501165745608695,2.3374844333748444,41911.44205467002,-23.234747455180376
EURUSD,30min+4h_e25_neg_hm0_s1.5_t3.5_both,30min,4h,25.0,neg,10.0,0.0,1.5,3.5,0.0,0.0,both,all,1861,-80.02328628556019,0.8184139578707896,40.46211714132187,-81.02764258984519,-1.5769628741013255,2.9774314884470714,19976.713714439815,-25.09600226033924
EURUSD,30min+4h_e25_neg_hm0_s1.5_t3.5_long,30min,4h,25.0,neg,10.0,0.0,1.5,3.5,0.0,0.0,long,all,1579,-66.11326484649015,0.8311350861590329,40.975300823305886,-68.85467504868636,-1.1763839993121004,2.507283090563648,33886.73515350985,-24.020879880409478
EURUSD,30min+4h_e25_neg_hm0_s2.0_t4.0_both,30min,4h,25.0,neg,10.0,0.0,2.0,4.0,0.0,0.0,both,all,1966,-80.08109737585902,0.7980751326006142,41.607324516785354,-81.19361836881836,-1.860371453301973,3.2843336724313326,19918.902624140992,-25.15580079828556
EURUSD,30min+4h_e25_neg_hm0_s2.0_t4.0_long,30min,4h,25.0,neg,10.0,0.0,2.0,4.0,0.0,0.0,long,all,1533,-55.32457812141674,0.831491327239986,42.6614481409002,-59.7193643080441,-1.0927645172477964,2.863666014350946,44675.421878583256,-23.22302937907847
EURUSD,30min+4h_e25_neg_hm12_s1.5_t2.5_both,30min,4h,25.0,neg,10.0,12.0,1.5,2.5,0.0,0.0,both,all,1400,-80.11012269815208,0.7798344892113042,40.0,-81.66652324761577,-1.9844668770569223,2.8064285714285715,19889.877301847926,-25.221479614802455
EURUSD,30min+4h_e25_neg_hm12_s1.5_t2.5_long,30min,4h,25.0,neg,10.0,12.0,1.5,2.5,0.0,0.0,long,all,1109,-56.626882071070625,0.7955884639295941,41.11812443642921,-59.40804659863071,-1.1667613508824153,2.4391343552750224,43373.11792892938,-23.352425986964068
EURUSD,30min+4h_e25_neg_hm12_s1.5_t3.5_both,30min,4h,25.0,neg,10.0,12.0,1.5,3.5,0.0,0.0,both,all,1379,-80.12092166239576,0.7792858522863697,39.30384336475707,-82.2313345790525,-1.8921227134962575,2.924583031182016,19879.078337604242,-25.245875618942005
EURUSD,30min+4h_e25_neg_hm12_s1.5_t3.5_long,30min,4h,25.0,neg,10.0,12.0,1.5,3.5,0.0,0.0,long,all,1098,-61.327864869359495,0.7687709278293225,40.16393442622951,-63.666516253346096,-1.2588186285631506,2.588342440801457,38672.135130640505,-23.777847925334918
EURUSD,30min+4h_e25_neg_hm12_s2.0_t4.0_both,30min,4h,25.0,neg,10.0,12.0,2.0,4.0,0.0,0.0,both,all,1675,-80.01378056522083,0.756839424046123,41.19402985074627,-81.7687271557253,-2.0860315288602878,3.280597014925373,19986.219434779174,-25.27920174872254
EURUSD,30min+4h_e25_neg_hm12_s2.0_t4.0_long,30min,4h,25.0,neg,10.0,12.0,2.0,4.0,0.0,0.0,long,all,1072,-52.49922457777284,0.7671421760379472,41.6044776119403,-56.026649840636885,-1.239467940876797,2.908582089552239,47500.77542222716,-23.123179536641523
EURUSD,30min+4h_e25_neg_hm25_s1.5_t2.5_both,30min,4h,25.0,neg,10.0,25.0,1.5,2.5,0.0,0.0,both,all,1358,-74.90852511625754,0.7781676742776955,40.79528718703976,-76.89554531829178,-1.7153403047069653,2.881443298969072,25091.474883742463,-24.826743631687734
EURUSD,30min+4h_e25_neg_hm25_s1.5_t2.5_long,30min,4h,25.0,neg,10.0,25.0,1.5,2.5,0.0,0.0,long,all,775,-40.831472125327565,0.8167841097749914,42.70967741935484,-42.72820477791255,-0.8794581810423621,2.5612903225806454,59168.527874672436,-21.819614073255668
EURUSD,30min+4h_e25_neg_hm25_s1.5_t3.5_both,30min,4h,25.0,neg,10.0,25.0,1.5,3.5,0.0,0.0,both,all,1353,-75.62056015329644,0.7778904502494033,39.98521803399852,-77.94453775878968,-1.642027608824325,3.0051736881005175,24379.439846703568,-24.897877790859937
EURUSD,30min+4h_e25_neg_hm25_s1.5_t3.5_long,30min,4h,25.0,neg,10.0,25.0,1.5,3.5,0.0,0.0,long,all,770,-45.835695005616216,0.7912527993932825,41.55844155844156,-48.785883504505314,-0.9608340082565585,2.7025974025974024,54164.30499438378,-22.447982154306494
EURUSD,30min+4h_e25_neg_hm25_s2.0_t4.0_both,30min,4h,25.0,neg,10.0,25.0,2.0,4.0,0.0,0.0,both,all,1325,-67.65921505661444,0.7618103219975686,41.660377358490564,-70.3631024152887,-1.6481206401593183,3.3532075471698115,32340.78494338556,-24.316366893882204
EURUSD,30min+4h_e25_neg_hm25_s2.0_t4.0_long,30min,4h,25.0,neg,10.0,25.0,2.0,4.0,0.0,0.0,long,all,750,-37.249834222213266,0.7910660854424103,42.666666666666664,-41.93107123959558,-0.9280379487217032,3.042666666666667,62750.16577778674,-21.781627927948882
EURUSD,30min+4h_e35_zero_hm0_s1.5_t2.5_both,30min,4h,35.0,zero,0.0,0.0,1.5,2.5,0.0,0.0,both,all,2021,-80.167499089812,0.8369587592749848,41.90994557149926,-80.7887006479516,-1.723071285518918,2.1444829292429493,19832.500910188002,-25.045851091323083
EURUSD,30min+4h_e35_zero_hm0_s1.5_t2.5_long,30min,4h,35.0,zero,0.0,0.0,1.5,2.5,0.0,0.0,long,all,1464,-51.923671916137614,0.865025030894559,42.89617486338798,-57.30313400671465,-0.9814151219411543,1.5710382513661203,48076.32808386238,-22.878632342589427
EURUSD,30min+4h_e35_zero_hm0_s1.5_t3.5_both,30min,4h,35.0,zero,0.0,0.0,1.5,3.5,0.0,0.0,both,all,1986,-80.17185544247644,0.8360243975150227,41.49043303121853,-81.01661937504218,-1.6741996567858979,2.2089627391742197,19828.144557523563,-25.05747799891319
EURUSD,30min+4h_e35_zero_hm0_s1.5_t3.5_long,30min,4h,35.0,zero,0.0,0.0,1.5,3.5,0.0,0.0,long,all,1454,-55.518840651152544,0.8534364174968235,42.36588720770289,-62.00994200677024,-1.0558114831601317,1.6506189821182944,44481.159348847454,-23.267560262574854
EURUSD,30min+4h_e35_zero_hm0_s2.0_t4.0_both,30min,4h,35.0,zero,0.0,0.0,2.0,4.0,0.0,0.0,both,all,2548,-80.01865929625438,0.8168575353201799,43.445839874411305,-81.20594271311604,-1.8537672974112511,2.4187598116169546,19981.34070374561,-25.10684024207437
EURUSD,30min+4h_e35_zero_hm0_s2.0_t4.0_long,30min,4h,35.0,zero,0.0,0.0,2.0,4.0,0.0,0.0,long,all,1432,-42.744008749317516,0.859915836017417,43.78491620111732,-50.07456046326693,-0.9185796337983657,1.8268156424581006,57255.99125068248,-22.140822629157384
EURUSD,30min+4h_e35_zero_hm12_s1.5_t2.5_both,30min,4h,35.0,zero,0.0,12.0,1.5,2.5,0.0,0.0,both,all,1682,-77.98875499897638,0.7955931624542983,41.85493460166469,-79.19006816064768,-1.842312795811765,2.109393579072533,22011.245001023624,-24.998170020249216
EURUSD,30min+4h_e35_zero_hm12_s1.5_t2.5_long,30min,4h,35.0,zero,0.0,12.0,1.5,2.5,0.0,0.0,long,all,984,-46.37773867945012,0.8093798294417947,42.3780487804878,-50.95364053832696,-1.0518024813396156,1.608739837398374,53622.26132054988,-22.569805595106597
EURUSD,30min+4h_e35_zero_hm12_s1.5_t3.5_both,30min,4h,35.0,zero,0.0,12.0,1.5,3.5,0.0,0.0,both,all,1674,-78.57306979564346,0.795140642473101,41.39784946236559,-80.09875639779985,-1.800221391244928,2.1684587813620073,21426.93020435653,-25.059021441554982
EURUSD,30min+4h_e35_zero_hm12_s1.5_t3.5_long,30min,4h,35.0,zero,0.0,12.0,1.5,3.5,0.0,0.0,long,all,976,-46.890214325820544,0.8093089747881399,41.80327868852459,-52.25195145580391,-1.0152609062526465,1.6782786885245902,53109.78567417945,-22.64241419429463
EURUSD,30min+4h_e35_zero_hm12_s2.0_t4.0_both,30min,4h,35.0,zero,0.0,12.0,2.0,4.0,0.0,0.0,both,all,1658,-71.55672145151182,0.7719970800716655,42.882991556091675,-73.308942972034,-1.8444860733942117,2.371531966224367,28443.278548488175,-24.56463387676267
EURUSD,30min+4h_e35_zero_hm12_s2.0_t4.0_long,30min,4h,35.0,zero,0.0,12.0,2.0,4.0,0.0,0.0,long,all,967,-37.75745901533053,0.8136543403005423,42.916235780765255,-45.17349116839695,-0.9510960814319573,1.8335056876938987,62242.540984669475,-21.90974627874568
EURUSD,30min+4h_e35_zero_hm25_s1.5_t2.5_both,30min,4h,35.0,zero,0.0,25.0,1.5,2.5,0.0,0.0,both,all,1170,-66.03090851556411,0.775726187642831,42.05128205128205,-68.1012344903429,-1.5343489899062153,2.123931623931624,33969.0914844359,-24.125970251129203
EURUSD,30min+4h_e35_zero_hm25_s1.5_t2.5_long,30min,4h,35.0,zero,0.0,25.0,1.5,2.5,0.0,0.0,long,all,684,-35.97079819536068,0.7973331775552889,43.12865497076023,-41.47763723361938,-0.8891909135353246,1.6374269005847952,64029.20180463933,-21.638390843573966
EURUSD,30min+4h_e35_zero_hm25_s1.5_t3.5_both,30min,4h,35.0,zero,0.0,25.0,1.5,3.5,0.0,0.0,both,all,1166,-67.2950235296848,0.7703560513818181,41.42367066895369,-69.63057757524336,-1.5076655370040277,2.192109777015437,32704.976470315203,-24.25113391574258
EURUSD,30min+4h_e35_zero_hm25_s1.5_t3.5_long,30min,4h,35.0,zero,0.0,25.0,1.5,3.5,0.0,0.0,long,all,680,-36.61343095231098,0.7958587089746583,42.35294117647059,-42.95372983128091,-0.8461555787817788,1.7161764705882352,63386.56904768902,-21.6622730270797
EURUSD,30min+4h_e35_zero_hm25_s2.0_t4.0_both,30min,4h,35.0,zero,0.0,25.0,2.0,4.0,0.0,0.0,both,all,1155,-57.23001833156679,0.766499687098766,42.857142857142854,-61.51894014810551,-1.4370831901466377,2.406926406926407,42769.98166843321,-23.533709121439976
EURUSD,30min+4h_e35_zero_hm25_s2.0_t4.0_long,30min,4h,35.0,zero,0.0,25.0,2.0,4.0,0.0,0.0,long,all,674,-26.38123436556883,0.8208672498529774,43.323442136498514,-35.74299994498216,-0.7032240238494598,1.8753709198813056,73618.76563443117,-20.687637283563785
EURUSD,30min+4h_e35_hard_hm0_s1.5_t2.5_both,30min,4h,35.0,hard,0.0,0.0,1.5,2.5,0.0,0.0,both,all,1616,-80.07075822492102,0.8493120474143094,34.34405940594059,-80.28860515067285,-1.2367841225253737,9.715965346534654,19929.24177507898,-24.991094416487982
EURUSD,30min+4h_e35_hard_hm0_s1.5_t2.5_long,30min,4h,35.0,hard,0.0,0.0,1.5,2.5,0.0,0.0,long,all,1116,-42.82204571220345,0.9157903584763828,36.02150537634409,-52.52331641100311,-0.4779297713167882,9.82347670250896,57177.95428779655,-21.44123324571249
EURUSD,30min+4h_e35_hard_hm0_s1.5_t3.5_both,30min,4h,35.0,hard,0.0,0.0,1.5,3.5,0.0,0.0,both,all,1423,-80.07265372680521,0.8422717675423315,27.687983134223472,-80.07372153749105,-1.121417471271613,12.756148981026001,19927.346273194787,-25.000175591716022
EURUSD,30min+4h_e35_hard_hm0_s1.5_t3.5_long,30min,4h,35.0,hard,0.0,0.0,1.5,3.5,0.0,0.0,long,all,1006,-51.28758421477286,0.8914813764507832,28.52882703777336,-55.57397784250765,-0.5619526944110962,13.201789264413518,48712.41578522714,-22.088688082780905
EURUSD,30min+4h_e35_hard_hm0_s2.0_t4.0_both,30min,4h,35.0,hard,0.0,0.0,2.0,4.0,0.0,0.0,both,all,1647,-73.3828577342128,0.866651901951724,31.754705525197327,-76.52140448820815,-0.9028112244254766,18.593806921675775,26617.1422657872,-24.383757570655742
EURUSD,30min+4h_e35_hard_hm0_s2.0_t4.0_long,30min,4h,35.0,hard,0.0,0.0,2.0,4.0,0.0,0.0,long,all,861,-47.417087368657704,0.8887196428675361,31.823461091753774,-52.274569669729885,-0.6024012408804092,19.48664343786295,52582.9126313423,-21.869469035687278
EURUSD,30min+4h_e35_hard_hm12_s1.5_t2.5_both,30min,4h,35.0,hard,0.0,12.0,1.5,2.5,0.0,0.0,both,all,1404,-64.51139555200041,0.8820133533700136,35.18518518518518,-70.42015077899937,-0.8070049673753031,10.223646723646723,35488.6044479996,-23.60273592087791
EURUSD,30min+4h_e35_hard_hm12_s1.5_t2.5_long,30min,4h,35.0,hard,0.0,12.0,1.5,2.5,0.0,0.0,long,all,780,-42.96971409683383,0.8763396363658553,35.256410256410255,-53.89089714885098,-0.6017180355420853,10.447435897435897,57030.28590316617,-21.78615241222588
EURUSD,30min+4h_e35_hard_hm12_s1.5_t3.5_both,30min,4h,35.0,hard,0.0,12.0,1.5,3.5,0.0,0.0,both,all,1009,-80.18426358588138,0.8019386953161125,25.867195242814667,-82.0167165631059,-1.3738980024383016,13.251734390485629,19815.73641411862,-25.183192467669212
EURUSD,30min+4h_e35_hard_hm12_s1.5_t3.5_long,30min,4h,35.0,hard,0.0,12.0,1.5,3.5,0.0,0.0,long,all,724,-60.91348069159146,0.7954207528054348,26.65745856353591,-67.46931199994242,-0.9489068928603714,13.787292817679559,39086.51930840855,-23.770120164938326
EURUSD,30min+4h_e35_hard_hm12_s2.0_t4.0_both,30min,4h,35.0,hard,0.0,12.0,2.0,4.0,0.0,0.0,both,all,1180,-65.04910089600078,0.860122651119507,31.10169491525424,-71.85487438191691,-0.8475347214623641,19.59406779661017,34950.899103999225,-23.797154465511486
EURUSD,30min+4h_e35_hard_hm12_s2.0_t4.0_long,30min,4h,35.0,hard,0.0,12.0,2.0,4.0,0.0,0.0,long,all,636,-40.30387020345388,0.8715303729290828,31.28930817610063,-52.11730533621488,-0.5685483924069581,20.52672955974843,59696.12979654612,-21.570843677874482
EURUSD,30min+4h_e35_hard_hm25_s1.5_t2.5_both,30min,4h,35.0,hard,0.0,25.0,1.5,2.5,0.0,0.0,both,all,1023,-58.79661676113677,0.8609763904573339,34.79960899315738,-62.647117013110446,-0.8374275031754895,10.340175953079179,41203.383238863236,-23.16144962958979
EURUSD,30min+4h_e35_hard_hm25_s1.5_t2.5_long,30min,4h,35.0,hard,0.0,25.0,1.5,2.5,0.0,0.0,long,all,576,-29.984122321503648,0.8912810459785593,35.59027777777778,-41.44121528485641,-0.4364436417273332,10.868055555555555,70015.87767849636,-20.483476351899004
EURUSD,30min+4h_e35_hard_hm25_s1.5_t3.5_both,30min,4h,35.0,hard,0.0,25.0,1.5,3.5,0.0,0.0,both,all,974,-67.89275627359808,0.8450425911009645,27.207392197125255,-71.36888221381685,-0.9423687603446114,13.503080082135524,32107.24372640193,-24.071412202261104
EURUSD,30min+4h_e35_hard_hm25_s1.5_t3.5_long,30min,4h,35.0,hard,0.0,25.0,1.5,3.5,0.0,0.0,long,all,538,-39.08382183900674,0.858324269581344,27.695167286245354,-46.18043428048715,-0.5407453090379184,14.128252788104088,60916.178160993266,-21.275877534383273
EURUSD,30min+4h_e35_hard_hm25_s2.0_t4.0_both,30min,4h,35.0,hard,0.0,25.0,2.0,4.0,0.0,0.0,both,all,891,-43.77380424443237,0.9118744665156081,31.874298540965206,-50.320944771657096,-0.5087623278456375,19.949494949494948,56226.195755567634,-21.447247286123016
EURUSD,30min+4h_e35_hard_hm25_s2.0_t4.0_long,30min,4h,35.0,hard,0.0,25.0,2.0,4.0,0.0,0.0,long,all,485,-18.78915010155443,0.9357292626720718,32.371134020618555,-27.255045046289116,-0.22863080165774913,21.32783505154639,81210.84989844557,-19.045390851720185
EURUSD,30min+4h_e35_neg_hm0_s1.5_t2.5_both,30min,4h,35.0,neg,10.0,0.0,1.5,2.5,0.0,0.0,both,all,1903,-80.02607545403431,0.8401385003710568,40.72517078297425,-80.90051389627152,-1.686641312814957,2.6815554387808724,19973.924545965685,-25.03671732308459
EURUSD,30min+4h_e35_neg_hm0_s1.5_t2.5_long,30min,4h,35.0,neg,10.0,0.0,1.5,2.5,0.0,0.0,long,all,1423,-51.285788732243965,0.8755596138472225,42.44553759662684,-56.90414299440232,-0.9277654039847133,1.9859451862262825,48714.21126775603,-22.730346340424866
EURUSD,30min+4h_e35_neg_hm0_s1.5_t3.5_both,30min,4h,35.0,neg,10.0,0.0,1.5,3.5,0.0,0.0,both,all,1864,-80.02008869445719,0.8448672181582945,40.02145922746781,-81.23612555220996,-1.6058160545100026,2.7843347639484977,19979.911305542817,-25.03808052447095
EURUSD,30min+4h_e35_neg_hm0_s1.5_t3.5_long,30min,4h,35.0,neg,10.0,0.0,1.5,3.5,0.0,0.0,long,all,1404,-54.72210281943344,0.8646576825186236,41.59544159544159,-61.95548521091403,-0.9783647097738729,2.118233618233618,45277.89718056656,-23.173006379578148
EURUSD,30min+4h_e35_neg_hm0_s2.0_t4.0_both,30min,4h,35.0,neg,10.0,0.0,2.0,4.0,0.0,0.0,both,all,2118,-80.04172369522573,0.8131230503154072,42.06798866855524,-81.38561208317358,-1.844047392430384,3.0901794145420207,19958.276304774274,-25.124285805347455
EURUSD,30min+4h_e35_neg_hm0_s2.0_t4.0_long,30min,4h,35.0,neg,10.0,0.0,2.0,4.0,0.0,0.0,long,all,1368,-48.84649070517918,0.843383285547902,43.12865497076023,-55.376940999645626,-1.0616990585575574,2.432017543859649,51153.50929482082,-22.760479054323238
EURUSD,30min+4h_e35_neg_hm12_s1.5_t2.5_both,30min,4h,35.0,neg,10.0,12.0,1.5,2.5,0.0,0.0,both,all,1545,-80.06821926276557,0.7839637329848977,40.45307443365696,-81.19393917975603,-1.9540486527676737,2.6388349514563108,19931.78073723443,-25.19057700523862
EURUSD,30min+4h_e35_neg_hm12_s1.5_t2.5_long,30min,4h,35.0,neg,10.0,12.0,1.5,2.5,0.0,0.0,long,all,961,-51.04079456988955,0.7939264846067714,41.20707596253902,-53.651125839258064,-1.155572475526209,2.0593132154006244,48959.20543011045,-22.902860604848975
EURUSD,30min+4h_e35_neg_hm12_s1.5_t3.5_both,30min,4h,35.0,neg,10.0,12.0,1.5,3.5,0.0,0.0,both,all,1533,-80.04138454015592,0.7860308641882371,39.726027397260275,-81.6162197794886,-1.8582351972282705,2.7469015003261577,19958.615459844073,-25.20122701231519
EURUSD,30min+4h_e35_neg_hm12_s1.5_t3.5_long,30min,4h,35.0,neg,10.0,12.0,1.5,3.5,0.0,0.0,long,all,950,-53.68767144124757,0.7790718191127943,40.31578947368421,-57.486103516866216,-1.1866346149177311,2.174736842105263,46312.32855875242,-23.199271450542565
EURUSD,30min+4h_e35_neg_hm12_s2.0_t4.0_both,30min,4h,35.0,neg,10.0,12.0,2.0,4.0,0.0,0.0,both,all,1624,-76.40080693081728,0.7568377586184731,41.50246305418719,-77.95356440774825,-1.9679212374447759,3.0535714285714284,23599.193069182722,-24.98208045699644
EURUSD,30min+4h_e35_neg_hm12_s2.0_t4.0_long,30min,4h,35.0,neg,10.0,12.0,2.0,4.0,0.0,0.0,long,all,936,-46.39495275206246,0.7711198548105342,41.666666666666664,-51.15753038036076,-1.2024904874047317,2.4348290598290596,53605.047247937546,-22.674299688270594
EURUSD,30min+4h_e35_neg_hm25_s1.5_t2.5_both,30min,4h,35.0,neg,10.0,25.0,1.5,2.5,0.0,0.0,both,all,1153,-69.72267178693168,0.7704588974403243,40.24284475281873,-71.55983681628109,-1.6002668885176095,2.686036426712923,30277.328213068322,-24.4251531005277
EURUSD,30min+4h_e35_neg_hm25_s1.5_t2.5_long,30min,4h,35.0,neg,10.0,25.0,1.5,2.5,0.0,0.0,long,all,668,-37.14128638992502,0.8018739875151455,42.06586826347306,-40.94816501707798,-0.8739404986517665,2.106287425149701,62858.71361007498,-21.629803835469907
EURUSD,30min+4h_e35_neg_hm25_s1.5_t3.5_both,30min,4h,35.0,neg,10.0,25.0,1.5,3.5,0.0,0.0,both,all,1148,-70.07476725064247,0.7719967263747098,39.37282229965157,-72.37875299765646,-1.5175218237057813,2.8048780487804876,29925.232749357532,-24.468148993995182
EURUSD,30min+4h_e35_neg_hm25_s1.5_t3.5_long,30min,4h,35.0,neg,10.0,25.0,1.5,3.5,0.0,0.0,long,all,663,-38.90040122629519,0.792341422958301,41.02564102564103,-43.55626217919999,-0.86521845080679,2.2277526395173455,61099.598773704805,-21.81524065503424
EURUSD,30min+4h_e35_neg_hm25_s2.0_t4.0_both,30min,4h,35.0,neg,10.0,25.0,2.0,4.0,0.0,0.0,both,all,1133,-63.045576088428824,0.7536820832995497,40.953221535745804,-66.51163142162912,-1.5684297134051826,3.12180052956752,36954.423911571175,-23.998083092153443
EURUSD,30min+4h_e35_neg_hm25_s2.0_t4.0_long,30min,4h,35.0,neg,10.0,25.0,2.0,4.0,0.0,0.0,long,all,654,-31.423888144458488,0.7981017458816577,42.04892966360856,-38.125281103529765,-0.821466900648486,2.4862385321100917,68576.11185554152,-21.218912756188114
EURUSD,1h+1d_e15_zero_hm0_s1.5_t2.5_both,1h,1d,15.0,zero,0.0,0.0,1.5,2.5,0.0,0.0,both,all,1654,-67.00153535019348,0.8154386316208685,44.316807738814994,-69.37503653915141,-1.293690829387758,2.2690447400241838,32998.46464980653,-24.116466296521626
EURUSD,1h+1d_e15_zero_hm0_s1.5_t2.5_long,1h,1d,15.0,zero,0.0,0.0,1.5,2.5,0.0,0.0,long,all,935,-49.04275059699994,0.7982884412145367,43.850267379679146,-52.23509280409303,-1.0538627104138814,1.7262032085561498,50957.24940300006,-22.755392633007375
EURUSD,1h+1d_e15_zero_hm0_s1.5_t3.5_both,1h,1d,15.0,zero,0.0,0.0,1.5,3.5,0.0,0.0,both,all,1643,-65.40463708681268,0.8224965081539884,43.944004869141814,-69.31369544931837,-1.1649816608332897,2.3524041387705417,34595.36291318731,-24.032492031060272
EURUSD,1h+1d_e15_zero_hm0_s1.5_t3.5_long,1h,1d,15.0,zero,0.0,0.0,1.5,3.5,0.0,0.0,long,all,928,-45.9708017581806,0.8164970233235129,43.42672413793103,-51.40096921688701,-0.8905905324574419,1.8265086206896552,54029.198241819395,-22.389514079380085
EURUSD,1h+1d_e15_zero_hm0_s2.0_t4.0_both,1h,1d,15.0,zero,0.0,0.0,2.0,4.0,0.0,0.0,both,all,1626,-53.78188234792991,0.8356296146310106,45.94095940959409,-59.47988928197705,-1.0627797719740812,2.5694956949569496,46218.11765207009,-23.141396828618753
EURUSD,1h+1d_e15_zero_hm0_s2.0_t4.0_long,1h,1d,15.0,zero,0.0,0.0,2.0,4.0,0.0,0.0,long,all,916,-31.222463299036274,0.8584399977824055,45.52401746724891,-39.636977314777425,-0.6697328098654173,2.0316593886462884,68777.53670096373,-20.89287684489466
EURUSD,1h+1d_e15_zero_hm12_s1.5_t2.5_both,1h,1d,15.0,zero,0.0,12.0,1.5,2.5,0.0,0.0,both,all,1233,-59.14864829234811,0.8083247446892196,43.876723438767236,-59.97133707799326,-1.1787987331422416,2.2627737226277373,40851.351707651884,-23.443987553090608
EURUSD,1h+1d_e15_zero_hm12_s1.5_t2.5_long,1h,1d,15.0,zero,0.0,12.0,1.5,2.5,0.0,0.0,long,all,720,-45.066641917878755,0.7785219816169705,43.47222222222222,-46.443552125948614,-1.0561115570966708,1.6930555555555555,54933.358082121245,-22.41410280771067
EURUSD,1h+1d_e15_zero_hm12_s1.5_t3.5_both,1h,1d,15.0,zero,0.0,12.0,1.5,3.5,0.0,0.0,both,all,1222,-58.82613904280576,0.8062049538266659,43.53518821603928,-60.56458080531309,-1.116134828399265,2.3494271685761046,41173.860957194236,-23.46011640935809
EURUSD,1h+1d_e15_zero_hm12_s1.5_t3.5_long,1h,1d,15.0,zero,0.0,12.0,1.5,3.5,0.0,0.0,long,all,713,-42.04145322379668,0.7956149439217389,43.19775596072931,-44.228023995088485,-0.902147951331467,1.7924263674614305,57958.54677620332,-22.01496365594826
EURUSD,1h+1d_e15_zero_hm12_s2.0_t4.0_both,1h,1d,15.0,zero,0.0,12.0,2.0,4.0,0.0,0.0,both,all,1209,-45.44314249624091,0.8315060226648898,45.57485525227461,-49.2946450458502,-0.9550257510138463,2.5905707196029777,54556.85750375909,-22.34328507154219
EURUSD,1h+1d_e15_zero_hm12_s2.0_t4.0_long,1h,1d,15.0,zero,0.0,12.0,2.0,4.0,0.0,0.0,long,all,704,-26.35465602183602,0.8516603401544878,45.45454545454545,-31.70893764688302,-0.6240982431422823,2.0099431818181817,73645.34397816398,-20.329540261075966
EURUSD,1h+1d_e15_zero_hm25_s1.5_t2.5_both,1h,1d,15.0,zero,0.0,25.0,1.5,2.5,0.0,0.0,both,all,881,-53.12806879175276,0.7779585032144553,43.70034052213394,-53.609827822598824,-1.2192042756156996,2.2156640181611804,46871.931208247246,-23.024619606537925
EURUSD,1h+1d_e15_zero_hm25_s1.5_t2.5_long,1h,1d,15.0,zero,0.0,25.0,1.5,2.5,0.0,0.0,long,all,549,-44.82934871348881,0.7270735012369112,42.4408014571949,-47.04675422111099,-1.2026053458838704,1.6648451730418943,55170.65128651118,-22.557360364291714
EURUSD,1h+1d_e15_zero_hm25_s1.5_t3.5_both,1h,1d,15.0,zero,0.0,25.0,1.5,3.5,0.0,0.0,both,all,873,-54.75295128319293,0.7656507703563613,43.184421534937,-55.79958757078918,-1.2375449486738808,2.284077892325315,45247.048716807076,-23.20797462826838
EURUSD,1h+1d_e15_zero_hm25_s1.5_t3.5_long,1h,1d,15.0,zero,0.0,25.0,1.5,3.5,0.0,0.0,long,all,544,-42.69700380596849,0.7431436256493613,42.095588235294116,-45.714388686698136,-1.066167198801953,1.7518382352941178,57302.996194031504,-22.37859663558326
EURUSD,1h+1d_e15_zero_hm25_s2.0_t4.0_both,1h,1d,15.0,zero,0.0,25.0,2.0,4.0,0.0,0.0,both,all,864,-43.9858802278272,0.7836429622037033,45.138888888888886,-46.476115372269454,-1.132168180901257,2.517361111111111,56014.119772172795,-22.35937241849461
EURUSD,1h+1d_e15_zero_hm25_s2.0_t4.0_long,1h,1d,15.0,zero,0.0,25.0,2.0,4.0,0.0,0.0,long,all,538,-30.724484358822224,0.7836097597335686,44.237918215613384,-35.390672934321266,-0.8725138872549818,1.9721189591078068,69275.51564117777,-21.194352723274292
EURUSD,1h+1d_e15_hard_hm0_s1.5_t2.5_both,1h,1d,15.0,hard,0.0,0.0,1.5,2.5,0.0,0.0,both,all,1096,-33.012283851102154,0.9408412650057628,36.67883211678832,-37.6003296918024,-0.30941218298304585,9.360401459854014,66987.71614889785,-20.136519653676345
EURUSD,1h+1d_e15_hard_hm0_s1.5_t2.5_long,1h,1d,15.0,hard,0.0,0.0,1.5,2.5,0.0,0.0,long,all,592,-35.135797412597704,0.8820727925078943,34.96621621621622,-36.585097044663996,-0.5237024058515206,8.280405405405405,64864.202587402295,-20.649207405798013
EURUSD,1h+1d_e15_hard_hm0_s1.5_t3.5_both,1h,1d,15.0,hard,0.0,0.0,1.5,3.5,0.0,0.0,both,all,946,-49.50793264228673,0.8870058926622612,28.752642706131077,-52.342013917555555,-0.5358244245048375,12.44186046511628,50492.06735771327,-21.860219767495295
EURUSD,1h+1d_e15_hard_hm0_s1.5_t3.5_long,1h,1d,15.0,hard,0.0,0.0,1.5,3.5,0.0,0.0,long,all,505,-46.22558896957022,0.8206695681420936,26.534653465346533,-46.22558896957022,-0.693009631631925,11.138613861386139,53774.41103042978,-21.885887644658272
EURUSD,1h+1d_e15_hard_hm0_s2.0_t4.0_both,1h,1d,15.0,hard,0.0,0.0,2.0,4.0,0.0,0.0,both,all,760,-11.574953644516473,0.9707900303595633,33.81578947368421,-43.68951333464251,-0.05076984818414961,18.39078947368421,88425.04635548353,-19.059758375543677
EURUSD,1h+1d_e15_hard_hm0_s2.0_t4.0_long,1h,1d,15.0,hard,0.0,0.0,2.0,4.0,0.0,0.0,long,all,403,-21.397515728839743,0.9018738571240237,31.5136476426799,-35.90675890461837,-0.29707034653557174,16.612903225806452,78602.48427116025,-19.683091862331622
EURUSD,1h+1d_e15_hard_hm12_s1.5_t2.5_both,1h,1d,15.0,hard,0.0,12.0,1.5,2.5,0.0,0.0,both,all,832,-28.36455364690037,0.9351222120055752,36.53846153846154,-34.00912373548229,-0.28859321686650735,9.525240384615385,71635.44635309963,-19.79003139058113
EURUSD,1h+1d_e15_hard_hm12_s1.5_t2.5_long,1h,1d,15.0,hard,0.0,12.0,1.5,2.5,0.0,0.0,long,all,465,-34.33893953053898,0.8583359612977322,34.40860215053763,-34.719663185394154,-0.570318054363931,8.311827956989248,65661.06046946102,-20.67198128693889
EURUSD,1h+1d_e15_hard_hm12_s1.5_t3.5_both,1h,1d,15.0,hard,0.0,12.0,1.5,3.5,0.0,0.0,both,all,726,-43.68193548472854,0.8801351536693203,28.37465564738292,-48.08129914192947,-0.5054120328537115,12.570247933884298,56318.06451527146,-21.428309550173587
EURUSD,1h+1d_e15_hard_hm12_s1.5_t3.5_long,1h,1d,15.0,hard,0.0,12.0,1.5,3.5,0.0,0.0,long,all,397,-45.78384383964323,0.7847985023138974,25.692695214105793,-46.104351289726274,-0.7728546905124791,11.065491183879093,54216.15616035676,-22.078813585158755
EURUSD,1h+1d_e15_hard_hm12_s2.0_t4.0_both,1h,1d,15.0,hard,0.0,12.0,2.0,4.0,0.0,0.0,both,all,600,1.343033896677226,1.0039488155353433,34.333333333333336,-34.84789871529623,0.09205081557442142,18.665,101343.03389667723,-17.89224633054477
EURUSD,1h+1d_e15_hard_hm12_s2.0_t4.0_long,1h,1d,15.0,hard,0.0,12.0,2.0,4.0,0.0,0.0,long,all,323,-10.568511902328614,0.9444217856526981,32.5077399380805,-28.168718120882406,-0.12379975173852693,16.65015479876161,89431.48809767139,-18.728134364404486
EURUSD,1h+1d_e15_hard_hm25_s1.5_t2.5_both,1h,1d,15.0,hard,0.0,25.0,1.5,2.5,0.0,0.0,both,all,604,-43.975853163046764,0.8468996055997675,34.271523178807946,-48.48815982731621,-0.7108746326503351,9.437086092715232,56024.14683695324,-21.847623454590604
EURUSD,1h+1d_e15_hard_hm25_s1.5_t2.5_long,1h,1d,15.0,hard,0.0,25.0,1.5,2.5,0.0,0.0,long,all,360,-41.42621368015242,0.7741213755022143,32.22222222222222,-44.060501208826366,-0.866492476920419,8.155555555555555,58573.786319847575,-22.063903872184245
EURUSD,1h+1d_e15_hard_hm25_s1.5_t3.5_both,1h,1d,15.0,hard,0.0,25.0,1.5,3.5,0.0,0.0,both,all,546,-48.83477219956923,0.8234422026143429,26.73992673992674,-51.84253945572264,-0.7251825251071014,12.08058608058608,51165.22780043077,-22.25626074733647
EURUSD,1h+1d_e15_hard_hm25_s1.5_t3.5_long,1h,1d,15.0,hard,0.0,25.0,1.5,3.5,0.0,0.0,long,all,320,-48.63461051798098,0.7198037056868145,24.0625,-50.95030129357645,-0.957303997922088,10.6625,51365.38948201902,-22.979843205128393
EURUSD,1h+1d_e15_hard_hm25_s2.0_t4.0_both,1h,1d,15.0,hard,0.0,25.0,2.0,4.0,0.0,0.0,both,all,454,-22.10455833061711,0.9085671062541396,31.938325991189426,-35.269003285081304,-0.28730673798999423,17.544052863436125,77895.4416693829,-19.654484805977578
EURUSD,1h+1d_e15_hard_hm25_s2.0_t4.0_long,1h,1d,15.0,hard,0.0,25.0,2.0,4.0,0.0,0.0,long,all,263,-20.160220386984296,0.8694435856792052,30.79847908745247,-25.072233050097857,-0.3607057595451525,15.216730038022813,79839.77961301571,-19.650747812603
EURUSD,1h+1d_e15_neg_hm0_s1.5_t2.5_both,1h,1d,15.0,neg,10.0,0.0,1.5,2.5,0.0,0.0,both,all,1559,-62.42445701241217,0.8440761419114219,43.61770365618987,-65.48341019510787,-1.0656750938228552,3.119948685054522,37575.542987587825,-23.706124333522247
EURUSD,1h+1d_e15_neg_hm0_s1.5_t2.5_long,1h,1d,15.0,neg,10.0,0.0,1.5,2.5,0.0,0.0,long,all,855,-45.041064374508736,0.8179437323576261,43.27485380116959,-48.70276064206015,-0.8881013723840374,2.5157894736842104,54958.93562549127,-22.237045728344746
EURUSD,1h+1d_e15_neg_hm0_s1.5_t3.5_both,1h,1d,15.0,neg,10.0,0.0,1.5,3.5,0.0,0.0,both,all,1535,-62.4119802553873,0.8433341508470759,42.99674267100977,-66.72379278448982,-1.0016973462608647,3.2697068403908793,37588.0197446127,-23.757095544477394
EURUSD,1h+1d_e15_neg_hm0_s1.5_t3.5_long,1h,1d,15.0,neg,10.0,0.0,1.5,3.5,0.0,0.0,long,all,835,-45.64697134174958,0.8150395566300211,42.395209580838326,-51.57186908539879,-0.8408298766095756,2.7137724550898206,54353.02865825042,-22.312399540425247
EURUSD,1h+1d_e15_neg_hm0_s2.0_t4.0_both,1h,1d,15.0,neg,10.0,0.0,2.0,4.0,0.0,0.0,both,all,1489,-50.786388050348066,0.8506537108848571,45.33243787777032,-55.796328069181136,-0.9148363944255665,3.6447280053727336,49213.61194965194,-22.708928959207377
EURUSD,1h+1d_e15_neg_hm0_s2.0_t4.0_long,1h,1d,15.0,neg,10.0,0.0,2.0,4.0,0.0,0.0,long,all,798,-29.8266308399712,0.858581091015737,45.11278195488722,-37.85983933993331,-0.6060248136659986,3.080200501253133,70173.3691600288,-20.670043300155836
EURUSD,1h+1d_e15_neg_hm12_s1.5_t2.5_both,1h,1d,15.0,neg,10.0,12.0,1.5,2.5,0.0,0.0,both,all,1164,-53.64090131173243,0.844228875383901,43.12714776632303,-54.81501299166667,-0.9355497708347904,3.102233676975945,46359.09868826757,-22.830989039928397
EURUSD,1h+1d_e15_neg_hm12_s1.5_t2.5_long,1h,1d,15.0,neg,10.0,12.0,1.5,2.5,0.0,0.0,long,all,660,-41.62618543843688,0.8014152959742414,42.72727272727273,-43.81736723056528,-0.8889415967743065,2.5106060606060607,58373.81456156312,-21.947616261985942
EURUSD,1h+1d_e15_neg_hm12_s1.5_t3.5_both,1h,1d,15.0,neg,10.0,12.0,1.5,3.5,0.0,0.0,both,all,1143,-54.78566958781891,0.8350549498939718,42.51968503937008,-56.95316490154774,-0.9231587995284031,3.254593175853018,45214.330412181094,-22.96665420413234
EURUSD,1h+1d_e15_neg_hm12_s1.5_t3.5_long,1h,1d,15.0,neg,10.0,12.0,1.5,3.5,0.0,0.0,long,all,643,-42.04759595039739,0.7953247723844226,41.990668740279936,-44.95054629724711,-0.8521131273623191,2.704510108864697,57952.404049602614,-21.969783449988203
EURUSD,1h+1d_e15_neg_hm12_s2.0_t4.0_both,1h,1d,15.0,neg,10.0,12.0,2.0,4.0,0.0,0.0,both,all,1107,-42.20996181455965,0.849669558507467,44.986449864498645,-45.00438465182247,-0.8054549139518006,3.6513098464317975,57790.03818544035,-21.77258233331432
EURUSD,1h+1d_e15_neg_hm12_s2.0_t4.0_long,1h,1d,15.0,neg,10.0,12.0,2.0,4.0,0.0,0.0,long,all,612,-25.821895541156227,0.8486402939364587,44.77124183006536,-31.278392903774233,-0.5852208394064037,3.0800653594771243,74178.10445884378,-20.240242062065676
EURUSD,1h+1d_e15_neg_hm25_s1.5_t2.5_both,1h,1d,15.0,neg,10.0,25.0,1.5,2.5,0.0,0.0,both,all,827,-52.34613732009868,0.7901737308383525,42.07980652962515,-53.010638978027735,-1.1189867256431,3.0967351874244256,47653.86267990133,-22.938836724829173
EURUSD,1h+1d_e15_neg_hm25_s1.5_t2.5_long,1h,1d,15.0,neg,10.0,25.0,1.5,2.5,0.0,0.0,long,all,501,-45.138770548282736,0.7266178850643583,40.91816367265469,-47.34373984816309,-1.1493882825656003,2.528942115768463,54861.22945171726,-22.582755703196938
EURUSD,1h+1d_e15_neg_hm25_s1.5_t3.5_both,1h,1d,15.0,neg,10.0,25.0,1.5,3.5,0.0,0.0,both,all,812,-55.66449927782915,0.7663072933023632,41.25615763546798,-56.85047931659175,-1.1895777240759229,3.230295566502463,44335.50072217086,-23.284830910520927
EURUSD,1h+1d_e15_neg_hm25_s1.5_t3.5_long,1h,1d,15.0,neg,10.0,25.0,1.5,3.5,0.0,0.0,long,all,489,-46.33943696061953,0.7133943358709218,40.081799591002046,-49.16502344580459,-1.1363467068829087,2.7116564417177913,53660.56303938047,-22.73669257657966
EURUSD,1h+1d_e15_neg_hm25_s2.0_t4.0_both,1h,1d,15.0,neg,10.0,25.0,2.0,4.0,0.0,0.0,both,all,785,-44.232571120879996,0.7821299312903612,43.56687898089172,-45.628196097221775,-1.0763776562529381,3.6305732484076434,55767.42887912,-22.33910586049817
EURUSD,1h+1d_e15_neg_hm25_s2.0_t4.0_long,1h,1d,15.0,neg,10.0,25.0,2.0,4.0,0.0,0.0,long,all,465,-31.85608722593226,0.7644201409499688,42.795698924731184,-34.89272293030253,-0.8791762769819129,3.1010752688172043,68143.91277406774,-21.277666469347338
EURUSD,1h+1d_e20_zero_hm0_s1.5_t2.5_both,1h,1d,20.0,zero,0.0,0.0,1.5,2.5,0.0,0.0,both,all,1533,-66.25502592595956,0.8081191833730259,43.509458577951726,-69.49741024688699,-1.330044797965587,2.279191128506197,33744.974074040445,-24.109799488481297
EURUSD,1h+1d_e20_zero_hm0_s1.5_t2.5_long,1h,1d,20.0,zero,0.0,0.0,1.5,2.5,0.0,0.0,long,all,888,-48.53734645758514,0.7997890236647329,43.24324324324324,-52.12668167557714,-1.0680288064602859,1.6463963963963963,51462.65354241486,-22.72708856616466
EURUSD,1h+1d_e20_zero_hm0_s1.5_t3.5_both,1h,1d,20.0,zero,0.0,0.0,1.5,3.5,0.0,0.0,both,all,1525,-65.4604730863104,0.8117033357949618,43.01639344262295,-69.51870421078164,-1.2256358139048473,2.3593442622950818,34539.526913689595,-24.069908752396277
EURUSD,1h+1d_e20_zero_hm0_s1.5_t3.5_long,1h,1d,20.0,zero,0.0,0.0,1.5,3.5,0.0,0.0,long,all,883,-45.81545442011253,0.8169006970605792,42.695356738391844,-51.21180873872092,-0.9118066241297016,1.738391845979615,54184.54557988746,-22.406548719896442
EURUSD,1h+1d_e20_zero_hm0_s2.0_t4.0_both,1h,1d,20.0,zero,0.0,0.0,2.0,4.0,0.0,0.0,both,all,1502,-52.84936581580839,0.8315880331238324,45.339547270306255,-58.6838949045483,-1.0780574228817141,2.5938748335552595,47150.634184191615,-23.082360346004688
EURUSD,1h+1d_e20_zero_hm0_s2.0_t4.0_long,1h,1d,20.0,zero,0.0,0.0,2.0,4.0,0.0,0.0,long,all,867,-31.4506313464737,0.8568395363786003,44.982698961937714,-39.81770574348826,-0.6879847236357426,1.95040369088812,68549.3686535263,-20.94061172810559
EURUSD,1h+1d_e20_zero_hm12_s1.5_t2.5_both,1h,1d,20.0,zero,0.0,12.0,1.5,2.5,0.0,0.0,both,all,1143,-55.383691136808054,0.8153247082852662,43.56955380577428,-56.743351312012976,-1.1153433637366252,2.2685914260717412,44616.308863191945,-23.146769927239674
EURUSD,1h+1d_e20_zero_hm12_s1.5_t2.5_long,1h,1d,20.0,zero,0.0,12.0,1.5,2.5,0.0,0.0,long,all,682,-42.08330103153678,0.7894818589321011,43.401759530791786,-43.35228074696729,-1.002568113736927,1.6187683284457477,57916.69896846322,-22.14371862380991
EURUSD,1h+1d_e20_zero_hm12_s1.5_t3.5_both,1h,1d,20.0,zero,0.0,12.0,1.5,3.5,0.0,0.0,both,all,1135,-55.955505629101076,0.8088686390605844,43.08370044052864,-58.04315130704447,-1.0869185808617818,2.348898678414097,44044.49437089892,-23.237774679794363
EURUSD,1h+1d_e20_zero_hm12_s1.5_t3.5_long,1h,1d,20.0,zero,0.0,12.0,1.5,3.5,0.0,0.0,long,all,677,-39.31996057290191,0.8058185356738847,42.9837518463811,-42.45184710383051,-0.8625390386482662,1.706056129985229,60680.03942709808,-21.750134525856986
EURUSD,1h+1d_e20_zero_hm12_s2.0_t4.0_both,1h,1d,20.0,zero,0.0,12.0,2.0,4.0,0.0,0.0,both,all,1116,-41.92193356858489,0.838572605807678,45.51971326164875,-46.23283382689986,-0.8988939237213458,2.609318996415771,58078.066431415114,-21.978100066882213
EURUSD,1h+1d_e20_zero_hm12_s2.0_t4.0_long,1h,1d,20.0,zero,0.0,12.0,2.0,4.0,0.0,0.0,long,all,664,-24.371003301227702,0.8587430935292927,45.48192771084337,-30.72773988765932,-0.590998669765362,1.9292168674698795,75628.9966987723,-20.143589998380293
EURUSD,1h+1d_e20_zero_hm25_s1.5_t2.5_both,1h,1d,20.0,zero,0.0,25.0,1.5,2.5,0.0,0.0,both,all,820,-48.45011695769057,0.7887706195729481,43.292682926829265,-49.40615761939443,-1.1246206335588622,2.2243902439024392,51549.883042309426,-22.64232443415103
EURUSD,1h+1d_e20_zero_hm25_s1.5_t2.5_long,1h,1d,20.0,zero,0.0,25.0,1.5,2.5,0.0,0.0,long,all,520,-41.32718782262425,0.7396207909477897,42.5,-43.99452315475906,-1.127734782166329,1.601923076923077,58672.812177375745,-22.26381646172586
EURUSD,1h+1d_e20_zero_hm25_s1.5_t3.5_both,1h,1d,20.0,zero,0.0,25.0,1.5,3.5,0.0,0.0,both,all,815,-49.83475305113076,0.777790350739353,42.69938650306749,-51.40452166013756,-1.1323884467808425,2.287116564417178,50165.24694886924,-22.80509511160235
EURUSD,1h+1d_e20_zero_hm25_s1.5_t3.5_long,1h,1d,20.0,zero,0.0,25.0,1.5,3.5,0.0,0.0,long,all,517,-37.788982745105194,0.7672358209570437,42.16634429400387,-41.38836647256371,-0.943682213357102,1.6827852998065764,62211.01725489481,-21.8645277363498
EURUSD,1h+1d_e20_zero_hm25_s2.0_t4.0_both,1h,1d,20.0,zero,0.0,25.0,2.0,4.0,0.0,0.0,both,all,803,-39.50954539422503,0.7968848222350896,44.95641344956413,-42.372347843399304,-1.0210329455090328,2.5367372353673723,60490.45460577497,-21.98306367391725
EURUSD,1h+1d_e20_zero_hm25_s2.0_t4.0_long,1h,1d,20.0,zero,0.0,25.0,2.0,4.0,0.0,0.0,long,all,509,-27.658553944783158,0.7989562576681438,44.4007858546169,-33.14488249992282,-0.7852234965865472,1.9096267190569745,72341.44605521685,-20.8125820584977
EURUSD,1h+1d_e20_hard_hm0_s1.5_t2.5_both,1h,1d,20.0,hard,0.0,0.0,1.5,2.5,0.0,0.0,both,all,1063,-22.598294715833678,0.9617262098993483,37.15898400752587,-33.70196364216586,-0.16793974080718393,9.471307619943556,77401.70528416632,-19.299604420782387
EURUSD,1h+1d_e20_hard_hm0_s1.5_t2.5_long,1h,1d,20.0,hard,0.0,0.0,1.5,2.5,0.0,0.0,long,all,589,-25.65135468911982,0.9222778503742314,35.82342954159593,-29.769527063575918,-0.3311744632274579,8.37351443123939,74348.64531088018,-19.60790233901344
EURUSD,1h+1d_e20_hard_hm0_s1.5_t3.5_both,1h,1d,20.0,hard,0.0,0.0,1.5,3.5,0.0,0.0,both,all,921,-41.579609883595694,0.9104560679858114,29.207383279044517,-44.73396254092255,-0.40460051766340127,12.572204125950055,58420.39011640431,-20.983303503511305
EURUSD,1h+1d_e20_hard_hm0_s1.5_t3.5_long,1h,1d,20.0,hard,0.0,0.0,1.5,3.5,0.0,0.0,long,all,507,-41.790773257817236,0.8486110927528543,27.021696252465482,-43.38885159703953,-0.5903133416971565,11.007889546351084,58209.226742182764,-21.37112727485787
EURUSD,1h+1d_e20_hard_hm0_s2.0_t4.0_both,1h,1d,20.0,hard,0.0,0.0,2.0,4.0,0.0,0.0,both,all,742,-11.447012688919521,0.9718681146408266,33.82749326145552,-39.838749724006405,-0.05069427397579449,18.390835579514825,88552.98731108048,-18.897801620878663
EURUSD,1h+1d_e20_hard_hm0_s2.0_t4.0_long,1h,1d,20.0,hard,0.0,0.0,2.0,4.0,0.0,0.0,long,all,403,-25.95319604559412,0.8853004969353004,31.017369727047146,-33.787168194176566,-0.37888865922950876,16.379652605459057,74046.80395440588,-19.944696316096838
EURUSD,1h+1d_e20_hard_hm12_s1.5_t2.5_both,1h,1d,20.0,hard,0.0,12.0,1.5,2.5,0.0,0.0,both,all,798,-13.670976764085907,0.9696010463319373,37.34335839598997,-28.157406337531864,-0.08362683468005128,9.780701754385966,86329.0232359141,-18.574572960254944
EURUSD,1h+1d_e20_hard_hm12_s1.5_t2.5_long,1h,1d,20.0,hard,0.0,12.0,1.5,2.5,0.0,0.0,long,all,454,-22.659400869244685,0.9110159007107931,35.68281938325991,-25.12468957227708,-0.31814609187505444,8.599118942731277,77340.59913075532,-19.31104300369647
EURUSD,1h+1d_e20_hard_hm12_s1.5_t3.5_both,1h,1d,20.0,hard,0.0,12.0,1.5,3.5,0.0,0.0,both,all,704,-36.78218841738512,0.902723966814774,28.835227272727273,-41.38183732490634,-0.3910395788864883,12.745738636363637,63217.81158261488,-20.656310480984455
EURUSD,1h+1d_e20_hard_hm12_s1.5_t3.5_long,1h,1d,20.0,hard,0.0,12.0,1.5,3.5,0.0,0.0,long,all,398,-42.650746330443766,0.8067183946179491,26.13065326633166,-42.989775585919375,-0.6901455051606837,10.93969849246231,57349.25366955623,-21.64804314785068
EURUSD,1h+1d_e20_hard_hm12_s2.0_t4.0_both,1h,1d,20.0,hard,0.0,12.0,2.0,4.0,0.0,0.0,both,all,578,5.352731802960764,1.015114278798751,34.602076124567475,-27.18846872543803,0.13841693034658648,18.79584775086505,105352.73180296077,-17.328018384382332
EURUSD,1h+1d_e20_hard_hm12_s2.0_t4.0_long,1h,1d,20.0,hard,0.0,12.0,2.0,4.0,0.0,0.0,long,all,319,-12.295934681014408,0.9383100444021851,32.288401253918494,-21.36844479183867,-0.15381619473359706,16.354231974921632,87704.0653189856,-18.593524360009056
EURUSD,1h+1d_e20_hard_hm25_s1.5_t2.5_both,1h,1d,20.0,hard,0.0,25.0,1.5,2.5,0.0,0.0,both,all,591,-37.83093556911445,0.8713450043803137,34.85617597292724,-44.337494024670434,-0.5617803731163534,9.604060913705585,62169.06443088555,-21.15104523247514
EURUSD,1h+1d_e20_hard_hm25_s1.5_t2.5_long,1h,1d,20.0,hard,0.0,25.0,1.5,2.5,0.0,0.0,long,all,359,-34.19761057337364,0.8217248854602355,33.42618384401114,-38.80533715845181,-0.6365174427014647,8.323119777158775,65802.38942662637,-21.102581859674626
EURUSD,1h+1d_e20_hard_hm25_s1.5_t3.5_both,1h,1d,20.0,hard,0.0,25.0,1.5,3.5,0.0,0.0,both,all,540,-49.13724360028462,0.8183829658256326,26.666666666666668,-52.127229960816024,-0.7341468765701592,12.059259259259258,50862.75639971538,-22.305841842735184
EURUSD,1h+1d_e20_hard_hm25_s1.5_t3.5_long,1h,1d,20.0,hard,0.0,25.0,1.5,3.5,0.0,0.0,long,all,325,-47.80722227407209,0.7258523847073781,24.307692307692307,-50.160213950986076,-0.9182857273316455,10.44923076923077,52192.77772592791,-22.83149507823135
EURUSD,1h+1d_e20_hard_hm25_s2.0_t4.0_both,1h,1d,20.0,hard,0.0,25.0,2.0,4.0,0.0,0.0,both,all,444,-23.56360615743206,0.9049265466202812,31.756756756756758,-31.933045228259083,-0.3173907225972232,17.644144144144143,76436.39384256794,-19.633635772772777
EURUSD,1h+1d_e20_hard_hm25_s2.0_t4.0_long,1h,1d,20.0,hard,0.0,25.0,2.0,4.0,0.0,0.0,long,all,262,-21.725706261749156,0.8644871791646129,30.53435114503817,-23.2604963350482,-0.391697196557913,15.110687022900763,78274.29373825084,-19.70177595079723
EURUSD,1h+1d_e20_neg_hm0_s1.5_t2.5_both,1h,1d,20.0,neg,10.0,0.0,1.5,2.5,0.0,0.0,both,all,1465,-62.121352835544506,0.8391945165451228,43.34470989761092,-66.23891215413902,-1.1074795542606757,3.0552901023890784,37878.64716445549,-23.736424308224535
EURUSD,1h+1d_e20_neg_hm0_s1.5_t2.5_long,1h,1d,20.0,neg,10.0,0.0,1.5,2.5,0.0,0.0,long,all,827,-43.569021786629655,0.8275849914170992,43.409915356711004,-48.50826293312621,-0.8634359121530576,2.2926239419588876,56430.97821337034,-22.109282778477073
EURUSD,1h+1d_e20_neg_hm0_s1.5_t3.5_both,1h,1d,20.0,neg,10.0,0.0,1.5,3.5,0.0,0.0,both,all,1447,-63.1188826768833,0.8339564612079078,42.50172771250864,-67.89312323353656,-1.06814123549346,3.1893572909467864,36881.1173231167,-23.855589083397025
EURUSD,1h+1d_e20_neg_hm0_s1.5_t3.5_long,1h,1d,20.0,neg,10.0,0.0,1.5,3.5,0.0,0.0,long,all,812,-44.38207082638225,0.824531773186032,42.241379310344826,-50.796945551776076,-0.8175564764145272,2.456896551724138,55617.92917361775,-22.172165936783045
EURUSD,1h+1d_e20_neg_hm0_s2.0_t4.0_both,1h,1d,20.0,neg,10.0,0.0,2.0,4.0,0.0,0.0,both,all,1402,-55.51241010544084,0.8262814267610287,44.9358059914408,-59.99707431786323,-1.0967145390873552,3.56490727532097,44487.589894559154,-23.254675810029592
EURUSD,1h+1d_e20_neg_hm0_s2.0_t4.0_long,1h,1d,20.0,neg,10.0,0.0,2.0,4.0,0.0,0.0,long,all,778,-35.82898548765768,0.8286218022964886,44.73007712082262,-43.118041974459956,-0.7761371392890033,2.789203084832905,64171.01451234232,-21.45053230167699
EURUSD,1h+1d_e20_neg_hm12_s1.5_t2.5_both,1h,1d,20.0,neg,10.0,12.0,1.5,2.5,0.0,0.0,both,all,1092,-50.742815573664025,0.8474363616066332,43.315018315018314,-53.26523213373534,-0.9033727060250876,3.0274725274725274,49257.18442633598,-22.596790063317023
EURUSD,1h+1d_e20_neg_hm12_s1.5_t2.5_long,1h,1d,20.0,neg,10.0,12.0,1.5,2.5,0.0,0.0,long,all,636,-37.28639759192131,0.8216834922882489,43.39622641509434,-39.9910439864403,-0.7902546669132717,2.279874213836478,62713.602408078696,-21.42227093278375
EURUSD,1h+1d_e20_neg_hm12_s1.5_t3.5_both,1h,1d,20.0,neg,10.0,12.0,1.5,3.5,0.0,0.0,both,all,1076,-53.06830269223089,0.8330681612529062,42.47211895910781,-55.80765491293561,-0.9213448699326205,3.1617100371747213,46931.69730776912,-22.854385205973326
EURUSD,1h+1d_e20_neg_hm12_s1.5_t3.5_long,1h,1d,20.0,neg,10.0,12.0,1.5,3.5,0.0,0.0,long,all,623,-37.924909645904314,0.8159796236710382,42.375601926163725,-41.98254332763274,-0.758009323438206,2.438202247191011,62075.090354095686,-21.493363044921196
EURUSD,1h+1d_e20_neg_hm12_s2.0_t4.0_both,1h,1d,20.0,neg,10.0,12.0,2.0,4.0,0.0,0.0,both,all,1041,-45.40665922329056,0.8275772821552676,45.14889529298751,-48.68431129860233,-0.9422934895187919,3.564841498559078,54593.34077670944,-22.308135849765733
EURUSD,1h+1d_e20_neg_hm12_s2.0_t4.0_long,1h,1d,20.0,neg,10.0,12.0,2.0,4.0,0.0,0.0,long,all,595,-29.186791702269776,0.8240515957788092,45.04201680672269,-34.85630272158393,-0.7006937272412308,2.788235294117647,70813.20829773022,-20.75263537836897
EURUSD,1h+1d_e20_neg_hm25_s1.5_t2.5_both,1h,1d,20.0,neg,10.0,25.0,1.5,2.5,0.0,0.0,both,all,778,-48.07621438864796,0.7988919690631388,42.41645244215938,-49.212227549065915,-1.0321581573035172,3.0167095115681235,51923.78561135204,-22.59430775485071
EURUSD,1h+1d_e20_neg_hm25_s1.5_t2.5_long,1h,1d,20.0,neg,10.0,25.0,1.5,2.5,0.0,0.0,long,all,482,-39.731460498792,0.7557174456863752,41.90871369294606,-42.52560997229175,-0.9947408897341632,2.300829875518672,60268.539501208,-22.093100539228658
EURUSD,1h+1d_e20_neg_hm25_s1.5_t3.5_both,1h,1d,20.0,neg,10.0,25.0,1.5,3.5,0.0,0.0,both,all,769,-52.37869895817404,0.7687843688258615,41.352405721716515,-54.02550143439715,-1.1280884811964786,3.130039011703511,47621.30104182596,-23.034207093638194
EURUSD,1h+1d_e20_neg_hm25_s1.5_t3.5_long,1h,1d,20.0,neg,10.0,25.0,1.5,3.5,0.0,0.0,long,all,475,-40.76289025622849,0.7460481200487856,40.8421052631579,-44.24285963232008,-0.9710520938563334,2.4547368421052633,59237.10974377151,-22.19168783620448
EURUSD,1h+1d_e20_neg_hm25_s2.0_t4.0_both,1h,1d,20.0,neg,10.0,25.0,2.0,4.0,0.0,0.0,both,all,744,-45.47973076553829,0.7619890719335086,43.81720430107527,-47.100867280356496,-1.16417696985154,3.521505376344086,54520.2692344617,-22.49825124200202
EURUSD,1h+1d_e20_neg_hm25_s2.0_t4.0_long,1h,1d,20.0,neg,10.0,25.0,2.0,4.0,0.0,0.0,long,all,454,-33.05111389785852,0.7503775042080674,43.392070484581495,-36.34342594202421,-0.9317118088278856,2.8083700440528636,66948.88610214148,-21.49740554631697
EURUSD,1h+1d_e25_zero_hm0_s1.5_t2.5_both,1h,1d,25.0,zero,0.0,0.0,1.5,2.5,0.0,0.0,both,all,1448,-63.4299405053344,0.8058248129810538,43.02486187845304,-67.78399134355284,-1.2695806857638865,2.2948895027624308,36570.0594946656,-23.933995241502856
EURUSD,1h+1d_e25_zero_hm0_s1.5_t2.5_long,1h,1d,25.0,zero,0.0,0.0,1.5,2.5,0.0,0.0,long,all,851,-43.06315839217716,0.8167726494569828,42.890716803760284,-48.885974800714685,-0.9275335229550056,1.562867215041128,56936.84160782284,-22.227333988505727
EURUSD,1h+1d_e25_zero_hm0_s1.5_t3.5_both,1h,1d,25.0,zero,0.0,0.0,1.5,3.5,0.0,0.0,both,all,1442,-64.00941706458066,0.8046234821417081,42.44105409153953,-68.35013115626987,-1.220538256013227,2.3717059639389735,35990.582935419334,-23.982823223479752
EURUSD,1h+1d_e25_zero_hm0_s1.5_t3.5_long,1h,1d,25.0,zero,0.0,0.0,1.5,3.5,0.0,0.0,long,all,848,-43.05252242866837,0.8191476480062942,42.216981132075475,-50.29311283812379,-0.8636886873755,1.6497641509433962,56947.47757133163,-22.1814893217192
EURUSD,1h+1d_e25_zero_hm0_s2.0_t4.0_both,1h,1d,25.0,zero,0.0,0.0,2.0,4.0,0.0,0.0,both,all,1416,-51.856946164582475,0.8234068545167096,44.42090395480226,-57.654144783147586,-1.0868532699426046,2.6059322033898304,48143.05383541752,-23.02192650161743
EURUSD,1h+1d_e25_zero_hm0_s2.0_t4.0_long,1h,1d,25.0,zero,0.0,0.0,2.0,4.0,0.0,0.0,long,all,830,-29.27843637137888,0.8595431751291932,44.21686746987952,-38.30397908250421,-0.6464795669235951,1.8614457831325302,70721.56362862112,-20.724158030717735
EURUSD,1h+1d_e25_zero_hm12_s1.5_t2.5_both,1h,1d,25.0,zero,0.0,12.0,1.5,2.5,0.0,0.0,both,all,1080,-53.67065788247507,0.8075854661538089,42.77777777777778,-56.956352901873956,-1.107959176991452,2.2888888888888888,46329.342117524924,-23.10611676598944
EURUSD,1h+1d_e25_zero_hm12_s1.5_t2.5_long,1h,1d,25.0,zero,0.0,12.0,1.5,2.5,0.0,0.0,long,all,649,-36.9095950068236,0.8047611573288873,42.835130970724194,-41.53770348167989,-0.8807453877006473,1.5408320493066257,63090.404993176395,-21.647107127768894
EURUSD,1h+1d_e25_zero_hm12_s1.5_t3.5_both,1h,1d,25.0,zero,0.0,12.0,1.5,3.5,0.0,0.0,both,all,1074,-55.88648926171543,0.7934664891035804,42.17877094972067,-58.375691302569436,-1.1407668874032881,2.3696461824953445,44113.51073828457,-23.286820999812445
EURUSD,1h+1d_e25_zero_hm12_s1.5_t3.5_long,1h,1d,25.0,zero,0.0,12.0,1.5,3.5,0.0,0.0,long,all,646,-37.26409405987684,0.801224318655269,42.26006191950464,-42.35791221791152,-0.8480636386482276,1.630030959752322,62735.90594012316,-21.653914912445703
EURUSD,1h+1d_e25_zero_hm12_s2.0_t4.0_both,1h,1d,25.0,zero,0.0,12.0,2.0,4.0,0.0,0.0,both,all,1053,-41.438718458031865,0.8278039711389421,44.25451092117759,-46.42695139162362,-0.9266080601624429,2.6315289648622984,58561.281541968136,-22.03502895638253
EURUSD,1h+1d_e25_zero_hm12_s2.0_t4.0_long,1h,1d,25.0,zero,0.0,12.0,2.0,4.0,0.0,0.0,long,all,631,-22.14865171403668,0.8618408175642539,44.37400950871632,-30.154657369263838,-0.5493701097422354,1.8573692551505547,77851.34828596332,-19.96158548403474
EURUSD,1h+1d_e25_zero_hm25_s1.5_t2.5_both,1h,1d,25.0,zero,0.0,25.0,1.5,2.5,0.0,0.0,both,all,772,-46.434872814914016,0.7831463061762738,42.2279792746114,-48.3679790032186,-1.1005312543289476,2.239637305699482,53565.127185085985,-22.53424830728462
EURUSD,1h+1d_e25_zero_hm25_s1.5_t2.5_long,1h,1d,25.0,zero,0.0,25.0,1.5,2.5,0.0,0.0,long,all,497,-37.57862926040947,0.7492907009659397,41.24748490945674,-42.010691855533366,-1.0313653708676702,1.5432595573440644,62421.37073959054,-22.010346092222864
EURUSD,1h+1d_e25_zero_hm25_s1.5_t3.5_both,1h,1d,25.0,zero,0.0,25.0,1.5,3.5,0.0,0.0,both,all,770,-49.23437702022226,0.7653948809440706,41.42857142857143,-51.088208364738975,-1.1678324092973822,2.31038961038961,50765.622979777734,-22.799416213038274
EURUSD,1h+1d_e25_zero_hm25_s1.5_t3.5_long,1h,1d,25.0,zero,0.0,25.0,1.5,3.5,0.0,0.0,long,all,496,-36.12664227421645,0.7623042811347852,40.725806451612904,-40.26854644175788,-0.9330858029410014,1.627016129032258,63873.35772578355,-21.749675550213514
EURUSD,1h+1d_e25_zero_hm25_s2.0_t4.0_both,1h,1d,25.0,zero,0.0,25.0,2.0,4.0,0.0,0.0,both,all,756,-37.46303577181784,0.7941777964768317,43.386243386243386,-40.422692390752765,-0.9974395795830776,2.568783068783069,62536.96422818216,-21.82614400468536
EURUSD,1h+1d_e25_zero_hm25_s2.0_t4.0_long,1h,1d,25.0,zero,0.0,25.0,2.0,4.0,0.0,0.0,long,all,485,-24.436070371592077,0.8109137148325202,42.88659793814433,-29.73744261176565,-0.7001173106877255,1.8556701030927836,75563.92962840792,-20.389832198284598
EURUSD,1h+1d_e25_hard_hm0_s1.5_t2.5_both,1h,1d,25.0,hard,0.0,0.0,1.5,2.5,0.0,0.0,both,all,1033,-20.202444118390382,0.9637138154980683,37.27008712487899,-30.532578133580934,-0.1405511646764639,9.753146176185867,79797.55588160962,-19.030943098348377
EURUSD,1h+1d_e25_hard_hm0_s1.5_t2.5_long,1h,1d,25.0,hard,0.0,0.0,1.5,2.5,0.0,0.0,long,all,580,-26.698411909803287,0.9143178245060175,35.689655172413794,-30.95962144486769,-0.3543944095647179,8.620689655172415,73301.58809019672,-19.752118387268872
EURUSD,1h+1d_e25_hard_hm0_s1.5_t3.5_both,1h,1d,25.0,hard,0.0,0.0,1.5,3.5,0.0,0.0,both,all,894,-29.0477365282516,0.9378245746252786,29.86577181208054,-38.85427075771805,-0.2338998145874392,12.98545861297539,70952.2634717484,-19.92236857675675
EURUSD,1h+1d_e25_hard_hm0_s1.5_t3.5_long,1h,1d,25.0,hard,0.0,0.0,1.5,3.5,0.0,0.0,long,all,500,-28.518370869977318,0.9015820754792846,28.4,-31.39554839536315,-0.3465993235970823,11.372,71481.62913002269,-19.86250056731103
EURUSD,1h+1d_e25_hard_hm0_s2.0_t4.0_both,1h,1d,25.0,hard,0.0,0.0,2.0,4.0,0.0,0.0,both,all,726,-5.596060633421207,0.986278956924674,34.15977961432507,-36.41145696849543,0.01785957549888613,18.84435261707989,94403.9393665788,-18.38781394851665
EURUSD,1h+1d_e25_hard_hm0_s2.0_t4.0_long,1h,1d,25.0,hard,0.0,0.0,2.0,4.0,0.0,0.0,long,all,403,-18.858659083743014,0.9202421597476382,32.00992555831265,-31.14302739838508,-0.24476917596892722,16.76178660049628,81141.34091625699,-19.26661582386942
EURUSD,1h+1d_e25_hard_hm12_s1.5_t2.5_both,1h,1d,25.0,hard,0.0,12.0,1.5,2.5,0.0,0.0,both,all,781,-9.591191008636024,0.9778567924512649,37.516005121638926,-26.948391882471324,-0.035114998863621676,9.996158770806659,90408.80899136397,-18.269613832811565
EURUSD,1h+1d_e25_hard_hm12_s1.5_t2.5_long,1h,1d,25.0,hard,0.0,12.0,1.5,2.5,0.0,0.0,long,all,443,-20.239067745108073,0.9168564312301245,35.89164785553047,-26.107320205618855,-0.28217137645440477,8.873589164785553,79760.93225489193,-19.184971504635374
EURUSD,1h+1d_e25_hard_hm12_s1.5_t3.5_both,1h,1d,25.0,hard,0.0,12.0,1.5,3.5,0.0,0.0,both,all,686,-18.390825185643088,0.9547541216628213,29.88338192419825,-29.006003447458916,-0.12968677624427344,13.16326530612245,81609.17481435691,-18.90351800553344
EURUSD,1h+1d_e25_hard_hm12_s1.5_t3.5_long,1h,1d,25.0,hard,0.0,12.0,1.5,3.5,0.0,0.0,long,all,389,-25.916643644499125,0.8906835225529631,28.020565552699228,-28.033810308493823,-0.3477310887847407,11.344473007712082,74083.35635550087,-19.67490598491442
EURUSD,1h+1d_e25_hard_hm12_s2.0_t4.0_both,1h,1d,25.0,hard,0.0,12.0,2.0,4.0,0.0,0.0,both,all,564,14.948517007797047,1.041979884166264,35.1063829787234,-22.9620989494032,0.24606634685121379,19.52127659574468,114948.51700779704,-16.546494046971766
EURUSD,1h+1d_e25_hard_hm12_s2.0_t4.0_long,1h,1d,25.0,hard,0.0,12.0,2.0,4.0,0.0,0.0,long,all,314,-4.981377799328102,0.9749728040137522,33.12101910828026,-22.154760343920067,-0.027199804894436894,17.054140127388536,95018.6222006719,-18.0608132230372
EURUSD,1h+1d_e25_hard_hm25_s1.5_t2.5_both,1h,1d,25.0,hard,0.0,25.0,1.5,2.5,0.0,0.0,both,all,577,-32.14297311291874,0.8888957590356454,35.35528596187175,-40.24081502756086,-0.4629196066686217,9.646447140381282,67857.02688708126,-20.567491538033003
EURUSD,1h+1d_e25_hard_hm25_s1.5_t2.5_long,1h,1d,25.0,hard,0.0,25.0,1.5,2.5,0.0,0.0,long,all,354,-30.806437529449905,0.8376236950276374,33.898305084745765,-36.706517955940264,-0.5730639108807458,8.423728813559322,69193.5624705501,-20.75805484816763
EURUSD,1h+1d_e25_hard_hm25_s1.5_t3.5_both,1h,1d,25.0,hard,0.0,25.0,1.5,3.5,0.0,0.0,both,all,528,-32.28464060786514,0.8924584095594789,28.21969696969697,-36.26531360540846,-0.3999850528562625,12.274621212121213,67715.35939213485,-20.31082972391664
EURUSD,1h+1d_e25_hard_hm25_s1.5_t3.5_long,1h,1d,25.0,hard,0.0,25.0,1.5,3.5,0.0,0.0,long,all,322,-32.176794755812864,0.8329008335172395,26.70807453416149,-35.23444840818636,-0.5290334393919272,10.633540372670808,67823.20524418713,-20.763747801854763
EURUSD,1h+1d_e25_hard_hm25_s2.0_t4.0_both,1h,1d,25.0,hard,0.0,25.0,2.0,4.0,0.0,0.0,both,all,442,-12.120068657568272,0.9538757532024351,32.80542986425339,-24.960490799619773,-0.12305694751732085,18.122171945701357,87879.93134243172,-18.483118416557414
EURUSD,1h+1d_e25_hard_hm25_s2.0_t4.0_long,1h,1d,25.0,hard,0.0,25.0,2.0,4.0,0.0,0.0,long,all,266,-10.060638707836011,0.9412618654856533,32.330827067669176,-17.19280233423479,-0.14294976315598518,15.61654135338346,89939.36129216399,-18.419407622702675
EURUSD,1h+1d_e25_neg_hm0_s1.5_t2.5_both,1h,1d,25.0,neg,10.0,0.0,1.5,2.5,0.0,0.0,both,all,1398,-55.669496534501576,0.8514654912106902,43.347639484978544,-61.91364447303058,-0.9543787919208465,3.0278969957081543,44330.503465498434,-23.20623010015583
EURUSD,1h+1d_e25_neg_hm0_s1.5_t2.5_long,1h,1d,25.0,neg,10.0,0.0,1.5,2.5,0.0,0.0,long,all,806,-32.53773406395602,0.869239477161449,43.79652605459057,-41.1316851859651,-0.6036485580315623,2.119106699751861,67462.26593604397,-20.879150914140567
EURUSD,1h+1d_e25_neg_hm0_s1.5_t3.5_both,1h,1d,25.0,neg,10.0,0.0,1.5,3.5,0.0,0.0,both,all,1382,-55.207534641022036,0.8552354591985347,42.61939218523879,-61.574124250143456,-0.8806105415493803,3.159189580318379,44792.46535897797,-23.05409351997435
EURUSD,1h+1d_e25_neg_hm0_s1.5_t3.5_long,1h,1d,25.0,neg,10.0,0.0,1.5,3.5,0.0,0.0,long,all,793,-32.42607571259566,0.8721215770602189,42.87515762925599,-42.40191087402454,-0.5508466089422547,2.279949558638083,67573.92428740434,-20.83908543422764
EURUSD,1h+1d_e25_neg_hm0_s2.0_t4.0_both,1h,1d,25.0,neg,10.0,0.0,2.0,4.0,0.0,0.0,both,all,1339,-49.80411763257984,0.8414567346730512,44.734876773711726,-55.35236812711899,-0.9579616148358504,3.5302464525765496,50195.88236742016,-22.7395600159591
EURUSD,1h+1d_e25_neg_hm0_s2.0_t4.0_long,1h,1d,25.0,neg,10.0,0.0,2.0,4.0,0.0,0.0,long,all,760,-26.809959008997787,0.8698251074133664,45.13157894736842,-36.03371447199436,-0.5523313358876761,2.5973684210526318,73190.04099100221,-20.367681174537783
EURUSD,1h+1d_e25_neg_hm12_s1.5_t2.5_both,1h,1d,25.0,neg,10.0,12.0,1.5,2.5,0.0,0.0,both,all,1044,-45.88251641370813,0.8528736071923918,43.10344827586207,-50.89486573145878,-0.8124417738213427,3.0047892720306515,54117.48358629187,-22.15757392855771
EURUSD,1h+1d_e25_neg_hm12_s1.5_t2.5_long,1h,1d,25.0,neg,10.0,12.0,1.5,2.5,0.0,0.0,long,all,616,-27.57863891569221,0.8618923932544175,43.66883116883117,-33.85876313388154,-0.5650374358234017,2.1103896103896105,72421.36108430779,-20.35032125258201
EURUSD,1h+1d_e25_neg_hm12_s1.5_t3.5_both,1h,1d,25.0,neg,10.0,12.0,1.5,3.5,0.0,0.0,both,all,1030,-46.599064670485326,0.8484324282301552,42.42718446601942,-50.26903609742228,-0.792458041590143,3.137864077669903,53400.93532951468,-22.14233002252613
EURUSD,1h+1d_e25_neg_hm12_s1.5_t3.5_long,1h,1d,25.0,neg,10.0,12.0,1.5,3.5,0.0,0.0,long,all,605,-27.21259769686659,0.863879641865498,42.97520661157025,-34.19696476494609,-0.5206531497052599,2.2694214876033056,72787.4023031334,-20.27766311836665
EURUSD,1h+1d_e25_neg_hm12_s2.0_t4.0_both,1h,1d,25.0,neg,10.0,12.0,2.0,4.0,0.0,0.0,both,all,996,-40.40415369663911,0.8392490229231352,44.77911646586345,-44.61911902503539,-0.8351678368411471,3.5301204819277108,59595.84630336089,-21.755560106820862
EURUSD,1h+1d_e25_neg_hm12_s2.0_t4.0_long,1h,1d,25.0,neg,10.0,12.0,2.0,4.0,0.0,0.0,long,all,578,-21.157816640110518,0.8669512374356315,45.32871972318339,-29.164366010029507,-0.4935045252816173,2.6003460207612457,78842.18335988949,-19.78576600033895
EURUSD,1h+1d_e25_neg_hm25_s1.5_t2.5_both,1h,1d,25.0,neg,10.0,25.0,1.5,2.5,0.0,0.0,both,all,746,-42.25505101723084,0.81556625778279,42.22520107238606,-44.554171448646684,-0.8965069278640384,2.947721179624665,57744.94898276916,-21.978213645974183
EURUSD,1h+1d_e25_neg_hm25_s1.5_t2.5_long,1h,1d,25.0,neg,10.0,25.0,1.5,2.5,0.0,0.0,long,all,473,-32.52500078733035,0.7913723271168448,41.64904862579281,-37.19318181408685,-0.8033724911377551,2.095137420718816,67474.99921266965,-21.21535522297121
EURUSD,1h+1d_e25_neg_hm25_s1.5_t3.5_both,1h,1d,25.0,neg,10.0,25.0,1.5,3.5,0.0,0.0,both,all,740,-44.69920444820333,0.8019208262133319,41.351351351351354,-46.89956630660548,-0.9369983264316784,3.0716216216216217,55300.79555179667,-22.26464625430654
EURUSD,1h+1d_e25_neg_hm25_s1.5_t3.5_long,1h,1d,25.0,neg,10.0,25.0,1.5,3.5,0.0,0.0,long,all,468,-31.52607085271899,0.8005503987931786,41.02564102564103,-35.90256058352115,-0.7307428007323807,2.25,68473.92914728101,-20.99188346156523
EURUSD,1h+1d_e25_neg_hm25_s2.0_t4.0_both,1h,1d,25.0,neg,10.0,25.0,2.0,4.0,0.0,0.0,both,all,716,-38.707545723765335,0.7924324370300984,43.435754189944134,-40.530050218061255,-0.9757078629841549,3.456703910614525,61292.45427623466,-21.85198453957405
EURUSD,1h+1d_e25_neg_hm25_s2.0_t4.0_long,1h,1d,25.0,neg,10.0,25.0,2.0,4.0,0.0,0.0,long,all,447,-24.70813823995458,0.8080720172587553,43.40044742729307,-28.410728644850458,-0.6774330010262118,2.5727069351230427,75291.86176004542,-20.32072413378463
EURUSD,1h+1d_e35_zero_hm0_s1.5_t2.5_both,1h,1d,35.0,zero,0.0,0.0,1.5,2.5,0.0,0.0,both,all,1243,-58.23433989313188,0.8044112422466522,42.88012872083669,-65.02196240031934,-1.1563018510779772,2.2904263877715203,41765.66010686812,-23.61922398612142
EURUSD,1h+1d_e35_zero_hm0_s1.5_t2.5_long,1h,1d,35.0,zero,0.0,0.0,1.5,2.5,0.0,0.0,long,all,744,-38.92969357612171,0.8105291772940815,43.145161290322584,-47.415265597266085,-0.8500230100415772,1.4368279569892473,61070.3064238783,-21.902509938762673
EURUSD,1h+1d_e35_zero_hm0_s1.5_t3.5_both,1h,1d,35.0,zero,0.0,0.0,1.5,3.5,0.0,0.0,both,all,1235,-60.56080935207392,0.7945886635422987,42.26720647773279,-66.83987768166448,-1.1754275875094935,2.3757085020242914,39439.19064792608,-23.809555822493788
EURUSD,1h+1d_e35_zero_hm0_s1.5_t3.5_long,1h,1d,35.0,zero,0.0,0.0,1.5,3.5,0.0,0.0,long,all,738,-39.84552553810487,0.8094489924321437,42.547425474254744,-49.81584481976229,-0.8175236423034083,1.521680216802168,60154.47446189512,-21.989117796689438
EURUSD,1h+1d_e35_zero_hm0_s2.0_t4.0_both,1h,1d,35.0,zero,0.0,0.0,2.0,4.0,0.0,0.0,both,all,1220,-49.805569695307305,0.8081483882580358,44.01639344262295,-57.28594223720451,-1.0869816232017586,2.6114754098360655,50194.430304692694,-22.963289506655382
EURUSD,1h+1d_e35_zero_hm0_s2.0_t4.0_long,1h,1d,35.0,zero,0.0,0.0,2.0,4.0,0.0,0.0,long,all,725,-27.11776203676619,0.8495838370527988,44.41379310344828,-39.044112697448796,-0.6199795945842836,1.7213793103448276,72882.23796323381,-20.652484788613027
EURUSD,1h+1d_e35_zero_hm12_s1.5_t2.5_both,1h,1d,35.0,zero,0.0,12.0,1.5,2.5,0.0,0.0,both,all,926,-47.2880593787208,0.8139483142207012,42.54859611231102,-52.240825618983976,-0.9764099248362973,2.2883369330453562,52711.9406212792,-22.610899501610884
EURUSD,1h+1d_e35_zero_hm12_s1.5_t2.5_long,1h,1d,35.0,zero,0.0,12.0,1.5,2.5,0.0,0.0,long,all,566,-31.64419268661026,0.8059338637313549,42.93286219081272,-38.88566482806256,-0.767168480555563,1.4222614840989398,68355.80731338974,-21.15711236209187
EURUSD,1h+1d_e35_zero_hm12_s1.5_t3.5_both,1h,1d,35.0,zero,0.0,12.0,1.5,3.5,0.0,0.0,both,all,919,-50.954213248803256,0.7941551868840728,41.89336235038085,-54.52966146131033,-1.0566094030135798,2.3743199129488572,49045.78675119674,-22.933967021194363
EURUSD,1h+1d_e35_zero_hm12_s1.5_t3.5_long,1h,1d,35.0,zero,0.0,12.0,1.5,3.5,0.0,0.0,long,all,561,-32.47397574639243,0.8025963228869342,42.42424242424242,-40.348199255797304,-0.753190245975244,1.500891265597148,67526.02425360757,-21.23618156183312
EURUSD,1h+1d_e35_zero_hm12_s2.0_t4.0_both,1h,1d,35.0,zero,0.0,12.0,2.0,4.0,0.0,0.0,both,all,909,-37.69052706588858,0.8247085752938251,43.784378437843785,-43.0534161930747,-0.8681248155800522,2.6325632563256325,62309.47293411142,-21.670173515494046
EURUSD,1h+1d_e35_zero_hm12_s2.0_t4.0_long,1h,1d,35.0,zero,0.0,12.0,2.0,4.0,0.0,0.0,long,all,552,-19.4011073273353,0.8601075269693251,44.38405797101449,-29.59514823462388,-0.4931070859662733,1.7083333333333333,80598.8926726647,-19.749242034004464
EURUSD,1h+1d_e35_zero_hm25_s1.5_t2.5_both,1h,1d,35.0,zero,0.0,25.0,1.5,2.5,0.0,0.0,both,all,662,-39.32759927981224,0.7941475875371935,42.74924471299094,-42.18926085714858,-0.9140503513342008,2.2250755287009065,60672.40072018776,-21.84638096363675
EURUSD,1h+1d_e35_zero_hm25_s1.5_t2.5_long,1h,1d,35.0,zero,0.0,25.0,1.5,2.5,0.0,0.0,long,all,434,-33.37892144352549,0.7409139782882942,41.935483870967744,-38.19220361490135,-0.9397558181573069,1.4216589861751152,66621.07855647452,-21.620193783852297
EURUSD,1h+1d_e35_zero_hm25_s1.5_t3.5_both,1h,1d,35.0,zero,0.0,25.0,1.5,3.5,0.0,0.0,both,all,658,-41.470813260522256,0.7802510239723611,42.09726443768997,-43.61747722314774,-0.9578415935675871,2.288753799392097,58529.18673947775,-22.08966644976728
EURUSD,1h+1d_e35_zero_hm25_s1.5_t3.5_long,1h,1d,35.0,zero,0.0,25.0,1.5,3.5,0.0,0.0,long,all,431,-30.339690558295462,0.7708097886557922,41.76334106728538,-35.30379956312134,-0.7911441460523577,1.4849187935034802,69660.30944170454,-21.08543135229573
EURUSD,1h+1d_e35_zero_hm25_s2.0_t4.0_both,1h,1d,35.0,zero,0.0,25.0,2.0,4.0,0.0,0.0,both,all,650,-31.08597314140521,0.8051673144328262,44.0,-34.538719119144915,-0.8185108558960134,2.543076923076923,68914.02685859479,-21.03983568818396
EURUSD,1h+1d_e35_zero_hm25_s2.0_t4.0_long,1h,1d,35.0,zero,0.0,25.0,2.0,4.0,0.0,0.0,long,all,424,-21.397581178487222,0.8067144641744357,43.867924528301884,-27.722992584806583,-0.6253715568572366,1.6910377358490567,78602.41882151278,-20.086094125381518
EURUSD,1h+1d_e35_hard_hm0_s1.5_t2.5_both,1h,1d,35.0,hard,0.0,0.0,1.5,2.5,0.0,0.0,both,all,947,-30.727136179985482,0.9374726906928927,36.8532206969377,-37.836102354635685,-0.303922638669186,9.412882787750792,69272.86382001452,-20.054731772656393
EURUSD,1h+1d_e35_hard_hm0_s1.5_t2.5_long,1h,1d,35.0,hard,0.0,0.0,1.5,2.5,0.0,0.0,long,all,539,-29.301514705686316,0.8980837950147226,35.43599257884972,-39.82015048168199,-0.4104991219850728,8.359925788497216,70698.48529431368,-20.335405802935536
EURUSD,1h+1d_e35_hard_hm0_s1.5_t3.5_both,1h,1d,35.0,hard,0.0,0.0,1.5,3.5,0.0,0.0,both,all,841,-34.16020830221195,0.9217053907008148,29.607609988109395,-40.86435118026753,-0.32043322196410656,12.356718192627824,65839.79169778805,-20.377368735493302
EURUSD,1h+1d_e35_hard_hm0_s1.5_t3.5_long,1h,1d,35.0,hard,0.0,0.0,1.5,3.5,0.0,0.0,long,all,475,-31.323510594213932,0.8849339077832185,28.0,-35.23492889520959,-0.4075510064235974,10.76842105263158,68676.48940578607,-20.261329319754292
EURUSD,1h+1d_e35_hard_hm0_s2.0_t4.0_both,1h,1d,35.0,hard,0.0,0.0,2.0,4.0,0.0,0.0,both,all,690,-22.748381307099464,0.9370323636203364,33.47826086956522,-40.244546894346,-0.22103366642271016,18.468115942028984,77251.61869290053,-19.708686718641044
EURUSD,1h+1d_e35_hard_hm0_s2.0_t4.0_long,1h,1d,35.0,hard,0.0,0.0,2.0,4.0,0.0,0.0,long,all,383,-24.31406510943316,0.8875774536029689,31.33159268929504,-34.85084695413211,-0.37152375121837733,16.530026109660575,75685.93489056684,-19.938938475362754
EURUSD,1h+1d_e35_hard_hm12_s1.5_t2.5_both,1h,1d,35.0,hard,0.0,12.0,1.5,2.5,0.0,0.0,both,all,727,-25.707135057477647,0.9314456976694941,36.45116918844567,-36.77300654493062,-0.2878248749399181,9.429160935350756,74292.86494252236,-19.802328732332473
EURUSD,1h+1d_e35_hard_hm12_s1.5_t2.5_long,1h,1d,35.0,hard,0.0,12.0,1.5,2.5,0.0,0.0,long,all,420,-24.975440298792996,0.888218849713233,35.23809523809524,-36.78637640539465,-0.3967438256944464,8.39047619047619,75024.559701207,-20.045041282426094
EURUSD,1h+1d_e35_hard_hm12_s1.5_t3.5_both,1h,1d,35.0,hard,0.0,12.0,1.5,3.5,0.0,0.0,both,all,645,-27.012337032908206,0.922447429269933,29.302325581395348,-37.29914088483135,-0.2746386129645213,12.421705426356588,72987.66296709179,-19.878298462981533
EURUSD,1h+1d_e35_hard_hm12_s1.5_t3.5_long,1h,1d,35.0,hard,0.0,12.0,1.5,3.5,0.0,0.0,long,all,367,-26.705247001548425,0.8774163523359546,27.79291553133515,-29.89318515163203,-0.3915722048416742,10.803814713896458,73294.75299845157,-19.923754712549844
EURUSD,1h+1d_e35_hard_hm12_s2.0_t4.0_both,1h,1d,35.0,hard,0.0,12.0,2.0,4.0,0.0,0.0,both,all,545,-8.171773018174033,0.9731817039044377,33.76146788990825,-33.81084689953535,-0.0385083703035072,18.939449541284404,91828.22698182597,-18.50411309240254
EURUSD,1h+1d_e35_hard_hm12_s2.0_t4.0_long,1h,1d,35.0,hard,0.0,12.0,2.0,4.0,0.0,0.0,long,all,309,-21.311197095675784,0.8790210283738173,31.067961165048544,-31.750217350277165,-0.35412020216661927,16.43042071197411,78688.80290432421,-19.838084310153505
EURUSD,1h+1d_e35_hard_hm25_s1.5_t2.5_both,1h,1d,35.0,hard,0.0,25.0,1.5,2.5,0.0,0.0,both,all,525,-32.749284741925,0.8759867093066717,35.04761904761905,-40.56287801395776,-0.5045103467023277,9.299047619047618,67250.715258075,-20.699285257022122
EURUSD,1h+1d_e35_hard_hm25_s1.5_t2.5_long,1h,1d,35.0,hard,0.0,25.0,1.5,2.5,0.0,0.0,long,all,327,-32.24549970266223,0.8156809427940649,33.333333333333336,-38.82078702456578,-0.6478090989104108,8.107033639143731,67754.50029733777,-21.121162760469574
EURUSD,1h+1d_e35_hard_hm25_s1.5_t3.5_both,1h,1d,35.0,hard,0.0,25.0,1.5,3.5,0.0,0.0,both,all,478,-36.25667505223756,0.8583681268174486,27.615062761506277,-42.12993868619029,-0.511769729795975,11.997907949790795,63743.324947762434,-20.957198827187455
EURUSD,1h+1d_e35_hard_hm25_s1.5_t3.5_long,1h,1d,35.0,hard,0.0,25.0,1.5,3.5,0.0,0.0,long,all,292,-36.30266177470251,0.7861036040140704,25.684931506849313,-39.35436705962072,-0.6808357490353629,10.496575342465754,63697.33822529749,-21.4982757668908
EURUSD,1h+1d_e35_hard_hm25_s2.0_t4.0_both,1h,1d,35.0,hard,0.0,25.0,2.0,4.0,0.0,0.0,both,all,412,-28.4797112412579,0.8680740090859472,31.067961165048544,-37.26641279761086,-0.44584797845852964,18.1626213592233,71520.2887587421,-20.328431906527676
EURUSD,1h+1d_e35_hard_hm25_s2.0_t4.0_long,1h,1d,35.0,hard,0.0,25.0,2.0,4.0,0.0,0.0,long,all,251,-24.697892460593884,0.830559127479827,29.8804780876494,-28.061593760733505,-0.49780886132605295,15.637450199203187,75302.10753940612,-20.27869492214261
EURUSD,1h+1d_e35_neg_hm0_s1.5_t2.5_both,1h,1d,35.0,neg,10.0,0.0,1.5,2.5,0.0,0.0,both,all,1214,-48.79654568937769,0.8576364509705714,43.49258649093905,-58.62779662691926,-0.8345302694233766,2.9464579901153214,51203.454310622314,-22.604677969360516
EURUSD,1h+1d_e35_neg_hm0_s1.5_t2.5_long,1h,1d,35.0,neg,10.0,0.0,1.5,2.5,0.0,0.0,long,all,716,-27.64375975426021,0.8732568349341128,44.134078212290504,-39.52458140513484,-0.5284316880374647,1.8784916201117319,72356.24024573978,-20.49623909109672
EURUSD,1h+1d_e35_neg_hm0_s1.5_t3.5_both,1h,1d,35.0,neg,10.0,0.0,1.5,3.5,0.0,0.0,both,all,1200,-51.619065287593415,0.8485737777505715,42.583333333333336,-60.84853964275156,-0.8599948378066178,3.0875,48380.93471240659,-22.867262009547296
EURUSD,1h+1d_e35_neg_hm0_s1.5_t3.5_long,1h,1d,35.0,neg,10.0,0.0,1.5,3.5,0.0,0.0,long,all,704,-30.594743055197384,0.8620066929253989,43.03977272727273,-43.52907742600712,-0.5586422443646795,2.0326704545454546,69405.25694480262,-20.847899453481702
EURUSD,1h+1d_e35_neg_hm0_s2.0_t4.0_both,1h,1d,35.0,neg,10.0,0.0,2.0,4.0,0.0,0.0,both,all,1175,-46.428892084449494,0.8321576449764427,44.680851063829785,-54.1677582689432,-0.9384234504979652,3.468936170212766,53571.10791555051,-22.55110707744155
EURUSD,1h+1d_e35_neg_hm0_s2.0_t4.0_long,1h,1d,35.0,neg,10.0,0.0,2.0,4.0,0.0,0.0,long,all,682,-24.678542467399122,0.8619020650143966,45.30791788856305,-36.53763104957163,-0.544213415812432,2.309384164222874,75321.45753260088,-20.310211901861486
EURUSD,1h+1d_e35_neg_hm12_s1.5_t2.5_both,1h,1d,35.0,neg,10.0,12.0,1.5,2.5,0.0,0.0,both,all,906,-37.8715250299698,0.8669848866570781,43.37748344370861,-45.66047180710196,-0.6747588937749897,2.9161147902869757,62128.4749700302,-21.38595599750266
EURUSD,1h+1d_e35_neg_hm12_s1.5_t2.5_long,1h,1d,35.0,neg,10.0,12.0,1.5,2.5,0.0,0.0,long,all,546,-20.83463485125183,0.878269774342878,44.32234432234432,-31.28154982696193,-0.4371973243981459,1.8736263736263736,79165.36514874817,-19.744768937868574
EURUSD,1h+1d_e35_neg_hm12_s1.5_t3.5_both,1h,1d,35.0,neg,10.0,12.0,1.5,3.5,0.0,0.0,both,all,894,-41.79608786108737,0.8494450787800836,42.50559284116331,-47.66206855593836,-0.7451719343253134,3.0458612975391497,58203.91213891263,-21.77247146121879
EURUSD,1h+1d_e35_neg_hm12_s1.5_t3.5_long,1h,1d,35.0,neg,10.0,12.0,1.5,3.5,0.0,0.0,long,all,536,-22.97618143264517,0.8668305805720065,43.47014925373134,-33.38470969426967,-0.46747659964034166,2.0055970149253732,77023.81856735483,-19.98857409310709
EURUSD,1h+1d_e35_neg_hm12_s2.0_t4.0_both,1h,1d,35.0,neg,10.0,12.0,2.0,4.0,0.0,0.0,both,all,878,-36.20244850674029,0.8369090837663509,44.760820045558084,-41.02589238204679,-0.7858464075751146,3.437357630979499,63797.55149325971,-21.375630537498278
EURUSD,1h+1d_e35_neg_hm12_s2.0_t4.0_long,1h,1d,35.0,neg,10.0,12.0,2.0,4.0,0.0,0.0,long,all,521,-18.7147236437323,0.8623108112565251,45.68138195777351,-30.650840460769036,-0.466503172023184,2.280230326295585,81285.2763562677,-19.718600294073518
EURUSD,1h+1d_e35_neg_hm25_s1.5_t2.5_both,1h,1d,35.0,neg,10.0,25.0,1.5,2.5,0.0,0.0,both,all,646,-32.71012950913919,0.8408231234613507,43.4984520123839,-35.90216456396955,-0.6820704757870162,2.821981424148607,67289.8704908608,-20.8655396679515
EURUSD,1h+1d_e35_neg_hm25_s1.5_t2.5_long,1h,1d,35.0,neg,10.0,25.0,1.5,2.5,0.0,0.0,long,all,418,-27.56076344549766,0.792450630438084,42.822966507177036,-32.27019855641862,-0.7162231069722631,1.8444976076555024,72439.23655450233,-20.686446564439837
EURUSD,1h+1d_e35_neg_hm25_s1.5_t3.5_both,1h,1d,35.0,neg,10.0,25.0,1.5,3.5,0.0,0.0,both,all,639,-35.055161460858145,0.8277052547868214,42.72300469483568,-37.45207320005757,-0.7221834756570134,2.9311424100156493,64944.838539141856,-21.114301462955094
EURUSD,1h+1d_e35_neg_hm25_s1.5_t3.5_long,1h,1d,35.0,neg,10.0,25.0,1.5,3.5,0.0,0.0,long,all,412,-25.45506619482407,0.813556371933608,42.47572815533981,-30.22724897356871,-0.6141134266268673,1.9635922330097086,74544.93380517593,-20.31457181684199
EURUSD,1h+1d_e35_neg_hm25_s2.0_t4.0_both,1h,1d,35.0,neg,10.0,25.0,2.0,4.0,0.0,0.0,both,all,627,-31.5563821061306,0.8069074555774348,44.81658692185008,-33.26811838415965,-0.8026589315724145,3.311004784688995,68443.6178938694,-20.979699778026646
EURUSD,1h+1d_e35_neg_hm25_s2.0_t4.0_long,1h,1d,35.0,neg,10.0,25.0,2.0,4.0,0.0,0.0,long,all,401,-21.582363382556736,0.8030836825507891,44.88778054862843,-25.482469816869436,-0.6271219927150997,2.2369077306733165,78417.63661744326,-20.015567110672723
EURUSD,5min+1h_e15_zero_hm0_s1.5_t2.5_both,5min,1h,15.0,zero,0.0,0.0,1.5,2.5,0.0,0.0,both,all,706,-80.03466589709637,0.45830856184522656,35.69405099150141,-80.1057394912584,-2.0393022857868135,2.121813031161473,19965.33410290362,-25.959844810921126
EURUSD,5min+1h_e15_zero_hm0_s1.5_t2.5_long,5min,1h,15.0,zero,0.0,0.0,1.5,2.5,0.0,0.0,long,all,638,-80.1283546756002,0.4201166424362635,30.094043887147336,-80.19909475176614,-2.3268030097007055,1.786833855799373,19871.645324399797,-26.062806371003994
EURUSD,5min+1h_e15_zero_hm0_s1.5_t3.5_both,5min,1h,15.0,zero,0.0,0.0,1.5,3.5,0.0,0.0,both,all,701,-80.06717985114078,0.44748391602992815,35.5206847360913,-80.13813770050422,-1.9860227610595238,2.1554921540656204,19932.82014885922,-25.98950291199098
EURUSD,5min+1h_e15_zero_hm0_s1.5_t3.5_long,5min,1h,15.0,zero,0.0,0.0,1.5,3.5,0.0,0.0,long,all,635,-80.05710224648466,0.4218351402076034,29.606299212598426,-80.1280959706088,-2.261769711208387,1.847244094488189,19942.897753515346,-26.05282007816473
EURUSD,5min+1h_e15_zero_hm0_s2.0_t4.0_both,5min,1h,15.0,zero,0.0,0.0,2.0,4.0,0.0,0.0,both,all,860,-80.01719194262678,0.4529341999264854,35.81395348837209,-80.0859046975623,-2.137865501833846,2.318604651162791,19982.808057373222,-25.97178836579135
EURUSD,5min+1h_e15_zero_hm0_s2.0_t4.0_long,5min,1h,15.0,zero,0.0,0.0,2.0,4.0,0.0,0.0,long,all,783,-80.0162177688467,0.4262179752404968,30.523627075351214,-80.0849338735699,-2.6714396561984013,2.112388250319285,19983.782231153302,-26.03850112759542
EURUSD,5min+1h_e15_zero_hm12_s1.5_t2.5_both,5min,1h,15.0,zero,0.0,12.0,1.5,2.5,0.0,0.0,both,all,650,-80.18342610850955,0.4433643526405436,31.846153846153847,-80.25397013863626,-2.2677715677144943,2.083076923076923,19816.573891490454,-26.009084968284473
EURUSD,5min+1h_e15_zero_hm12_s1.5_t2.5_long,5min,1h,15.0,zero,0.0,12.0,1.5,2.5,0.0,0.0,long,all,628,-80.0415856521995,0.40318434652367147,28.980891719745223,-80.11263461307145,-2.752374878094272,1.874203821656051,19958.414347800506,-26.09820794430166
EURUSD,5min+1h_e15_zero_hm12_s1.5_t3.5_both,5min,1h,15.0,zero,0.0,12.0,1.5,3.5,0.0,0.0,both,all,649,-80.01437345580591,0.43193445957963866,31.741140215716488,-80.0855192880146,-2.239903678747768,2.115562403697997,19985.626544194096,-26.024159560803724
EURUSD,5min+1h_e15_zero_hm12_s1.5_t3.5_long,5min,1h,15.0,zero,0.0,12.0,1.5,3.5,0.0,0.0,long,all,631,-80.03689032020282,0.40781506303152915,28.84310618066561,-80.10795599575229,-2.6461445292961976,1.9572107765451665,19963.109679797184,-26.08625619505938
EURUSD,5min+1h_e15_zero_hm12_s2.0_t4.0_both,5min,1h,15.0,zero,0.0,12.0,2.0,4.0,0.0,0.0,both,all,781,-80.00185047979356,0.4281510303633289,32.13828425096031,-80.07061598778425,-2.5331094873172084,2.348271446862996,19998.149520206447,-26.03252108279479
EURUSD,5min+1h_e15_zero_hm12_s2.0_t4.0_long,5min,1h,15.0,zero,0.0,12.0,2.0,4.0,0.0,0.0,long,all,792,-80.04356211105619,0.40907846546230126,30.050505050505052,-80.11218418970059,-3.120196032575546,2.231060606060606,19956.437888943816,-26.08353368837452
EURUSD,5min+1h_e15_zero_hm25_s1.5_t2.5_both,5min,1h,15.0,zero,0.0,25.0,1.5,2.5,0.0,0.0,both,all,636,-80.04523499366482,0.4335393058854699,31.91823899371069,-80.05888363479004,-2.4698550323463317,2.0660377358490565,19954.765006335183,-26.02031648042452
EURUSD,5min+1h_e15_zero_hm25_s1.5_t2.5_long,5min,1h,15.0,zero,0.0,25.0,1.5,2.5,0.0,0.0,long,all,624,-80.17505803285748,0.399659576850381,28.846153846153847,-80.17505803285748,-2.812216644603729,1.8541666666666667,19824.941967142517,-26.114855700502645
EURUSD,5min+1h_e15_zero_hm25_s1.5_t3.5_both,5min,1h,15.0,zero,0.0,25.0,1.5,3.5,0.0,0.0,both,all,612,-80.12147059200404,0.40918223706088597,31.372549019607842,-80.12147059200404,-2.4690934526778743,2.0947712418300655,19878.529407995957,-26.08676205470811
EURUSD,5min+1h_e15_zero_hm25_s1.5_t3.5_long,5min,1h,15.0,zero,0.0,25.0,1.5,3.5,0.0,0.0,long,all,619,-80.13641023998854,0.39681070889978887,28.75605815831987,-80.13641023998854,-2.7255881428888133,1.9240710823909533,19863.589760011466,-26.118886046949612
EURUSD,5min+1h_e15_zero_hm25_s2.0_t4.0_both,5min,1h,15.0,zero,0.0,25.0,2.0,4.0,0.0,0.0,both,all,809,-80.07775731610786,0.4227256265013447,32.756489493201485,-80.09306519227057,-2.753390936445997,2.4239802224969096,19922.24268389214,-26.050018834081776
EURUSD,5min+1h_e15_zero_hm25_s2.0_t4.0_long,5min,1h,15.0,zero,0.0,25.0,2.0,4.0,0.0,0.0,long,all,758,-80.0381313728166,0.37995405171553287,29.41952506596306,-80.05346969680801,-3.10637420818025,2.1952506596306067,19961.868627183405,-26.15377891349615
EURUSD,5min+1h_e15_hard_hm0_s1.5_t2.5_both,5min,1h,15.0,hard,0.0,0.0,1.5,2.5,0.0,0.0,both,all,1131,-80.17696123827265,0.7898274105239074,32.44916003536693,-80.65671381627413,-1.445915792801269,10.095490716180372,19823.038761727345,-25.158778475872104
EURUSD,5min+1h_e15_hard_hm0_s1.5_t2.5_long,5min,1h,15.0,hard,0.0,0.0,1.5,2.5,0.0,0.0,long,all,756,-80.16607945500083,0.7260173738714588,29.62962962962963,-81.00772745436615,-1.8416386000263898,10.661375661375661,19833.92054499918,-25.331908841696034
EURUSD,5min+1h_e15_hard_hm0_s1.5_t3.5_both,5min,1h,15.0,hard,0.0,0.0,1.5,3.5,0.0,0.0,both,all,1170,-80.05239787446847,0.8250371617964819,26.923076923076923,-81.14609381757202,-1.2402891245534258,14.335897435897436,19947.602125531535,-25.085346763190415
EURUSD,5min+1h_e15_hard_hm0_s1.5_t3.5_long,5min,1h,15.0,hard,0.0,0.0,1.5,3.5,0.0,0.0,long,all,659,-80.15127066943005,0.7383532437980027,22.91350531107739,-82.04009760474777,-1.682875535644319,16.01517450682853,19848.72933056996,-25.341771621472105
EURUSD,5min+1h_e15_hard_hm0_s2.0_t4.0_both,5min,1h,15.0,hard,0.0,0.0,2.0,4.0,0.0,0.0,both,all,1294,-80.16440797952637,0.8314399493455127,30.91190108191654,-80.26069760101917,-1.3189937592767187,23.428129829984545,19835.59202047362,-25.03840434985804
EURUSD,5min+1h_e15_hard_hm0_s2.0_t4.0_long,5min,1h,15.0,hard,0.0,0.0,2.0,4.0,0.0,0.0,long,all,649,-80.06279685516236,0.6874637280491119,25.88597842835131,-80.43040587590389,-1.9731019389972582,25.819722650231125,19937.203144837644,-25.40106878911987
EURUSD,5min+1h_e15_hard_hm12_s1.5_t2.5_both,5min,1h,15.0,hard,0.0,12.0,1.5,2.5,0.0,0.0,both,all,937,-80.15929964728194,0.7655002156202823,31.376734258271078,-81.36694674142223,-1.5542991961056076,11.388473852721452,19840.700352718053,-25.24729931649746
EURUSD,5min+1h_e15_hard_hm12_s1.5_t2.5_long,5min,1h,15.0,hard,0.0,12.0,1.5,2.5,0.0,0.0,long,all,770,-80.12794090457676,0.7260973658044697,29.87012987012987,-81.48261860450542,-1.8230358507120727,11.477922077922077,19872.059095423232,-25.349178965852115
EURUSD,5min+1h_e15_hard_hm12_s1.5_t3.5_both,5min,1h,15.0,hard,0.0,12.0,1.5,3.5,0.0,0.0,both,all,996,-80.00429917917575,0.810196337789447,25.602409638554217,-81.33170803153659,-1.3119128568854057,17.14859437751004,19995.70082082426,-25.127949443954876
EURUSD,5min+1h_e15_hard_hm12_s1.5_t3.5_long,5min,1h,15.0,hard,0.0,12.0,1.5,3.5,0.0,0.0,long,all,681,-80.12823945994107,0.7409534963657942,23.201174743024964,-81.91232992539348,-1.645300859632185,17.28928046989721,19871.76054005892,-25.329239034498897
EURUSD,5min+1h_e15_hard_hm12_s2.0_t4.0_both,5min,1h,15.0,hard,0.0,12.0,2.0,4.0,0.0,0.0,both,all,1173,-80.03866356186194,0.8326703115206133,29.41176470588235,-80.03866356186194,-1.3532649002919186,26.491901108269396,19961.33643813807,-25.021417306147423
EURUSD,5min+1h_e15_hard_hm12_s2.0_t4.0_long,5min,1h,15.0,hard,0.0,12.0,2.0,4.0,0.0,0.0,long,all,687,-80.065298554363,0.6899235228130928,25.909752547307132,-80.63430553064933,-2.031363052947763,28.99854439592431,19934.701445637,-25.40317535636776
EURUSD,5min+1h_e15_hard_hm25_s1.5_t2.5_both,5min,1h,15.0,hard,0.0,25.0,1.5,2.5,0.0,0.0,both,all,990,-80.06315129931869,0.7708630048984711,31.818181818181817,-81.14243590340912,-1.6219614707263825,12.152525252525253,19936.848700681312,-25.221065975862935
EURUSD,5min+1h_e15_hard_hm25_s1.5_t2.5_long,5min,1h,15.0,hard,0.0,25.0,1.5,2.5,0.0,0.0,long,all,761,-80.10551847158132,0.7350199952098452,29.829172141918527,-80.89426528124399,-1.815211445940681,11.978975032851512,19894.481528418688,-25.3024413620884
EURUSD,5min+1h_e15_hard_hm25_s1.5_t3.5_both,5min,1h,15.0,hard,0.0,25.0,1.5,3.5,0.0,0.0,both,all,950,-80.07276285563873,0.7991570139669338,25.473684210526315,-81.31879745931742,-1.4347933065837857,17.89263157894737,19927.23714436127,-25.157769877680913
EURUSD,5min+1h_e15_hard_hm25_s1.5_t3.5_long,5min,1h,15.0,hard,0.0,25.0,1.5,3.5,0.0,0.0,long,all,686,-80.00078969173262,0.7322162591401238,23.323615160349853,-81.31626234138871,-1.6559527062904467,18.396501457725947,19999.210308267375,-25.322141433474545
EURUSD,5min+1h_e15_hard_hm25_s2.0_t4.0_both,5min,1h,15.0,hard,0.0,25.0,2.0,4.0,0.0,0.0,both,all,1353,-80.00301781794887,0.8316624341914655,30.155210643015522,-80.17937201001355,-1.279356084843048,29.028085735402808,19996.98218205113,-25.028139507639835
EURUSD,5min+1h_e15_hard_hm25_s2.0_t4.0_long,5min,1h,15.0,hard,0.0,25.0,2.0,4.0,0.0,0.0,long,all,678,-80.0657265467332,0.6813823438269921,25.811209439528024,-80.44494157540628,-1.9424760060840611,30.63864306784661,19934.273453266804,-25.4169708653181
EURUSD,5min+1h_e15_neg_hm0_s1.5_t2.5_both,5min,1h,15.0,neg,10.0,0.0,1.5,2.5,0.0,0.0,both,all,791,-80.09893203438259,0.536483974618791,35.65107458912769,-80.09893203438259,-1.8924303719742939,2.9026548672566372,19901.067965617418,-25.76670462620363
EURUSD,5min+1h_e15_neg_hm0_s1.5_t2.5_long,5min,1h,15.0,neg,10.0,0.0,1.5,2.5,0.0,0.0,long,all,622,-80.00886664917277,0.4737236163641544,29.90353697749196,-80.00886664917277,-2.3375753698461095,2.6237942122186495,19991.133350827226,-25.916400291023436
EURUSD,5min+1h_e15_neg_hm0_s1.5_t3.5_both,5min,1h,15.0,neg,10.0,0.0,1.5,3.5,0.0,0.0,both,all,726,-80.03733211057063,0.5248125258687124,34.57300275482093,-80.03733211057063,-1.838466192643541,3.0482093663911844,19962.667889429365,-25.79095525417387
EURUSD,5min+1h_e15_neg_hm0_s1.5_t3.5_long,5min,1h,15.0,neg,10.0,0.0,1.5,3.5,0.0,0.0,long,all,625,-80.05372365014364,0.4809140936820941,29.6,-80.05372365014364,-2.232484154469685,2.7776,19946.27634985636,-25.902012657806257
EURUSD,5min+1h_e15_neg_hm0_s2.0_t4.0_both,5min,1h,15.0,neg,10.0,0.0,2.0,4.0,0.0,0.0,both,all,859,-80.08655728735212,0.5102275270265272,36.08847497089639,-80.11888314481943,-2.0646767967492687,3.359720605355064,19913.44271264788,-25.832648799720545
EURUSD,5min+1h_e15_neg_hm0_s2.0_t4.0_long,5min,1h,15.0,neg,10.0,0.0,2.0,4.0,0.0,0.0,long,all,736,-80.08435134723922,0.4628305070448071,31.11413043478261,-80.11668078564963,-2.5984054558301097,3.1684782608695654,19915.648652760778,-25.95096501770354
EURUSD,5min+1h_e15_neg_hm12_s1.5_t2.5_both,5min,1h,15.0,neg,10.0,12.0,1.5,2.5,0.0,0.0,both,all,666,-80.03221524269495,0.49287581119781565,31.68168168168168,-80.03221524269495,-2.196446331324938,2.885885885885886,19967.784757305057,-25.870387691421058
EURUSD,5min+1h_e15_neg_hm12_s1.5_t2.5_long,5min,1h,15.0,neg,10.0,12.0,1.5,2.5,0.0,0.0,long,all,623,-80.0844343571812,0.4550857264310826,30.176565008025683,-80.0844343571812,-2.708029115159783,2.836276083467095,19915.565642818812,-25.96904043249679
EURUSD,5min+1h_e15_neg_hm12_s1.5_t3.5_both,5min,1h,15.0,neg,10.0,12.0,1.5,3.5,0.0,0.0,both,all,682,-80.01014247337001,0.5039892276983848,31.818181818181817,-80.01014247337001,-2.1130740622947783,2.9486803519061584,19989.857526629992,-25.84083832862364
EURUSD,5min+1h_e15_neg_hm12_s1.5_t3.5_long,5min,1h,15.0,neg,10.0,12.0,1.5,3.5,0.0,0.0,long,all,649,-80.11512907575276,0.47952702871451336,30.508474576271187,-80.11512907575276,-2.509042595619241,2.99075500770416,19884.870924247232,-25.91039275427394
EURUSD,5min+1h_e15_neg_hm12_s2.0_t4.0_both,5min,1h,15.0,neg,10.0,12.0,2.0,4.0,0.0,0.0,both,all,780,-80.04368487539074,0.4846314583909551,33.717948717948715,-80.07608032843217,-2.4629371709010153,3.3576923076923078,19956.315124609257,-25.893211962175528
EURUSD,5min+1h_e15_neg_hm12_s2.0_t4.0_long,5min,1h,15.0,neg,10.0,12.0,2.0,4.0,0.0,0.0,long,all,742,-80.10754240403037,0.4501582815421638,30.997304582210244,-80.13983419597216,-2.9505148924170084,3.381401617250674,19892.457595969638,-25.984499360144692
EURUSD,5min+1h_e15_neg_hm25_s1.5_t2.5_both,5min,1h,15.0,neg,10.0,25.0,1.5,2.5,0.0,0.0,both,all,683,-80.00905757388024,0.5063992143252976,33.23572474377745,-80.00905757388024,-2.4542539780799957,2.904831625183016,19990.942426119764,-25.834726570097175
EURUSD,5min+1h_e15_neg_hm25_s1.5_t2.5_long,5min,1h,15.0,neg,10.0,25.0,1.5,2.5,0.0,0.0,long,all,615,-80.01205533246575,0.4562959229458225,30.24390243902439,-80.01205533246575,-2.8127305046689512,2.8065040650406505,19987.944667534255,-25.960224619232704
EURUSD,5min+1h_e15_neg_hm25_s1.5_t3.5_both,5min,1h,15.0,neg,10.0,25.0,1.5,3.5,0.0,0.0,both,all,686,-80.09511463540824,0.5140223264236709,33.23615160349854,-80.09511463540824,-2.3734164633987143,2.9737609329446064,19904.88536459176,-25.822553354773483
EURUSD,5min+1h_e15_neg_hm25_s1.5_t3.5_long,5min,1h,15.0,neg,10.0,25.0,1.5,3.5,0.0,0.0,long,all,609,-80.12609364577166,0.466966679007587,30.049261083743843,-80.12609364577166,-2.72906857252687,2.942528735632184,19873.90635422834,-25.942670794142767
EURUSD,5min+1h_e15_neg_hm25_s2.0_t4.0_both,5min,1h,15.0,neg,10.0,25.0,2.0,4.0,0.0,0.0,both,all,812,-80.00422399266083,0.4981314069869911,34.97536945812808,-80.06119985687077,-2.717534492697369,3.5923645320197046,19995.776007339173,-25.857288436513787
EURUSD,5min+1h_e15_neg_hm25_s2.0_t4.0_long,5min,1h,15.0,neg,10.0,25.0,2.0,4.0,0.0,0.0,long,all,724,-80.17867186228199,0.4293136156041103,31.215469613259668,-80.23515065560419,-3.1096878598044415,3.4640883977900554,19821.32813771801,-26.043268861705172
EURUSD,5min+1h_e20_zero_hm0_s1.5_t2.5_both,5min,1h,20.0,zero,0.0,0.0,1.5,2.5,0.0,0.0,both,all,645,-80.01775748165603,0.4299786426623385,33.798449612403104,-80.01775748165603,-2.0802932563602994,2.15968992248062,19982.242518343963,-26.026473991876635
EURUSD,5min+1h_e20_zero_hm0_s1.5_t2.5_long,5min,1h,20.0,zero,0.0,0.0,1.5,2.5,0.0,0.0,long,all,623,-80.07266341564052,0.40158879866726294,30.176565008025683,-80.07266341564052,-2.465967728735688,1.7287319422150882,19927.336584359484,-26.101841076583085
EURUSD,5min+1h_e20_zero_hm0_s1.5_t3.5_both,5min,1h,20.0,zero,0.0,0.0,1.5,3.5,0.0,0.0,both,all,635,-80.08671542608734,0.41370766456373564,33.85826771653543,-80.08671542608734,-2.0375563557190723,2.1874015748031495,19913.28457391266,-26.072668072677647
EURUSD,5min+1h_e20_zero_hm0_s1.5_t3.5_long,5min,1h,20.0,zero,0.0,0.0,1.5,3.5,0.0,0.0,long,all,620,-80.0868490977773,0.3998024015266497,29.838709677419356,-80.0868490977773,-2.4003331120069036,1.7806451612903227,19913.150902222693,-26.10744192400556
EURUSD,5min+1h_e20_zero_hm0_s2.0_t4.0_both,5min,1h,20.0,zero,0.0,0.0,2.0,4.0,0.0,0.0,both,all,843,-80.16203604179326,0.43732827960269294,35.23131672597865,-80.16203604179326,-2.180808357886029,2.380782918149466,19837.963958206736,-26.01964218433673
EURUSD,5min+1h_e20_zero_hm0_s2.0_t4.0_long,5min,1h,20.0,zero,0.0,0.0,2.0,4.0,0.0,0.0,long,all,776,-80.1565791044021,0.4173955286016328,31.056701030927837,-80.1565791044021,-2.7691411385351263,2.056701030927835,19843.4208955979,-26.069037506848087
EURUSD,5min+1h_e20_zero_hm12_s1.5_t2.5_both,5min,1h,20.0,zero,0.0,12.0,1.5,2.5,0.0,0.0,both,all,632,-80.08110406279943,0.42846902180580043,31.4873417721519,-80.08110406279943,-2.347867128686928,2.0617088607594938,19918.895937200577,-26.035315770509452
EURUSD,5min+1h_e20_zero_hm12_s1.5_t2.5_long,5min,1h,20.0,zero,0.0,12.0,1.5,2.5,0.0,0.0,long,all,625,-80.05031099968237,0.3934795179545915,29.92,-80.05031099968237,-2.826946405917377,1.8144,19949.689000317645,-26.12032608508811
EURUSD,5min+1h_e20_zero_hm12_s1.5_t3.5_both,5min,1h,20.0,zero,0.0,12.0,1.5,3.5,0.0,0.0,both,all,627,-80.02357898795633,0.4091138608996229,31.259968102073366,-80.02357898795633,-2.3110466302743093,2.0956937799043063,19976.421012043673,-26.07910166678745
EURUSD,5min+1h_e20_zero_hm12_s1.5_t3.5_long,5min,1h,20.0,zero,0.0,12.0,1.5,3.5,0.0,0.0,long,all,623,-80.15667527470718,0.38766287136423055,29.53451043338684,-80.15667527470718,-2.7053336288901497,1.8796147672552166,19843.32472529282,-26.143376843566
EURUSD,5min+1h_e20_zero_hm12_s2.0_t4.0_both,5min,1h,20.0,zero,0.0,12.0,2.0,4.0,0.0,0.0,both,all,752,-80.12431873853248,0.41375080739243736,31.914893617021278,-80.12431873853248,-2.6055711612199337,2.353723404255319,19875.68126146753,-26.075568480601504
EURUSD,5min+1h_e20_zero_hm12_s2.0_t4.0_long,5min,1h,20.0,zero,0.0,12.0,2.0,4.0,0.0,0.0,long,all,762,-80.03014161688611,0.39388422380190885,30.31496062992126,-80.03014161688611,-3.1648800926204506,2.161417322834646,19969.85838311388,-26.117700769846117
EURUSD,5min+1h_e20_zero_hm25_s1.5_t2.5_both,5min,1h,20.0,zero,0.0,25.0,1.5,2.5,0.0,0.0,both,all,591,-80.03420116197559,0.41044824140295383,31.133671742808797,-80.03420116197559,-2.4791438103305294,2.047377326565144,19965.798838024406,-26.076615489450663
EURUSD,5min+1h_e20_zero_hm25_s1.5_t2.5_long,5min,1h,20.0,zero,0.0,25.0,1.5,2.5,0.0,0.0,long,all,577,-80.0365840993162,0.37109450281215733,28.596187175043326,-80.0365840993162,-2.9391961746207715,1.805892547660312,19963.415900683794,-26.175190470914902
EURUSD,5min+1h_e20_zero_hm25_s1.5_t3.5_both,5min,1h,20.0,zero,0.0,25.0,1.5,3.5,0.0,0.0,both,all,563,-80.06172153692579,0.37648178976083957,30.550621669627,-80.06172153692579,-2.4841851312464156,2.079928952042629,19938.278463074206,-26.163733248551964
EURUSD,5min+1h_e20_zero_hm25_s1.5_t3.5_long,5min,1h,20.0,zero,0.0,25.0,1.5,3.5,0.0,0.0,long,all,572,-80.14895911602254,0.3597163833976311,28.496503496503497,-80.14895911602254,-2.8318657629459545,1.8653846153846154,19851.040883977454,-26.212625770787724
EURUSD,5min+1h_e20_zero_hm25_s2.0_t4.0_both,5min,1h,20.0,zero,0.0,25.0,2.0,4.0,0.0,0.0,both,all,771,-80.04365892740923,0.4078078644688535,32.03631647211414,-80.05899300413176,-2.7958267854837593,2.440985732814527,19956.34107259078,-26.084586416089508
EURUSD,5min+1h_e20_zero_hm25_s2.0_t4.0_long,5min,1h,20.0,zero,0.0,25.0,2.0,4.0,0.0,0.0,long,all,720,-80.03009678302895,0.3542105665937981,29.72222222222222,-80.04544128064788,-3.1430980107551543,2.1375,19969.903216971044,-26.21749510606258
EURUSD,5min+1h_e20_hard_hm0_s1.5_t2.5_both,5min,1h,20.0,hard,0.0,0.0,1.5,2.5,0.0,0.0,both,all,1206,-80.03303781664896,0.8074039441165038,33.001658374792704,-80.9039997513007,-1.3969282990784497,10.037313432835822,19966.962183351046,-25.11897164242673
EURUSD,5min+1h_e20_hard_hm0_s1.5_t2.5_long,5min,1h,20.0,hard,0.0,0.0,1.5,2.5,0.0,0.0,long,all,758,-80.08992142778801,0.7404073580114233,29.683377308707126,-81.12545316430953,-1.7363709844497137,10.534300791556728,19910.078572211984,-25.297596588655345
EURUSD,5min+1h_e20_hard_hm0_s1.5_t3.5_both,5min,1h,20.0,hard,0.0,0.0,1.5,3.5,0.0,0.0,both,all,1152,-80.03471804931608,0.8274984817836075,26.99652777777778,-80.96080324205639,-1.2351627112047627,14.749131944444445,19965.28195068391,-25.071074647195882
EURUSD,5min+1h_e20_hard_hm0_s1.5_t3.5_long,5min,1h,20.0,hard,0.0,0.0,1.5,3.5,0.0,0.0,long,all,654,-80.09702321487572,0.7377116690848277,22.93577981651376,-81.80910343201197,-1.6257696286928047,16.20948012232416,19902.97678512428,-25.33196589316344
EURUSD,5min+1h_e20_hard_hm0_s2.0_t4.0_both,5min,1h,20.0,hard,0.0,0.0,2.0,4.0,0.0,0.0,both,all,1267,-80.07944194536148,0.838632853252364,30.623520126282557,-80.07944194536148,-1.2849578133830313,23.06787687450671,19920.558054638514,-25.00977322249801
EURUSD,5min+1h_e20_hard_hm0_s2.0_t4.0_long,5min,1h,20.0,hard,0.0,0.0,2.0,4.0,0.0,0.0,long,all,679,-80.03582164995001,0.7031999240766214,26.21502209131075,-80.38639871404932,-1.9005665230178006,24.885125184094257,19964.17835004999,-25.35888900436842
EURUSD,5min+1h_e20_hard_hm12_s1.5_t2.5_both,5min,1h,20.0,hard,0.0,12.0,1.5,2.5,0.0,0.0,both,all,1049,-80.1068015494165,0.7876935154681828,32.030505243088655,-81.5044676131719,-1.3826333066975989,11.583412774070544,19893.198450583503,-25.19521697783308
EURUSD,5min+1h_e20_hard_hm12_s1.5_t2.5_long,5min,1h,20.0,hard,0.0,12.0,1.5,2.5,0.0,0.0,long,all,782,-80.07405935877568,0.7365350474170197,30.051150895140665,-81.43241016213986,-1.7028290283651277,11.787723785166241,19925.940641224315,-25.31892116229407
EURUSD,5min+1h_e20_hard_hm12_s1.5_t3.5_both,5min,1h,20.0,hard,0.0,12.0,1.5,3.5,0.0,0.0,both,all,1041,-80.1670025705731,0.8139891316760369,25.74447646493756,-81.31819477457334,-1.256012231523424,17.125840537944285,19832.99742942691,-25.124435064615767
EURUSD,5min+1h_e20_hard_hm12_s1.5_t3.5_long,5min,1h,20.0,hard,0.0,12.0,1.5,3.5,0.0,0.0,long,all,675,-80.0951397993818,0.7332480653977814,23.25925925925926,-81.6991938976723,-1.6677620012152434,17.967407407407407,19904.8602006182,-25.33865318438771
EURUSD,5min+1h_e20_hard_hm12_s2.0_t4.0_both,5min,1h,20.0,hard,0.0,12.0,2.0,4.0,0.0,0.0,both,all,1131,-80.01181402955787,0.832871066560858,29.177718832891248,-81.1265256693249,-1.3581615399115166,26.58974358974359,19988.18597044213,-25.063355921553168
EURUSD,5min+1h_e20_hard_hm12_s2.0_t4.0_long,5min,1h,20.0,hard,0.0,12.0,2.0,4.0,0.0,0.0,long,all,637,-80.1099691556749,0.6781451739051927,25.274725274725274,-80.6777010748027,-2.031635084415933,27.857142857142858,19890.0308443251,-25.43614387445612
EURUSD,5min+1h_e20_hard_hm25_s1.5_t2.5_both,5min,1h,20.0,hard,0.0,25.0,1.5,2.5,0.0,0.0,both,all,994,-80.0402130749688,0.7802843918060862,31.790744466800806,-80.99802425001452,-1.6174525078862514,12.085513078470825,19959.786925031192,-25.190818513484118
EURUSD,5min+1h_e20_hard_hm25_s1.5_t2.5_long,5min,1h,20.0,hard,0.0,25.0,1.5,2.5,0.0,0.0,long,all,790,-80.08728127975336,0.7377001334792705,30.126582278481013,-80.75245001281706,-1.7181414241209783,12.343037974683543,19912.71872024665,-25.289338918004642
EURUSD,5min+1h_e20_hard_hm25_s1.5_t3.5_both,5min,1h,20.0,hard,0.0,25.0,1.5,3.5,0.0,0.0,both,all,908,-80.047203666476,0.7830290995919018,25.220264317180618,-80.65243143188592,-1.4774392222896642,18.230176211453745,19952.796333524,-25.170412654954724
EURUSD,5min+1h_e20_hard_hm25_s1.5_t3.5_long,5min,1h,20.0,hard,0.0,25.0,1.5,3.5,0.0,0.0,long,all,632,-80.06203983609707,0.6992201664917082,22.78481012658228,-80.86014940051292,-1.7278366914828371,18.938291139240505,19937.960163902924,-25.38883715323513
EURUSD,5min+1h_e20_hard_hm25_s2.0_t4.0_both,5min,1h,20.0,hard,0.0,25.0,2.0,4.0,0.0,0.0,both,all,1012,-80.10772987472397,0.8024039022964888,28.656126482213438,-80.64093748427108,-1.5457093916131246,28.876482213438734,19892.270125276023,-25.12393693861858
EURUSD,5min+1h_e20_hard_hm25_s2.0_t4.0_long,5min,1h,20.0,hard,0.0,25.0,2.0,4.0,0.0,0.0,long,all,614,-80.12546563612004,0.646341561617524,24.9185667752443,-80.69850878975771,-2.0473611328788137,30.767100977198698,19874.53436387996,-25.5171050729913
EURUSD,5min+1h_e20_neg_hm0_s1.5_t2.5_both,5min,1h,20.0,neg,10.0,0.0,1.5,2.5,0.0,0.0,both,all,738,-80.01483922560489,0.5173642464143827,34.823848238482384,-80.01483922560489,-1.9560356515700843,2.9146341463414633,19985.16077439512,-25.807776522012436
EURUSD,5min+1h_e20_neg_hm0_s1.5_t2.5_long,5min,1h,20.0,neg,10.0,0.0,1.5,2.5,0.0,0.0,long,all,624,-80.0492424911879,0.46783406806039124,30.608974358974358,-80.0492424911879,-2.4037412050227585,2.4935897435897436,19950.7575088121,-25.934354229144056
EURUSD,5min+1h_e20_neg_hm0_s1.5_t3.5_both,5min,1h,20.0,neg,10.0,0.0,1.5,3.5,0.0,0.0,both,all,735,-80.09957567199221,0.5126812623912697,34.5578231292517,-80.09957567199221,-1.9127869589044801,2.9673469387755103,19900.424328007794,-25.826262897781202
EURUSD,5min+1h_e20_neg_hm0_s1.5_t3.5_long,5min,1h,20.0,neg,10.0,0.0,1.5,3.5,0.0,0.0,long,all,618,-80.0702502211503,0.4639640537978885,30.258899676375403,-80.0702502211503,-2.3162547388135764,2.598705501618123,19929.7497788497,-25.945709883197303
EURUSD,5min+1h_e20_neg_hm0_s2.0_t4.0_both,5min,1h,20.0,neg,10.0,0.0,2.0,4.0,0.0,0.0,both,all,847,-80.0519683003192,0.5037800236460485,35.773317591499406,-80.0519683003192,-2.106295367580836,3.3695395513577333,19948.031699680792,-25.844707404910416
EURUSD,5min+1h_e20_neg_hm0_s2.0_t4.0_long,5min,1h,20.0,neg,10.0,0.0,2.0,4.0,0.0,0.0,long,all,737,-80.02107069544364,0.46468258579789173,31.886024423337854,-80.02107069544364,-2.671210811371902,3.0597014925373136,19978.92930455636,-25.93997919114076
EURUSD,5min+1h_e20_neg_hm12_s1.5_t2.5_both,5min,1h,20.0,neg,10.0,12.0,1.5,2.5,0.0,0.0,both,all,654,-80.09664465374561,0.4926799077319751,31.95718654434251,-80.09664465374561,-2.2398397274049566,2.802752293577982,19903.355346254382,-25.876031802969713
EURUSD,5min+1h_e20_neg_hm12_s1.5_t2.5_long,5min,1h,20.0,neg,10.0,12.0,1.5,2.5,0.0,0.0,long,all,643,-80.12383664512747,0.46887212280427476,31.104199066874028,-80.12383664512747,-2.7505467656962375,2.671850699844479,19876.163354872537,-25.93772662459951
EURUSD,5min+1h_e20_neg_hm12_s1.5_t3.5_both,5min,1h,20.0,neg,10.0,12.0,1.5,3.5,0.0,0.0,both,all,625,-80.00691997825439,0.47546769864042154,31.04,-80.00691997825439,-2.182681814218279,2.9024,19993.08002174561,-25.911884351659296
EURUSD,5min+1h_e20_neg_hm12_s1.5_t3.5_long,5min,1h,20.0,neg,10.0,12.0,1.5,3.5,0.0,0.0,long,all,637,-80.00825659341932,0.4612829251399248,30.76923076923077,-80.00825659341932,-2.6129492126965776,2.805337519623234,19991.743406580674,-25.947453214623735
EURUSD,5min+1h_e20_neg_hm12_s2.0_t4.0_both,5min,1h,20.0,neg,10.0,12.0,2.0,4.0,0.0,0.0,both,all,748,-80.01637728272306,0.4732146356607396,33.42245989304813,-80.01637728272306,-2.442614256630873,3.2927807486631018,19983.622717276936,-25.918273593465997
EURUSD,5min+1h_e20_neg_hm12_s2.0_t4.0_long,5min,1h,20.0,neg,10.0,12.0,2.0,4.0,0.0,0.0,long,all,723,-80.16347339592895,0.4392594172445891,30.982019363762102,-80.16347339592895,-2.8971034608247104,3.172890733056708,19836.526604071045,-26.014929328562843
EURUSD,5min+1h_e20_neg_hm25_s1.5_t2.5_both,5min,1h,20.0,neg,10.0,25.0,1.5,2.5,0.0,0.0,both,all,659,-80.08941439292734,0.502741985593877,33.23216995447648,-80.08941439292734,-2.4806735286186394,2.860394537177542,19910.585607072662,-25.850298187449496
EURUSD,5min+1h_e20_neg_hm25_s1.5_t2.5_long,5min,1h,20.0,neg,10.0,25.0,1.5,2.5,0.0,0.0,long,all,588,-80.19104879447157,0.4491690931038162,29.931972789115648,-80.19104879447157,-2.9059181352376005,2.67687074829932,19808.95120552843,-25.992361170798187
EURUSD,5min+1h_e20_neg_hm25_s1.5_t3.5_both,5min,1h,20.0,neg,10.0,25.0,1.5,3.5,0.0,0.0,both,all,646,-80.03795756012717,0.4846321499038411,32.972136222910216,-80.03795756012717,-2.429006679279715,2.8993808049535605,19962.04243987283,-25.891456230050572
EURUSD,5min+1h_e20_neg_hm25_s1.5_t3.5_long,5min,1h,20.0,neg,10.0,25.0,1.5,3.5,0.0,0.0,long,all,580,-80.16500058390069,0.43586208198133325,29.82758620689655,-80.16500058390069,-2.822065331534282,2.7844827586206895,19834.99941609931,-26.02354484175872
EURUSD,5min+1h_e20_neg_hm25_s2.0_t4.0_both,5min,1h,20.0,neg,10.0,25.0,2.0,4.0,0.0,0.0,both,all,780,-80.05605195743722,0.48177393910385674,34.743589743589745,-80.11288014330337,-2.7423294912195706,3.5153846153846153,19943.948042562788,-25.902322436269984
EURUSD,5min+1h_e20_neg_hm25_s2.0_t4.0_long,5min,1h,20.0,neg,10.0,25.0,2.0,4.0,0.0,0.0,long,all,698,-80.03168585503516,0.40984996207729646,31.375358166189113,-80.08858346955172,-3.098772945321127,3.2951289398280803,19968.31414496484,-26.080185867790235
EURUSD,5min+1h_e25_zero_hm0_s1.5_t2.5_both,5min,1h,25.0,zero,0.0,0.0,1.5,2.5,0.0,0.0,both,all,743,-80.14542101556798,0.47462275175391283,35.39703903095558,-80.14542101556798,-2.15422191869702,2.1063257065948857,19854.578984432028,-25.925076801860655
EURUSD,5min+1h_e25_zero_hm0_s1.5_t2.5_long,5min,1h,25.0,zero,0.0,0.0,1.5,2.5,0.0,0.0,long,all,657,-80.03403594545183,0.4377972543049196,30.898021308980212,-80.03403594545183,-2.6105558701118894,1.6712328767123288,19965.964054548167,-26.008229739873848
EURUSD,5min+1h_e25_zero_hm0_s1.5_t3.5_both,5min,1h,25.0,zero,0.0,0.0,1.5,3.5,0.0,0.0,both,all,739,-80.03967525750876,0.46673403269424196,35.317997293640055,-80.03967525750876,-2.150615944491266,2.1420838971583223,19960.324742491244,-25.9363389388651
EURUSD,5min+1h_e25_zero_hm0_s1.5_t3.5_long,5min,1h,25.0,zero,0.0,0.0,1.5,3.5,0.0,0.0,long,all,635,-80.02271277030526,0.4190201724414677,30.393700787401574,-80.02271277030526,-2.555070872254276,1.7307086614173228,19977.287229694735,-26.05426659052075
EURUSD,5min+1h_e25_zero_hm0_s2.0_t4.0_both,5min,1h,25.0,zero,0.0,0.0,2.0,4.0,0.0,0.0,both,all,876,-80.10833802235426,0.4652039737888627,35.15981735159817,-80.10833802235426,-2.3352127056057093,2.4006849315068495,19891.661977645734,-25.945657107316183
EURUSD,5min+1h_e25_zero_hm0_s2.0_t4.0_long,5min,1h,25.0,zero,0.0,0.0,2.0,4.0,0.0,0.0,long,all,774,-80.06991582517095,0.42597892753228916,30.74935400516796,-80.06991582517095,-2.8422447180890877,1.9677002583979328,19930.084174829037,-26.040645947182952
EURUSD,5min+1h_e25_zero_hm12_s1.5_t2.5_both,5min,1h,25.0,zero,0.0,12.0,1.5,2.5,0.0,0.0,both,all,645,-80.03099914821907,0.44594716023022296,31.31782945736434,-80.03099914821907,-2.4106393172965506,2.0511627906976746,19969.000851780926,-25.98761203128197
EURUSD,5min+1h_e25_zero_hm12_s1.5_t2.5_long,5min,1h,25.0,zero,0.0,12.0,1.5,2.5,0.0,0.0,long,all,681,-80.04588647769452,0.4422113683432387,30.837004405286343,-80.04588647769452,-2.856496869653098,1.7151248164464024,19954.113522305477,-25.998142497357467
EURUSD,5min+1h_e25_zero_hm12_s1.5_t3.5_both,5min,1h,25.0,zero,0.0,12.0,1.5,3.5,0.0,0.0,both,all,638,-80.02239649440183,0.4320731635656684,31.03448275862069,-80.02239649440183,-2.4051448986008452,2.0752351097178683,19977.603505598163,-26.021608810637975
EURUSD,5min+1h_e25_zero_hm12_s1.5_t3.5_long,5min,1h,25.0,zero,0.0,12.0,1.5,3.5,0.0,0.0,long,all,667,-80.01254760027497,0.4252609968252524,30.584707646176913,-80.01254760027497,-2.7436119494320224,1.8020989505247376,19987.45239972503,-26.037851315958868
EURUSD,5min+1h_e25_zero_hm12_s2.0_t4.0_both,5min,1h,25.0,zero,0.0,12.0,2.0,4.0,0.0,0.0,both,all,807,-80.12174386117687,0.442305142800281,33.2094175960347,-80.12174386117687,-2.728409207847058,2.40272614622057,19878.256138823133,-26.003976651893446
EURUSD,5min+1h_e25_zero_hm12_s2.0_t4.0_long,5min,1h,25.0,zero,0.0,12.0,2.0,4.0,0.0,0.0,long,all,762,-80.03750508534453,0.4075422229961763,30.183727034120736,-80.03750508534453,-3.0622354737216186,2.031496062992126,19962.494914655465,-26.08414484933712
EURUSD,5min+1h_e25_zero_hm25_s1.5_t2.5_both,5min,1h,25.0,zero,0.0,25.0,1.5,2.5,0.0,0.0,both,all,693,-80.00746854705815,0.46114556575502796,32.17893217893218,-80.00746854705815,-2.5200159030396523,2.0476190476190474,19992.531452941854,-25.947733569377082
EURUSD,5min+1h_e25_zero_hm25_s1.5_t2.5_long,5min,1h,25.0,zero,0.0,25.0,1.5,2.5,0.0,0.0,long,all,604,-80.05570395489265,0.4074845738507931,29.304635761589402,-80.05570395489265,-2.933840824849639,1.6970198675496688,19944.29604510735,-26.08574488176443
EURUSD,5min+1h_e25_zero_hm25_s1.5_t3.5_both,5min,1h,25.0,zero,0.0,25.0,1.5,3.5,0.0,0.0,both,all,679,-80.00485456140834,0.44306465988406746,31.95876288659794,-80.00485456140834,-2.439414762867586,2.098674521354934,19995.145438591666,-25.992726715202497
EURUSD,5min+1h_e25_zero_hm25_s1.5_t3.5_long,5min,1h,25.0,zero,0.0,25.0,1.5,3.5,0.0,0.0,long,all,597,-80.09421234314978,0.38855004788200154,29.14572864321608,-80.09421234314978,-2.8038984184932323,1.7587939698492463,19905.787656850232,-26.136161867746978
EURUSD,5min+1h_e25_zero_hm25_s2.0_t4.0_both,5min,1h,25.0,zero,0.0,25.0,2.0,4.0,0.0,0.0,both,all,781,-80.01902182683827,0.4304719718534648,32.010243277848915,-80.03437483424499,-2.953757037861417,2.4494238156209986,19980.97817316174,-26.02595593680967
EURUSD,5min+1h_e25_zero_hm25_s2.0_t4.0_long,5min,1h,25.0,zero,0.0,25.0,2.0,4.0,0.0,0.0,long,all,733,-80.0697180221562,0.3706511363393962,29.46793997271487,-80.08503207556102,-3.1632921939381156,2.058663028649386,19930.2819778438,-26.179562163060197
EURUSD,5min+1h_e25_hard_hm0_s1.5_t2.5_both,5min,1h,25.0,hard,0.0,0.0,1.5,2.5,0.0,0.0,both,all,1239,-80.06839551332763,0.8241787619043816,33.09120258272801,-81.02136324322652,-1.3745523733620881,10.27360774818402,19931.60448667237,-25.08314344550121
EURUSD,5min+1h_e25_hard_hm0_s1.5_t2.5_long,5min,1h,25.0,hard,0.0,0.0,1.5,2.5,0.0,0.0,long,all,839,-80.05817714337068,0.7702543572938205,30.512514898688917,-81.64466688957745,-1.7126813142392148,10.545887961859357,19941.82285662932,-25.242477868083373
EURUSD,5min+1h_e25_hard_hm0_s1.5_t3.5_both,5min,1h,25.0,hard,0.0,0.0,1.5,3.5,0.0,0.0,both,all,1199,-80.1094771322188,0.8372722081095506,27.022518765638033,-80.69049680490164,-1.193252724876036,15.404503753127607,19890.522867781205,-25.038818437210942
EURUSD,5min+1h_e25_hard_hm0_s1.5_t3.5_long,5min,1h,25.0,hard,0.0,0.0,1.5,3.5,0.0,0.0,long,all,783,-80.07829759551633,0.7728576212992903,24.26564495530013,-81.60806930811789,-1.5495079924140895,16.478927203065133,19921.702404483665,-25.235310622897142
EURUSD,5min+1h_e25_hard_hm0_s2.0_t4.0_both,5min,1h,25.0,hard,0.0,0.0,2.0,4.0,0.0,0.0,both,all,1293,-80.14437549281027,0.8530603199714939,30.549110595514307,-80.43252362817128,-1.3073282084927644,23.639597834493426,19855.624507189725,-24.990425164910526
EURUSD,5min+1h_e25_hard_hm0_s2.0_t4.0_long,5min,1h,25.0,hard,0.0,0.0,2.0,4.0,0.0,0.0,long,all,918,-80.04980996658908,0.7783816507287838,28.21350762527233,-80.97093716051286,-1.6651931952868677,25.424836601307188,19950.190033410923,-25.194875758262118
EURUSD,5min+1h_e25_hard_hm12_s1.5_t2.5_both,5min,1h,25.0,hard,0.0,12.0,1.5,2.5,0.0,0.0,both,all,1082,-80.05190896998772,0.8151008996627455,32.1626617375231,-81.8104386715407,-1.3804827549876508,11.390018484288355,19948.091030012274,-25.136741656504274
EURUSD,5min+1h_e25_hard_hm12_s1.5_t2.5_long,5min,1h,25.0,hard,0.0,12.0,1.5,2.5,0.0,0.0,long,all,898,-80.00089470989839,0.7862184082625342,31.06904231625835,-81.72295711603881,-1.5184405633419427,11.439866369710467,19999.105290101605,-25.203408052381153
EURUSD,5min+1h_e25_hard_hm12_s1.5_t3.5_both,5min,1h,25.0,hard,0.0,12.0,1.5,3.5,0.0,0.0,both,all,1106,-80.18294422507827,0.838857921804641,26.039783001808317,-81.9738718001058,-1.1895146263537657,16.83363471971067,19817.05577492173,-25.089127836495763
EURUSD,5min+1h_e25_hard_hm12_s1.5_t3.5_long,5min,1h,25.0,hard,0.0,12.0,1.5,3.5,0.0,0.0,long,all,767,-80.00007094272557,0.7823674569312249,24.11994784876141,-82.0310614965843,-1.4514971542498392,17.482398956975228,19999.92905727443,-25.225326655244334
EURUSD,5min+1h_e25_hard_hm12_s2.0_t4.0_both,5min,1h,25.0,hard,0.0,12.0,2.0,4.0,0.0,0.0,both,all,1231,-80.1601563181402,0.8595490695056035,29.488220958570267,-82.79537060234948,-1.35741684392382,26.561332250203087,19839.84368185981,-25.069348403055578
EURUSD,5min+1h_e25_hard_hm12_s2.0_t4.0_long,5min,1h,25.0,hard,0.0,12.0,2.0,4.0,0.0,0.0,long,all,787,-80.11129047083394,0.7563871702214892,26.810673443456164,-81.78251973262338,-1.7950522614390327,27.838627700127066,19888.709529166063,-25.28478448258457
EURUSD,5min+1h_e25_hard_hm25_s1.5_t2.5_both,5min,1h,25.0,hard,0.0,25.0,1.5,2.5,0.0,0.0,both,all,1043,-80.11600234227323,0.8077537418510966,32.02301054650048,-81.75102960634219,-1.5685371590771366,11.728667305848514,19883.99765772676,-25.155296923316875
EURUSD,5min+1h_e25_hard_hm25_s1.5_t2.5_long,5min,1h,25.0,hard,0.0,25.0,1.5,2.5,0.0,0.0,long,all,846,-80.1795893958171,0.775657217028931,30.61465721040189,-81.15574555614322,-1.7702120391876182,11.33451536643026,19820.410604182907,-25.214270355506088
EURUSD,5min+1h_e25_hard_hm25_s1.5_t3.5_both,5min,1h,25.0,hard,0.0,25.0,1.5,3.5,0.0,0.0,both,all,983,-80.1726802356634,0.8151782402718475,25.53407934893184,-81.7282708123394,-1.344338128428099,17.808748728382504,19827.319764336597,-25.138092441240495
EURUSD,5min+1h_e25_hard_hm25_s1.5_t3.5_long,5min,1h,25.0,hard,0.0,25.0,1.5,3.5,0.0,0.0,long,all,807,-80.09237950877632,0.7716008722048293,24.411400247831473,-81.45688224221787,-1.5105232365500343,17.775712515489467,19907.62049122368,-25.232968289527694
EURUSD,5min+1h_e25_hard_hm25_s2.0_t4.0_both,5min,1h,25.0,hard,0.0,25.0,2.0,4.0,0.0,0.0,both,all,1340,-80.07958383481974,0.8515847063775683,29.850746268656717,-81.54718313805076,-1.3375480018559642,28.844029850746267,19920.416165180253,-25.0361089129709
EURUSD,5min+1h_e25_hard_hm25_s2.0_t4.0_long,5min,1h,25.0,hard,0.0,25.0,2.0,4.0,0.0,0.0,long,all,786,-80.02923980225117,0.7378701422736852,26.844783715012724,-81.15865778498292,-1.808531987690557,29.61704834605598,19970.760197748834,-25.30284054780515
EURUSD,5min+1h_e25_neg_hm0_s1.5_t2.5_both,5min,1h,25.0,neg,10.0,0.0,1.5,2.5,0.0,0.0,both,all,773,-80.08341014873459,0.5437101804759064,35.83441138421733,-80.08341014873459,-2.046591972801627,2.855109961190168,19916.58985126541,-25.747397360709
EURUSD,5min+1h_e25_neg_hm0_s1.5_t2.5_long,5min,1h,25.0,neg,10.0,0.0,1.5,2.5,0.0,0.0,long,all,696,-80.1346171230567,0.4986652258137893,32.327586206896555,-80.20142719603706,-2.531659515350497,2.3204022988505746,19865.382876943295,-25.866778708229276
EURUSD,5min+1h_e25_neg_hm0_s1.5_t3.5_both,5min,1h,25.0,neg,10.0,0.0,1.5,3.5,0.0,0.0,both,all,757,-80.0298879776406,0.5256704502086594,35.66710700132101,-80.0298879776406,-1.9977219986380779,2.9233817701453106,19970.112022359397,-25.7882149126896
EURUSD,5min+1h_e25_neg_hm0_s1.5_t3.5_long,5min,1h,25.0,neg,10.0,0.0,1.5,3.5,0.0,0.0,long,all,665,-80.00828825019663,0.47291768295682174,31.428571428571427,-80.00828825019663,-2.463881083169715,2.4406015037593987,19991.711749803373,-25.918368852623676
EURUSD,5min+1h_e25_neg_hm0_s2.0_t4.0_both,5min,1h,25.0,neg,10.0,0.0,2.0,4.0,0.0,0.0,both,all,911,-80.00354621613,0.5339932496740194,36.44346871569704,-80.00354621613,-2.126869088844614,3.3249176728869374,19996.453783869998,-25.765300573105353
EURUSD,5min+1h_e25_neg_hm0_s2.0_t4.0_long,5min,1h,25.0,neg,10.0,0.0,2.0,4.0,0.0,0.0,long,all,803,-80.01525778635742,0.4863488874609598,32.378580323785805,-80.01525778635742,-2.707121505418372,2.9265255292652554,19984.742213642574,-25.885348404256195
EURUSD,5min+1h_e25_neg_hm12_s1.5_t2.5_both,5min,1h,25.0,neg,10.0,12.0,1.5,2.5,0.0,0.0,both,all,660,-80.05063738614935,0.5124549893991143,32.42424242424242,-80.05063738614935,-2.2626014055470773,2.724242424242424,19949.36261385066,-25.822913517394163
EURUSD,5min+1h_e25_neg_hm12_s1.5_t2.5_long,5min,1h,25.0,neg,10.0,12.0,1.5,2.5,0.0,0.0,long,all,679,-80.04819588328161,0.5042403231520836,31.36966126656848,-80.2292901607717,-2.734696649695305,2.43740795287187,19951.804116718387,-25.850498633881923
EURUSD,5min+1h_e25_neg_hm12_s1.5_t3.5_both,5min,1h,25.0,neg,10.0,12.0,1.5,3.5,0.0,0.0,both,all,648,-80.0888097049582,0.49482665186366387,32.25308641975309,-80.0888097049582,-2.21284070997562,2.802469135802469,19911.190295041808,-25.870038146737496
EURUSD,5min+1h_e25_neg_hm12_s1.5_t3.5_long,5min,1h,25.0,neg,10.0,12.0,1.5,3.5,0.0,0.0,long,all,665,-80.18449465257427,0.4854712771900671,30.67669172932331,-80.18449465257427,-2.5962004813148516,2.5804511278195488,19815.505347425722,-25.901081379230774
EURUSD,5min+1h_e25_neg_hm12_s2.0_t4.0_both,5min,1h,25.0,neg,10.0,12.0,2.0,4.0,0.0,0.0,both,all,826,-80.0264099570805,0.5096533742197304,34.86682808716707,-80.0264099570805,-2.483283053075159,3.3002421307506054,19973.590042919495,-25.827979361017114
EURUSD,5min+1h_e25_neg_hm12_s2.0_t4.0_long,5min,1h,25.0,neg,10.0,12.0,2.0,4.0,0.0,0.0,long,all,718,-80.01992380422331,0.4565377420203518,31.058495821727018,-80.01992380422331,-2.9505567506606316,2.998607242339833,19980.076195776684,-25.960249549286985
EURUSD,5min+1h_e25_neg_hm25_s1.5_t2.5_both,5min,1h,25.0,neg,10.0,25.0,1.5,2.5,0.0,0.0,both,all,698,-80.0059047468297,0.5366000378085812,33.6676217765043,-80.07353927820667,-2.377607395762141,2.7793696275071635,19994.0952531703,-25.76167766648
EURUSD,5min+1h_e25_neg_hm25_s1.5_t2.5_long,5min,1h,25.0,neg,10.0,25.0,1.5,2.5,0.0,0.0,long,all,665,-80.01022251763541,0.49515586634623165,30.977443609022558,-80.15665547347169,-2.7258447572609357,2.4857142857142858,19989.77748236459,-25.868785453778706
EURUSD,5min+1h_e25_neg_hm25_s1.5_t3.5_both,5min,1h,25.0,neg,10.0,25.0,1.5,3.5,0.0,0.0,both,all,677,-80.04825267303384,0.5134917591869872,33.53028064992615,-80.04825267303384,-2.309331249863097,2.8714918759231907,19951.74732696615,-25.82013081587524
EURUSD,5min+1h_e25_neg_hm25_s1.5_t3.5_long,5min,1h,25.0,neg,10.0,25.0,1.5,3.5,0.0,0.0,long,all,613,-80.02173918768649,0.46436557633490694,30.34257748776509,-80.02173918768649,-2.6873364626727976,2.6117455138662318,19978.260812313503,-25.940825194177652
EURUSD,5min+1h_e25_neg_hm25_s2.0_t4.0_both,5min,1h,25.0,neg,10.0,25.0,2.0,4.0,0.0,0.0,both,all,820,-80.02067111364686,0.5108815206778619,35.1219512195122,-80.07760011351247,-2.7063082224738957,3.4390243902439024,19979.328886353145,-25.82672704739172
EURUSD,5min+1h_e25_neg_hm25_s2.0_t4.0_long,5min,1h,25.0,neg,10.0,25.0,2.0,4.0,0.0,0.0,long,all,745,-80.09179287122832,0.4391440996706572,32.080536912751676,-80.14851921711337,-3.0360589665883477,3.076510067114094,19908.207128771675,-26.011752234357026
EURUSD,5min+1h_e35_zero_hm0_s1.5_t2.5_both,5min,1h,35.0,zero,0.0,0.0,1.5,2.5,0.0,0.0,both,all,759,-80.04403676179759,0.49098046364886894,35.17786561264822,-80.04560316685505,-2.263520870498874,2.072463768115942,19955.963238202414,-25.876134438023932
EURUSD,5min+1h_e35_zero_hm0_s1.5_t2.5_long,5min,1h,35.0,zero,0.0,0.0,1.5,2.5,0.0,0.0,long,all,691,-80.02273478221646,0.45628977224743694,31.83791606367583,-80.02430285933193,-2.674342720034998,1.5007235890014472,19977.265217783548,-25.961157075043342
EURUSD,5min+1h_e35_zero_hm0_s1.5_t3.5_both,5min,1h,35.0,zero,0.0,0.0,1.5,3.5,0.0,0.0,both,all,742,-80.0232435243863,0.47641770667336736,34.77088948787062,-80.02481156156904,-2.241569650408306,2.115902964959569,19976.7564756137,-25.910877936754794
EURUSD,5min+1h_e35_zero_hm0_s1.5_t3.5_long,5min,1h,35.0,zero,0.0,0.0,1.5,3.5,0.0,0.0,long,all,679,-80.05016043066766,0.4352704403224178,31.22238586156112,-80.05172635505949,-2.626541936067149,1.5655375552282769,19949.839569332333,-26.015899370623043
EURUSD,5min+1h_e35_zero_hm0_s2.0_t4.0_both,5min,1h,35.0,zero,0.0,0.0,2.0,4.0,0.0,0.0,both,all,834,-80.00204266132803,0.46058057216051057,34.65227817745804,-80.00325553813855,-2.406405177484515,2.323741007194245,19997.957338671964,-25.948760497577386
EURUSD,5min+1h_e35_zero_hm0_s2.0_t4.0_long,5min,1h,35.0,zero,0.0,0.0,2.0,4.0,0.0,0.0,long,all,840,-80.04217762603646,0.4284920584059897,32.023809523809526,-80.04338806865997,-2.8798383308635347,1.8095238095238095,19957.822373963543,-26.03219248177288
EURUSD,5min+1h_e35_zero_hm12_s1.5_t2.5_both,5min,1h,35.0,zero,0.0,12.0,1.5,2.5,0.0,0.0,both,all,718,-80.06130836063376,0.4909321163124729,32.86908077994429,-80.0628734099902,-2.4525028508600433,1.9596100278551531,19938.691639366236,-25.877636980043775
EURUSD,5min+1h_e35_zero_hm12_s1.5_t2.5_long,5min,1h,35.0,zero,0.0,12.0,1.5,2.5,0.0,0.0,long,all,689,-80.10356006475732,0.4664470913755457,30.76923076923077,-80.10512179764727,-2.7650631120566382,1.5486211901306242,19896.439935242688,-25.94222954605732
EURUSD,5min+1h_e35_zero_hm12_s1.5_t3.5_both,5min,1h,35.0,zero,0.0,12.0,1.5,3.5,0.0,0.0,both,all,687,-80.08519020448668,0.4684055456287836,32.1688500727802,-80.08675337928358,-2.426199753591146,2.036390101892285,19914.809795513323,-25.935863879278852
EURUSD,5min+1h_e35_zero_hm12_s1.5_t3.5_long,5min,1h,35.0,zero,0.0,12.0,1.5,3.5,0.0,0.0,long,all,674,-80.10176809675566,0.4452164237744797,29.97032640949555,-80.10332997030272,-2.6892844986405713,1.6231454005934718,19898.231903244334,-25.995162863246136
EURUSD,5min+1h_e35_zero_hm12_s2.0_t4.0_both,5min,1h,35.0,zero,0.0,12.0,2.0,4.0,0.0,0.0,both,all,838,-80.05385826170237,0.45706918993431445,32.69689737470167,-80.05506799589492,-2.6790917733654376,2.3090692124105012,19946.141738297632,-25.961684075468106
EURUSD,5min+1h_e35_zero_hm12_s2.0_t4.0_long,5min,1h,35.0,zero,0.0,12.0,2.0,4.0,0.0,0.0,long,all,773,-80.03593675357665,0.41198058665713755,30.789133247089264,-80.0371475747093,-3.0149424699117358,1.8589909443725743,19964.063246423346,-26.072971906488593
EURUSD,5min+1h_e35_zero_hm25_s1.5_t2.5_both,5min,1h,35.0,zero,0.0,25.0,1.5,2.5,0.0,0.0,both,all,702,-80.18293059201895,0.4954537161122362,31.48148148148148,-80.23585964944043,-2.6886963237160995,2.007122507122507,19817.069407981056,-25.878117319377786
EURUSD,5min+1h_e35_zero_hm25_s1.5_t2.5_long,5min,1h,35.0,zero,0.0,25.0,1.5,2.5,0.0,0.0,long,all,649,-80.04852253284876,0.44328380642904563,29.42989214175655,-80.10181057835952,-2.941673302207098,1.5577812018489985,19951.47746715124,-25.997803808375718
EURUSD,5min+1h_e35_zero_hm25_s1.5_t3.5_both,5min,1h,35.0,zero,0.0,25.0,1.5,3.5,0.0,0.0,both,all,678,-80.08277538323743,0.47214015077104005,31.26843657817109,-80.13597194342069,-2.5959306575787866,2.0634218289085546,19917.224616762567,-25.928399516138725
EURUSD,5min+1h_e35_zero_hm25_s1.5_t3.5_long,5min,1h,35.0,zero,0.0,25.0,1.5,3.5,0.0,0.0,long,all,630,-80.01047531347287,0.41564288631006374,28.88888888888889,-80.06386497862363,-2.849004250682237,1.6396825396825396,19989.524686527126,-26.0638663959087
EURUSD,5min+1h_e35_zero_hm25_s2.0_t4.0_both,5min,1h,35.0,zero,0.0,25.0,2.0,4.0,0.0,0.0,both,all,759,-80.01288258728093,0.4334380711282978,31.0935441370224,-80.05295628896994,-2.9601811432876453,2.3399209486166006,19987.117412719082,-26.01903837722929
EURUSD,5min+1h_e35_zero_hm25_s2.0_t4.0_long,5min,1h,35.0,zero,0.0,25.0,2.0,4.0,0.0,0.0,long,all,766,-80.14831121048692,0.3834798022188656,30.287206266318538,-80.18811338096239,-3.2425934082780317,1.843342036553525,19851.688789513075,-26.15475747811081
EURUSD,5min+1h_e35_hard_hm0_s1.5_t2.5_both,5min,1h,35.0,hard,0.0,0.0,1.5,2.5,0.0,0.0,both,all,1169,-80.08101197729744,0.8063108795467587,32.84858853721129,-80.32285646511475,-1.3913802927525374,10.105218135158255,19918.988022702568,-25.10037753882959
EURUSD,5min+1h_e35_hard_hm0_s1.5_t2.5_long,5min,1h,35.0,hard,0.0,0.0,1.5,2.5,0.0,0.0,long,all,786,-80.15637740437846,0.7420411224670226,30.025445292620866,-81.20093519874484,-1.7370468555796728,10.430025445292621,19843.62259562155,-25.299189697957377
EURUSD,5min+1h_e35_hard_hm0_s1.5_t3.5_both,5min,1h,35.0,hard,0.0,0.0,1.5,3.5,0.0,0.0,both,all,1188,-80.14593485505308,0.8330925901456754,27.02020202020202,-80.41542423968184,-1.2115266556101318,14.844276094276093,19854.065144946915,-25.03972288842521
EURUSD,5min+1h_e35_hard_hm0_s1.5_t3.5_long,5min,1h,35.0,hard,0.0,0.0,1.5,3.5,0.0,0.0,long,all,736,-80.00639712367969,0.7490094568565702,24.04891304347826,-81.29988615565003,-1.655754744100983,16.30163043478261,19993.602876320307,-25.279727689031763
EURUSD,5min+1h_e35_hard_hm0_s2.0_t4.0_both,5min,1h,35.0,hard,0.0,0.0,2.0,4.0,0.0,0.0,both,all,1258,-80.09764952285772,0.8534645695284709,30.92209856915739,-80.94244033415403,-1.2760565903977201,23.74960254372019,19902.350477142285,-25.007942170459295
EURUSD,5min+1h_e35_hard_hm0_s2.0_t4.0_long,5min,1h,35.0,hard,0.0,0.0,2.0,4.0,0.0,0.0,long,all,908,-80.0478068428681,0.772346554790019,28.303964757709252,-81.16495077627506,-1.6976408239268292,25.940528634361232,19952.193157131904,-25.217643917790678
EURUSD,5min+1h_e35_hard_hm12_s1.5_t2.5_both,5min,1h,35.0,hard,0.0,12.0,1.5,2.5,0.0,0.0,both,all,1081,-80.15756105609023,0.8040705769874561,32.09990749306198,-81.13956502498716,-1.324319971478455,10.901942645698428,19842.43894390977,-25.141708600774457
EURUSD,5min+1h_e35_hard_hm12_s1.5_t2.5_long,5min,1h,35.0,hard,0.0,12.0,1.5,2.5,0.0,0.0,long,all,832,-80.02425558540659,0.7689269460220908,30.528846153846153,-81.51848275031112,-1.5949776530308826,10.971153846153847,19975.744414593413,-25.23939216837348
EURUSD,5min+1h_e35_hard_hm12_s1.5_t3.5_both,5min,1h,35.0,hard,0.0,12.0,1.5,3.5,0.0,0.0,both,all,957,-80.18661361409504,0.8110648445115146,25.391849529780565,-81.28125607488222,-1.2945626262558407,17.03448275862069,19813.386385904963,-25.131052676280305
EURUSD,5min+1h_e35_hard_hm12_s1.5_t3.5_long,5min,1h,35.0,hard,0.0,12.0,1.5,3.5,0.0,0.0,long,all,667,-80.16903381180451,0.7440669397425792,23.238380809595203,-81.76713308337081,-1.7283565391673081,17.58920539730135,19830.96618819548,-25.317279326450567
EURUSD,5min+1h_e35_hard_hm12_s2.0_t4.0_both,5min,1h,35.0,hard,0.0,12.0,2.0,4.0,0.0,0.0,both,all,1167,-80.05212155353911,0.8487568737446674,29.477292202227936,-81.11889248323334,-1.3300109299898468,26.792630676949443,19947.878446460887,-25.02494837710923
EURUSD,5min+1h_e35_hard_hm12_s2.0_t4.0_long,5min,1h,35.0,hard,0.0,12.0,2.0,4.0,0.0,0.0,long,all,753,-80.09555098215736,0.7442973941428835,26.693227091633467,-81.40346487450721,-1.8406045587902014,27.88579017264276,19904.449017842642,-25.299217148909374
EURUSD,5min+1h_e35_hard_hm25_s1.5_t2.5_both,5min,1h,35.0,hard,0.0,25.0,1.5,2.5,0.0,0.0,both,all,1051,-80.10907837234139,0.8166704242777855,32.064700285442434,-81.48201729140567,-1.5461063522107543,11.222645099904852,19890.921627658612,-25.12196776585542
EURUSD,5min+1h_e35_hard_hm25_s1.5_t2.5_long,5min,1h,35.0,hard,0.0,25.0,1.5,2.5,0.0,0.0,long,all,779,-80.00276923108297,0.763863529500052,30.038510911424904,-80.75245001281695,-1.8662023535871368,11.053915275994866,19997.230768917034,-25.220549946005868
EURUSD,5min+1h_e35_hard_hm25_s1.5_t3.5_both,5min,1h,35.0,hard,0.0,25.0,1.5,3.5,0.0,0.0,both,all,917,-80.00795417798197,0.8150016671614182,25.19083969465649,-80.80822877235529,-1.4904227891794666,17.612868047982552,19992.045822018023,-25.095143150109944
EURUSD,5min+1h_e35_hard_hm25_s1.5_t3.5_long,5min,1h,35.0,hard,0.0,25.0,1.5,3.5,0.0,0.0,long,all,675,-80.0539288928211,0.7358110182454857,23.25925925925926,-80.98755866358975,-1.8350755895690067,17.922962962962963,19946.0711071789,-25.30213195664272
EURUSD,5min+1h_e35_hard_hm25_s2.0_t4.0_both,5min,1h,35.0,hard,0.0,25.0,2.0,4.0,0.0,0.0,both,all,1631,-80.09171673192,0.8767736319343247,30.656039239730227,-81.82940444134694,-1.1070142631807716,27.811158798283262,19908.283268079995,-24.984910767094867
EURUSD,5min+1h_e35_hard_hm25_s2.0_t4.0_long,5min,1h,35.0,hard,0.0,25.0,2.0,4.0,0.0,0.0,long,all,1296,-80.03411060505033,0.8019695647499858,29.62962962962963,-80.59244261512713,-1.3048724955389257,28.131172839506174,19965.889394949678,-25.120138216932133
EURUSD,5min+1h_e35_neg_hm0_s1.5_t2.5_both,5min,1h,35.0,neg,10.0,0.0,1.5,2.5,0.0,0.0,both,all,820,-80.03403111691502,0.5778009557518483,36.09756097560975,-80.03403111691502,-2.0673152620258457,2.674390243902439,19965.96888308498,-25.65822009997358
EURUSD,5min+1h_e35_neg_hm0_s1.5_t2.5_long,5min,1h,35.0,neg,10.0,0.0,1.5,2.5,0.0,0.0,long,all,754,-80.00748220504411,0.5316655445102203,33.15649867374005,-80.66174988638714,-2.47091708463267,2.0623342175066313,19992.51779495589,-25.7976054223817
EURUSD,5min+1h_e35_neg_hm0_s1.5_t3.5_both,5min,1h,35.0,neg,10.0,0.0,1.5,3.5,0.0,0.0,both,all,795,-80.19131150291139,0.5591660666089519,35.59748427672956,-80.19131150291139,-2.065767530524008,2.749685534591195,19808.688497088617,-25.71738975371053
EURUSD,5min+1h_e35_neg_hm0_s1.5_t3.5_long,5min,1h,35.0,neg,10.0,0.0,1.5,3.5,0.0,0.0,long,all,712,-80.00566687349549,0.5088108833429056,32.02247191011236,-80.52383290954207,-2.389235727579157,2.1797752808988764,19994.33312650452,-25.84915278296424
EURUSD,5min+1h_e35_neg_hm0_s2.0_t4.0_both,5min,1h,35.0,neg,10.0,0.0,2.0,4.0,0.0,0.0,both,all,908,-80.03905760297245,0.5452151291586778,36.34361233480176,-80.03905760297245,-2.2826104822311883,3.1883259911894273,19960.942397027546,-25.740086785341102
EURUSD,5min+1h_e35_neg_hm0_s2.0_t4.0_long,5min,1h,35.0,neg,10.0,0.0,2.0,4.0,0.0,0.0,long,all,831,-80.07285378205881,0.48846529542189876,33.2129963898917,-80.38612181969246,-2.7203404810413416,2.5330926594464502,19927.146217941183,-25.897195785515304
EURUSD,5min+1h_e35_neg_hm12_s1.5_t2.5_both,5min,1h,35.0,neg,10.0,12.0,1.5,2.5,0.0,0.0,both,all,760,-80.13207976504705,0.5581828564152654,34.21052631578947,-80.25467799648396,-2.1692209285134663,2.538157894736842,19867.92023495295,-25.720013169423076
EURUSD,5min+1h_e35_neg_hm12_s1.5_t2.5_long,5min,1h,35.0,neg,10.0,12.0,1.5,2.5,0.0,0.0,long,all,668,-80.06598376616736,0.5151938946116907,31.88622754491018,-80.87354456654771,-2.5666285572657466,2.061377245508982,19934.016233832634,-25.849596396779376
EURUSD,5min+1h_e35_neg_hm12_s1.5_t3.5_both,5min,1h,35.0,neg,10.0,12.0,1.5,3.5,0.0,0.0,both,all,720,-80.0348659572349,0.536945101726572,33.611111111111114,-80.0348659572349,-2.1923231406046204,2.623611111111111,19965.134042765094,-25.760426522262364
EURUSD,5min+1h_e35_neg_hm12_s1.5_t3.5_long,5min,1h,35.0,neg,10.0,12.0,1.5,3.5,0.0,0.0,long,all,658,-80.13476170810058,0.49854121848004235,31.15501519756839,-80.78532475364075,-2.4940835421591103,2.164133738601824,19865.238291899423,-25.890450412269548
EURUSD,5min+1h_e35_neg_hm12_s2.0_t4.0_both,5min,1h,35.0,neg,10.0,12.0,2.0,4.0,0.0,0.0,both,all,867,-80.06001999942092,0.5224962487104015,35.06343713956171,-80.06001999942092,-2.492715105308336,3.144175317185698,19939.980000579082,-25.79856097817767
EURUSD,5min+1h_e35_neg_hm12_s2.0_t4.0_long,5min,1h,35.0,neg,10.0,12.0,2.0,4.0,0.0,0.0,long,all,755,-80.0059812392257,0.45940531086052405,31.920529801324502,-80.41354549381634,-2.871436319902302,2.5218543046357618,19994.01876077429,-25.968267792170373
EURUSD,5min+1h_e35_neg_hm25_s1.5_t2.5_both,5min,1h,35.0,neg,10.0,25.0,1.5,2.5,0.0,0.0,both,all,732,-80.14565903788379,0.5694166990014838,33.60655737704918,-80.49410053533828,-2.4555946652354703,2.6598360655737703,19854.340962116214,-25.70204863542517
EURUSD,5min+1h_e35_neg_hm25_s1.5_t2.5_long,5min,1h,35.0,neg,10.0,25.0,1.5,2.5,0.0,0.0,long,all,706,-80.00814696129362,0.5155366106960204,32.436260623229465,-80.68796009399622,-2.7368929581233465,2.1586402266288953,19991.853038706377,-25.839002755471544
EURUSD,5min+1h_e35_neg_hm25_s1.5_t3.5_both,5min,1h,35.0,neg,10.0,25.0,1.5,3.5,0.0,0.0,both,all,706,-80.04446824152795,0.5471787036296191,33.14447592067989,-80.3267856871454,-2.423259632226613,2.7776203966005664,19955.53175847205,-25.746903398072888
EURUSD,5min+1h_e35_neg_hm25_s1.5_t3.5_long,5min,1h,35.0,neg,10.0,25.0,1.5,3.5,0.0,0.0,long,all,675,-80.18049064974966,0.48827362785888234,31.703703703703702,-80.7881356797424,-2.7337010548231513,2.259259259259259,19819.509350250344,-25.918060983532477
EURUSD,5min+1h_e35_neg_hm25_s2.0_t4.0_both,5min,1h,35.0,neg,10.0,25.0,2.0,4.0,0.0,0.0,both,all,832,-80.09313697150637,0.5205924028076689,34.85576923076923,-80.17442495516612,-2.6916045600239062,3.126201923076923,19906.863028493626,-25.809221470047728
EURUSD,5min+1h_e35_neg_hm25_s2.0_t4.0_long,5min,1h,35.0,neg,10.0,25.0,2.0,4.0,0.0,0.0,long,all,762,-80.02112912852792,0.4382256798652817,31.88976377952756,-80.39617256724532,-3.135604313622806,2.573490813648294,19978.87087147209,-26.021127868167724
EURUSD,15min+4h_e20_trail_be,15min,4h,20.0,trail,0.0,12.0,1.5,0.0,1.2,1.0,both,all,687,-80.03402020984896,0.6441731538920983,40.46579330422125,-80.36980414914306,-2.4287728678838993,9.497816593886462,19965.979790151032,-25.505720089629435
EURUSD,15min+4h_e20_hard_sess,15min,4h,20.0,hard,0.0,15.0,1.5,3.0,0.0,0.0,both,london_ny,1862,-80.10178613432548,0.8913828732568441,30.719656283566056,-83.99252339768378,-1.0396066446935095,15.010741138560688,19898.213865674516,-25.03531519813826
EURUSD,15min+4h_e30_trail_be,15min,4h,30.0,trail,0.0,12.0,1.5,0.0,1.2,1.0,both,all,605,-80.04345377960166,0.6015649530464428,39.33884297520661,-80.37907906696651,-2.5644982004221393,9.608264462809917,19956.54622039833,-25.61298893124662
EURUSD,15min+4h_e30_hard_sess,15min,4h,30.0,hard,0.0,15.0,1.5,3.0,0.0,0.0,both,london_ny,1381,-80.16614743494858,0.8645139408697202,29.688631426502536,-83.72322436181233,-1.2361995965024335,15.023171614771904,19833.852565051417,-25.094290019696135
EURUSD,30min+4h_e20_trail_be,30min,4h,20.0,trail,0.0,12.0,1.5,0.0,1.2,1.0,both,all,593,-80.10308819683267,0.5450149754740432,40.472175379426645,-80.22074644457142,-2.7881291460484845,8.7858347386172,19896.911803167328,-25.750415946971057
EURUSD,30min+4h_e20_hard_sess,30min,4h,20.0,hard,0.0,15.0,1.5,3.0,0.0,0.0,both,london_ny,1122,-66.85971663893623,0.8586420396801033,30.659536541889484,-68.78464074160084,-0.9464775829739831,12.37789661319073,33140.28336106376,-23.8988855704822
EURUSD,30min+4h_e30_trail_be,30min,4h,30.0,trail,0.0,12.0,1.5,0.0,1.2,1.0,both,all,545,-80.10457529885836,0.5149630915375142,40.0,-80.22222475277924,-2.887115051944343,8.871559633027523,19895.424701141637,-25.82566427322172
EURUSD,30min+4h_e30_hard_sess,30min,4h,30.0,hard,0.0,15.0,1.5,3.0,0.0,0.0,both,london_ny,1019,-62.38716238102824,0.8531635929867519,30.81452404317959,-70.15740417667242,-0.8853530823260665,12.428851815505398,37612.83761897177,-23.696903303330245
EURUSD,1h+1d_e20_trail_be,1h,1d,20.0,trail,0.0,12.0,1.5,0.0,1.2,1.0,both,all,714,-80.09190343791401,0.6037556434622082,42.15686274509804,-80.09190343791401,-2.4107125726129,7.834733893557423,19908.096562085982,-25.5979631663776
EURUSD,1h+1d_e20_hard_sess,1h,1d,20.0,hard,0.0,15.0,1.5,3.0,0.0,0.0,both,london_ny,597,-43.701535401141136,0.8538217007763026,30.485762144053602,-46.79204789679011,-0.617720437742563,9.830820770519264,56298.46459885887,-21.61176973659034
EURUSD,1h+1d_e30_trail_be,1h,1d,30.0,trail,0.0,12.0,1.5,0.0,1.2,1.0,both,all,691,-80.12730937192723,0.5757452933541422,41.534008683068016,-80.12730937192723,-2.408804899232629,7.96671490593343,19872.69062807278,-25.67082151636882
EURUSD,1h+1d_e30_hard_sess,1h,1d,30.0,hard,0.0,15.0,1.5,3.0,0.0,0.0,both,london_ny,563,-33.76156370663889,0.8822793445024204,31.261101243339255,-40.234749365045076,-0.4614059375434488,10.037300177619894,66238.43629336111,-20.64626306792648
US30,15min+1h_e15_zero_hm0_s1.5_t2.5_both,15min,1h,15.0,zero,0.0,0.0,1.5,2.5,0.0,0.0,both,all,2098,-80.01917668578231,0.7978933002330062,39.75214489990467,-81.0320939464037,-1.730218567597372,1.9814108674928503,19980.823314217683,-25.147317574704925
US30,15min+1h_e15_zero_hm0_s1.5_t2.5_long,15min,1h,15.0,zero,0.0,0.0,1.5,2.5,0.0,0.0,long,all,3074,-80.08490760098177,0.8446846882995194,41.08653220559532,-81.45112822469143,-1.394828715616147,1.7137280416395575,19915.092399018235,-25.04972971227813
US30,15min+1h_e15_zero_hm0_s1.5_t3.5_both,15min,1h,15.0,zero,0.0,0.0,1.5,3.5,0.0,0.0,both,all,2185,-80.00415373800186,0.7923800005794748,39.17620137299771,-80.43407293738802,-1.6074362676946836,2.0466819221967962,19995.846261998144,-25.13657906556691
US30,15min+1h_e15_zero_hm0_s1.5_t3.5_long,15min,1h,15.0,zero,0.0,0.0,1.5,3.5,0.0,0.0,long,all,3099,-80.00007813632477,0.851451746806252,40.27105517909003,-80.98253908427242,-1.2902893313457149,1.819296547273314,19999.92186367523,-25.010675321808257
US30,15min+1h_e15_zero_hm0_s2.0_t4.0_both,15min,1h,15.0,zero,0.0,0.0,2.0,4.0,0.0,0.0,both,all,3504,-80.01327698461239,0.8165365053548165,41.75228310502283,-80.42472340037541,-1.5789736420052292,2.2006278538812785,19986.72301538761,-25.07617875201247
US30,15min+1h_e15_zero_hm0_s2.0_t4.0_long,15min,1h,15.0,zero,0.0,0.0,2.0,4.0,0.0,0.0,long,all,3261,-80.12678480234425,0.8427748422323842,41.03035878564857,-80.86296805986002,-1.5672298770048336,1.977307574363692,19873.215197655758,-25.03265300890721
US30,15min+1h_e15_zero_hm12_s1.5_t2.5_both,15min,1h,15.0,zero,0.0,12.0,1.5,2.5,0.0,0.0,both,all,2357,-80.10181173909338,0.8038248385164245,40.729741196436144,-81.18612475428513,-1.7274525196387414,1.910903691132796,19898.188260906627,-25.14195536344408
US30,15min+1h_e15_zero_hm12_s1.5_t2.5_long,15min,1h,15.0,zero,0.0,12.0,1.5,2.5,0.0,0.0,long,all,2416,-80.09495950348246,0.8183445509054001,39.32119205298013,-81.18218927806217,-1.6279486221032733,1.586092715231788,19905.040496517544,-25.105224573998285
US30,15min+1h_e15_zero_hm12_s1.5_t3.5_both,15min,1h,15.0,zero,0.0,12.0,1.5,3.5,0.0,0.0,both,all,2444,-80.1053916329205,0.8154178679067525,40.343698854337156,-81.34778617250872,-1.6114675473885864,1.9725859247135842,19894.6083670795,-25.119582442450287
US30,15min+1h_e15_zero_hm12_s1.5_t3.5_long,15min,1h,15.0,zero,0.0,12.0,1.5,3.5,0.0,0.0,long,all,2439,-78.49755335050679,0.8369026508077112,38.70438704387044,-80.25990678834803,-1.4182289776695274,1.6814268142681428,21502.44664949321,-24.958041778534916
US30,15min+1h_e15_zero_hm12_s2.0_t4.0_both,15min,1h,15.0,zero,0.0,12.0,2.0,4.0,0.0,0.0,both,all,3004,-80.06595201653536,0.8209653373160438,40.9121171770972,-80.94964863033842,-1.767782696315392,2.1784287616511318,19934.04798346464,-25.088210682584844
US30,15min+1h_e15_zero_hm12_s2.0_t4.0_long,15min,1h,15.0,zero,0.0,12.0,2.0,4.0,0.0,0.0,long,all,2425,-68.27939057366859,0.844268092373248,39.83505154639175,-70.19296895493697,-1.269683185033013,1.820618556701031,31720.6094263314,-24.128224150211103
US30,15min+1h_e15_zero_hm25_s1.5_t2.5_both,15min,1h,15.0,zero,0.0,25.0,1.5,2.5,0.0,0.0,both,all,2036,-80.14385299950565,0.7638238331029693,39.3418467583497,-81.11943985667949,-1.8417164778734352,1.9047151277013752,19856.147000494355,-25.240972131489983
US30,15min+1h_e15_zero_hm25_s1.5_t2.5_long,15min,1h,15.0,zero,0.0,25.0,1.5,2.5,0.0,0.0,long,all,1701,-72.11022711322966,0.791361714347867,38.447971781305114,-73.81090129974756,-1.5583435231305118,1.5543797766019989,27889.772886770344,-24.558440850649422
US30,15min+1h_e15_zero_hm25_s1.5_t3.5_both,15min,1h,15.0,zero,0.0,25.0,1.5,3.5,0.0,0.0,both,all,2031,-80.01916303277645,0.7766654865439525,38.74938453963565,-81.2438711464479,-1.7485605820498875,1.983751846381093,19980.836967223542,-25.208857650809094
US30,15min+1h_e15_zero_hm25_s1.5_t3.5_long,15min,1h,15.0,zero,0.0,25.0,1.5,3.5,0.0,0.0,long,all,1696,-70.55257850454979,0.8093628511797354,37.79481132075472,-72.88343475544448,-1.3956742787469019,1.6432783018867925,29447.42149545021,-24.414033402450432
US30,15min+1h_e15_zero_hm25_s2.0_t4.0_both,15min,1h,15.0,zero,0.0,25.0,2.0,4.0,0.0,0.0,both,all,2454,-78.51495582506745,0.7842564537510995,39.03830480847596,-79.695111227499,-1.871118744948573,2.0749796251018746,21485.044174932555,-25.06776154772491
US30,15min+1h_e15_zero_hm25_s2.0_t4.0_long,15min,1h,15.0,zero,0.0,25.0,2.0,4.0,0.0,0.0,long,all,1686,-58.572211405039454,0.8231451850873487,38.730723606168446,-61.078867150934066,-1.2063874389320595,1.7740213523131672,41427.78859496054,-23.42818017952057
US30,15min+1h_e15_hard_hm0_s1.5_t2.5_both,15min,1h,15.0,hard,0.0,0.0,1.5,2.5,0.0,0.0,both,all,3657,-80.14635354658306,0.9535367630835943,36.36860814875581,-87.3390662659719,-0.7116894684797906,11.445993984140005,19853.64645341694,-24.5831090875129
US30,15min+1h_e15_hard_hm0_s1.5_t2.5_long,15min,1h,15.0,hard,0.0,0.0,1.5,2.5,0.0,0.0,long,all,2652,-53.53571239588661,0.9683994279011428,37.10407239819005,-74.16762966014952,-0.3516844234335956,11.882730015082956,46464.287604113386,-22.41466174763898
US30,15min+1h_e15_hard_hm0_s1.5_t3.5_both,15min,1h,15.0,hard,0.0,0.0,1.5,3.5,0.0,0.0,both,all,3488,-80.03400886092363,0.9484445197760893,30.07454128440367,-83.13352517611835,-0.5832694684307708,14.715022935779816,19965.991139076363,-24.230494264687614
US30,15min+1h_e15_hard_hm0_s1.5_t3.5_long,15min,1h,15.0,hard,0.0,0.0,1.5,3.5,0.0,0.0,long,all,2368,-49.683565166574525,0.9655354637161597,30.320945945945947,-65.61912740865517,-0.24001875751980775,15.81418918918919,50316.434833425476,-21.7582971799985
US30,15min+1h_e15_hard_hm0_s2.0_t4.0_both,15min,1h,15.0,hard,0.0,0.0,2.0,4.0,0.0,0.0,both,all,3404,-72.56824183817243,0.9438510091487106,33.31374853113984,-76.34977884067149,-0.517376003419613,20.373971797884842,27431.758161827565,-23.5731573094114
US30,15min+1h_e15_hard_hm0_s2.0_t4.0_long,15min,1h,15.0,hard,0.0,0.0,2.0,4.0,0.0,0.0,long,all,2044,-20.247800062071065,0.9850588568501295,34.34442270058708,-46.86658782270061,-0.014089039051535189,22.425636007827787,79752.19993792893,-19.443061931842845
US30,15min+1h_e15_hard_hm12_s1.5_t2.5_both,15min,1h,15.0,hard,0.0,12.0,1.5,2.5,0.0,0.0,both,all,2824,-52.20174576679415,0.9706315179493967,36.93342776203966,-72.19668564530231,-0.31921869962745825,14.039660056657224,47798.254233205844,-22.228186511051554
US30,15min+1h_e15_hard_hm12_s1.5_t2.5_long,15min,1h,15.0,hard,0.0,12.0,1.5,2.5,0.0,0.0,long,all,1838,-8.41248944342825,0.9941047513223207,37.92165397170838,-50.47015060349103,0.04623870840716154,13.64689880304679,91587.51055657175,-19.000685660960226
US30,15min+1h_e15_hard_hm12_s1.5_t3.5_both,15min,1h,15.0,hard,0.0,12.0,1.5,3.5,0.0,0.0,both,all,2595,-39.883300010899156,0.9789114163239163,30.48169556840077,-62.57834836793498,-0.11410952176533817,18.260500963391138,60116.699989100845,-21.022351676991583
US30,15min+1h_e15_hard_hm12_s1.5_t3.5_long,15min,1h,15.0,hard,0.0,12.0,1.5,3.5,0.0,0.0,long,all,1654,-2.609526685651542,0.9982649884679055,30.894800483675937,-47.699080494287614,0.10929181391180114,18.379081015719468,97390.47331434846,-18.5527440951601
US30,15min+1h_e15_hard_hm12_s2.0_t4.0_both,15min,1h,15.0,hard,0.0,12.0,2.0,4.0,0.0,0.0,both,all,2331,-46.36855775040779,0.9628986321375772,33.46203346203346,-57.704491522616664,-0.26109440727175315,25.16816816816817,53631.44224959221,-21.347317001484665
US30,15min+1h_e15_hard_hm12_s2.0_t4.0_long,15min,1h,15.0,hard,0.0,12.0,2.0,4.0,0.0,0.0,long,all,1462,-10.288470946018979,0.9905183571767944,34.1313269493844,-36.547947340425694,0.025974312211467534,26.09028727770178,89711.52905398102,-18.5581993701986
US30,15min+1h_e15_hard_hm25_s1.5_t2.5_both,15min,1h,15.0,hard,0.0,25.0,1.5,2.5,0.0,0.0,both,all,1992,-49.79089689347719,0.9573042772001942,36.596385542168676,-64.84047228394118,-0.3982706025829697,15.470883534136545,50209.103106522816,-21.989399977970702
US30,15min+1h_e15_hard_hm25_s1.5_t2.5_long,15min,1h,15.0,hard,0.0,25.0,1.5,2.5,0.0,0.0,long,all,1343,-5.552330545319539,0.9942281494193497,37.82576321667908,-41.30874699065471,0.04236636474294077,14.538346984363365,94447.66945468046,-18.525323180776184
US30,15min+1h_e15_hard_hm25_s1.5_t3.5_both,15min,1h,15.0,hard,0.0,25.0,1.5,3.5,0.0,0.0,both,all,1865,-52.38255363619375,0.9510907823761324,29.597855227882036,-59.92220161916968,-0.34209247494483963,20.490616621983914,47617.44636380625,-21.827601966691464
US30,15min+1h_e15_hard_hm25_s1.5_t3.5_long,15min,1h,15.0,hard,0.0,25.0,1.5,3.5,0.0,0.0,long,all,1231,4.307476824120826,1.004174462628447,30.787977254264824,-37.95662305387397,0.14146800893878797,20.02518277822908,104307.47682412082,-17.823327679210827
US30,15min+1h_e15_hard_hm25_s2.0_t4.0_both,15min,1h,15.0,hard,0.0,25.0,2.0,4.0,0.0,0.0,both,all,1698,-48.44057771641608,0.9485071043836858,32.86219081272085,-59.77356873286397,-0.37572193049076225,29.16254416961131,51559.422283583925,-21.720880992748132
US30,15min+1h_e15_hard_hm25_s2.0_t4.0_long,15min,1h,15.0,hard,0.0,25.0,2.0,4.0,0.0,0.0,long,all,1102,11.21052032444705,1.0130732573259302,34.48275862068966,-32.83447106012532,0.19021611787531198,29.83393829401089,111210.52032444705,-17.246950709299337
US30,15min+1h_e15_neg_hm0_s1.5_t2.5_both,15min,1h,15.0,neg,10.0,0.0,1.5,2.5,0.0,0.0,both,all,3297,-80.1615002409579,0.8706193061905195,41.825902335456476,-80.43037627602652,-1.2676310940726039,2.821352744919624,19838.499759042097,-24.94712679520308
US30,15min+1h_e15_neg_hm0_s1.5_t2.5_long,15min,1h,15.0,neg,10.0,0.0,1.5,2.5,0.0,0.0,long,all,3271,-80.00067006052605,0.8893359605969,40.87435035157444,-80.87304017164338,-1.2119666891402763,2.4720269030877406,19999.32993947395,-24.911608507794526
US30,15min+1h_e15_neg_hm0_s1.5_t3.5_both,15min,1h,15.0,neg,10.0,0.0,1.5,3.5,0.0,0.0,both,all,3449,-80.00870104058257,0.87320868636009,41.25833574949261,-80.04595660167088,-1.1561212367441,2.949260655262395,19991.298959417436,-24.919164589789915
US30,15min+1h_e15_neg_hm0_s1.5_t3.5_long,15min,1h,15.0,neg,10.0,0.0,1.5,3.5,0.0,0.0,long,all,3246,-80.17581035095382,0.8925563035415899,39.89525569932224,-80.37720943006845,-1.1419344398950317,2.6515711645101665,19824.189649046173,-24.890730032386916
US30,15min+1h_e15_neg_hm0_s2.0_t4.0_both,15min,1h,15.0,neg,10.0,0.0,2.0,4.0,0.0,0.0,both,all,4508,-80.0609081256315,0.8824789139160572,42.43566992014197,-80.0609081256315,-1.1653508545441564,3.2437888198757765,19939.091874368496,-24.898675365260377
US30,15min+1h_e15_neg_hm0_s2.0_t4.0_long,15min,1h,15.0,neg,10.0,0.0,2.0,4.0,0.0,0.0,long,all,3544,-72.70691871234986,0.896803633165571,41.19638826185101,-73.88020841750854,-1.0445842822441087,2.9379232505643342,27293.081287650133,-24.32147600228041
US30,15min+1h_e15_neg_hm12_s1.5_t2.5_both,15min,1h,15.0,neg,10.0,12.0,1.5,2.5,0.0,0.0,both,all,2823,-80.00077875814739,0.8512042545556237,40.84307474318101,-80.50257572242828,-1.395656523954283,2.863266029047113,19999.221241852603,-24.99212354283397
US30,15min+1h_e15_neg_hm12_s1.5_t2.5_long,15min,1h,15.0,neg,10.0,12.0,1.5,2.5,0.0,0.0,long,all,2359,-74.48743620404652,0.8597297611383441,39.76261127596439,-75.8193969503397,-1.264499756772985,2.3454853751589657,25512.563795953487,-24.56294892332959
US30,15min+1h_e15_neg_hm12_s1.5_t3.5_both,15min,1h,15.0,neg,10.0,12.0,1.5,3.5,0.0,0.0,both,all,2817,-80.18961937423349,0.8575494976684287,40.14909478168264,-80.65273807486524,-1.3205342172637464,2.992545260915868,19810.38062576651,-24.989820553792878
US30,15min+1h_e15_neg_hm12_s1.5_t3.5_long,15min,1h,15.0,neg,10.0,12.0,1.5,3.5,0.0,0.0,long,all,2344,-73.02909001314622,0.8720876935529792,38.86518771331058,-74.75552633559445,-1.1145815799884937,2.5157849829351537,26970.909986853785,-24.431165420067178
US30,15min+1h_e15_neg_hm12_s2.0_t4.0_both,15min,1h,15.0,neg,10.0,12.0,2.0,4.0,0.0,0.0,both,all,3140,-80.15774790523793,0.8575233420905494,41.01910828025478,-80.39461098895728,-1.5599218926814518,3.260828025477707,19842.25209476208,-24.978286000541434
US30,15min+1h_e15_neg_hm12_s2.0_t4.0_long,15min,1h,15.0,neg,10.0,12.0,2.0,4.0,0.0,0.0,long,all,2316,-61.815147591593856,0.8817494951145569,40.284974093264246,-64.68114484897048,-0.9892382108944232,2.8044041450777204,38184.85240840615,-23.539335276177816
US30,15min+1h_e15_neg_hm25_s1.5_t2.5_both,15min,1h,15.0,neg,10.0,25.0,1.5,2.5,0.0,0.0,both,all,2279,-80.14598756695506,0.8250903401454164,39.35936814392277,-81.01957295065688,-1.6075244997404263,2.80517770952172,19854.01243304494,-25.083896570340936
US30,15min+1h_e15_neg_hm25_s1.5_t2.5_long,15min,1h,15.0,neg,10.0,25.0,1.5,2.5,0.0,0.0,long,all,1654,-63.20478120148807,0.8525847154515411,39.05683192261185,-65.89856041888204,-1.1228270808516723,2.3385731559854896,36795.21879851193,-23.732671876185954
US30,15min+1h_e15_neg_hm25_s1.5_t3.5_both,15min,1h,15.0,neg,10.0,25.0,1.5,3.5,0.0,0.0,both,all,2252,-80.15397353283764,0.8351400613713741,38.676731793960926,-81.00644253121968,-1.515008827112089,2.947602131438721,19846.02646716236,-25.05856648913386
US30,15min+1h_e15_neg_hm25_s1.5_t3.5_long,15min,1h,15.0,neg,10.0,25.0,1.5,3.5,0.0,0.0,long,all,1646,-63.1765891930389,0.8625491576390495,38.15309842041312,-66.19684665321945,-1.039581815580501,2.512150668286756,36823.4108069611,-23.718564539752713
US30,15min+1h_e15_neg_hm25_s2.0_t4.0_both,15min,1h,15.0,neg,10.0,25.0,2.0,4.0,0.0,0.0,both,all,2378,-72.80271684394252,0.8462298777283916,39.52901597981497,-74.35894228379158,-1.4532228125904123,3.1968040370058874,27197.283156057485,-24.470891670788383
US30,15min+1h_e15_neg_hm25_s2.0_t4.0_long,15min,1h,15.0,neg,10.0,25.0,2.0,4.0,0.0,0.0,long,all,1631,-49.34110626757793,0.8799075757883118,39.36235438381361,-54.279923065147926,-0.8503499656398043,2.776824034334764,50658.893732422075,-22.42059718229796
US30,15min+1h_e20_zero_hm0_s1.5_t2.5_both,15min,1h,20.0,zero,0.0,0.0,1.5,2.5,0.0,0.0,both,all,2800,-80.06237761916312,0.8128685569108629,41.82142857142857,-80.49332523622992,-1.5259158275492783,1.9853571428571428,19937.62238083688,-25.090056721938563
US30,15min+1h_e20_zero_hm0_s1.5_t2.5_long,15min,1h,20.0,zero,0.0,0.0,1.5,2.5,0.0,0.0,long,all,2952,-80.11830076073774,0.8398542204039742,41.023035230352306,-81.23769003220156,-1.4484753347467365,1.6297425474254743,19881.699239262263,-25.054604080707637
US30,15min+1h_e20_zero_hm0_s1.5_t3.5_both,15min,1h,20.0,zero,0.0,0.0,1.5,3.5,0.0,0.0,both,all,2841,-80.00137559518318,0.8108780874125835,41.25307990144315,-80.37635407382841,-1.4031921496221598,2.044350580781415,19998.624404816826,-25.087913968229007
US30,15min+1h_e20_zero_hm0_s1.5_t3.5_long,15min,1h,20.0,zero,0.0,0.0,1.5,3.5,0.0,0.0,long,all,2942,-80.02138230408056,0.8436052617049359,40.380693405846365,-81.07271049582828,-1.3560969993695766,1.73487423521414,19978.61769591944,-25.034750557734014
US30,15min+1h_e20_zero_hm0_s2.0_t4.0_both,15min,1h,20.0,zero,0.0,0.0,2.0,4.0,0.0,0.0,both,all,3251,-80.02176768241715,0.8112184584188215,41.98708089818518,-80.19208788909738,-1.626467467908161,2.191633343586589,19978.232317582842,-25.08050807681353
US30,15min+1h_e20_zero_hm0_s2.0_t4.0_long,15min,1h,20.0,zero,0.0,0.0,2.0,4.0,0.0,0.0,long,all,3176,-80.07261380492331,0.8386339789641145,41.278337531486144,-80.75442054798968,-1.6009240614141798,1.8885390428211586,19927.38619507669,-25.036496426706233
US30,15min+1h_e20_zero_hm12_s1.5_t2.5_both,15min,1h,20.0,zero,0.0,12.0,1.5,2.5,0.0,0.0,both,all,2481,-80.10238992536584,0.8127812121424799,41.193067311567916,-81.44129083629987,-1.6572804508425079,1.920999596936719,19897.61007463416,-25.129794200110428
US30,15min+1h_e20_zero_hm12_s1.5_t2.5_long,15min,1h,20.0,zero,0.0,12.0,1.5,2.5,0.0,0.0,long,all,2262,-73.95301656716256,0.8315516477777479,39.832007073386386,-76.2733073492643,-1.3709149817091428,1.5340406719717063,26046.983432837435,-24.630173837212705
US30,15min+1h_e20_zero_hm12_s1.5_t3.5_both,15min,1h,20.0,zero,0.0,12.0,1.5,3.5,0.0,0.0,both,all,2569,-80.08408631405442,0.8230979848547295,40.63838069287661,-81.76251541862518,-1.5166408936901932,2.014791747761775,19915.913685945583,-25.11611910717036
US30,15min+1h_e20_zero_hm12_s1.5_t3.5_long,15min,1h,20.0,zero,0.0,12.0,1.5,3.5,0.0,0.0,long,all,2253,-70.63104492048443,0.8504754063463074,39.280958721704394,-73.90914490457112,-1.1514304997612868,1.6329338659565025,29368.95507951557,-24.355419077136453
US30,15min+1h_e20_zero_hm12_s2.0_t4.0_both,15min,1h,20.0,zero,0.0,12.0,2.0,4.0,0.0,0.0,both,all,3232,-80.01393336045754,0.8299341517159592,40.65594059405941,-81.24979742553735,-1.6478188318398623,2.1478960396039604,19986.066639542452,-25.0757138521499
US30,15min+1h_e20_zero_hm12_s2.0_t4.0_long,15min,1h,20.0,zero,0.0,12.0,2.0,4.0,0.0,0.0,long,all,2245,-62.904794810536465,0.8502609194177964,40.26726057906459,-66.15002105506171,-1.1302453253348395,1.7719376391982182,37095.20518946353,-23.736540336079436
US30,15min+1h_e20_zero_hm25_s1.5_t2.5_both,15min,1h,20.0,zero,0.0,25.0,1.5,2.5,0.0,0.0,both,all,2124,-80.07805234988315,0.7805902623257996,39.218455743879474,-81.14430632611634,-1.7718106019740383,1.8601694915254237,19921.947650116843,-25.19741869122548
US30,15min+1h_e20_zero_hm25_s1.5_t2.5_long,15min,1h,20.0,zero,0.0,25.0,1.5,2.5,0.0,0.0,long,all,1560,-64.668048227281,0.8140688045121459,39.23076923076923,-67.35572528712049,-1.282348323257667,1.5,35331.951772718996,-23.945778929295695
US30,15min+1h_e20_zero_hm25_s1.5_t3.5_both,15min,1h,20.0,zero,0.0,25.0,1.5,3.5,0.0,0.0,both,all,2091,-80.00386649435126,0.7892675331173958,38.785270205643236,-81.50075650135611,-1.697335750131345,1.9411764705882353,19996.133505648737,-25.187016087034806
US30,15min+1h_e20_zero_hm25_s1.5_t3.5_long,15min,1h,20.0,zero,0.0,25.0,1.5,3.5,0.0,0.0,long,all,1552,-63.900774637060465,0.8263303188518628,38.53092783505155,-67.61553744456101,-1.1846095979894689,1.5914948453608246,36099.225362939535,-23.894826686135204
US30,15min+1h_e20_zero_hm25_s2.0_t4.0_both,15min,1h,20.0,zero,0.0,25.0,2.0,4.0,0.0,0.0,both,all,2181,-74.6800853013809,0.7930832664042424,39.29390187987162,-76.62232239136664,-1.7176145226922992,2.0641907381934894,25319.914698619094,-24.769388141699295
US30,15min+1h_e20_zero_hm25_s2.0_t4.0_long,15min,1h,20.0,zero,0.0,25.0,2.0,4.0,0.0,0.0,long,all,1547,-54.9956939667534,0.8295759990847115,39.237233354880416,-58.746444315697175,-1.1223704303496767,1.7168713639301874,45004.3060332466,-23.175745533586245
US30,15min+1h_e20_hard_hm0_s1.5_t2.5_both,15min,1h,20.0,hard,0.0,0.0,1.5,2.5,0.0,0.0,both,all,3507,-80.16070863782163,0.9536809034391918,36.35585970915312,-86.20566810152019,-0.740158332714109,11.035928143712574,19839.291362178374,-24.580690310046858
US30,15min+1h_e20_hard_hm0_s1.5_t2.5_long,15min,1h,20.0,hard,0.0,0.0,1.5,2.5,0.0,0.0,long,all,2600,-46.91078773835906,0.9741085804211799,37.34615384615385,-73.55083451896543,-0.2688010282941907,11.323846153846153,53089.21226164094,-21.986394981681315
US30,15min+1h_e20_hard_hm0_s1.5_t3.5_both,15min,1h,20.0,hard,0.0,0.0,1.5,3.5,0.0,0.0,both,all,3244,-80.01088936089164,0.9457279539825938,29.901356350184958,-83.20333069227767,-0.6103612085114597,14.284833538840937,19989.110639108352,-24.279790729937478
US30,15min+1h_e20_hard_hm0_s1.5_t3.5_long,15min,1h,20.0,hard,0.0,0.0,1.5,3.5,0.0,0.0,long,all,2331,-44.75801422786254,0.9715853738938016,30.33033033033033,-69.37491330264747,-0.1876408079649003,15.109395109395109,55241.98577213746,-21.617814878433247
US30,15min+1h_e20_hard_hm0_s2.0_t4.0_both,15min,1h,20.0,hard,0.0,0.0,2.0,4.0,0.0,0.0,both,all,3312,-76.79272737301902,0.9381429077420904,33.06159420289855,-78.57895147057037,-0.6126933885274587,19.817934782608695,23207.27262698098,-23.988549967179537
US30,15min+1h_e20_hard_hm0_s2.0_t4.0_long,15min,1h,20.0,hard,0.0,0.0,2.0,4.0,0.0,0.0,long,all,2022,-17.640499543653597,0.9877434457923417,34.27299703264095,-49.79676599760021,0.006724897854220684,21.68496538081108,82359.5004563464,-19.418044660387967
US30,15min+1h_e20_hard_hm12_s1.5_t2.5_both,15min,1h,20.0,hard,0.0,12.0,1.5,2.5,0.0,0.0,both,all,2650,-55.88114181065049,0.9668659322440936,36.79245283018868,-75.16346587407841,-0.39267501711118036,13.67509433962264,44118.858189349514,-22.61363200244569
US30,15min+1h_e20_hard_hm12_s1.5_t2.5_long,15min,1h,20.0,hard,0.0,12.0,1.5,2.5,0.0,0.0,long,all,1768,11.585946005874481,1.007521519107547,38.34841628959276,-47.40105563557765,0.19510448572888217,13.175339366515837,111585.94600587449,-17.821143858825934
US30,15min+1h_e20_hard_hm12_s1.5_t3.5_both,15min,1h,20.0,hard,0.0,12.0,1.5,3.5,0.0,0.0,both,all,2448,-54.77915333715635,0.9618620262032218,30.065359477124183,-65.42648622952566,-0.28602721670138376,17.700163398692812,45220.84666284366,-22.032611342211304
US30,15min+1h_e20_hard_hm12_s1.5_t3.5_long,15min,1h,20.0,hard,0.0,12.0,1.5,3.5,0.0,0.0,long,all,1602,14.210532078763883,1.0095412912751833,31.14856429463171,-39.045135093484085,0.21539901820959212,17.62796504369538,114210.53207876388,-17.34643236508646
US30,15min+1h_e20_hard_hm12_s2.0_t4.0_both,15min,1h,20.0,hard,0.0,12.0,2.0,4.0,0.0,0.0,both,all,2208,-54.07910319080707,0.948973045938287,33.15217391304348,-59.38321411970466,-0.37505377248355115,24.5919384057971,45920.89680919293,-21.92864073630008
US30,15min+1h_e20_hard_hm12_s2.0_t4.0_long,15min,1h,20.0,hard,0.0,12.0,2.0,4.0,0.0,0.0,long,all,1422,9.890211042057917,1.0083592237781973,34.52883263009845,-38.906170136421814,0.1827510800440682,25.230661040787624,109890.21104205791,-17.56561368426296
US30,15min+1h_e20_hard_hm25_s1.5_t2.5_both,15min,1h,20.0,hard,0.0,25.0,1.5,2.5,0.0,0.0,both,all,1838,-59.212565140189774,0.9401940358284175,36.126224156692054,-69.07194775381906,-0.574599976083938,14.982589771490751,40787.43485981023,-22.842795390315217
US30,15min+1h_e20_hard_hm25_s1.5_t2.5_long,15min,1h,20.0,hard,0.0,25.0,1.5,2.5,0.0,0.0,long,all,1273,2.569892607059776,1.0026309566275857,38.09897879025923,-41.78809488255434,0.11684942232210609,14.064414768263944,102569.89260705978,-18.08687656596766
US30,15min+1h_e20_hard_hm25_s1.5_t3.5_both,15min,1h,20.0,hard,0.0,25.0,1.5,3.5,0.0,0.0,both,all,1726,-68.99215293354781,0.9144116698752296,28.852838933951332,-74.00949889003738,-0.6522141606447702,19.79374275782155,31007.847066452196,-23.61235813922249
US30,15min+1h_e20_hard_hm25_s1.5_t3.5_long,15min,1h,20.0,hard,0.0,25.0,1.5,3.5,0.0,0.0,long,all,1171,8.95248030935447,1.0089844512700603,30.999146029035014,-36.09552946004091,0.1747520505594888,19.33390264730999,108952.48030935446,-17.50113276201307
US30,15min+1h_e20_hard_hm25_s2.0_t4.0_both,15min,1h,20.0,hard,0.0,25.0,2.0,4.0,0.0,0.0,both,all,1580,-63.68794126288587,0.9165822590554455,32.0253164556962,-68.02907506509413,-0.6626198904511592,28.487974683544305,36312.05873711413,-23.171154841157325
US30,15min+1h_e20_hard_hm25_s2.0_t4.0_long,15min,1h,20.0,hard,0.0,25.0,2.0,4.0,0.0,0.0,long,all,1053,11.399588881820488,1.012843181621854,34.472934472934476,-36.4359417156095,0.19176954653005374,29.108262108262107,111399.58888182048,-17.381691839501844
US30,15min+1h_e20_neg_hm0_s1.5_t2.5_both,15min,1h,20.0,neg,10.0,0.0,1.5,2.5,0.0,0.0,both,all,2881,-80.03764126669314,0.8464678175413066,41.72162443595974,-80.20924233621578,-1.349419052281117,2.704963554321416,19962.358733306846,-24.99370580026309
US30,15min+1h_e20_neg_hm0_s1.5_t2.5_long,15min,1h,20.0,neg,10.0,0.0,1.5,2.5,0.0,0.0,long,all,3093,-80.17058111269122,0.8721344515599178,40.80181053992887,-80.61428173383571,-1.2723623405158224,2.2913029421273845,19829.418887308784,-24.951058384961282
US30,15min+1h_e20_neg_hm0_s1.5_t3.5_both,15min,1h,20.0,neg,10.0,0.0,1.5,3.5,0.0,0.0,both,all,2998,-80.16048873047139,0.8483271727223404,40.9606404269513,-80.19746142171894,-1.2447156365737175,2.8282188125416945,19839.51126952862,-24.993500074281762
US30,15min+1h_e20_neg_hm0_s1.5_t3.5_long,15min,1h,20.0,neg,10.0,0.0,1.5,3.5,0.0,0.0,long,all,3059,-80.0251288671335,0.8739302396875249,39.91500490356326,-80.228058758484,-1.1882294605226142,2.45766590389016,19974.871132866487,-24.92530190580589
US30,15min+1h_e20_neg_hm0_s2.0_t4.0_both,15min,1h,20.0,neg,10.0,0.0,2.0,4.0,0.0,0.0,both,all,4128,-80.10862823470188,0.8667064013676838,42.151162790697676,-80.12712703819614,-1.2347561159045557,3.1400193798449614,19891.37176529812,-24.942664207496712
US30,15min+1h_e20_neg_hm0_s2.0_t4.0_long,15min,1h,20.0,neg,10.0,0.0,2.0,4.0,0.0,0.0,long,all,3368,-72.20021545848712,0.8848395232274461,41.09263657957245,-73.04126802774098,-1.0806157961128395,2.7336698337292162,27799.78454151288,-24.29756053138051
US30,15min+1h_e20_neg_hm12_s1.5_t2.5_both,15min,1h,20.0,neg,10.0,12.0,1.5,2.5,0.0,0.0,both,all,2758,-80.12130223946319,0.8486959287805922,40.609137055837564,-80.85004601854273,-1.3944580445391919,2.7316896301667875,19878.69776053681,-25.017114108368755
US30,15min+1h_e20_neg_hm12_s1.5_t2.5_long,15min,1h,20.0,neg,10.0,12.0,1.5,2.5,0.0,0.0,long,all,2203,-69.1540291826579,0.86169562936946,39.990921470721744,-71.49205015566156,-1.1183730672081653,2.156604630049932,30845.970817342113,-24.17160410010913
US30,15min+1h_e20_neg_hm12_s1.5_t3.5_both,15min,1h,20.0,neg,10.0,12.0,1.5,3.5,0.0,0.0,both,all,2628,-80.18155474625993,0.8497616415751424,40.03044140030441,-80.75089118074884,-1.3424152451659301,2.8683409436834095,19818.44525374007,-25.012893733142494
US30,15min+1h_e20_neg_hm12_s1.5_t3.5_long,15min,1h,20.0,neg,10.0,12.0,1.5,3.5,0.0,0.0,long,all,2185,-67.68826128188714,0.8716159602199772,39.130434782608695,-70.5685752708117,-0.9834789095129298,2.3194508009153316,32311.738718112865,-24.026451925827406
US30,15min+1h_e20_neg_hm12_s2.0_t4.0_both,15min,1h,20.0,neg,10.0,12.0,2.0,4.0,0.0,0.0,both,all,3196,-78.68879243363071,0.8581453709612396,40.83229036295369,-80.07009962388655,-1.4334892423006247,3.112953692115144,21311.207566369296,-24.904992254897593
US30,15min+1h_e20_neg_hm12_s2.0_t4.0_long,15min,1h,20.0,neg,10.0,12.0,2.0,4.0,0.0,0.0,long,all,2168,-58.565206101019115,0.8776563652760578,40.40590405904059,-61.42509070907265,-0.9360443383079394,2.6023985239852396,41434.79389898088,-23.209537466675435
US30,15min+1h_e20_neg_hm25_s1.5_t2.5_both,15min,1h,20.0,neg,10.0,25.0,1.5,2.5,0.0,0.0,both,all,2155,-78.09851197935683,0.8300482908832025,39.39675174013921,-79.708154514517,-1.5046814534501378,2.683062645011601,21901.48802064318,-24.937145932546947
US30,15min+1h_e20_neg_hm25_s1.5_t2.5_long,15min,1h,20.0,neg,10.0,25.0,1.5,2.5,0.0,0.0,long,all,1526,-56.88895288453468,0.8635769840211979,39.77719528178244,-60.68722371336326,-0.9592849874862651,2.167758846657929,43111.04711546531,-23.18303208509232
US30,15min+1h_e20_neg_hm25_s1.5_t3.5_both,15min,1h,20.0,neg,10.0,25.0,1.5,3.5,0.0,0.0,both,all,2132,-80.05120010042303,0.8329413968137754,38.60225140712946,-80.9451339540239,-1.5184907459552814,2.823170731707317,19948.799899576967,-25.057499870143438
US30,15min+1h_e20_neg_hm25_s1.5_t3.5_long,15min,1h,20.0,neg,10.0,25.0,1.5,3.5,0.0,0.0,long,all,1514,-57.9795502013408,0.8678941971235237,38.90356671070013,-62.420992542202015,-0.9241148470788992,2.3282694848084544,42020.449798659196,-23.232458487551252
US30,15min+1h_e20_neg_hm25_s2.0_t4.0_both,15min,1h,20.0,neg,10.0,25.0,2.0,4.0,0.0,0.0,both,all,2132,-69.32636122582169,0.8482614626367678,39.77485928705441,-71.74791687780926,-1.3663364572670114,3.075515947467167,30673.63877417831,-24.222317467553317
US30,15min+1h_e20_neg_hm25_s2.0_t4.0_long,15min,1h,20.0,neg,10.0,25.0,2.0,4.0,0.0,0.0,long,all,1505,-48.173759831077376,0.8761729884786938,39.93355481727575,-53.98333135680863,-0.8546394214863888,2.5754152823920267,51826.24016892262,-22.37781030854829
US30,15min+1h_e25_zero_hm0_s1.5_t2.5_both,15min,1h,25.0,zero,0.0,0.0,1.5,2.5,0.0,0.0,both,all,1756,-80.01168589714361,0.7605647579444449,39.40774487471526,-80.42324188449581,-1.8771822559353075,1.9777904328018223,19988.314102856388,-25.215985216404466
US30,15min+1h_e25_zero_hm0_s1.5_t2.5_long,15min,1h,25.0,zero,0.0,0.0,1.5,2.5,0.0,0.0,long,all,2621,-80.06692267606724,0.8154414177302444,41.05303319343762,-80.72422156397529,-1.493513240116452,1.5700114460129722,19933.07732393276,-25.09304222527609
US30,15min+1h_e25_zero_hm0_s1.5_t3.5_both,15min,1h,25.0,zero,0.0,0.0,1.5,3.5,0.0,0.0,both,all,1799,-80.11174625012785,0.758417374482705,38.57698721511951,-80.63305922894203,-1.7578712808745307,2.0316842690383545,19888.25374987214,-25.233748782956035
US30,15min+1h_e25_zero_hm0_s1.5_t3.5_long,15min,1h,25.0,zero,0.0,0.0,1.5,3.5,0.0,0.0,long,all,2635,-80.03944814772854,0.8239821133471366,40.18975332068311,-80.7605699046625,-1.3945521261380383,1.6679316888045541,19960.55185227147,-25.072045438727802
US30,15min+1h_e25_zero_hm0_s2.0_t4.0_both,15min,1h,25.0,zero,0.0,0.0,2.0,4.0,0.0,0.0,both,all,2886,-80.19502985850757,0.7886333126319726,41.268191268191266,-80.5034330977637,-1.7357318664036294,2.178101178101178,19804.970141492435,-25.15635523667092
US30,15min+1h_e25_zero_hm0_s2.0_t4.0_long,15min,1h,25.0,zero,0.0,0.0,2.0,4.0,0.0,0.0,long,all,2716,-80.17755736030448,0.8113715393659011,40.90574374079529,-80.68146149030252,-1.6541817902790534,1.8019145802650958,19822.442639695524,-25.105931905609527
US30,15min+1h_e25_zero_hm12_s1.5_t2.5_both,15min,1h,25.0,zero,0.0,12.0,1.5,2.5,0.0,0.0,both,all,2327,-80.01782647508384,0.8026858623631222,40.82509669101848,-81.24757379115849,-1.658866213965581,1.9265148259561666,19982.173524916157,-25.14390135474189
US30,15min+1h_e25_zero_hm12_s1.5_t2.5_long,15min,1h,25.0,zero,0.0,12.0,1.5,2.5,0.0,0.0,long,all,2098,-78.44659203168654,0.8093793260701592,39.18017159199238,-80.30366964347691,-1.5899231877524613,1.4837940896091515,21553.407968313466,-25.02656215183114
US30,15min+1h_e25_zero_hm12_s1.5_t3.5_both,15min,1h,25.0,zero,0.0,12.0,1.5,3.5,0.0,0.0,both,all,2337,-80.00370168910541,0.81107606203856,40.35087719298246,-81.59237361358768,-1.5567878799859398,2.011981172443303,19996.29831089459,-25.136152857011325
US30,15min+1h_e25_zero_hm12_s1.5_t3.5_long,15min,1h,25.0,zero,0.0,12.0,1.5,3.5,0.0,0.0,long,all,2091,-75.6692013738662,0.8281334783838182,38.64179818268771,-78.36557094611885,-1.3634363940617267,1.5781922525107603,24330.798626133797,-24.79105719683986
US30,15min+1h_e25_zero_hm12_s2.0_t4.0_both,15min,1h,25.0,zero,0.0,12.0,2.0,4.0,0.0,0.0,both,all,2470,-80.0223507224246,0.8020995307329034,40.48582995951417,-81.21415964807993,-1.8415985209129924,2.159514170040486,19977.649277575387,-25.14421158798792
US30,15min+1h_e25_zero_hm12_s2.0_t4.0_long,15min,1h,25.0,zero,0.0,12.0,2.0,4.0,0.0,0.0,long,all,2083,-69.98321143869018,0.8185083352588906,39.60633701392223,-72.613517074561,-1.39971297542721,1.71627460393663,30016.788561309833,-24.357598302382822
US30,15min+1h_e25_zero_hm25_s1.5_t2.5_both,15min,1h,25.0,zero,0.0,25.0,1.5,2.5,0.0,0.0,both,all,1905,-80.00914338643128,0.7687558427003824,38.79265091863517,-80.6783008442974,-1.8516178906155356,1.863517060367454,19990.856613568725,-25.205608162478192
US30,15min+1h_e25_zero_hm25_s1.5_t2.5_long,15min,1h,25.0,zero,0.0,25.0,1.5,2.5,0.0,0.0,long,all,1412,-66.62634625144945,0.7943516964402944,38.59773371104816,-68.32351469243538,-1.4140527765679973,1.454674220963173,33373.65374855055,-24.112115196654656
US30,15min+1h_e25_zero_hm25_s1.5_t3.5_both,15min,1h,25.0,zero,0.0,25.0,1.5,3.5,0.0,0.0,both,all,1900,-80.08391405078942,0.777805648958092,38.21052631578947,-80.87391001345448,-1.7818373000382743,1.9442105263157894,19916.085949210585,-25.193798840174527
US30,15min+1h_e25_zero_hm25_s1.5_t3.5_long,15min,1h,25.0,zero,0.0,25.0,1.5,3.5,0.0,0.0,long,all,1406,-65.68989981590947,0.8061197697279062,37.9800853485064,-68.24641039375317,-1.311953365402794,1.5433854907539117,34310.10018409052,-24.04215298406674
US30,15min+1h_e25_zero_hm25_s2.0_t4.0_both,15min,1h,25.0,zero,0.0,25.0,2.0,4.0,0.0,0.0,both,all,1929,-74.95324971871028,0.7740223654141489,38.88024883359253,-76.35857021345105,-1.8360940910731067,2.072576464489373,25046.750281289722,-24.81741688375108
US30,15min+1h_e25_zero_hm25_s2.0_t4.0_long,15min,1h,25.0,zero,0.0,25.0,2.0,4.0,0.0,0.0,long,all,1403,-59.111015932773284,0.7983476182953756,38.63150392017106,-61.630656564971055,-1.317931408331046,1.668567355666429,40888.984067226724,-23.533797854171333
US30,15min+1h_e25_hard_hm0_s1.5_t2.5_both,15min,1h,25.0,hard,0.0,0.0,1.5,2.5,0.0,0.0,both,all,3234,-80.15842569410158,0.9454343174304697,36.0235003092146,-84.79430687015224,-0.7674456598753812,10.720470006184291,19841.57430589841,-24.58569199880705
US30,15min+1h_e25_hard_hm0_s1.5_t2.5_long,15min,1h,25.0,hard,0.0,0.0,1.5,2.5,0.0,0.0,long,all,2530,-58.75184521039181,0.9628868825024042,36.83794466403162,-75.20788205151561,-0.42885786974765067,10.840711462450592,41248.15478960819,-22.79445868884176
US30,15min+1h_e25_hard_hm0_s1.5_t3.5_both,15min,1h,25.0,hard,0.0,0.0,1.5,3.5,0.0,0.0,both,all,3176,-80.02503876304283,0.9343405056894717,29.691435768261965,-81.6764278706178,-0.6054035795716566,13.932304785894207,19974.96123695717,-24.24031277048023
US30,15min+1h_e25_hard_hm0_s1.5_t3.5_long,15min,1h,25.0,hard,0.0,0.0,1.5,3.5,0.0,0.0,long,all,2276,-55.83037496508499,0.9580403244274479,29.920913884007028,-67.88048131515103,-0.31722533864721,14.5896309314587,44169.62503491501,-22.229171448111636
US30,15min+1h_e25_hard_hm0_s2.0_t4.0_both,15min,1h,25.0,hard,0.0,0.0,2.0,4.0,0.0,0.0,both,all,3200,-77.87511747183133,0.9265442758851042,32.90625,-80.04467093655651,-0.6359948112406503,19.4125,22124.882528168666,-24.15442306348373
US30,15min+1h_e25_hard_hm0_s2.0_t4.0_long,15min,1h,25.0,hard,0.0,0.0,2.0,4.0,0.0,0.0,long,all,1992,-30.673468966304686,0.9744448816584618,33.785140562249,-48.49234318782395,-0.1075088516112248,21.044176706827308,69326.53103369531,-20.09178355943583
US30,15min+1h_e25_hard_hm12_s1.5_t2.5_both,15min,1h,25.0,hard,0.0,12.0,1.5,2.5,0.0,0.0,both,all,2469,-65.40265857153238,0.951591414608588,36.4115026326448,-74.84992491826597,-0.5747549563568993,13.341838801134063,34597.341428467626,-23.293257237605815
US30,15min+1h_e25_hard_hm12_s1.5_t2.5_long,15min,1h,25.0,hard,0.0,12.0,1.5,2.5,0.0,0.0,long,all,1687,-20.68024808860298,0.9843671938967935,37.522228808535864,-58.76295798609637,-0.07410028754378711,12.67397747480735,79319.75191139702,-20.02796068956167
US30,15min+1h_e25_hard_hm12_s1.5_t3.5_both,15min,1h,25.0,hard,0.0,12.0,1.5,3.5,0.0,0.0,both,all,2300,-54.38509523633718,0.956152638506894,30.0,-64.31322544225405,-0.29788801953610455,17.320869565217393,45614.904763662824,-22.00438326018057
US30,15min+1h_e25_hard_hm12_s1.5_t3.5_long,15min,1h,25.0,hard,0.0,12.0,1.5,3.5,0.0,0.0,long,all,1544,-8.767714061051613,0.9933395614943367,30.569948186528496,-45.679412714558644,0.05960014285445719,17.088730569948186,91232.2859389484,-18.805135953006882
US30,15min+1h_e25_hard_hm12_s2.0_t4.0_both,15min,1h,25.0,hard,0.0,12.0,2.0,4.0,0.0,0.0,both,all,2096,-57.650940505357504,0.9348299299075672,32.87213740458015,-63.21002240646045,-0.43723419316629536,24.188454198473284,42349.05949464249,-22.35321498145324
US30,15min+1h_e25_hard_hm12_s2.0_t4.0_long,15min,1h,25.0,hard,0.0,12.0,2.0,4.0,0.0,0.0,long,all,1382,-8.410391835449582,0.9916901473213161,33.71924746743849,-35.622794422538576,0.03774902694096093,24.73082489146165,91589.60816455042,-18.425478541604797
US30,15min+1h_e25_hard_hm25_s1.5_t2.5_both,15min,1h,25.0,hard,0.0,25.0,1.5,2.5,0.0,0.0,both,all,1669,-64.78668854663184,0.9241180813460164,35.59017375674056,-69.41257278760243,-0.7292584205313977,14.55242660275614,35213.31145336817,-23.351562880801428
US30,15min+1h_e25_hard_hm25_s1.5_t2.5_long,15min,1h,25.0,hard,0.0,25.0,1.5,2.5,0.0,0.0,long,all,1185,-24.97140364663738,0.9700279855608017,37.04641350210971,-52.24346772031717,-0.17938787338693774,13.421097046413502,75028.59635336262,-20.132606700856584
US30,15min+1h_e25_hard_hm25_s1.5_t3.5_both,15min,1h,25.0,hard,0.0,25.0,1.5,3.5,0.0,0.0,both,all,1576,-69.753862859364,0.9055407894889446,28.48984771573604,-75.57462472925972,-0.7210225979383833,19.356598984771573,30246.137140635994,-23.830821426730164
US30,15min+1h_e25_hard_hm25_s1.5_t3.5_long,15min,1h,25.0,hard,0.0,25.0,1.5,3.5,0.0,0.0,long,all,1099,-12.010452240896663,0.9869941521872885,30.30027297543221,-44.90631779807538,-0.004645909402992738,18.578707916287534,87989.54775910334,-19.01615428519515
US30,15min+1h_e25_hard_hm25_s2.0_t4.0_both,15min,1h,25.0,hard,0.0,25.0,2.0,4.0,0.0,0.0,both,all,1449,-65.03172765643922,0.8956038055272392,31.538992408557625,-68.48756304305222,-0.7211562089349756,28.08350586611456,34968.2723435608,-23.383496427564022
US30,15min+1h_e25_hard_hm25_s2.0_t4.0_long,15min,1h,25.0,hard,0.0,25.0,2.0,4.0,0.0,0.0,long,all,992,-1.427813854017368,0.9981506488460152,33.770161290322584,-35.07783433554651,0.07813102378637082,28.410282258064516,98572.18614598263,-18.047652769787963
US30,15min+1h_e25_neg_hm0_s1.5_t2.5_both,15min,1h,25.0,neg,10.0,0.0,1.5,2.5,0.0,0.0,both,all,2506,-80.07202156350964,0.820879902034409,41.58020750199521,-80.0828754608361,-1.4580467245220379,2.6568236233040703,19927.978436490357,-25.053996125887807
US30,15min+1h_e25_neg_hm0_s1.5_t2.5_long,15min,1h,25.0,neg,10.0,0.0,1.5,2.5,0.0,0.0,long,all,2611,-80.02545502505394,0.8455687237717819,40.75067024128686,-80.19403441135718,-1.3509221495501131,2.1363462274990423,19974.544974946053,-24.99485776802699
US30,15min+1h_e25_neg_hm0_s1.5_t3.5_both,15min,1h,25.0,neg,10.0,0.0,1.5,3.5,0.0,0.0,both,all,2575,-80.06991960216257,0.8205588444422808,40.699029126213595,-80.24075784976337,-1.355746198888375,2.774368932038835,19930.08039783742,-25.061029986971334
US30,15min+1h_e25_neg_hm0_s1.5_t3.5_long,15min,1h,25.0,neg,10.0,0.0,1.5,3.5,0.0,0.0,long,all,2643,-80.18346980244672,0.8474023307820266,39.8410896708286,-80.36407517863964,-1.2633145983363887,2.2890654559213015,19816.530197553286,-25.003395972288388
US30,15min+1h_e25_neg_hm0_s2.0_t4.0_both,15min,1h,25.0,neg,10.0,0.0,2.0,4.0,0.0,0.0,both,all,3373,-80.06921446819842,0.8303864481440861,42.09902164245479,-80.26500779296704,-1.4196712752123124,3.0403201897420695,19930.78553180157,-25.037402770086402
US30,15min+1h_e25_neg_hm0_s2.0_t4.0_long,15min,1h,25.0,neg,10.0,0.0,2.0,4.0,0.0,0.0,long,all,3163,-78.4526679578057,0.8491867532401725,40.84729687006007,-78.76203092253095,-1.3321422971878334,2.5678153651596585,21547.332042194295,-24.865621072113036
US30,15min+1h_e25_neg_hm12_s1.5_t2.5_both,15min,1h,25.0,neg,10.0,12.0,1.5,2.5,0.0,0.0,both,all,2424,-80.01818767976033,0.8352403994761889,40.552805280528055,-80.8785931577342,-1.4619484061337769,2.639026402640264,19981.812320239664,-25.04777023480931
US30,15min+1h_e25_neg_hm12_s1.5_t2.5_long,15min,1h,25.0,neg,10.0,12.0,1.5,2.5,0.0,0.0,long,all,2048,-74.95765035734587,0.8392943775374195,39.74609375,-76.70753433654001,-1.3606557438283466,2.01513671875,25042.349642654128,-24.668371443911887
US30,15min+1h_e25_neg_hm12_s1.5_t3.5_both,15min,1h,25.0,neg,10.0,12.0,1.5,3.5,0.0,0.0,both,all,2393,-80.1188485342364,0.8374358519687961,39.94985374007522,-81.45950140198495,-1.3981511172269545,2.7705808608441287,19881.151465763593,-25.069544367526866
US30,15min+1h_e25_neg_hm12_s1.5_t3.5_long,15min,1h,25.0,neg,10.0,12.0,1.5,3.5,0.0,0.0,long,all,2033,-73.70784379535303,0.8484115892356678,38.95720609936055,-76.3599843134799,-1.2175906407804034,2.174126906050172,26292.15620464697,-24.58168415126415
US30,15min+1h_e25_neg_hm12_s2.0_t4.0_both,15min,1h,25.0,neg,10.0,12.0,2.0,4.0,0.0,0.0,both,all,2865,-80.19961610467298,0.8325668307181028,40.6282722513089,-81.00049633876726,-1.571793681664933,3.0663176265270504,19800.38389532702,-25.066587420942355
US30,15min+1h_e25_neg_hm12_s2.0_t4.0_long,15min,1h,25.0,neg,10.0,12.0,2.0,4.0,0.0,0.0,long,all,2015,-65.19818041000717,0.8462169648705519,40.1985111662531,-67.36895894943548,-1.163738850714965,2.4535980148883376,34801.81958999283,-23.887143162201326
US30,15min+1h_e25_neg_hm25_s1.5_t2.5_both,15min,1h,25.0,neg,10.0,25.0,1.5,2.5,0.0,0.0,both,all,1909,-78.52410855830762,0.8113380378906325,38.81613410162389,-79.6080308617834,-1.6116888408527144,2.609219486642221,21475.891441692387,-24.99694048207706
US30,15min+1h_e25_neg_hm25_s1.5_t2.5_long,15min,1h,25.0,neg,10.0,25.0,1.5,2.5,0.0,0.0,long,all,1383,-63.061054271091166,0.8294982206893187,39.04555314533623,-64.80341493427542,-1.2019943264755872,2.019522776572668,36938.94572890883,-23.740833216491367
US30,15min+1h_e25_neg_hm25_s1.5_t3.5_both,15min,1h,25.0,neg,10.0,25.0,1.5,3.5,0.0,0.0,both,all,1900,-79.2540487972428,0.8181670806262474,38.1578947368421,-80.64850436257014,-1.582220550863226,2.7426315789473685,20745.95120275719,-25.050684424826898
US30,15min+1h_e25_neg_hm25_s1.5_t3.5_long,15min,1h,25.0,neg,10.0,25.0,1.5,3.5,0.0,0.0,long,all,1374,-63.44736814280063,0.8367204769647237,38.28238719068413,-66.26087948441818,-1.156330692253984,2.1739446870451236,36552.63185719937,-23.796528712676945
US30,15min+1h_e25_neg_hm25_s2.0_t4.0_both,15min,1h,25.0,neg,10.0,25.0,2.0,4.0,0.0,0.0,both,all,1891,-72.29532330720698,0.8142657378035277,39.079851930195666,-73.61263023109508,-1.5784569870535792,3.0095187731359068,27704.676692793015,-24.500653797023265
US30,15min+1h_e25_neg_hm25_s2.0_t4.0_long,15min,1h,25.0,neg,10.0,25.0,2.0,4.0,0.0,0.0,long,all,1367,-56.383020534635605,0.8294481343323574,39.136795903438184,-58.33427725143845,-1.1459293765337055,2.4162399414776883,43616.97946536439,-23.21507157561207
US30,15min+1h_e35_zero_hm0_s1.5_t2.5_both,15min,1h,35.0,zero,0.0,0.0,1.5,2.5,0.0,0.0,both,all,2158,-80.02547712321095,0.7627345180194505,40.82483781278962,-80.12353568294867,-1.724800833315326,1.9490268767377201,19974.522876789055,-25.19912421719776
US30,15min+1h_e35_zero_hm0_s1.5_t2.5_long,15min,1h,35.0,zero,0.0,0.0,1.5,2.5,0.0,0.0,long,all,2200,-80.00399007110848,0.7726568096414761,40.5,-80.09724867730623,-1.7065198308782026,1.4859090909090908,19996.009928891523,-25.1724075258329
US30,15min+1h_e35_zero_hm0_s1.5_t3.5_both,15min,1h,35.0,zero,0.0,0.0,1.5,3.5,0.0,0.0,both,all,2181,-80.09295854403817,0.7640195811127677,40.02751031636864,-80.31705073854677,-1.605958226641227,1.9981659789087574,19907.041455961833,-25.20635141852148
US30,15min+1h_e35_zero_hm0_s1.5_t3.5_long,15min,1h,35.0,zero,0.0,0.0,1.5,3.5,0.0,0.0,long,all,2197,-80.03732505426795,0.7780367049004092,39.78152025489304,-80.15360481012212,-1.5854800292325673,1.5575785161583977,19962.674945732044,-25.16254543232458
US30,15min+1h_e35_zero_hm0_s2.0_t4.0_both,15min,1h,35.0,zero,0.0,0.0,2.0,4.0,0.0,0.0,both,all,3046,-80.07970105064949,0.7960201678490064,41.62836506894288,-80.1922430788265,-1.6597144803955848,2.133289560078792,19920.29894935051,-25.120827345556524
US30,15min+1h_e35_zero_hm0_s2.0_t4.0_long,15min,1h,35.0,zero,0.0,0.0,2.0,4.0,0.0,0.0,long,all,2360,-80.01075680442315,0.7891810877929326,40.21186440677966,-80.08075870952966,-1.7446693744558601,1.6783898305084746,19989.243195576844,-25.13070790107578
US30,15min+1h_e35_zero_hm12_s1.5_t2.5_both,15min,1h,35.0,zero,0.0,12.0,1.5,2.5,0.0,0.0,both,all,1930,-80.0364384587096,0.7875296747184208,39.637305699481864,-80.37623343570648,-1.8352993332100884,1.9181347150259067,19963.561541290408,-25.14768268898059
US30,15min+1h_e35_zero_hm12_s1.5_t2.5_long,15min,1h,35.0,zero,0.0,12.0,1.5,2.5,0.0,0.0,long,all,1772,-77.28216781770854,0.7934503729409177,38.60045146726862,-78.37128000428275,-1.6631495291068812,1.40744920993228,22717.83218229146,-24.942511980527357
US30,15min+1h_e35_zero_hm12_s1.5_t3.5_both,15min,1h,35.0,zero,0.0,12.0,1.5,3.5,0.0,0.0,both,all,1941,-80.00297706859514,0.7925401543450826,39.155074703760945,-80.34065881213131,-1.6982617692125013,1.994332818134982,19997.02293140486,-25.13239504936635
US30,15min+1h_e35_zero_hm12_s1.5_t3.5_long,15min,1h,35.0,zero,0.0,12.0,1.5,3.5,0.0,0.0,long,all,1762,-76.55337088453989,0.801753652465683,38.08172531214529,-78.1108581039705,-1.5195151294822027,1.4835414301929626,23446.629115460113,-24.88218502837621
US30,15min+1h_e35_zero_hm12_s2.0_t4.0_both,15min,1h,35.0,zero,0.0,12.0,2.0,4.0,0.0,0.0,both,all,2313,-80.04710897964198,0.7959223044815711,39.73194984868137,-80.2022258300969,-1.8154142769886514,2.1054907047124947,19952.891020358024,-25.120167631185627
US30,15min+1h_e35_zero_hm12_s2.0_t4.0_long,15min,1h,35.0,zero,0.0,12.0,2.0,4.0,0.0,0.0,long,all,1758,-67.88264897026033,0.804935692677661,39.362912400455066,-69.3914246255145,-1.3935136831046921,1.6075085324232081,32117.35102973966,-24.17862371213684
US30,15min+1h_e35_zero_hm25_s1.5_t2.5_both,15min,1h,35.0,zero,0.0,25.0,1.5,2.5,0.0,0.0,both,all,1566,-75.19311936244407,0.7805193957968906,38.69731800766284,-76.2230879223507,-1.7354626963216924,1.8378033205619413,24806.880637555932,-24.805349801899567
US30,15min+1h_e35_zero_hm25_s1.5_t2.5_long,15min,1h,35.0,zero,0.0,25.0,1.5,2.5,0.0,0.0,long,all,1171,-59.36136590509391,0.8070999519634057,39.19726729291204,-60.79611816086772,-1.2858352019205868,1.3697694278394534,40638.63409490608,-23.48854948272995
US30,15min+1h_e35_zero_hm25_s1.5_t3.5_both,15min,1h,35.0,zero,0.0,25.0,1.5,3.5,0.0,0.0,both,all,1560,-77.09231345949559,0.7745501589949039,38.14102564102564,-78.18349089387814,-1.7740694322878732,1.9147435897435898,22907.686540504412,-24.97465677664769
US30,15min+1h_e35_zero_hm25_s1.5_t3.5_long,15min,1h,35.0,zero,0.0,25.0,1.5,3.5,0.0,0.0,long,all,1165,-61.35550963888316,0.8001659172219601,38.62660944206009,-63.529950736066645,-1.304662795324627,1.4454935622317597,38644.49036111683,-23.695003621943094
US30,15min+1h_e35_zero_hm25_s2.0_t4.0_both,15min,1h,35.0,zero,0.0,25.0,2.0,4.0,0.0,0.0,both,all,1554,-68.00251955224826,0.778125734348941,39.25353925353925,-69.15428336166838,-1.655386417684043,2.063706563706564,31997.480447751735,-24.24095778068431
US30,15min+1h_e35_zero_hm25_s2.0_t4.0_long,15min,1h,35.0,zero,0.0,25.0,2.0,4.0,0.0,0.0,long,all,1163,-52.01895664792686,0.8021172185252047,39.63886500429923,-55.013787723816534,-1.1948670042671325,1.5588993981083406,47981.04335207313,-22.976016728556722
US30,15min+1h_e35_hard_hm0_s1.5_t2.5_both,15min,1h,35.0,hard,0.0,0.0,1.5,2.5,0.0,0.0,both,all,2686,-80.11638688598876,0.9178369415674786,35.629188384214444,-81.91730755392051,-0.9048952576949505,10.649292628443783,19883.61311401124,-24.7440983102201
US30,15min+1h_e35_hard_hm0_s1.5_t2.5_long,15min,1h,35.0,hard,0.0,0.0,1.5,2.5,0.0,0.0,long,all,2226,-80.03816635617,0.9221844015074935,35.22012578616352,-82.29774801122981,-0.9790153045785122,10.566037735849056,19961.833643830003,-24.856498527795026
US30,15min+1h_e35_hard_hm0_s1.5_t3.5_both,15min,1h,35.0,hard,0.0,0.0,1.5,3.5,0.0,0.0,both,all,2373,-80.02806038310048,0.8995818001215687,28.866413822166034,-80.6575534042561,-0.7669349056992295,14.048040455120102,19971.93961689951,-24.528872409739186
US30,15min+1h_e35_hard_hm0_s1.5_t3.5_long,15min,1h,35.0,hard,0.0,0.0,1.5,3.5,0.0,0.0,long,all,2079,-80.13722171346019,0.9073553199021481,28.33092833092833,-80.1960197308792,-0.8123318705746292,14.586820586820586,19862.778286539808,-24.563439163880147
US30,15min+1h_e35_hard_hm0_s2.0_t4.0_both,15min,1h,35.0,hard,0.0,0.0,2.0,4.0,0.0,0.0,both,all,2896,-77.4411199950257,0.9261044618687292,32.66574585635359,-78.90429297754783,-0.6925383619594051,19.459599447513813,22558.880004974308,-24.177362907170227
US30,15min+1h_e35_hard_hm0_s2.0_t4.0_long,15min,1h,35.0,hard,0.0,0.0,2.0,4.0,0.0,0.0,long,all,1838,-34.08314698531375,0.9703482984353784,33.51468988030468,-57.40333203733634,-0.16699146534414938,21.22524483133841,65916.85301468625,-20.684075612833784
US30,15min+1h_e35_hard_hm12_s1.5_t2.5_both,15min,1h,35.0,hard,0.0,12.0,1.5,2.5,0.0,0.0,both,all,2131,-73.98154604382776,0.9319364811289678,35.47630220553731,-77.92584898724462,-0.8416167398545457,12.964335992491788,26018.45395617223,-24.208879708202296
US30,15min+1h_e35_hard_hm12_s1.5_t2.5_long,15min,1h,35.0,hard,0.0,12.0,1.5,2.5,0.0,0.0,long,all,1502,-47.48218714238976,0.9525705081438366,36.284953395472705,-66.73761481456832,-0.4354914334603764,12.456724367509986,52517.81285761023,-22.040602958109297
US30,15min+1h_e35_hard_hm12_s1.5_t3.5_both,15min,1h,35.0,hard,0.0,12.0,1.5,3.5,0.0,0.0,both,all,1998,-71.6661792600492,0.9267838362067068,28.77877877877878,-75.20860994411215,-0.6265139544812615,17.074074074074073,28333.820739950796,-23.697802909371582
US30,15min+1h_e35_hard_hm12_s1.5_t3.5_long,15min,1h,35.0,hard,0.0,12.0,1.5,3.5,0.0,0.0,long,all,1384,-41.61410525587685,0.957362381238208,29.40751445086705,-59.52975192350877,-0.2653092569341133,17.097543352601157,58385.89474412315,-21.250312219481074
US30,15min+1h_e35_hard_hm12_s2.0_t4.0_both,15min,1h,35.0,hard,0.0,12.0,2.0,4.0,0.0,0.0,both,all,1832,-55.70190427303954,0.9390329174455897,32.58733624454148,-60.01806748034705,-0.460434348052527,24.212336244541486,44298.095726960455,-22.171868098600278
US30,15min+1h_e35_hard_hm12_s2.0_t4.0_long,15min,1h,35.0,hard,0.0,12.0,2.0,4.0,0.0,0.0,long,all,1247,-22.427683303530642,0.9753526548113853,33.279871692060944,-51.00489087195578,-0.11379814722517702,25.008821170809945,77572.31669646935,-19.869618550828758
US30,15min+1h_e35_hard_hm25_s1.5_t2.5_both,15min,1h,35.0,hard,0.0,25.0,1.5,2.5,0.0,0.0,both,all,1400,-62.3258797097659,0.9151835005011614,35.285714285714285,-69.65434579790595,-0.7624232137043454,14.096428571428572,37674.1202902341,-23.334885089610488
US30,15min+1h_e35_hard_hm25_s1.5_t2.5_long,15min,1h,35.0,hard,0.0,25.0,1.5,2.5,0.0,0.0,long,all,1024,-25.10546990396304,0.9652360331167099,36.81640625,-48.32787140470941,-0.20881314069833692,13.20703125,74894.53009603696,-20.03746328060263
US30,15min+1h_e35_hard_hm25_s1.5_t3.5_both,15min,1h,35.0,hard,0.0,25.0,1.5,3.5,0.0,0.0,both,all,1325,-71.05465522212144,0.8899634437271151,27.849056603773583,-73.4703489576835,-0.8306527318261431,19.256603773584906,28945.34477787855,-24.002070655613625
US30,15min+1h_e35_hard_hm25_s1.5_t3.5_long,15min,1h,35.0,hard,0.0,25.0,1.5,3.5,0.0,0.0,long,all,953,-24.26024022266442,0.96810720113538,29.69569779643232,-49.98819490629586,-0.1444373089910515,18.87408184679958,75739.75977733558,-19.96632536580654
US30,15min+1h_e35_hard_hm25_s2.0_t4.0_both,15min,1h,35.0,hard,0.0,25.0,2.0,4.0,0.0,0.0,both,all,1228,-56.601831248925535,0.9133339779337353,32.00325732899023,-64.54997573642902,-0.6268647263750033,28.310260586319217,43398.16875107446,-22.70303442414235
US30,15min+1h_e35_hard_hm25_s2.0_t4.0_long,15min,1h,35.0,hard,0.0,25.0,2.0,4.0,0.0,0.0,long,all,872,3.8887638485570752,1.0052061569322668,34.174311926605505,-37.576607921076565,0.1229470589026427,28.92775229357798,103888.76384855708,-17.850077782216147
US30,15min+1h_e35_neg_hm0_s1.5_t2.5_both,15min,1h,35.0,neg,10.0,0.0,1.5,2.5,0.0,0.0,both,all,2244,-80.00584382056559,0.8020049732550075,40.59714795008912,-80.58731728157728,-1.5859465686911758,2.5459001782531194,19994.156179434412,-25.118714010948196
US30,15min+1h_e35_neg_hm0_s1.5_t2.5_long,15min,1h,35.0,neg,10.0,0.0,1.5,2.5,0.0,0.0,long,all,2203,-80.02109883066076,0.806568819581531,40.1270994098956,-80.49289634449829,-1.567371822761349,1.9391738538356786,19978.901169339235,-25.104137758052534
US30,15min+1h_e35_neg_hm0_s1.5_t3.5_both,15min,1h,35.0,neg,10.0,0.0,1.5,3.5,0.0,0.0,both,all,2316,-80.10282940425924,0.8039581021043318,39.939550949913645,-80.67699807359037,-1.4707942373511909,2.661917098445596,19897.17059574076,-25.121297843853156
US30,15min+1h_e35_neg_hm0_s1.5_t3.5_long,15min,1h,35.0,neg,10.0,0.0,1.5,3.5,0.0,0.0,long,all,2190,-80.09381696113947,0.8076870113491302,39.31506849315068,-80.56203864096582,-1.4537667150595708,2.0643835616438357,19906.18303886054,-25.107016695711387
US30,15min+1h_e35_neg_hm0_s2.0_t4.0_both,15min,1h,35.0,neg,10.0,0.0,2.0,4.0,0.0,0.0,both,all,3153,-80.15591790314143,0.8313564920012092,41.294005708848715,-80.50826012729017,-1.4751186059711876,2.9451316206787186,19844.08209685858,-25.048175891214242
US30,15min+1h_e35_neg_hm0_s2.0_t4.0_long,15min,1h,35.0,neg,10.0,0.0,2.0,4.0,0.0,0.0,long,all,2730,-76.55879246225729,0.8344125324822365,40.65934065934066,-77.60427528046098,-1.418290214125214,2.2908424908424907,23441.207537742717,-24.78049137850314
US30,15min+1h_e35_neg_hm12_s1.5_t2.5_both,15min,1h,35.0,neg,10.0,12.0,1.5,2.5,0.0,0.0,both,all,2004,-80.05240853510558,0.822479502029076,39.67065868263473,-80.32626198691888,-1.6114003954087428,2.534431137724551,19947.59146489441,-25.058948065808288
US30,15min+1h_e35_neg_hm12_s1.5_t2.5_long,15min,1h,35.0,neg,10.0,12.0,1.5,2.5,0.0,0.0,long,all,1746,-72.28848781316502,0.8267984209902484,39.175257731958766,-73.69379236378299,-1.3746297563390117,1.8029782359679267,27711.51218683499,-24.4722951546023
US30,15min+1h_e35_neg_hm12_s1.5_t3.5_both,15min,1h,35.0,neg,10.0,12.0,1.5,3.5,0.0,0.0,both,all,1971,-80.12756381863153,0.822241880761218,39.21867072552004,-80.63002492980411,-1.5521654544820225,2.6377473363774735,19872.43618136847,-25.07469884803438
US30,15min+1h_e35_neg_hm12_s1.5_t3.5_long,15min,1h,35.0,neg,10.0,12.0,1.5,3.5,0.0,0.0,long,all,1730,-72.66492389170023,0.8289658526274033,38.4393063583815,-74.72075137904133,-1.2929822051243247,1.9421965317919074,27335.07610829977,-24.523012379261154
US30,15min+1h_e35_neg_hm12_s2.0_t4.0_both,15min,1h,35.0,neg,10.0,12.0,2.0,4.0,0.0,0.0,both,all,2387,-75.01693581326082,0.8347155078419083,40.343527440301635,-75.85548703878963,-1.468188248602605,2.925429409300377,24983.064186739197,-24.64810814447725
US30,15min+1h_e35_neg_hm12_s2.0_t4.0_long,15min,1h,35.0,neg,10.0,12.0,2.0,4.0,0.0,0.0,long,all,1715,-58.71732897278713,0.8472899743665138,40.116618075801746,-60.51305435574563,-1.0779512314231325,2.19533527696793,41282.67102721287,-23.350990397225026
US30,15min+1h_e35_neg_hm25_s1.5_t2.5_both,15min,1h,35.0,neg,10.0,25.0,1.5,2.5,0.0,0.0,both,all,1553,-71.72752901854108,0.8137159450469746,38.763683193818416,-72.82207994462118,-1.4795081608457308,2.4951706374758533,28272.470981458926,-24.447694495909055
US30,15min+1h_e35_neg_hm25_s1.5_t2.5_long,15min,1h,35.0,neg,10.0,25.0,1.5,2.5,0.0,0.0,long,all,1158,-54.77864928669649,0.8354043759243254,39.29188255613126,-56.57948797151809,-1.0739521126628013,1.7659758203799654,45221.35071330351,-23.06581455051777
US30,15min+1h_e35_neg_hm25_s1.5_t3.5_both,15min,1h,35.0,neg,10.0,25.0,1.5,3.5,0.0,0.0,both,all,1545,-74.55728342699283,0.8092106914175359,38.12297734627832,-76.39160947500751,-1.5504401484957675,2.618770226537217,25442.716573007172,-24.714928987536176
US30,15min+1h_e35_neg_hm25_s1.5_t3.5_long,15min,1h,35.0,neg,10.0,25.0,1.5,3.5,0.0,0.0,long,all,1150,-57.5719811720335,0.8298782061332718,38.608695652173914,-61.7242465064195,-1.1114972079912142,1.8956521739130434,42428.0188279665,-23.39715359180494
US30,15min+1h_e35_neg_hm25_s2.0_t4.0_both,15min,1h,35.0,neg,10.0,25.0,2.0,4.0,0.0,0.0,both,all,1536,-64.61881378267813,0.812218173728639,39.322916666666664,-66.2563002160865,-1.4321583537792495,2.9114583333333335,35381.186217321876,-23.90445912562899
US30,15min+1h_e35_neg_hm25_s2.0_t4.0_long,15min,1h,35.0,neg,10.0,25.0,2.0,4.0,0.0,0.0,long,all,1145,-47.30263736322288,0.8353905539203915,39.737991266375545,-50.76326292506717,-0.9879327322527061,2.149344978165939,52697.36263677713,-22.51605872510968
US30,15min+4h_e15_zero_hm0_s1.5_t2.5_both,15min,4h,15.0,zero,0.0,0.0,1.5,2.5,0.0,0.0,both,all,4356,-80.09099403256428,0.9091216441976053,44.83471074380165,-82.48833089357728,-1.180042857119176,2.1402662993572084,19909.005967435725,-24.93036888655165
US30,15min+4h_e15_zero_hm0_s1.5_t2.5_long,15min,4h,15.0,zero,0.0,0.0,1.5,2.5,0.0,0.0,long,all,3498,-80.07616437432539,0.8844752309363945,44.22527158376215,-81.07621932851963,-1.3663515262560295,1.833047455688965,19923.835625674616,-24.934907270772815
US30,15min+4h_e15_zero_hm0_s1.5_t3.5_both,15min,4h,15.0,zero,0.0,0.0,1.5,3.5,0.0,0.0,both,all,5089,-80.03707841992839,0.9211765412060017,44.33090980546276,-81.70354254708772,-0.9798411878562652,2.217134997052466,19962.92158007161,-24.83644526745004
US30,15min+4h_e15_zero_hm0_s1.5_t3.5_long,15min,4h,15.0,zero,0.0,0.0,1.5,3.5,0.0,0.0,long,all,3850,-80.07153855515105,0.9028435229692061,43.688311688311686,-80.72682698815711,-1.1824549138161216,1.918961038961039,19928.461444848937,-24.87482581430931
US30,15min+4h_e15_zero_hm0_s2.0_t4.0_both,15min,4h,15.0,zero,0.0,0.0,2.0,4.0,0.0,0.0,both,all,5136,-80.04255541260503,0.9067853794795333,45.36604361370716,-82.62097614623963,-1.2374848449063918,2.388239875389408,19957.444587394963,-24.939577813654953
US30,15min+4h_e15_zero_hm0_s2.0_t4.0_long,15min,4h,15.0,zero,0.0,0.0,2.0,4.0,0.0,0.0,long,all,3890,-80.01004463435845,0.888111012985803,44.652956298200515,-81.5629979856725,-1.4608687406387664,2.090231362467866,19989.95536564155,-24.94264417233673
US30,15min+4h_e15_zero_hm12_s1.5_t2.5_both,15min,4h,15.0,zero,0.0,12.0,1.5,2.5,0.0,0.0,both,all,3752,-80.18497174781324,0.8847370074165554,44.00319829424307,-81.14965463166263,-1.273220349772357,2.148454157782516,19815.028252186763,-24.941542536637648
US30,15min+4h_e15_zero_hm12_s1.5_t2.5_long,15min,4h,15.0,zero,0.0,12.0,1.5,2.5,0.0,0.0,long,all,3076,-75.97324276220664,0.8860900560433729,43.46553966189857,-79.01654082765735,-1.3037714915607637,1.8767880364109233,24026.75723779336,-24.684366203486128
US30,15min+4h_e15_zero_hm12_s1.5_t3.5_both,15min,4h,15.0,zero,0.0,12.0,1.5,3.5,0.0,0.0,both,all,3805,-80.06041183851475,0.9025576837057251,43.31143232588699,-81.00556341686439,-1.1459564181659165,2.231800262812089,19939.588161485248,-24.886244800950852
US30,15min+4h_e15_zero_hm12_s1.5_t3.5_long,15min,4h,15.0,zero,0.0,12.0,1.5,3.5,0.0,0.0,long,all,3061,-69.49794981863441,0.9104991315944455,43.25383861483176,-73.22282968062362,-0.9842100450084871,1.964717412610258,30502.050181365594,-24.10889841849694
US30,15min+4h_e15_zero_hm12_s2.0_t4.0_both,15min,4h,15.0,zero,0.0,12.0,2.0,4.0,0.0,0.0,both,all,3763,-80.1664224346158,0.8766896216406507,44.32633537071486,-81.87567926831024,-1.4620283193864951,2.4044645229869785,19833.577565384203,-24.989960014015416
US30,15min+4h_e15_zero_hm12_s2.0_t4.0_long,15min,4h,15.0,zero,0.0,12.0,2.0,4.0,0.0,0.0,long,all,3021,-64.0351459555158,0.892604250361513,44.28997020854022,-69.87069852377373,-1.0742893804979465,2.142667990731546,35964.85404448419,-23.824723153267797
US30,15min+4h_e15_zero_hm25_s1.5_t2.5_both,15min,4h,15.0,zero,0.0,25.0,1.5,2.5,0.0,0.0,both,all,2783,-80.03537080026341,0.8694311537889042,43.5501257635645,-82.39029727582744,-1.4887769976419154,2.1196550485088035,19964.629199736595,-25.023448838571372
US30,15min+4h_e15_zero_hm25_s1.5_t2.5_long,15min,4h,15.0,zero,0.0,25.0,1.5,2.5,0.0,0.0,long,all,2203,-55.86386760680504,0.8951986129117302,44.30322287789378,-65.41061551565053,-0.8781700541128531,1.9414434861552428,44136.13239319495,-23.130237873788175
US30,15min+4h_e15_zero_hm25_s1.5_t3.5_both,15min,4h,15.0,zero,0.0,25.0,1.5,3.5,0.0,0.0,both,all,3027,-80.04313530788644,0.8834173783788748,43.11199207135778,-83.06761696319846,-1.336096361678292,2.1925999339279816,19956.864692113548,-25.01588664489621
US30,15min+4h_e15_zero_hm25_s1.5_t3.5_long,15min,4h,15.0,zero,0.0,25.0,1.5,3.5,0.0,0.0,long,all,2189,-48.8044600369098,0.9153558291576732,44.17542256738237,-61.39168189618831,-0.6545759301686139,2.0219278209227958,51195.539963090196,-22.30131999968266
US30,15min+4h_e15_zero_hm25_s2.0_t4.0_both,15min,4h,15.0,zero,0.0,25.0,2.0,4.0,0.0,0.0,both,all,2939,-80.17297394525012,0.8418358023681071,44.1306566859476,-82.08772074524842,-1.6802440241320715,2.3763184756719973,19827.026054749887,-25.085838281699672
US30,15min+4h_e15_zero_hm25_s2.0_t4.0_long,15min,4h,15.0,zero,0.0,25.0,2.0,4.0,0.0,0.0,long,all,2163,-51.016846527933765,0.8792816964850487,44.983818770226534,-61.60974328941404,-0.8907103497584715,2.1867776236708276,48983.153472066224,-22.842924876119
US30,15min+4h_e15_hard_hm0_s1.5_t2.5_both,15min,4h,15.0,hard,0.0,0.0,1.5,2.5,0.0,0.0,both,all,4016,-80.0476893932724,0.9624182983423933,36.603585657370516,-86.82363619143885,-0.6273348585707739,11.766185258964143,19952.31060672759,-24.409809565388628
US30,15min+4h_e15_hard_hm0_s1.5_t2.5_long,15min,4h,15.0,hard,0.0,0.0,1.5,2.5,0.0,0.0,long,all,2353,-38.40967442405984,0.9730231528843165,37.14407139821505,-64.54665102817818,-0.18678392436483116,13.194645133871653,61590.325575940165,-21.165871022425975
US30,15min+4h_e15_hard_hm0_s1.5_t3.5_both,15min,4h,15.0,hard,0.0,0.0,1.5,3.5,0.0,0.0,both,all,3479,-80.10105779093716,0.9512409166867383,29.69244035642426,-84.37911050561434,-0.551940800494748,15.335441218741018,19898.942209062843,-24.229015640887337
US30,15min+4h_e15_hard_hm0_s1.5_t3.5_long,15min,4h,15.0,hard,0.0,0.0,1.5,3.5,0.0,0.0,long,all,2012,-61.91720463610009,0.9395212325502554,29.174950298210735,-67.66454227149545,-0.4654768349320703,17.419980119284293,38082.79536389992,-22.73268204732629
US30,15min+4h_e15_hard_hm0_s2.0_t4.0_both,15min,4h,15.0,hard,0.0,0.0,2.0,4.0,0.0,0.0,both,all,3004,-77.97903959159996,0.9221830137596579,32.75632490013316,-81.3380010967406,-0.6560711620646704,22.103195739014648,22020.960408400046,-24.25133083623148
US30,15min+4h_e15_hard_hm0_s2.0_t4.0_long,15min,4h,15.0,hard,0.0,0.0,2.0,4.0,0.0,0.0,long,all,1626,-56.37157362778704,0.9181416744965818,32.349323493234934,-65.80088805313021,-0.5011476781941613,25.54551045510455,43628.42637221296,-22.543265798286477
US30,15min+4h_e15_hard_hm12_s1.5_t2.5_both,15min,4h,15.0,hard,0.0,12.0,1.5,2.5,0.0,0.0,both,all,2969,-45.261253489709176,0.9776093311323446,37.015830245874035,-71.27106292818239,-0.18321975685492092,12.837318962613674,54738.746510290825,-21.692098964167183
US30,15min+4h_e15_hard_hm12_s1.5_t2.5_long,15min,4h,15.0,hard,0.0,12.0,1.5,2.5,0.0,0.0,long,all,1660,30.86054163059353,1.0200268656523936,38.433734939759034,-58.80680773091398,0.31391757895208156,14.278915662650602,130860.54163059354,-17.296907111453713
US30,15min+4h_e15_hard_hm12_s1.5_t3.5_both,15min,4h,15.0,hard,0.0,12.0,1.5,3.5,0.0,0.0,both,all,2617,-54.79360281767869,0.9671808698391736,29.57585021016431,-69.89695292367115,-0.24235226623001127,16.73328238440963,45206.39718232131,-22.133198454401075
US30,15min+4h_e15_hard_hm12_s1.5_t3.5_long,15min,4h,15.0,hard,0.0,12.0,1.5,3.5,0.0,0.0,long,all,1454,-22.34074770340967,0.9794507081196834,29.84869325997249,-60.36904647236291,-0.05506899371881582,18.682943603851445,77659.25229659033,-20.14236848730992
US30,15min+4h_e15_hard_hm12_s2.0_t4.0_both,15min,4h,15.0,hard,0.0,12.0,2.0,4.0,0.0,0.0,both,all,2205,-66.28951341569724,0.9312698614850407,32.244897959183675,-70.55564037875457,-0.5352154536126957,23.736961451247165,33710.48658430276,-23.148454678484516
US30,15min+4h_e15_hard_hm12_s2.0_t4.0_long,15min,4h,15.0,hard,0.0,12.0,2.0,4.0,0.0,0.0,long,all,1199,-28.1250114600183,0.9620433788600223,32.86071726438699,-51.46958982232186,-0.17786386638791257,27.210175145954963,71874.9885399817,-20.245471403725418
US30,15min+4h_e15_hard_hm25_s1.5_t2.5_both,15min,4h,15.0,hard,0.0,25.0,1.5,2.5,0.0,0.0,both,all,2187,-38.356437879506444,0.9772992683181,37.03703703703704,-66.77461930951945,-0.18420187605553873,13.170096021947874,61643.56212049355,-21.238296930849096
US30,15min+4h_e15_hard_hm25_s1.5_t2.5_long,15min,4h,15.0,hard,0.0,25.0,1.5,2.5,0.0,0.0,long,all,1218,72.20177513219137,1.0583486751698996,39.49096880131363,-45.67729595804509,0.5606319796711923,15.348932676518883,172201.77513219137,5.347798824397388
US30,15min+4h_e15_hard_hm25_s1.5_t3.5_both,15min,4h,15.0,hard,0.0,25.0,1.5,3.5,0.0,0.0,both,all,1939,-59.568073515015094,0.9567028492907086,29.087158329035585,-75.80728195421325,-0.4063435695137585,17.244455905105724,40431.9264849849,-22.832772449813
US30,15min+4h_e15_hard_hm25_s1.5_t3.5_long,15min,4h,15.0,hard,0.0,25.0,1.5,3.5,0.0,0.0,long,all,1064,14.481920434709284,1.0147703562020507,30.73308270676692,-50.54434990821248,0.21408090603416635,19.962406015037594,114481.92043470927,-17.78444992938375
US30,15min+4h_e15_hard_hm25_s2.0_t4.0_both,15min,4h,15.0,hard,0.0,25.0,2.0,4.0,0.0,0.0,both,all,1675,-61.59425224170574,0.9283534696248005,31.880597014925375,-69.52522641764168,-0.5581904143390756,24.378507462686567,38405.74775829427,-22.961181093820507
US30,15min+4h_e15_hard_hm25_s2.0_t4.0_long,15min,4h,15.0,hard,0.0,25.0,2.0,4.0,0.0,0.0,long,all,905,-13.035048299170349,0.9786974493425206,33.149171270718234,-47.16641106468877,-0.04252540686876423,28.5646408839779,86964.95170082965,-19.22510286150121
US30,15min+4h_e15_neg_hm0_s1.5_t2.5_both,15min,4h,15.0,neg,10.0,0.0,1.5,2.5,0.0,0.0,both,all,4919,-80.05341551453039,0.9410814071963537,44.094328115470624,-84.63019617829282,-0.9719893682968117,3.0650538727383614,19946.584485469615,-24.89262500216726
US30,15min+4h_e15_neg_hm0_s1.5_t2.5_long,15min,4h,15.0,neg,10.0,0.0,1.5,2.5,0.0,0.0,long,all,3577,-80.12720431674929,0.9147771101031215,43.891529214425496,-82.10204209585585,-1.2067169503613369,2.8476376852110707,19872.795683250708,-24.9022270812464
US30,15min+4h_e15_neg_hm0_s1.5_t3.5_both,15min,4h,15.0,neg,10.0,0.0,1.5,3.5,0.0,0.0,both,all,4915,-80.03674811980207,0.9462311356130468,43.13326551373347,-83.8245504116274,-0.8864775200358739,3.200406917599186,19963.251880197928,-24.71859038227837
US30,15min+4h_e15_neg_hm0_s1.5_t3.5_long,15min,4h,15.0,neg,10.0,0.0,1.5,3.5,0.0,0.0,long,all,3635,-80.1091287062769,0.9222830426163646,43.081155433287485,-81.94937792302737,-1.1108415585673241,3.033287482806052,19890.871293723103,-24.87663265863126
US30,15min+4h_e15_neg_hm0_s2.0_t4.0_both,15min,4h,15.0,neg,10.0,0.0,2.0,4.0,0.0,0.0,both,all,4782,-80.16255244080422,0.924000534908483,44.562944374738606,-83.0787901801725,-1.134339181980501,3.5480970305311583,19837.447559195778,-24.919652367567863
US30,15min+4h_e15_neg_hm0_s2.0_t4.0_long,15min,4h,15.0,neg,10.0,0.0,2.0,4.0,0.0,0.0,long,all,3700,-74.42402783251858,0.9090815405056183,44.7027027027027,-79.34231152903439,-1.1122749695833138,3.3745945945945945,25575.972167481432,-24.577949723198074
US30,15min+4h_e15_neg_hm12_s1.5_t2.5_both,15min,4h,15.0,neg,10.0,12.0,1.5,2.5,0.0,0.0,both,all,3875,-80.09055689336748,0.9186375915664127,43.61290322580645,-82.23124847518038,-1.1038914422584625,3.0825806451612903,19909.443106632523,-24.896278235825882
US30,15min+4h_e15_neg_hm12_s1.5_t2.5_long,15min,4h,15.0,neg,10.0,12.0,1.5,2.5,0.0,0.0,long,all,2719,-65.83341970363526,0.919077341185338,43.729312247149686,-71.70296473524371,-0.8888142632350121,2.9470393527031997,34166.580296364744,-23.736983419444332
US30,15min+4h_e15_neg_hm12_s1.5_t3.5_both,15min,4h,15.0,neg,10.0,12.0,1.5,3.5,0.0,0.0,both,all,4148,-80.13480322930445,0.9310716031387372,42.57473481195757,-82.38926454467122,-0.9849397863115641,3.2379459980713596,19865.196770695544,-24.85069338257953
US30,15min+4h_e15_neg_hm12_s1.5_t3.5_long,15min,4h,15.0,neg,10.0,12.0,1.5,3.5,0.0,0.0,long,all,2680,-57.74561972433987,0.9359144269256534,43.24626865671642,-65.86978803489465,-0.6451454239344541,3.1104477611940298,42254.380275660136,-22.772548378956927
US30,15min+4h_e15_neg_hm12_s2.0_t4.0_both,15min,4h,15.0,neg,10.0,12.0,2.0,4.0,0.0,0.0,both,all,3843,-80.03343192649449,0.8958088557587143,44.00208170699974,-81.3625002315662,-1.2886437761362806,3.549570647931304,19966.568073505518,-24.91631514692564
US30,15min+4h_e15_neg_hm12_s2.0_t4.0_long,15min,4h,15.0,neg,10.0,12.0,2.0,4.0,0.0,0.0,long,all,2585,-53.98940365063773,0.9141788008217631,44.71953578336557,-61.776660656394135,-0.7512391444493417,3.4812379110251452,46010.59634936226,-22.67205428690088
US30,15min+4h_e15_neg_hm25_s1.5_t2.5_both,15min,4h,15.0,neg,10.0,25.0,1.5,2.5,0.0,0.0,both,all,3161,-76.52954501204512,0.9168668738046183,43.3090794052515,-84.23595871794282,-1.138185782481801,3.116418854792787,23470.454987954887,-24.838452964687974
US30,15min+4h_e15_neg_hm25_s1.5_t2.5_long,15min,4h,15.0,neg,10.0,25.0,1.5,2.5,0.0,0.0,long,all,1945,-40.94099492923444,0.9389942723004415,44.62724935732648,-59.84714394515066,-0.5005336769758908,3.055012853470437,59059.005070765554,-21.634840389688136
US30,15min+4h_e15_neg_hm25_s1.5_t3.5_both,15min,4h,15.0,neg,10.0,25.0,1.5,3.5,0.0,0.0,both,all,3130,-71.17442921983596,0.9264467897764906,42.74760383386582,-81.06774235038228,-0.8953185517956137,3.2396166134185305,28825.570780164046,-24.316547716060924
US30,15min+4h_e15_neg_hm25_s1.5_t3.5_long,15min,4h,15.0,neg,10.0,25.0,1.5,3.5,0.0,0.0,long,all,1915,-30.84482825259499,0.9556303734320388,44.281984334203656,-54.11296245334469,-0.29960965847730836,3.2114882506527413,69155.17174740501,-20.658650182373453
US30,15min+4h_e15_neg_hm25_s2.0_t4.0_both,15min,4h,15.0,neg,10.0,25.0,2.0,4.0,0.0,0.0,both,all,3054,-74.09569847053335,0.881010007255019,44.00785854616896,-79.33276981329344,-1.232049505431986,3.5631958087753763,25904.301529466647,-24.634613713215526
US30,15min+4h_e15_neg_hm25_s2.0_t4.0_long,15min,4h,15.0,neg,10.0,25.0,2.0,4.0,0.0,0.0,long,all,1850,-36.80617382343083,0.9217080951482808,45.45945945945946,-51.76810723935896,-0.5161620849522526,3.556756756756757,63193.82617656917,-21.212944132069268
US30,15min+4h_e20_zero_hm0_s1.5_t2.5_both,15min,4h,20.0,zero,0.0,0.0,1.5,2.5,0.0,0.0,both,all,4750,-80.11729715959916,0.914849246226905,45.45263157894737,-83.54525949413004,-1.0806391655474483,2.1138947368421053,19882.702840400838,-24.959379150581906
US30,15min+4h_e20_zero_hm0_s1.5_t2.5_long,15min,4h,20.0,zero,0.0,0.0,1.5,2.5,0.0,0.0,long,all,3424,-80.05373051459289,0.8901276661423302,44.50934579439252,-82.31433558150553,-1.3349481280864774,1.7488317757009346,19946.269485407105,-24.96940347848811
US30,15min+4h_e20_zero_hm0_s1.5_t3.5_both,15min,4h,20.0,zero,0.0,0.0,1.5,3.5,0.0,0.0,both,all,4830,-80.0390982245063,0.9202552222483591,44.74120082815735,-82.5360569004197,-0.9951009922130961,2.189648033126294,19960.901775493698,-24.895019637695786
US30,15min+4h_e20_zero_hm0_s1.5_t3.5_long,15min,4h,20.0,zero,0.0,0.0,1.5,3.5,0.0,0.0,long,all,3651,-80.04338987472521,0.9017816780666117,43.98794850725829,-81.94900166005736,-1.2044573239025689,1.829087921117502,19956.610125274794,-24.925241466224776
US30,15min+4h_e20_zero_hm0_s2.0_t4.0_both,15min,4h,20.0,zero,0.0,0.0,2.0,4.0,0.0,0.0,both,all,4834,-80.0009419124408,0.9044602334669073,45.82126603227141,-83.40159340917869,-1.2573884583013306,2.365949524203558,19999.05808755921,-24.97495082919751
US30,15min+4h_e20_zero_hm0_s2.0_t4.0_long,15min,4h,20.0,zero,0.0,0.0,2.0,4.0,0.0,0.0,long,all,3796,-80.05689758066198,0.8859533737103634,44.75763962065332,-82.71836541334807,-1.4740513290514858,2.0,19943.102419338018,-24.996127085484495
US30,15min+4h_e20_zero_hm12_s1.5_t2.5_both,15min,4h,20.0,zero,0.0,12.0,1.5,2.5,0.0,0.0,both,all,3481,-80.01096690880813,0.881413201254226,44.24016087331227,-81.98388073279237,-1.2956418934002032,2.1381786842861246,19989.03309119187,-24.976260902528455
US30,15min+4h_e20_zero_hm12_s1.5_t2.5_long,15min,4h,20.0,zero,0.0,12.0,1.5,2.5,0.0,0.0,long,all,2872,-71.70977588506331,0.8899163658865515,43.76740947075209,-76.26359509278315,-1.1669878301361531,1.8057103064066853,28290.224114936686,-24.39414392439748
US30,15min+4h_e20_zero_hm12_s1.5_t3.5_both,15min,4h,20.0,zero,0.0,12.0,1.5,3.5,0.0,0.0,both,all,3772,-80.0129502544309,0.8999711106840189,43.637327677624604,-82.0981825386,-1.1527628456481682,2.2179215270413573,19987.049745569097,-24.93451753501119
US30,15min+4h_e20_zero_hm12_s1.5_t3.5_long,15min,4h,20.0,zero,0.0,12.0,1.5,3.5,0.0,0.0,long,all,2856,-66.58257347106104,0.9095911486526256,43.522408963585434,-71.43374151400646,-0.934508335057274,1.888655462184874,33417.42652893896,-23.848437230357046
US30,15min+4h_e20_zero_hm12_s2.0_t4.0_both,15min,4h,20.0,zero,0.0,12.0,2.0,4.0,0.0,0.0,both,all,3875,-80.02378407745077,0.87823604417552,44.72258064516129,-82.48812808850754,-1.4433001839634132,2.3948387096774195,19976.215922549236,-25.004886376199533
US30,15min+4h_e20_zero_hm12_s2.0_t4.0_long,15min,4h,20.0,zero,0.0,12.0,2.0,4.0,0.0,0.0,long,all,2816,-58.63578862217443,0.8992064900739408,44.60227272727273,-65.44909569171166,-0.96052634013677,2.0610795454545454,41364.211377825566,-23.356168657575747
US30,15min+4h_e20_zero_hm25_s1.5_t2.5_both,15min,4h,20.0,zero,0.0,25.0,1.5,2.5,0.0,0.0,both,all,2821,-80.09525027055248,0.8628826524326008,44.062389223679546,-82.42104670817821,-1.4691645766549848,2.110599078341014,19904.749729447518,-25.043445248067727
US30,15min+4h_e20_zero_hm25_s1.5_t2.5_long,15min,4h,20.0,zero,0.0,25.0,1.5,2.5,0.0,0.0,long,all,2056,-49.21995991576734,0.9031972666736571,44.747081712062254,-59.90424853846805,-0.7425717833887847,1.8662451361867705,50780.040084232656,-22.42083284656845
US30,15min+4h_e20_zero_hm25_s1.5_t3.5_both,15min,4h,20.0,zero,0.0,25.0,1.5,3.5,0.0,0.0,both,all,2999,-80.0516130823406,0.8752202959813523,43.147715905301766,-82.54498968000175,-1.3604502693053346,2.195398466155385,19948.38691765941,-25.015813370540315
US30,15min+4h_e20_zero_hm25_s1.5_t3.5_long,15min,4h,20.0,zero,0.0,25.0,1.5,3.5,0.0,0.0,long,all,2042,-43.844033972634335,0.918990899601187,44.613124387855045,-55.51164831398607,-0.5897147278457334,1.9451518119490696,56155.96602736566,-21.76132213423045
US30,15min+4h_e20_zero_hm25_s2.0_t4.0_both,15min,4h,20.0,zero,0.0,25.0,2.0,4.0,0.0,0.0,both,all,3123,-78.08848911656703,0.8434045980171435,44.41242395132885,-81.30716612889405,-1.5593970943739033,2.3919308357348705,21911.510883432966,-24.967314714775586
US30,15min+4h_e20_zero_hm25_s2.0_t4.0_long,15min,4h,20.0,zero,0.0,25.0,2.0,4.0,0.0,0.0,long,all,2019,-45.31612355719683,0.8885735567548139,45.46805349182764,-55.2781669978501,-0.7861650990295553,2.1000495294700348,54683.87644280317,-22.181585378859175
US30,15min+4h_e20_hard_hm0_s1.5_t2.5_both,15min,4h,20.0,hard,0.0,0.0,1.5,2.5,0.0,0.0,both,all,4084,-76.41230327121468,0.9647941555010502,36.72869735553379,-85.00481445459302,-0.5235789468669937,11.791380999020568,23587.69672878531,-24.030067740580172
US30,15min+4h_e20_hard_hm0_s1.5_t2.5_long,15min,4h,20.0,hard,0.0,0.0,1.5,2.5,0.0,0.0,long,all,2330,-41.5141967872227,0.9716600798407861,37.081545064377686,-66.37912816982346,-0.2207604177333318,12.876394849785408,58485.803212777304,-21.417723425279878
US30,15min+4h_e20_hard_hm0_s1.5_t3.5_both,15min,4h,20.0,hard,0.0,0.0,1.5,3.5,0.0,0.0,both,all,3563,-77.97133347763136,0.9534222492739292,29.694078024136964,-83.2895498745172,-0.4942356264014486,15.465057535784451,22028.66652236863,-24.008233150503294
US30,15min+4h_e20_hard_hm0_s1.5_t3.5_long,15min,4h,20.0,hard,0.0,0.0,1.5,3.5,0.0,0.0,long,all,1995,-61.330051677474984,0.9414281003932146,29.12280701754386,-66.3772572636882,-0.4523604822578242,17.222055137844613,38669.948322525015,-22.633262830050228
US30,15min+4h_e20_hard_hm0_s2.0_t4.0_both,15min,4h,20.0,hard,0.0,0.0,2.0,4.0,0.0,0.0,both,all,2984,-68.30016368966628,0.9432642063969451,32.975871313672926,-72.87089749723997,-0.4580434169086855,21.83445040214477,31699.83631033373,-23.175747056846916
US30,15min+4h_e20_hard_hm0_s2.0_t4.0_long,15min,4h,20.0,hard,0.0,0.0,2.0,4.0,0.0,0.0,long,all,1647,-44.70523904941116,0.9454625183126476,32.847601700060714,-54.9854436537796,-0.31965285511711417,24.77170613236187,55294.76095058884,-21.303450295021683
US30,15min+4h_e20_hard_hm12_s1.5_t2.5_both,15min,4h,20.0,hard,0.0,12.0,1.5,2.5,0.0,0.0,both,all,2859,-57.74486967293135,0.9655315513474652,36.656173487233296,-74.09123584429335,-0.34722852850423586,12.698845750262329,42255.13032706864,-22.58045813507668
US30,15min+4h_e20_hard_hm12_s1.5_t2.5_long,15min,4h,20.0,hard,0.0,12.0,1.5,2.5,0.0,0.0,long,all,1627,7.536941963842292,1.0055634330249332,37.9840196681008,-58.68686026085188,0.16680844009942045,13.875230485556239,107536.9419638423,-18.48187548916892
US30,15min+4h_e20_hard_hm12_s1.5_t3.5_both,15min,4h,20.0,hard,0.0,12.0,1.5,3.5,0.0,0.0,both,all,2538,-51.2177086771642,0.9688010221425062,29.62962962962963,-70.39967213301017,-0.21459194816106092,16.652482269503547,48782.29132283581,-21.9645805992923
US30,15min+4h_e20_hard_hm12_s1.5_t3.5_long,15min,4h,20.0,hard,0.0,12.0,1.5,3.5,0.0,0.0,long,all,1429,-20.527285382414163,0.9807837670997304,29.881035689293213,-59.082021267733786,-0.04629424440617714,18.52694191742477,79472.71461758584,-20.00185421486586
US30,15min+4h_e20_hard_hm12_s2.0_t4.0_both,15min,4h,20.0,hard,0.0,12.0,2.0,4.0,0.0,0.0,both,all,2173,-66.44615942860557,0.9318905287995267,32.213529682466636,-69.81335364348386,-0.5540286664831188,23.442705936493326,33553.84057139443,-23.15169720060944
US30,15min+4h_e20_hard_hm12_s2.0_t4.0_long,15min,4h,20.0,hard,0.0,12.0,2.0,4.0,0.0,0.0,long,all,1202,-27.86044159791001,0.9622586898099218,32.86189683860233,-48.99895075873181,-0.17789202444978483,26.470049916805323,72139.55840208998,-20.135567006415545
US30,15min+4h_e20_hard_hm25_s1.5_t2.5_both,15min,4h,20.0,hard,0.0,25.0,1.5,2.5,0.0,0.0,both,all,2104,-47.17519062289605,0.9675199472900532,36.739543726235745,-69.17299182782355,-0.2902785917385184,12.90019011406844,52824.80937710396,-21.870545317411427
US30,15min+4h_e20_hard_hm25_s1.5_t2.5_long,15min,4h,20.0,hard,0.0,25.0,1.5,2.5,0.0,0.0,long,all,1193,44.698329927749825,1.040066276552722,38.97736797988265,-46.94812436563548,0.4149659053600327,14.74685666387259,144698.32992774982,-16.067377228093573
US30,15min+4h_e20_hard_hm25_s1.5_t3.5_both,15min,4h,20.0,hard,0.0,25.0,1.5,3.5,0.0,0.0,both,all,1883,-71.11859440613259,0.934718568582256,28.51832182687201,-80.37479516992467,-0.6250473271964903,16.97557089750398,28881.405593867417,-23.860510152381387
US30,15min+4h_e20_hard_hm25_s1.5_t3.5_long,15min,4h,20.0,hard,0.0,25.0,1.5,3.5,0.0,0.0,long,all,1049,-13.454608459244277,0.9836590522909695,29.933269780743565,-52.96816885137399,-0.012078826467916616,19.61296472831268,86545.39154075572,-19.415881701399183
US30,15min+4h_e20_hard_hm25_s2.0_t4.0_both,15min,4h,20.0,hard,0.0,25.0,2.0,4.0,0.0,0.0,both,all,1639,-65.41353247745995,0.9195840511917097,31.665649786455155,-72.02360418351832,-0.6446972746419936,23.912141549725444,34586.46752254006,-23.365571250422846
US30,15min+4h_e20_hard_hm25_s2.0_t4.0_long,15min,4h,20.0,hard,0.0,25.0,2.0,4.0,0.0,0.0,long,all,901,-22.02083223049702,0.9619243268701536,32.74139844617092,-45.88890665265989,-0.14961492695285233,27.659267480577135,77979.16776950298,-19.73600112858017
US30,15min+4h_e20_neg_hm0_s1.5_t2.5_both,15min,4h,20.0,neg,10.0,0.0,1.5,2.5,0.0,0.0,both,all,4675,-80.03577903760574,0.9385301126486254,44.38502673796791,-84.9118093441825,-0.9824481346865579,2.969411764705882,19964.22096239426,-24.9252504556798
US30,15min+4h_e20_neg_hm0_s1.5_t2.5_long,15min,4h,20.0,neg,10.0,0.0,1.5,2.5,0.0,0.0,long,all,3539,-80.01984622703998,0.9142157811472398,44.27804464538005,-82.59414650459206,-1.1971292910279012,2.6340774230008477,19980.15377296002,-24.919020256397182
US30,15min+4h_e20_neg_hm0_s1.5_t3.5_both,15min,4h,20.0,neg,10.0,0.0,1.5,3.5,0.0,0.0,both,all,4707,-80.01074983551028,0.9455264789820769,43.29721691098364,-84.10188642179057,-0.8857326865190693,3.117697046951349,19989.250164489724,-24.729288282615446
US30,15min+4h_e20_neg_hm0_s1.5_t3.5_long,15min,4h,20.0,neg,10.0,0.0,1.5,3.5,0.0,0.0,long,all,3708,-77.50326074672984,0.9246236652845872,43.581445523193096,-81.56621769862139,-0.9834035457987393,2.7758899676375406,22496.739253270174,-24.72632529330069
US30,15min+4h_e20_neg_hm0_s2.0_t4.0_both,15min,4h,20.0,neg,10.0,0.0,2.0,4.0,0.0,0.0,both,all,4589,-80.10213195196775,0.9278115007187847,44.71562431902375,-83.9023262172129,-1.1369741578046386,3.4606668119415995,19897.868048032255,-24.940649574970266
US30,15min+4h_e20_neg_hm0_s2.0_t4.0_long,15min,4h,20.0,neg,10.0,0.0,2.0,4.0,0.0,0.0,long,all,3576,-68.20669488698552,0.919734576709564,45.10626398210291,-74.74795714568003,-0.9378360811661818,3.12751677852349,31793.305113014478,-24.025603761281985
US30,15min+4h_e20_neg_hm12_s1.5_t2.5_both,15min,4h,20.0,neg,10.0,12.0,1.5,2.5,0.0,0.0,both,all,3858,-80.07976345625413,0.9140919121764763,43.54587869362364,-82.55837205192879,-1.1044596377049032,3.00855365474339,19920.236543745872,-24.920295639886128
US30,15min+4h_e20_neg_hm12_s1.5_t2.5_long,15min,4h,20.0,neg,10.0,12.0,1.5,2.5,0.0,0.0,long,all,2608,-63.157689260011196,0.9172575688947466,44.01840490797546,-69.85547152073013,-0.8431871938887565,2.7154907975460123,36842.31073998881,-23.492163299825922
US30,15min+4h_e20_neg_hm12_s1.5_t3.5_both,15min,4h,20.0,neg,10.0,12.0,1.5,3.5,0.0,0.0,both,all,4142,-75.01553605477542,0.9341576602138373,42.99855142443264,-79.35843766873587,-0.8274435321064836,3.1395461129888944,24984.463945224576,-24.280730096565584
US30,15min+4h_e20_neg_hm12_s1.5_t3.5_long,15min,4h,20.0,neg,10.0,12.0,1.5,3.5,0.0,0.0,long,all,2572,-53.784571383114965,0.9373028764656378,43.62363919129083,-65.37519811759496,-0.5851003204839942,2.8635303265940903,46215.42861688503,-22.500784069590296
US30,15min+4h_e20_neg_hm12_s2.0_t4.0_both,15min,4h,20.0,neg,10.0,12.0,2.0,4.0,0.0,0.0,both,all,4033,-70.90176128666312,0.9145151824735139,44.45821968757748,-76.31944245794713,-0.9575669890752284,3.4805355814530126,29098.238713336887,-24.238910677213468
US30,15min+4h_e20_neg_hm12_s2.0_t4.0_long,15min,4h,20.0,neg,10.0,12.0,2.0,4.0,0.0,0.0,long,all,2475,-41.19098729314691,0.936114588180738,45.13131313131313,-52.512320587232075,-0.5133663579338132,3.2335353535353537,58809.01270685309,-21.377895381664036
US30,15min+4h_e20_neg_hm25_s1.5_t2.5_both,15min,4h,20.0,neg,10.0,25.0,1.5,2.5,0.0,0.0,both,all,2957,-71.6679438159675,0.9113519833689769,43.591477849171454,-78.71652576431228,-1.0126598057740852,3.029083530605343,28332.056184032503,-24.43699882478875
US30,15min+4h_e20_neg_hm25_s1.5_t2.5_long,15min,4h,20.0,neg,10.0,25.0,1.5,2.5,0.0,0.0,long,all,1863,-36.406335641933076,0.9397419997821308,44.98121309715513,-52.28260720114808,-0.4323802603535861,2.8260869565217392,63593.664358066926,-21.046773104798298
US30,15min+4h_e20_neg_hm25_s1.5_t3.5_both,15min,4h,20.0,neg,10.0,25.0,1.5,3.5,0.0,0.0,both,all,2930,-63.83642072273192,0.9279628519105934,43.13993174061434,-74.44404777777667,-0.7409289373127126,3.1457337883959045,36163.57927726807,-23.52270501621293
US30,15min+4h_e20_neg_hm25_s1.5_t3.5_long,15min,4h,20.0,neg,10.0,25.0,1.5,3.5,0.0,0.0,long,all,1837,-23.736906507214695,0.9631971494699859,44.80130647795318,-44.924045693700855,-0.20860523177243934,2.969515514425694,76263.09349278531,-19.851353062020316
US30,15min+4h_e20_neg_hm25_s2.0_t4.0_both,15min,4h,20.0,neg,10.0,25.0,2.0,4.0,0.0,0.0,both,all,2855,-64.39055899804671,0.8952342225051979,44.55341506129597,-71.52757016087723,-0.962554940938818,3.4882661996497375,35609.44100195329,-23.84247202150219
US30,15min+4h_e20_neg_hm25_s2.0_t4.0_long,15min,4h,20.0,neg,10.0,25.0,2.0,4.0,0.0,0.0,long,all,1771,-25.784981771704597,0.9439591143500159,46.07566346696782,-41.06576931459386,-0.3255232942372475,3.3218520609824957,74215.0182282954,-20.00241719893277
US30,15min+4h_e25_zero_hm0_s1.5_t2.5_both,15min,4h,25.0,zero,0.0,0.0,1.5,2.5,0.0,0.0,both,all,4404,-80.02562259305915,0.9072162970265445,45.18619436875568,-83.20630298190986,-1.1210459454994983,2.0987738419618527,19974.37740694085,-24.9612362804324
US30,15min+4h_e25_zero_hm0_s1.5_t2.5_long,15min,4h,25.0,zero,0.0,0.0,1.5,2.5,0.0,0.0,long,all,3157,-80.01878395816695,0.8695803356312141,44.21919543870764,-81.73684183883852,-1.3982643247984807,1.6765917009819449,19981.216041833046,-24.996274192802183
US30,15min+4h_e25_zero_hm0_s1.5_t3.5_both,15min,4h,25.0,zero,0.0,0.0,1.5,3.5,0.0,0.0,both,all,4514,-80.05770141519942,0.9104637303808392,44.505981391227294,-82.29633985844815,-1.0407947518165148,2.1730172795746565,19942.298584800574,-24.918002324993804
US30,15min+4h_e25_zero_hm0_s1.5_t3.5_long,15min,4h,25.0,zero,0.0,0.0,1.5,3.5,0.0,0.0,long,all,3388,-80.05285871965114,0.8801775513135877,43.68358913813459,-81.28182442696898,-1.2567225511080633,1.75,19947.141280348857,-24.952943447580836
US30,15min+4h_e25_zero_hm0_s2.0_t4.0_both,15min,4h,25.0,zero,0.0,0.0,2.0,4.0,0.0,0.0,both,all,4506,-80.05690976056938,0.9020672645566182,45.583666222814024,-83.51432936036134,-1.2842364675331586,2.371282734132268,19943.090239430614,-24.987681403445684
US30,15min+4h_e25_zero_hm0_s2.0_t4.0_long,15min,4h,25.0,zero,0.0,0.0,2.0,4.0,0.0,0.0,long,all,3562,-80.15251115128063,0.8766442460606022,44.497473329590115,-82.71158747697548,-1.5118993155167928,1.9053902302077486,19847.488848719364,-25.02295332997874
US30,15min+4h_e25_zero_hm12_s1.5_t2.5_both,15min,4h,25.0,zero,0.0,12.0,1.5,2.5,0.0,0.0,both,all,3218,-80.09549687853858,0.8698728185593999,44.22001243008079,-81.67379904165537,-1.3696969259669698,2.1205717837165943,19904.50312146142,-24.996089790409258
US30,15min+4h_e25_zero_hm12_s1.5_t2.5_long,15min,4h,25.0,zero,0.0,12.0,1.5,2.5,0.0,0.0,long,all,2685,-72.97976814388835,0.8735066283375253,43.83612662942272,-76.75378819282341,-1.2656306308748813,1.7184357541899442,27020.23185611165,-24.505575682624656
US30,15min+4h_e25_zero_hm12_s1.5_t3.5_both,15min,4h,25.0,zero,0.0,12.0,1.5,3.5,0.0,0.0,both,all,3544,-80.03672152528512,0.8882126954354486,43.45372460496614,-81.35209123118578,-1.2129777181403039,2.200338600451467,19963.278474714887,-24.935020771670214
US30,15min+4h_e25_zero_hm12_s1.5_t3.5_long,15min,4h,25.0,zero,0.0,12.0,1.5,3.5,0.0,0.0,long,all,2669,-68.11948830597419,0.8929361765920444,43.61183964031473,-71.39709910829764,-1.0293379434342746,1.7961783439490446,31880.511694025812,-24.048323055090762
US30,15min+4h_e25_zero_hm12_s2.0_t4.0_both,15min,4h,25.0,zero,0.0,12.0,2.0,4.0,0.0,0.0,both,all,3634,-80.10039201549823,0.8733010699931069,44.52394056136489,-82.32231243164387,-1.4979415385328823,2.378921298844249,19899.607984501774,-25.013655502902918
US30,15min+4h_e25_zero_hm12_s2.0_t4.0_long,15min,4h,25.0,zero,0.0,12.0,2.0,4.0,0.0,0.0,long,all,2630,-57.931297475995066,0.8935874236219116,44.866920152091254,-64.53372836497986,-0.9645047029323962,1.9638783269961977,42068.70252400493,-23.311389528982815
US30,15min+4h_e25_zero_hm25_s1.5_t2.5_both,15min,4h,25.0,zero,0.0,25.0,1.5,2.5,0.0,0.0,both,all,2660,-80.06231782377664,0.855012131220771,43.34586466165413,-82.4701907051681,-1.508613017359221,2.106390977443609,19937.682176223363,-25.063770013105863
US30,15min+4h_e25_zero_hm25_s1.5_t2.5_long,15min,4h,25.0,zero,0.0,25.0,1.5,2.5,0.0,0.0,long,all,1924,-56.07892238905088,0.8760703583838397,44.33471933471934,-64.56808841748392,-0.9372629893668799,1.7733887733887734,43921.07761094913,-23.241599020352112
US30,15min+4h_e25_zero_hm25_s1.5_t3.5_both,15min,4h,25.0,zero,0.0,25.0,1.5,3.5,0.0,0.0,both,all,2905,-77.68804307218751,0.8722420211824375,43.13253012048193,-80.97429263994542,-1.2890654832771393,2.1838209982788297,22311.956927812487,-24.865888375529224
US30,15min+4h_e25_zero_hm25_s1.5_t3.5_long,15min,4h,25.0,zero,0.0,25.0,1.5,3.5,0.0,0.0,long,all,1910,-51.281498767630126,0.8922463955524574,44.18848167539267,-60.03592883411475,-0.771186968460301,1.8486910994764398,48718.501232369876,-22.578861567879102
US30,15min+4h_e25_zero_hm25_s2.0_t4.0_both,15min,4h,25.0,zero,0.0,25.0,2.0,4.0,0.0,0.0,both,all,2872,-75.08383133686014,0.8456285741033228,44.35933147632312,-78.93285826845454,-1.476016605343288,2.375,24916.16866313986,-24.746596148954282
US30,15min+4h_e25_zero_hm25_s2.0_t4.0_long,15min,4h,25.0,zero,0.0,25.0,2.0,4.0,0.0,0.0,long,all,1886,-47.57989863027882,0.8747259668573897,45.17497348886533,-57.41802402140169,-0.8576849744900714,2.003711558854719,52420.10136972118,-22.499629450658855
US30,15min+4h_e25_hard_hm0_s1.5_t2.5_both,15min,4h,25.0,hard,0.0,0.0,1.5,2.5,0.0,0.0,both,all,3967,-65.66474632938449,0.9703466539463265,37.05570960423494,-77.85349065042688,-0.35193554599927246,11.65944038316108,34335.25367061552,-23.042766163325545
US30,15min+4h_e25_hard_hm0_s1.5_t2.5_long,15min,4h,25.0,hard,0.0,0.0,1.5,2.5,0.0,0.0,long,all,2308,-28.10657338796855,0.9795788831629588,37.34835355285962,-53.408137227562655,-0.089456013805897,12.442807625649912,71893.42661203146,-20.145825237422695
US30,15min+4h_e25_hard_hm0_s1.5_t3.5_both,15min,4h,25.0,hard,0.0,0.0,1.5,3.5,0.0,0.0,both,all,3457,-69.83221685979576,0.9612710953759958,29.910326873011282,-76.93620237522761,-0.35086906443996413,15.426959791726931,30167.78314020424,-23.19386262762089
US30,15min+4h_e25_hard_hm0_s1.5_t3.5_long,15min,4h,25.0,hard,0.0,0.0,1.5,3.5,0.0,0.0,long,all,1977,-48.905289149166286,0.9538907982215392,29.438543247344462,-57.96691989433999,-0.2783269170225027,16.797673242286294,51094.71085083372,-21.507651741720156
US30,15min+4h_e25_hard_hm0_s2.0_t4.0_both,15min,4h,25.0,hard,0.0,0.0,2.0,4.0,0.0,0.0,both,all,2932,-70.87315043157975,0.9414550935186056,32.81036834924966,-74.4636157203332,-0.5186883340900476,21.535129604365622,29126.849568420257,-23.437865413415075
US30,15min+4h_e25_hard_hm0_s2.0_t4.0_long,15min,4h,25.0,hard,0.0,0.0,2.0,4.0,0.0,0.0,long,all,1645,-49.17541367180883,0.9400960850887095,32.58358662613982,-57.370737527373095,-0.3912481058675877,24.065653495440728,50824.58632819117,-21.698477994046886
US30,15min+4h_e25_hard_hm12_s1.5_t2.5_both,15min,4h,25.0,hard,0.0,12.0,1.5,2.5,0.0,0.0,both,all,2779,-53.981283089768105,0.9666187088700282,36.81180280676502,-67.06466119681009,-0.31486875446691,12.63188197193235,46018.71691023189,-22.097594130988423
US30,15min+4h_e25_hard_hm12_s1.5_t2.5_long,15min,4h,25.0,hard,0.0,12.0,1.5,2.5,0.0,0.0,long,all,1613,14.486361709009831,1.0111375187558274,38.127712337259766,-50.66622128264336,0.21448017275288664,13.559826410415376,114486.36170900983,-17.797630326926445
US30,15min+4h_e25_hard_hm12_s1.5_t3.5_both,15min,4h,25.0,hard,0.0,12.0,1.5,3.5,0.0,0.0,both,all,2471,-53.231341509361485,0.9671913599596779,29.62363415621206,-67.2589908327497,-0.24128185139765088,16.643464184540672,46768.65849063852,-21.96355767088173
US30,15min+4h_e25_hard_hm12_s1.5_t3.5_long,15min,4h,25.0,hard,0.0,12.0,1.5,3.5,0.0,0.0,long,all,1423,-22.941845419682274,0.9770197721613594,29.796205200281097,-52.06869833248287,-0.06853379854500682,18.160927617709067,77058.15458031773,-19.860673017500716
US30,15min+4h_e25_hard_hm12_s2.0_t4.0_both,15min,4h,25.0,hard,0.0,12.0,2.0,4.0,0.0,0.0,both,all,2125,-76.14493024601599,0.9150538532412199,31.71764705882353,-78.25722373811966,-0.7835189551458188,23.17835294117647,23855.06975398402,-24.263729958981106
US30,15min+4h_e25_hard_hm12_s2.0_t4.0_long,15min,4h,25.0,hard,0.0,12.0,2.0,4.0,0.0,0.0,long,all,1190,-47.19456672714165,0.9284187420612194,31.932773109243698,-53.45449722696824,-0.4468570130453627,25.830252100840337,52805.433272858354,-21.57520122257939
US30,15min+4h_e25_hard_hm25_s1.5_t2.5_both,15min,4h,25.0,hard,0.0,25.0,1.5,2.5,0.0,0.0,both,all,2029,-39.21257552023625,0.9728231065137288,36.96402168555939,-62.098953653928625,-0.22184350586110843,12.872843765401676,60787.42447976375,-21.153168659473934
US30,15min+4h_e25_hard_hm25_s1.5_t2.5_long,15min,4h,25.0,hard,0.0,25.0,1.5,2.5,0.0,0.0,long,all,1174,49.325673117078225,1.0451905387052183,39.09710391822828,-39.553068279401046,0.4517660467419246,14.43526405451448,149325.67311707823,-15.51847038961698
US30,15min+4h_e25_hard_hm25_s1.5_t3.5_both,15min,4h,25.0,hard,0.0,25.0,1.5,3.5,0.0,0.0,both,all,1822,-61.72889601404403,0.9490999616098329,28.924259055982436,-73.05966853983756,-0.4635208190299493,17.079034028540065,38271.10398595596,-22.914073906675604
US30,15min+4h_e25_hard_hm25_s1.5_t3.5_long,15min,4h,25.0,hard,0.0,25.0,1.5,3.5,0.0,0.0,long,all,1042,-4.0202728394469585,0.9951524475306829,30.230326295585414,-43.93829210637641,0.07048411020901184,19.25143953934741,95979.72716055304,-18.52473531369271
US30,15min+4h_e25_hard_hm25_s2.0_t4.0_both,15min,4h,25.0,hard,0.0,25.0,2.0,4.0,0.0,0.0,both,all,1599,-72.35931228010206,0.9077401742418117,31.144465290806753,-76.85719346853296,-0.8200139331938439,23.70669168230144,27640.687719897935,-24.12933069413164
US30,15min+4h_e25_hard_hm25_s2.0_t4.0_long,15min,4h,25.0,hard,0.0,25.0,2.0,4.0,0.0,0.0,long,all,895,-40.35793393219843,0.9247780382562611,31.731843575418996,-49.27358633962857,-0.4050430287953153,26.83687150837989,59642.06606780157,-21.0808802584254
US30,15min+4h_e25_neg_hm0_s1.5_t2.5_both,15min,4h,25.0,neg,10.0,0.0,1.5,2.5,0.0,0.0,both,all,4352,-80.11426891625042,0.9268651751604428,44.416360294117645,-84.29872100231321,-1.0242826028324439,2.873391544117647,19885.73108374957,-24.95935665884144
US30,15min+4h_e25_neg_hm0_s1.5_t2.5_long,15min,4h,25.0,neg,10.0,0.0,1.5,2.5,0.0,0.0,long,all,3354,-80.07421179849446,0.8947482331191889,44.12641621943948,-81.97732730677727,-1.2316027085941652,2.4075730471079306,19925.788201505537,-24.945190981412896
US30,15min+4h_e25_neg_hm0_s1.5_t3.5_both,15min,4h,25.0,neg,10.0,0.0,1.5,3.5,0.0,0.0,both,all,4415,-80.13464652991267,0.9324971552012806,43.23895809739524,-83.32791591137155,-0.9292535355700822,3.0208380520951303,19865.353470087335,-24.80113991300329
US30,15min+4h_e25_neg_hm0_s1.5_t3.5_long,15min,4h,25.0,neg,10.0,0.0,1.5,3.5,0.0,0.0,long,all,3552,-77.6509446538272,0.9058288016872333,43.52477477477478,-80.28900304927657,-1.0193746152825611,2.5495495495495497,22349.055346172798,-24.753025903906067
US30,15min+4h_e25_neg_hm0_s2.0_t4.0_both,15min,4h,25.0,neg,10.0,0.0,2.0,4.0,0.0,0.0,both,all,4311,-80.11932037457213,0.9180117936386178,44.76919508234748,-83.70114409557056,-1.175903790501471,3.3562978427279053,19880.67962542787,-24.957789094709163
US30,15min+4h_e25_neg_hm0_s2.0_t4.0_long,15min,4h,25.0,neg,10.0,0.0,2.0,4.0,0.0,0.0,long,all,3439,-68.31072169394179,0.9089290902800818,45.15847630125036,-74.05504264938315,-0.9565935402306606,2.8761267810410005,31689.27830605822,-24.057198158378785
US30,15min+4h_e25_neg_hm12_s1.5_t2.5_both,15min,4h,25.0,neg,10.0,12.0,1.5,2.5,0.0,0.0,both,all,3518,-80.06142753711386,0.8994115890153092,43.60432063672541,-82.35186231372502,-1.1804799574156963,2.8826037521318932,19938.57246288614,-24.948002621495284
US30,15min+4h_e25_neg_hm12_s1.5_t2.5_long,15min,4h,25.0,neg,10.0,12.0,1.5,2.5,0.0,0.0,long,all,2496,-65.40752218319561,0.9038203737211368,44.15064102564103,-71.32241458146092,-0.9474154342490169,2.484375,34592.477816804385,-23.830769687656947
US30,15min+4h_e25_neg_hm12_s1.5_t3.5_both,15min,4h,25.0,neg,10.0,12.0,1.5,3.5,0.0,0.0,both,all,3883,-77.73919030002907,0.917582286459748,42.87921710018027,-81.05098344328037,-0.9653129389276409,3.0339943342776206,22260.809699970934,-24.70562064197447
US30,15min+4h_e25_neg_hm12_s1.5_t3.5_long,15min,4h,25.0,neg,10.0,12.0,1.5,3.5,0.0,0.0,long,all,2461,-58.98670744677723,0.9201861517857155,43.722064201544086,-65.78079949144296,-0.7339341590723278,2.6318569687119058,41013.292553222775,-22.99113613667301
US30,15min+4h_e25_neg_hm12_s2.0_t4.0_both,15min,4h,25.0,neg,10.0,12.0,2.0,4.0,0.0,0.0,both,all,3784,-72.14968480715393,0.904181396853491,44.55602536997886,-76.96809796332305,-1.0373739490018725,3.3715644820295982,27850.31519284606,-24.404257818685352
US30,15min+4h_e25_neg_hm12_s2.0_t4.0_long,15min,4h,25.0,neg,10.0,12.0,2.0,4.0,0.0,0.0,long,all,2375,-44.27690328275469,0.9260756524023028,45.51578947368421,-53.91494117589324,-0.5902766740236045,2.978105263157895,55723.09671724531,-21.697899658375565
US30,15min+4h_e25_neg_hm25_s1.5_t2.5_both,15min,4h,25.0,neg,10.0,25.0,1.5,2.5,0.0,0.0,both,all,2768,-72.4701459671149,0.8989291418871235,43.316473988439306,-78.82167643808364,-1.0919253009206822,2.907514450867052,27529.8540328851,-24.504350041490135
US30,15min+4h_e25_neg_hm25_s1.5_t2.5_long,15min,4h,25.0,neg,10.0,25.0,1.5,2.5,0.0,0.0,long,all,1780,-43.83244213407561,0.9179792968236034,44.60674157303371,-55.929117079791624,-0.6012397466433183,2.5719101123595505,56167.55786592439,-21.797373746460657
US30,15min+4h_e25_neg_hm25_s1.5_t3.5_both,15min,4h,25.0,neg,10.0,25.0,1.5,3.5,0.0,0.0,both,all,2742,-66.45320179275073,0.9143144023797964,42.85193289569657,-75.62808644932282,-0.8553698479657686,3.0295404814004376,33546.79820724926,-23.880520295682103
US30,15min+4h_e25_neg_hm25_s1.5_t3.5_long,15min,4h,25.0,neg,10.0,25.0,1.5,3.5,0.0,0.0,long,all,1757,-34.59111813195223,0.9390959244376705,44.3938531587934,-49.79460471515944,-0.39406507996866563,2.7148548662492886,65408.88186804778,-20.81878672274329
US30,15min+4h_e25_neg_hm25_s2.0_t4.0_both,15min,4h,25.0,neg,10.0,25.0,2.0,4.0,0.0,0.0,both,all,2671,-64.19305400725669,0.8884640130580186,44.477723698989145,-71.86049065702107,-1.0090710384967476,3.373642830400599,35806.94599274331,-23.920981753926064
US30,15min+4h_e25_neg_hm25_s2.0_t4.0_long,15min,4h,25.0,neg,10.0,25.0,2.0,4.0,0.0,0.0,long,all,1696,-29.535182036799323,0.9315723297627966,45.931603773584904,-43.851634691137185,-0.4101145697866124,3.0554245283018866,70464.81796320068,-20.421713699390388
US30,15min+4h_e35_zero_hm0_s1.5_t2.5_both,15min,4h,35.0,zero,0.0,0.0,1.5,2.5,0.0,0.0,both,all,3789,-80.10394160274299,0.8979909317706654,44.70836632356822,-82.65186818686826,-1.2471915065926102,2.063341250989707,19896.058397257006,-24.965255062157787
US30,15min+4h_e35_zero_hm0_s1.5_t2.5_long,15min,4h,35.0,zero,0.0,0.0,1.5,2.5,0.0,0.0,long,all,2980,-80.02655268176898,0.8658889143349483,43.85906040268456,-81.61444427707683,-1.4522202173510879,1.5231543624161075,19973.447318231032,-25.000917592516462
US30,15min+4h_e35_zero_hm0_s1.5_t3.5_both,15min,4h,35.0,zero,0.0,0.0,1.5,3.5,0.0,0.0,both,all,3832,-80.0543658591533,0.8991746507488076,44.102296450939455,-81.8998137293377,-1.1637623842663969,2.134916492693111,19945.634140846705,-24.93023055666762
US30,15min+4h_e35_zero_hm0_s1.5_t3.5_long,15min,4h,35.0,zero,0.0,0.0,1.5,3.5,0.0,0.0,long,all,3040,-80.01758481561897,0.8673633076212883,43.28947368421053,-81.4736800210547,-1.351473579726797,1.5973684210526315,19982.41518438103,-24.991242324413726
US30,15min+4h_e35_zero_hm0_s2.0_t4.0_both,15min,4h,35.0,zero,0.0,0.0,2.0,4.0,0.0,0.0,both,all,3819,-80.1275245976937,0.8797409462033291,45.19507724535219,-82.44909281078961,-1.4128468543387371,2.3356899711966483,19872.475402306314,-25.00371233083101
US30,15min+4h_e35_zero_hm0_s2.0_t4.0_long,15min,4h,35.0,zero,0.0,0.0,2.0,4.0,0.0,0.0,long,all,3266,-75.92739303438552,0.8629765758764942,44.5805266380894,-80.1765449976811,-1.3876507942286889,1.745254133496632,24072.60696561448,-24.78671608159143
US30,15min+4h_e35_zero_hm12_s1.5_t2.5_both,15min,4h,35.0,zero,0.0,12.0,1.5,2.5,0.0,0.0,both,all,3183,-80.02774514874582,0.8733379523608336,43.26107445805844,-81.75729767163867,-1.3586986901012728,2.099277411247251,19972.254851254183,-24.988056831913298
US30,15min+4h_e35_zero_hm12_s1.5_t2.5_long,15min,4h,35.0,zero,0.0,12.0,1.5,2.5,0.0,0.0,long,all,2269,-58.329916952639785,0.894061639585654,43.85191714411635,-64.08292360433009,-0.9046643095454708,1.5531070956368445,41670.08304736021,-23.218355987632865
US30,15min+4h_e35_zero_hm12_s1.5_t3.5_both,15min,4h,35.0,zero,0.0,12.0,1.5,3.5,0.0,0.0,both,all,3270,-80.00179325819383,0.8859207344713967,42.56880733944954,-81.72185830635644,-1.2552738584868504,2.1792048929663608,19998.206741806167,-24.95414422640352
US30,15min+4h_e35_zero_hm12_s1.5_t3.5_long,15min,4h,35.0,zero,0.0,12.0,1.5,3.5,0.0,0.0,long,all,2255,-54.07852876713104,0.905819815063314,43.5920177383592,-60.417499904600945,-0.7444958185212542,1.6283813747228382,45921.471232868964,-22.632035336992875
US30,15min+4h_e35_zero_hm12_s2.0_t4.0_both,15min,4h,35.0,zero,0.0,12.0,2.0,4.0,0.0,0.0,both,all,3397,-77.34488886286609,0.863832462650946,44.097733294083014,-80.57144489277178,-1.4143958436724466,2.3659110980276714,22655.11113713391,-24.85707219359815
US30,15min+4h_e35_zero_hm12_s2.0_t4.0_long,15min,4h,35.0,zero,0.0,12.0,2.0,4.0,0.0,0.0,long,all,2223,-48.608224250485335,0.8955728028871558,44.84930274403958,-54.85124598966438,-0.7988226419369857,1.7858749437696806,51391.775749514665,-22.297680765293578
US30,15min+4h_e35_zero_hm25_s1.5_t2.5_both,15min,4h,35.0,zero,0.0,25.0,1.5,2.5,0.0,0.0,both,all,2433,-74.87285833639066,0.8566348558867124,43.238799835593916,-78.56193291201605,-1.351389033435881,2.0641183723797782,25127.14166360935,-24.69580451021949
US30,15min+4h_e35_zero_hm25_s1.5_t2.5_long,15min,4h,35.0,zero,0.0,25.0,1.5,2.5,0.0,0.0,long,all,1612,-49.77350542308848,0.872730714794608,43.79652605459057,-58.435052120459275,-0.8643729460043355,1.5911910669975187,50226.49457691152,-22.643074933761895
US30,15min+4h_e35_zero_hm25_s1.5_t3.5_both,15min,4h,35.0,zero,0.0,25.0,1.5,3.5,0.0,0.0,both,all,2418,-73.08818919241253,0.8633814986639501,42.84532671629446,-77.46381891614915,-1.2162372054695492,2.1356492969396195,26911.810807587466,-24.56362657768259
US30,15min+4h_e35_zero_hm25_s1.5_t3.5_long,15min,4h,35.0,zero,0.0,25.0,1.5,3.5,0.0,0.0,long,all,1599,-48.93426229739261,0.8733788607627347,43.58974358974359,-59.09097841653406,-0.8056595159262459,1.6647904940587868,51065.737702607395,-22.546051750539597
US30,15min+4h_e35_zero_hm25_s2.0_t4.0_both,15min,4h,35.0,zero,0.0,25.0,2.0,4.0,0.0,0.0,both,all,2387,-71.30203723693538,0.8268207798089059,44.15584415584416,-75.55301199381049,-1.424268516200804,2.324256388772518,28697.96276306463,-24.50715001970757
US30,15min+4h_e35_zero_hm25_s2.0_t4.0_long,15min,4h,35.0,zero,0.0,25.0,2.0,4.0,0.0,0.0,long,all,1578,-44.67494605389361,0.8543907081692866,44.80354879594423,-54.724249033081996,-0.8724683855560255,1.811787072243346,55325.05394610638,-22.348693611389848
US30,15min+4h_e35_hard_hm0_s1.5_t2.5_both,15min,4h,35.0,hard,0.0,0.0,1.5,2.5,0.0,0.0,both,all,3698,-71.2454768686101,0.9656519857061642,36.803677663601945,-80.20035843420001,-0.4955330130934262,11.167117360735533,28754.523131389913,-23.587002967487134
US30,15min+4h_e35_hard_hm0_s1.5_t2.5_long,15min,4h,35.0,hard,0.0,0.0,1.5,2.5,0.0,0.0,long,all,2222,-30.1853819005953,0.9795290406387779,37.308730873087306,-59.173969724107444,-0.12972898033752756,11.672367236723673,69814.6180994047,-20.520144933897456
US30,15min+4h_e35_hard_hm0_s1.5_t3.5_both,15min,4h,35.0,hard,0.0,0.0,1.5,3.5,0.0,0.0,both,all,3291,-61.19326655001878,0.9723448996858497,30.112427833485263,-81.76898704654812,-0.26286729895181155,14.669705256760864,38806.73344998123,-22.88192884307577
US30,15min+4h_e35_hard_hm0_s1.5_t3.5_long,15min,4h,35.0,hard,0.0,0.0,1.5,3.5,0.0,0.0,long,all,1942,-13.420941799606856,0.9911187661771775,30.329557157569514,-58.13681287091441,0.04611343429853362,15.642636457260556,86579.05820039315,-19.515343119930108
US30,15min+4h_e35_hard_hm0_s2.0_t4.0_both,15min,4h,35.0,hard,0.0,0.0,2.0,4.0,0.0,0.0,both,all,2827,-69.07819762591268,0.9489583681947921,32.82631765122038,-73.39072974030849,-0.4943373066418922,20.71666077113548,30921.80237408733,-23.267867134124707
US30,15min+4h_e35_hard_hm0_s2.0_t4.0_long,15min,4h,35.0,hard,0.0,0.0,2.0,4.0,0.0,0.0,long,all,1623,-35.985786805616115,0.9644637569963909,33.0252618607517,-51.95042604595408,-0.2101813122832425,22.92483056069008,64014.21319438388,-20.621561089996696
US30,15min+4h_e35_hard_hm12_s1.5_t2.5_both,15min,4h,35.0,hard,0.0,12.0,1.5,2.5,0.0,0.0,both,all,2579,-36.918286147720444,0.9780727218783388,37.22373012795657,-60.818247332205445,-0.15925742425177855,11.94881737107406,63081.71385227956,-20.903165670878856
US30,15min+4h_e35_hard_hm12_s1.5_t2.5_long,15min,4h,35.0,hard,0.0,12.0,1.5,2.5,0.0,0.0,long,all,1547,37.92768217309346,1.0271551572972615,38.59082094376212,-45.54703028254884,0.37092351003535134,12.554621848739496,137927.68217309346,-16.380500766082033
US30,15min+4h_e35_hard_hm12_s1.5_t3.5_both,15min,4h,35.0,hard,0.0,12.0,1.5,3.5,0.0,0.0,both,all,2326,-23.04560111395699,0.9880763445489028,30.266552020636286,-64.90630506242951,0.01057363387831957,15.628976784178848,76954.39888604301,-20.232024934865724
US30,15min+4h_e35_hard_hm12_s1.5_t3.5_long,15min,4h,35.0,hard,0.0,12.0,1.5,3.5,0.0,0.0,long,all,1374,38.548828912383,1.0302172060805272,31.077147016011644,-41.786944775744026,0.3567103425681532,16.883551673944687,138548.828912383,-16.218916105480893
US30,15min+4h_e35_hard_hm12_s2.0_t4.0_both,15min,4h,35.0,hard,0.0,12.0,2.0,4.0,0.0,0.0,both,all,2025,-68.22884932125434,0.9289293331381949,32.098765432098766,-71.26797355444432,-0.6176225443246227,22.204938271604938,31771.150678745656,-23.383983398669393
US30,15min+4h_e35_hard_hm12_s2.0_t4.0_long,15min,4h,35.0,hard,0.0,12.0,2.0,4.0,0.0,0.0,long,all,1159,-24.24854459584672,0.9684740411460986,32.95944779982744,-48.666313368754764,-0.13858701391582795,24.784296807592753,75751.45540415328,-19.903289736592555
US30,15min+4h_e35_hard_hm25_s1.5_t2.5_both,15min,4h,35.0,hard,0.0,25.0,1.5,2.5,0.0,0.0,both,all,1877,-23.67268064862803,0.9835053511017626,37.400106553010126,-57.92650319306536,-0.08804272949888842,12.02397442727757,76327.31935137197,-20.13726807016166
US30,15min+4h_e35_hard_hm25_s1.5_t2.5_long,15min,4h,35.0,hard,0.0,25.0,1.5,2.5,0.0,0.0,long,all,1134,52.630703190955415,1.050565244438068,39.24162257495591,-35.680759631261026,0.4946027773075617,13.051146384479718,152630.70319095542,4.846315019444288
US30,15min+4h_e35_hard_hm25_s1.5_t3.5_both,15min,4h,35.0,hard,0.0,25.0,1.5,3.5,0.0,0.0,both,all,1701,-47.409916689290796,0.9641542288122237,29.45326278659612,-68.36205144907514,-0.30594623725632986,15.928277483833039,52590.083310709204,-21.879412509388573
US30,15min+4h_e35_hard_hm25_s1.5_t3.5_long,15min,4h,35.0,hard,0.0,25.0,1.5,3.5,0.0,0.0,long,all,1007,30.091795009035028,1.0333355241660434,31.18172790466733,-33.122233751038976,0.3275587179109108,17.51539225422046,130091.79500903502,-16.246540662398683
US30,15min+4h_e35_hard_hm25_s2.0_t4.0_both,15min,4h,35.0,hard,0.0,25.0,2.0,4.0,0.0,0.0,both,all,1513,-65.45879020304086,0.9160396236202764,31.59286186384666,-69.53643958573726,-0.6769900467652845,22.729015201586254,34541.209796959134,-23.32519520264836
US30,15min+4h_e35_hard_hm25_s2.0_t4.0_long,15min,4h,35.0,hard,0.0,25.0,2.0,4.0,0.0,0.0,long,all,872,-18.90074658503841,0.9659653294462158,32.91284403669725,-37.95907945685587,-0.11450976745364332,25.583715596330276,81099.2534149616,-19.231244369240695
US30,15min+4h_e35_neg_hm0_s1.5_t2.5_both,15min,4h,35.0,neg,10.0,0.0,1.5,2.5,0.0,0.0,both,all,3784,-80.18852548397356,0.9192251302729056,44.291754756871036,-83.71035902638145,-1.1327782143403697,2.6649048625792813,19811.47451602644,-24.957892554731938
US30,15min+4h_e35_neg_hm0_s1.5_t2.5_long,15min,4h,35.0,neg,10.0,0.0,1.5,2.5,0.0,0.0,long,all,3199,-77.86708811129898,0.890897585706703,43.98249452954048,-82.2384118420953,-1.2144692124524328,2.0150046889653015,22132.911888701008,-24.876976033869013
US30,15min+4h_e35_neg_hm0_s1.5_t3.5_both,15min,4h,35.0,neg,10.0,0.0,1.5,3.5,0.0,0.0,both,all,3808,-80.0984577731754,0.9233169676626882,43.1985294117647,-82.65829606238134,-1.0359014236123198,2.8098739495798317,19901.5422268246,-24.90197773426555
US30,15min+4h_e35_neg_hm0_s1.5_t3.5_long,15min,4h,35.0,neg,10.0,0.0,1.5,3.5,0.0,0.0,long,all,3153,-75.21710148562272,0.8944618002410003,43.35553441167142,-80.75790485586235,-1.0345848883004851,2.1512844909609896,24782.89851437728,-24.702845753056902
US30,15min+4h_e35_neg_hm0_s2.0_t4.0_both,15min,4h,35.0,neg,10.0,0.0,2.0,4.0,0.0,0.0,both,all,3723,-80.00107238041122,0.89703628964124,44.74885844748859,-82.32422246223645,-1.2896872889439297,3.0821917808219177,19998.927619588798,-24.950421069602807
US30,15min+4h_e35_neg_hm0_s2.0_t4.0_long,15min,4h,35.0,neg,10.0,0.0,2.0,4.0,0.0,0.0,long,all,3078,-71.66295858878456,0.8812576700364916,44.86679662118259,-77.11448896893593,-1.162985117425934,2.4028589993502276,28337.041411215436,-24.44795372721759
US30,15min+4h_e35_neg_hm12_s1.5_t2.5_both,15min,4h,35.0,neg,10.0,12.0,1.5,2.5,0.0,0.0,both,all,3364,-73.475948543059,0.9045304972107163,43.37098692033294,-79.31308387715185,-0.9932290026237287,2.705410225921522,26524.05145694099,-24.540078557717237
US30,15min+4h_e35_neg_hm12_s1.5_t2.5_long,15min,4h,35.0,neg,10.0,12.0,1.5,2.5,0.0,0.0,long,all,2185,-48.78150086209255,0.9210688161226143,44.30205949656751,-58.48634505964743,-0.6328127044336834,2.0558352402745994,51218.49913790744,-22.13726085321359
US30,15min+4h_e35_neg_hm12_s1.5_t3.5_both,15min,4h,35.0,neg,10.0,12.0,1.5,3.5,0.0,0.0,both,all,3331,-70.64763867673156,0.9146828268229137,42.68988291804263,-77.17910793938812,-0.8449809062418443,2.8426898829180427,29352.361323268433,-24.09383415695027
US30,15min+4h_e35_neg_hm12_s1.5_t3.5_long,15min,4h,35.0,neg,10.0,12.0,1.5,3.5,0.0,0.0,long,all,2156,-47.106075472892186,0.9239118808437318,43.83116883116883,-56.63603374584405,-0.5571676669421329,2.1989795918367347,52893.92452710781,-21.875656167053318
US30,15min+4h_e35_neg_hm12_s2.0_t4.0_both,15min,4h,35.0,neg,10.0,12.0,2.0,4.0,0.0,0.0,both,all,3265,-72.53890820789168,0.8817637086670319,44.07350689127106,-76.92356684330161,-1.1466816957127701,3.116385911179173,27461.091792108316,-24.474089730380154
US30,15min+4h_e35_neg_hm12_s2.0_t4.0_long,15min,4h,35.0,neg,10.0,12.0,2.0,4.0,0.0,0.0,long,all,2103,-43.165046098335495,0.9115015517188697,45.31621493105088,-51.66469948803185,-0.634785817214172,2.4450784593437946,56834.95390166451,-21.666614669978777
US30,15min+4h_e35_neg_hm25_s1.5_t2.5_both,15min,4h,35.0,neg,10.0,25.0,1.5,2.5,0.0,0.0,both,all,2366,-63.415519404383346,0.902422365832668,43.40659340659341,-71.80438320708123,-0.9111604498382335,2.666103127641589,36584.480595616646,-23.719480864634264
US30,15min+4h_e35_neg_hm25_s1.5_t2.5_long,15min,4h,35.0,neg,10.0,25.0,1.5,2.5,0.0,0.0,long,all,1550,-35.418087877462824,0.9214603974938487,44.32258064516129,-50.64636750414577,-0.495755381040356,2.096774193548387,64581.91212253718,-21.082560293090257
US30,15min+4h_e35_neg_hm25_s1.5_t3.5_both,15min,4h,35.0,neg,10.0,25.0,1.5,3.5,0.0,0.0,both,all,2341,-62.39912743935319,0.9049941845053071,42.802221272960274,-71.52852862357848,-0.8327196491574247,2.795386586928663,37600.87256064681,-23.543700254990135
US30,15min+4h_e35_neg_hm25_s1.5_t3.5_long,15min,4h,35.0,neg,10.0,25.0,1.5,3.5,0.0,0.0,long,all,1528,-35.44427765008565,0.9194650773150838,43.97905759162304,-52.27599463508725,-0.4657265582940762,2.2395287958115184,64555.722349914344,-21.10873803556032
US30,15min+4h_e35_neg_hm25_s2.0_t4.0_both,15min,4h,35.0,neg,10.0,25.0,2.0,4.0,0.0,0.0,both,all,2294,-65.48436208240666,0.8595350427336659,44.2458587619878,-72.34022533700552,-1.1384877237329127,3.061900610287707,34515.63791759335,-24.064145889942324
US30,15min+4h_e35_neg_hm25_s2.0_t4.0_long,15min,4h,35.0,neg,10.0,25.0,2.0,4.0,0.0,0.0,long,all,1492,-35.827757113984326,0.8929673830659097,45.375335120643435,-49.64167442416877,-0.6053997858995516,2.46514745308311,64172.24288601567,-21.294458482710677
US30,30min+4h_e15_zero_hm0_s1.5_t2.5_both,30min,4h,15.0,zero,0.0,0.0,1.5,2.5,0.0,0.0,both,all,3334,-62.029649446411426,0.9108977531623121,43.521295740851826,-69.35578424017707,-0.6774191985653792,2.167366526694661,37970.35055358858,-23.19430176240583
US30,30min+4h_e15_zero_hm0_s1.5_t2.5_long,30min,4h,15.0,zero,0.0,0.0,1.5,2.5,0.0,0.0,long,all,1977,-51.478113833225024,0.8935022051396426,43.955488113302984,-60.808377804392656,-0.7264611994425809,1.7147192716236723,48521.88616677497,-22.54739595181947
US30,30min+4h_e15_zero_hm0_s1.5_t3.5_both,30min,4h,15.0,zero,0.0,0.0,1.5,3.5,0.0,0.0,both,all,3321,-53.07534811272339,0.9235284245413079,42.999096657633245,-65.72835109993595,-0.47106250703826713,2.2517314062029508,46924.65188727661,-22.349920667710506
US30,30min+4h_e15_zero_hm0_s1.5_t3.5_long,30min,4h,15.0,zero,0.0,0.0,1.5,3.5,0.0,0.0,long,all,1965,-51.14593271842109,0.8912161970056244,43.3587786259542,-62.12244990507712,-0.6813142377207863,1.8234096692111958,48854.0672815789,-22.524666169007048
US30,30min+4h_e15_zero_hm0_s2.0_t4.0_both,30min,4h,15.0,zero,0.0,0.0,2.0,4.0,0.0,0.0,both,all,3296,-45.02926014646441,0.9246206078170492,44.41747572815534,-58.97734769263893,-0.47202074768026203,2.4405339805825244,54970.73985353559,-21.756743915541904
US30,30min+4h_e15_zero_hm0_s2.0_t4.0_long,30min,4h,15.0,zero,0.0,0.0,2.0,4.0,0.0,0.0,long,all,1944,-42.127547514173166,0.8934481197364094,44.80452674897119,-52.493703645169745,-0.638456772830549,2.019547325102881,57872.45248582683,-21.708914906278515
US30,30min+4h_e15_zero_hm12_s1.5_t2.5_both,30min,4h,15.0,zero,0.0,12.0,1.5,2.5,0.0,0.0,both,all,2228,-45.90000825977788,0.9146725211720196,43.17773788150808,-54.05123333448588,-0.523854526630762,2.202423698384201,54099.99174022212,-21.697150150786644
US30,30min+4h_e15_zero_hm12_s1.5_t2.5_long,30min,4h,15.0,zero,0.0,12.0,1.5,2.5,0.0,0.0,long,all,1303,-28.995473747189628,0.9195649636569055,43.97544128933231,-36.78597471604902,-0.41274561332263804,1.7912509593246355,71004.52625281038,-20.15146394937124
US30,30min+4h_e15_zero_hm12_s1.5_t3.5_both,30min,4h,15.0,zero,0.0,12.0,1.5,3.5,0.0,0.0,both,all,2220,-39.845267718120894,0.9250378352362628,42.65765765765766,-53.55908906805347,-0.3872293436006477,2.286036036036036,60154.73228187911,-21.20442369875729
US30,30min+4h_e15_zero_hm12_s1.5_t3.5_long,30min,4h,15.0,zero,0.0,12.0,1.5,3.5,0.0,0.0,long,all,1296,-31.533229012841836,0.9089589464591777,43.44135802469136,-42.14029966356003,-0.43778118848123304,1.8912037037037037,68466.77098715816,-20.53121556362998
US30,30min+4h_e15_zero_hm12_s2.0_t4.0_both,30min,4h,15.0,zero,0.0,12.0,2.0,4.0,0.0,0.0,both,all,2202,-27.23666332667384,0.9394656340548472,44.141689373297005,-47.55208533861074,-0.29248621189868873,2.469118982742961,72763.33667332616,-20.281615179322298
US30,30min+4h_e15_zero_hm12_s2.0_t4.0_long,30min,4h,15.0,zero,0.0,12.0,2.0,4.0,0.0,0.0,long,all,1280,-22.540277001174136,0.9183736423541702,44.765625,-37.297292370762236,-0.3650796613063574,2.075,77459.72299882586,-19.845188160951565
US30,30min+4h_e15_zero_hm25_s1.5_t2.5_both,30min,4h,15.0,zero,0.0,25.0,1.5,2.5,0.0,0.0,both,all,1558,-61.35447242495462,0.8209215871964437,41.33504492939666,-64.28066449755472,-1.0755438065659173,2.170089858793325,38645.52757504537,-23.673101508909266
US30,30min+4h_e15_zero_hm25_s1.5_t2.5_long,30min,4h,15.0,zero,0.0,25.0,1.5,2.5,0.0,0.0,long,all,915,-30.96709043802108,0.8744656247983809,42.622950819672134,-40.13223408432641,-0.5568003162046241,1.8207650273224043,69032.90956197892,-20.693009393204882
US30,30min+4h_e15_zero_hm25_s1.5_t3.5_both,30min,4h,15.0,zero,0.0,25.0,1.5,3.5,0.0,0.0,both,all,1550,-59.590161128420995,0.8220081722230672,40.903225806451616,-64.26434852337944,-0.975166205380254,2.250967741935484,40409.838871579006,-23.56190926358473
US30,30min+4h_e15_zero_hm25_s1.5_t3.5_long,30min,4h,15.0,zero,0.0,25.0,1.5,3.5,0.0,0.0,long,all,908,-33.79721632669904,0.8566634292127322,42.290748898678416,-45.61689929453907,-0.603014881973983,1.919603524229075,66202.78367330096,-21.139428374778667
US30,30min+4h_e15_zero_hm25_s2.0_t4.0_both,30min,4h,15.0,zero,0.0,25.0,2.0,4.0,0.0,0.0,both,all,1536,-50.642872626332824,0.8287943040823834,42.252604166666664,-54.03831990904315,-0.9582044095338996,2.4303385416666665,49357.12737366717,-22.75256855550993
US30,30min+4h_e15_zero_hm25_s2.0_t4.0_long,30min,4h,15.0,zero,0.0,25.0,2.0,4.0,0.0,0.0,long,all,896,-30.572626770122092,0.8402035993709552,43.30357142857143,-39.69359426407213,-0.6780449666023878,2.0926339285714284,69427.3732298779,-20.927207292843963
US30,30min+4h_e15_hard_hm0_s1.5_t2.5_both,30min,4h,15.0,hard,0.0,0.0,1.5,2.5,0.0,0.0,both,all,2346,13.515409547933,1.0079969908441448,38.491048593350385,-38.18607208434076,0.2269235581893976,10.281329923273658,113515.409547933,-17.326448687061852
US30,30min+4h_e15_hard_hm0_s1.5_t2.5_long,30min,4h,15.0,hard,0.0,0.0,1.5,2.5,0.0,0.0,long,all,1315,25.513676327919697,1.0281953930496577,38.631178707224336,-24.63140678452951,0.29571492781406444,11.195437262357414,125513.67632791969,-16.15064834391915
US30,30min+4h_e15_hard_hm0_s1.5_t3.5_both,30min,4h,15.0,hard,0.0,0.0,1.5,3.5,0.0,0.0,both,all,2096,20.349575389886752,1.0137776859123135,31.822519083969464,-42.23147650362584,0.2653792213764469,13.341125954198473,120349.57538988676,-17.14276299770411
US30,30min+4h_e15_hard_hm0_s1.5_t3.5_long,30min,4h,15.0,hard,0.0,0.0,1.5,3.5,0.0,0.0,long,all,1154,46.42313309074202,1.051908211242312,31.802426343154245,-34.33325603478817,0.40846928123797915,14.837088388214905,146423.13309074202,4.526069532200903
US30,30min+4h_e15_hard_hm0_s2.0_t4.0_both,30min,4h,15.0,hard,0.0,0.0,2.0,4.0,0.0,0.0,both,all,1816,12.513543415955407,1.0103960923457793,34.74669603524229,-45.01919695383917,0.21808373912103854,18.034691629955947,112513.54341595541,-17.647110301969345
US30,30min+4h_e15_hard_hm0_s2.0_t4.0_long,30min,4h,15.0,hard,0.0,0.0,2.0,4.0,0.0,0.0,long,all,997,37.24583332988922,1.0501289350449339,35.20561685055166,-39.56277694370838,0.38695691310171143,20.294884653961887,137245.83332988922,3.9130799627121347
US30,30min+4h_e15_hard_hm12_s1.5_t2.5_both,30min,4h,15.0,hard,0.0,12.0,1.5,2.5,0.0,0.0,both,all,1678,45.18086465011142,1.0323754560331886,38.73659117997616,-38.11536361123608,0.412333703718178,10.8611442193087,145180.8646501114,-15.71794076278475
US30,30min+4h_e15_hard_hm12_s1.5_t2.5_long,30min,4h,15.0,hard,0.0,12.0,1.5,2.5,0.0,0.0,long,all,938,31.918116740641622,1.044892106713732,39.01918976545842,-21.630538933947317,0.36791534848954455,11.611940298507463,131918.11674064162,-15.62439359821358
US30,30min+4h_e15_hard_hm12_s1.5_t3.5_both,30min,4h,15.0,hard,0.0,12.0,1.5,3.5,0.0,0.0,both,all,1527,38.13487606204833,1.0295238671254563,31.43418467583497,-35.57404631671851,0.3612831741127119,14.305173542894565,138134.87606204834,-15.981832381204098
US30,30min+4h_e15_hard_hm12_s1.5_t3.5_long,30min,4h,15.0,hard,0.0,12.0,1.5,3.5,0.0,0.0,long,all,841,49.912710121405254,1.0652866331609359,31.98573127229489,-26.886054659274684,0.4658696380073818,15.621878715814507,149912.71012140525,5.083087258398634
US30,30min+4h_e15_hard_hm12_s2.0_t4.0_both,30min,4h,15.0,hard,0.0,12.0,2.0,4.0,0.0,0.0,both,all,1350,30.54400896982461,1.0303263331075099,34.74074074074074,-37.643585204101385,0.33646552275885916,19.733333333333334,130544.0089698246,-16.40346893246401
US30,30min+4h_e15_hard_hm12_s2.0_t4.0_long,30min,4h,15.0,hard,0.0,12.0,2.0,4.0,0.0,0.0,long,all,733,74.51400725408148,1.1139443103116433,36.4256480218281,-24.800411737721916,0.6700782276357645,21.972714870395635,174514.0072540815,6.578521937887138
US30,30min+4h_e15_hard_hm25_s1.5_t2.5_both,30min,4h,15.0,hard,0.0,25.0,1.5,2.5,0.0,0.0,both,all,1244,18.187038645901477,1.0200674235161011,38.344051446945336,-33.492155236867404,0.2439621054214004,11.153536977491962,118187.03864590147,-16.896092946716283
US30,30min+4h_e15_hard_hm25_s1.5_t2.5_long,30min,4h,15.0,hard,0.0,25.0,1.5,2.5,0.0,0.0,long,all,699,37.708624169415,1.0728704793753432,39.62804005722461,-25.381915350247773,0.4427843160571015,12.187410586552218,137708.624169415,4.6394210252907
US30,30min+4h_e15_hard_hm25_s1.5_t3.5_both,30min,4h,15.0,hard,0.0,25.0,1.5,3.5,0.0,0.0,both,all,1142,2.5533304856315553,1.002942138501654,30.64798598949212,-37.559255580974295,0.12734730881766768,14.458844133099825,102553.33048563155,-17.901860694333074
US30,30min+4h_e15_hard_hm25_s1.5_t3.5_long,30min,4h,15.0,hard,0.0,25.0,1.5,3.5,0.0,0.0,long,all,631,32.843085544507986,1.0618342138535146,31.85419968304279,-29.28761559123454,0.3776822054007152,16.01267828843106,132843.08554450798,4.1633276408657975
US30,30min+4h_e15_hard_hm25_s2.0_t4.0_both,30min,4h,15.0,hard,0.0,25.0,2.0,4.0,0.0,0.0,both,all,1026,5.57895523333003,1.0073700180983245,34.21052631578947,-30.554700930778345,0.14384290684604664,20.262183235867447,105578.95523333002,-17.464840422383052
US30,30min+4h_e15_hard_hm25_s2.0_t4.0_long,30min,4h,15.0,hard,0.0,25.0,2.0,4.0,0.0,0.0,long,all,563,54.46336939370755,1.1148289058121819,36.58969804618117,-16.43112112152356,0.581422616611617,22.758436944937834,154463.36939370754,5.980496120335239
US30,30min+4h_e15_neg_hm0_s1.5_t2.5_both,30min,4h,15.0,neg,10.0,0.0,1.5,2.5,0.0,0.0,both,all,3156,-60.11315641855332,0.9243794657881865,43.09252217997465,-65.91466330031884,-0.5743272557109885,3.08871989860583,39886.84358144669,-22.791655007850903
US30,30min+4h_e15_neg_hm0_s1.5_t2.5_long,30min,4h,15.0,neg,10.0,0.0,1.5,2.5,0.0,0.0,long,all,1821,-55.121230200424456,0.8931015596946236,42.99835255354201,-62.527154694108546,-0.7436206563913224,2.6919275123558486,44878.769799575544,-22.788612481131743
US30,30min+4h_e15_neg_hm0_s1.5_t3.5_both,30min,4h,15.0,neg,10.0,0.0,1.5,3.5,0.0,0.0,both,all,3121,-47.92840981119285,0.9435742678425074,42.358218519705225,-59.419571453020644,-0.34355577026974043,3.243511694969561,52071.59018880715,-21.65031723636688
US30,30min+4h_e15_neg_hm0_s1.5_t3.5_long,30min,4h,15.0,neg,10.0,0.0,1.5,3.5,0.0,0.0,long,all,1787,-51.535601906442665,0.9008390850650987,42.1376608841634,-60.663879894856485,-0.6218438902655699,2.8819250139899273,48464.398093557335,-22.368647394787573
US30,30min+4h_e15_neg_hm0_s2.0_t4.0_both,30min,4h,15.0,neg,10.0,0.0,2.0,4.0,0.0,0.0,both,all,3063,-41.13664896179924,0.9416999322428855,44.40091413646751,-52.50007291938103,-0.357635747981505,3.5866797257590597,58863.35103820076,-21.127672666612256
US30,30min+4h_e15_neg_hm0_s2.0_t4.0_long,30min,4h,15.0,neg,10.0,0.0,2.0,4.0,0.0,0.0,long,all,1741,-43.380642723674534,0.9003694876744535,44.34233199310741,-52.35579360479572,-0.5993026518112609,3.246984491671453,56619.35727632547,-21.677487711669567
US30,30min+4h_e15_neg_hm12_s1.5_t2.5_both,30min,4h,15.0,neg,10.0,12.0,1.5,2.5,0.0,0.0,both,all,2118,-47.37677460320421,0.9236704074806805,42.965061378659115,-51.71262584663725,-0.4945469381156306,3.1888574126534466,52623.225396795795,-21.596220406465402
US30,30min+4h_e15_neg_hm12_s1.5_t2.5_long,30min,4h,15.0,neg,10.0,12.0,1.5,2.5,0.0,0.0,long,all,1210,-37.07353704838062,0.9049117083919808,43.22314049586777,-42.543404536982074,-0.5251468028874376,2.9008264462809916,62926.46295161938,-20.910118596765713
US30,30min+4h_e15_neg_hm12_s1.5_t3.5_both,30min,4h,15.0,neg,10.0,12.0,1.5,3.5,0.0,0.0,both,all,2097,-42.74313199898582,0.9309676410355376,42.155460181211254,-52.28548099502981,-0.38525364882826174,3.3433476394849784,57256.86800101418,-21.251605890414172
US30,30min+4h_e15_neg_hm12_s1.5_t3.5_long,30min,4h,15.0,neg,10.0,12.0,1.5,3.5,0.0,0.0,long,all,1190,-38.65001232464761,0.8970573587599024,42.436974789915965,-44.97810522793459,-0.5236147995021823,3.0798319327731094,61349.98767535239,-21.087903504456804
US30,30min+4h_e15_neg_hm12_s2.0_t4.0_both,30min,4h,15.0,neg,10.0,12.0,2.0,4.0,0.0,0.0,both,all,2056,-26.01939752196212,0.9505805824837449,44.45525291828794,-44.81442502471037,-0.2299431925629548,3.7062256809338523,73980.60247803788,-20.00181623450197
US30,30min+4h_e15_neg_hm12_s2.0_t4.0_long,30min,4h,15.0,neg,10.0,12.0,2.0,4.0,0.0,0.0,long,all,1157,-28.81004326895632,0.9042347298463493,44.684528954191876,-36.180794946204784,-0.44193733492653614,3.45980985306828,71189.95673104368,-20.201952706380375
US30,30min+4h_e15_neg_hm25_s1.5_t2.5_both,30min,4h,15.0,neg,10.0,25.0,1.5,2.5,0.0,0.0,both,all,1483,-60.859253182962526,0.8479192432400504,40.93054619015509,-64.04626359393095,-0.9863217812793053,3.250842886041807,39140.74681703748,-23.55590523489457
US30,30min+4h_e15_neg_hm25_s1.5_t2.5_long,30min,4h,15.0,neg,10.0,25.0,1.5,2.5,0.0,0.0,long,all,851,-35.539205316663434,0.8687722821218707,41.950646298472385,-43.75640860224495,-0.6121397770718313,3.1069330199764984,64460.794683336564,-21.118103517059406
US30,30min+4h_e15_neg_hm25_s1.5_t3.5_both,30min,4h,15.0,neg,10.0,25.0,1.5,3.5,0.0,0.0,both,all,1464,-59.123692978547815,0.8507996497339968,40.30054644808743,-63.117730067901846,-0.8859402215812977,3.41120218579235,40876.30702145219,-23.29156812989494
US30,30min+4h_e15_neg_hm25_s1.5_t3.5_long,30min,4h,15.0,neg,10.0,25.0,1.5,3.5,0.0,0.0,long,all,833,-38.78995965407046,0.8507357630813228,41.41656662665066,-49.081807759216,-0.6515368376244867,3.3073229291716686,61210.040345929534,-21.56533654526488
US30,30min+4h_e15_neg_hm25_s2.0_t4.0_both,30min,4h,15.0,neg,10.0,25.0,2.0,4.0,0.0,0.0,both,all,1436,-48.45815842910866,0.8629813619448339,42.409470752089135,-52.30368727161612,-0.8002845678527024,3.798050139275766,51541.841570891345,-22.27344727494596
US30,30min+4h_e15_neg_hm25_s2.0_t4.0_long,30min,4h,15.0,neg,10.0,25.0,2.0,4.0,0.0,0.0,long,all,811,-35.103196735302035,0.8352042080954333,43.15659679408138,-42.666478796237996,-0.7138441970877906,3.7003699136868065,64896.80326469797,-21.293542796654705
US30,30min+4h_e20_zero_hm0_s1.5_t2.5_both,30min,4h,20.0,zero,0.0,0.0,1.5,2.5,0.0,0.0,both,all,3089,-66.20674916660214,0.894294844700758,43.31498866947232,-71.88535682325615,-0.8121993702450017,2.1693104564584007,33793.25083339786,-23.706246183209938
US30,30min+4h_e20_zero_hm0_s1.5_t2.5_long,30min,4h,20.0,zero,0.0,0.0,1.5,2.5,0.0,0.0,long,all,1846,-56.16728503362296,0.8741774482789099,43.770314192849405,-62.739006703235255,-0.8776998002922103,1.6310942578548213,43832.71496637703,-23.08735774921537
US30,30min+4h_e20_zero_hm0_s1.5_t3.5_both,30min,4h,20.0,zero,0.0,0.0,1.5,3.5,0.0,0.0,both,all,3079,-55.109478887288944,0.9154684536105185,42.83858395582981,-66.19530628776471,-0.5310736320359091,2.2481325105553753,44890.52111271106,-22.560130721029715
US30,30min+4h_e20_zero_hm0_s1.5_t3.5_long,30min,4h,20.0,zero,0.0,0.0,1.5,3.5,0.0,0.0,long,all,1837,-51.02220953591494,0.8897933739543485,43.27708219923789,-60.96417812121078,-0.7040785031980497,1.7261839956450735,48977.790464085054,-22.511089826196233
US30,30min+4h_e20_zero_hm0_s2.0_t4.0_both,30min,4h,20.0,zero,0.0,0.0,2.0,4.0,0.0,0.0,both,all,3052,-48.69422401285212,0.9116639363398533,44.26605504587156,-58.0864560459671,-0.5554159312257674,2.436762778505898,51305.775987147885,-22.025191258341785
US30,30min+4h_e20_zero_hm0_s2.0_t4.0_long,30min,4h,20.0,zero,0.0,0.0,2.0,4.0,0.0,0.0,long,all,1815,-45.25013595320577,0.8807740826766178,44.62809917355372,-54.46953992751546,-0.7211245870359465,1.9101928374655648,54749.864046794224,-22.068538709091225
US30,30min+4h_e20_zero_hm12_s1.5_t2.5_both,30min,4h,20.0,zero,0.0,12.0,1.5,2.5,0.0,0.0,both,all,2041,-46.91091079399751,0.9025251415441814,43.45908868201862,-55.554685776712574,-0.571433361766113,2.2121509064184224,53089.08920600249,-21.89946105161712
US30,30min+4h_e20_zero_hm12_s1.5_t2.5_long,30min,4h,20.0,zero,0.0,12.0,1.5,2.5,0.0,0.0,long,all,1199,-30.204819075188983,0.9091621190272556,44.62051709758132,-37.647271922178724,-0.4646967663523592,1.707256046705588,69795.18092481102,-20.338223491855107
US30,30min+4h_e20_zero_hm12_s1.5_t3.5_both,30min,4h,20.0,zero,0.0,12.0,1.5,3.5,0.0,0.0,both,all,2035,-37.474592891218116,0.924692881312428,42.997542997543,-52.9391133606868,-0.3700850461387393,2.2884520884520883,62525.40710878188,-21.059943616003235
US30,30min+4h_e20_zero_hm12_s1.5_t3.5_long,30min,4h,20.0,zero,0.0,12.0,1.5,3.5,0.0,0.0,long,all,1194,-28.210001446318845,0.91601029574338,44.221105527638194,-38.85184693243168,-0.3979611073343098,1.7914572864321607,71789.99855368116,-20.189389856793035
US30,30min+4h_e20_zero_hm12_s2.0_t4.0_both,30min,4h,20.0,zero,0.0,12.0,2.0,4.0,0.0,0.0,both,all,2019,-24.50635201803276,0.9416873976151829,44.576523031203564,-46.34196694897066,-0.2610794472461017,2.4680534918276376,75493.64798196724,-20.07133343551133
US30,30min+4h_e20_zero_hm12_s2.0_t4.0_long,30min,4h,20.0,zero,0.0,12.0,2.0,4.0,0.0,0.0,long,all,1180,-21.41246311820737,0.9188988336641364,45.50847457627118,-35.170452204871616,-0.3547662185420616,1.9542372881355932,78587.53688179264,-19.69821885657591
US30,30min+4h_e20_zero_hm25_s1.5_t2.5_both,30min,4h,20.0,zero,0.0,25.0,1.5,2.5,0.0,0.0,both,all,1410,-60.98644503707191,0.7987268094512738,41.702127659574465,-63.88363618274773,-1.1288917962255216,2.171631205673759,39013.55496292809,-23.697986225164602
US30,30min+4h_e20_zero_hm25_s1.5_t2.5_long,30min,4h,20.0,zero,0.0,25.0,1.5,2.5,0.0,0.0,long,all,833,-32.915624074022546,0.850375729959606,43.57743097238895,-41.32518169249738,-0.6548934099086795,1.7286914765906363,67084.37592597745,-21.0260330206248
US30,30min+4h_e20_zero_hm25_s1.5_t3.5_both,30min,4h,20.0,zero,0.0,25.0,1.5,3.5,0.0,0.0,both,all,1405,-56.12082021322522,0.8185769077708074,41.35231316725979,-61.240213670055624,-0.9237989839532917,2.2419928825622777,43879.179786774774,-23.233697561834152
US30,30min+4h_e20_zero_hm25_s1.5_t3.5_long,30min,4h,20.0,zero,0.0,25.0,1.5,3.5,0.0,0.0,long,all,829,-31.07479567221959,0.8586762661291126,43.42581423401689,-42.5225080988645,-0.5744822858828373,1.8057901085645356,68925.2043277804,-20.858924914344836
US30,30min+4h_e20_zero_hm25_s2.0_t4.0_both,30min,4h,20.0,zero,0.0,25.0,2.0,4.0,0.0,0.0,both,all,1393,-48.085447399479676,0.8225939505383894,42.71356783919598,-51.90124082507194,-0.9245727805410551,2.414213926776741,51914.55260052032,-22.529841823447676
US30,30min+4h_e20_zero_hm25_s2.0_t4.0_long,30min,4h,20.0,zero,0.0,25.0,2.0,4.0,0.0,0.0,long,all,819,-30.01277807394629,0.8304101681126159,44.32234432234432,-39.510468233221395,-0.6948629184837509,1.9536019536019535,69987.22192605371,-20.947198809730793
US30,30min+4h_e20_hard_hm0_s1.5_t2.5_both,30min,4h,20.0,hard,0.0,0.0,1.5,2.5,0.0,0.0,both,all,2257,-24.944512508077622,0.9802399172165621,37.749224634470536,-43.35433120962981,-0.05566787568082097,10.088170137350465,75055.48749192238,-19.564855769188124
US30,30min+4h_e20_hard_hm0_s1.5_t2.5_long,30min,4h,20.0,hard,0.0,0.0,1.5,2.5,0.0,0.0,long,all,1281,-23.112346831475662,0.9673417193510493,37.23653395784543,-35.943501876074,-0.14655031230345608,10.651053864168619,76887.65316852434,-19.363705118379546
US30,30min+4h_e20_hard_hm0_s1.5_t3.5_both,30min,4h,20.0,hard,0.0,0.0,1.5,3.5,0.0,0.0,both,all,2035,1.6644258265789302,1.0012153344095405,31.44963144963145,-39.67594551722765,0.16270576237246365,13.070761670761671,101664.42582657892,-17.973363808043402
US30,30min+4h_e20_hard_hm0_s1.5_t3.5_long,30min,4h,20.0,hard,0.0,0.0,1.5,3.5,0.0,0.0,long,all,1134,6.941344589005771,1.0084295885681371,30.952380952380953,-29.17737881315524,0.15969541170364335,14.127865961199294,106941.34458900578,-17.328824279990172
US30,30min+4h_e20_hard_hm0_s2.0_t4.0_both,30min,4h,20.0,hard,0.0,0.0,2.0,4.0,0.0,0.0,both,all,1761,40.1894344019702,1.0301687289780772,35.15048268029528,-32.23633156639036,0.375763492134508,17.78648495173197,140189.4344019702,-15.742808825929853
US30,30min+4h_e20_hard_hm0_s2.0_t4.0_long,30min,4h,20.0,hard,0.0,0.0,2.0,4.0,0.0,0.0,long,all,979,42.2950236500236,1.0526896855496128,35.342185903983655,-26.231653922415553,0.41690110371124567,19.38917262512768,142295.0236500236,4.699610658545222
US30,30min+4h_e20_hard_hm12_s1.5_t2.5_both,30min,4h,20.0,hard,0.0,12.0,1.5,2.5,0.0,0.0,both,all,1602,-1.5787267690580142,0.9984833413148427,37.827715355805246,-38.20453949540088,0.11120745380056293,10.680399500624219,98421.27323094198,-18.128311116590403
US30,30min+4h_e20_hard_hm12_s1.5_t2.5_long,30min,4h,20.0,hard,0.0,12.0,1.5,2.5,0.0,0.0,long,all,903,-8.781709381107428,0.9846670118894139,37.43078626799557,-26.41491804060876,-0.018685403022692677,11.122923588039868,91218.29061889257,-18.174225671679153
US30,30min+4h_e20_hard_hm12_s1.5_t3.5_both,30min,4h,20.0,hard,0.0,12.0,1.5,3.5,0.0,0.0,both,all,1467,15.836028163879302,1.0137518576583036,31.083844580777097,-39.251391158220194,0.2386998768072996,14.049761417859578,115836.02816387931,-17.244185060416928
US30,30min+4h_e20_hard_hm12_s1.5_t3.5_long,30min,4h,20.0,hard,0.0,12.0,1.5,3.5,0.0,0.0,long,all,808,15.483975916725456,1.023304599801823,30.940594059405942,-26.121405116498707,0.22549641617692692,15.014851485148515,115483.97591672547,-16.728991044220983
US30,30min+4h_e20_hard_hm12_s2.0_t4.0_both,30min,4h,20.0,hard,0.0,12.0,2.0,4.0,0.0,0.0,both,all,1305,22.873845178486583,1.0254292531712015,34.6360153256705,-34.12882425037209,0.28830077337918497,19.488122605363984,122873.84517848658,-16.654174869878638
US30,30min+4h_e20_hard_hm12_s2.0_t4.0_long,30min,4h,20.0,hard,0.0,12.0,2.0,4.0,0.0,0.0,long,all,716,43.28034455763008,1.0756595060870342,35.47486033519553,-18.954748977395376,0.46010298636538455,20.98463687150838,143280.34455763007,5.15232706797505
US30,30min+4h_e20_hard_hm25_s1.5_t2.5_both,30min,4h,20.0,hard,0.0,25.0,1.5,2.5,0.0,0.0,both,all,1161,-11.594486885570632,0.9832245463876703,37.46770025839793,-32.84120284546488,-0.02048211070407641,11.12919896640827,88405.51311442937,-18.55008938932836
US30,30min+4h_e20_hard_hm25_s1.5_t2.5_long,30min,4h,20.0,hard,0.0,25.0,1.5,2.5,0.0,0.0,long,all,654,12.18437447362206,1.028732919911533,38.53211009174312,-24.370543996381077,0.2102675074846861,11.960244648318042,112184.37447362205,-16.8002132199045
US30,30min+4h_e20_hard_hm25_s1.5_t3.5_both,30min,4h,20.0,hard,0.0,25.0,1.5,3.5,0.0,0.0,both,all,1079,-19.00551277255167,0.9735745732879529,30.027803521779425,-41.729810869100305,-0.06573485814849138,14.35032437442076,80994.48722744834,-19.294078799668934
US30,30min+4h_e20_hard_hm25_s1.5_t3.5_long,30min,4h,20.0,hard,0.0,25.0,1.5,3.5,0.0,0.0,long,all,596,9.041715119403083,1.0201385200585804,30.87248322147651,-32.52938958936915,0.17216217287713292,15.731543624161073,109041.71511940309,-17.330917419336494
US30,30min+4h_e20_hard_hm25_s2.0_t4.0_both,30min,4h,20.0,hard,0.0,25.0,2.0,4.0,0.0,0.0,both,all,971,0.7220191943102083,1.0010966865712532,34.088568486096804,-32.212859052608714,0.10016898216819901,20.16477857878476,100722.01919431021,-17.80663840465151
US30,30min+4h_e20_hard_hm25_s2.0_t4.0_long,30min,4h,20.0,hard,0.0,25.0,2.0,4.0,0.0,0.0,long,all,539,43.3948673941654,1.1015089131475473,36.178107606679035,-17.74442018099842,0.49777096928586206,21.86456400742115,143394.8673941654,5.3264466253243405
US30,30min+4h_e20_neg_hm0_s1.5_t2.5_both,30min,4h,20.0,neg,10.0,0.0,1.5,2.5,0.0,0.0,both,all,2969,-66.29566665381378,0.9037473828930981,42.77534523408555,-69.99533735827768,-0.749369966831699,2.9888851465139776,33704.33334618621,-23.51632665349846
US30,30min+4h_e20_neg_hm0_s1.5_t2.5_long,30min,4h,20.0,neg,10.0,0.0,1.5,2.5,0.0,0.0,long,all,1738,-61.58094321100632,0.8662010693313404,42.462600690448795,-65.15133793846721,-0.9616863119711627,2.428078250863061,38419.05678899368,-23.546318040607336
US30,30min+4h_e20_neg_hm0_s1.5_t3.5_both,30min,4h,20.0,neg,10.0,0.0,1.5,3.5,0.0,0.0,both,all,2940,-50.2534392614922,0.9347862241665791,42.04081632653061,-59.9475103361597,-0.39797251113000237,3.135374149659864,49746.560738507804,-21.86803119018463
US30,30min+4h_e20_neg_hm0_s1.5_t3.5_long,30min,4h,20.0,neg,10.0,0.0,1.5,3.5,0.0,0.0,long,all,1710,-52.95885926595998,0.8926639678393629,41.63742690058479,-60.32884639709979,-0.6781330035544605,2.5900584795321637,47041.140734040026,-22.517047812255676
US30,30min+4h_e20_neg_hm0_s2.0_t4.0_both,30min,4h,20.0,neg,10.0,0.0,2.0,4.0,0.0,0.0,both,all,2888,-44.25079490043926,0.9321802696343378,44.078947368421055,-51.91675483733222,-0.4178323647098497,3.469875346260388,55749.205099560735,-21.34299986248979
US30,30min+4h_e20_neg_hm0_s2.0_t4.0_long,30min,4h,20.0,neg,10.0,0.0,2.0,4.0,0.0,0.0,long,all,1670,-45.628990099145014,0.8912301445111587,43.712574850299404,-52.36593862703731,-0.6549356089390632,2.922754491017964,54371.00990085498,-21.874125201177993
US30,30min+4h_e20_neg_hm12_s1.5_t2.5_both,30min,4h,20.0,neg,10.0,12.0,1.5,2.5,0.0,0.0,both,all,1967,-50.94582512251513,0.9035890659771724,43.111337061514995,-56.557502398123006,-0.5931630823443876,3.0950686324351806,49054.174877484875,-22.130905059399176
US30,30min+4h_e20_neg_hm12_s1.5_t2.5_long,30min,4h,20.0,neg,10.0,12.0,1.5,2.5,0.0,0.0,long,all,1134,-39.47885685886832,0.8867798308939604,43.65079365079365,-44.29562473234889,-0.6159306568761534,2.634920634920635,60521.14314113168,-21.257925671728017
US30,30min+4h_e20_neg_hm12_s1.5_t3.5_both,30min,4h,20.0,neg,10.0,12.0,1.5,3.5,0.0,0.0,both,all,1950,-40.24996728688291,0.9283165829683985,42.35897435897436,-53.541703145479104,-0.3650110550037814,3.242051282051282,59750.03271311709,-21.178391942379157
US30,30min+4h_e20_neg_hm12_s1.5_t3.5_long,30min,4h,20.0,neg,10.0,12.0,1.5,3.5,0.0,0.0,long,all,1118,-34.72600064222389,0.9032568171358117,43.02325581395349,-43.21508601556272,-0.4729094317711489,2.7906976744186047,65273.99935777611,-20.768865571128657
US30,30min+4h_e20_neg_hm12_s2.0_t4.0_both,30min,4h,20.0,neg,10.0,12.0,2.0,4.0,0.0,0.0,both,all,1917,-22.07204333057873,0.9548904416980782,44.70526864893062,-43.205207962414086,-0.18261908297063548,3.5910276473656757,77927.95666942127,-19.69779257193047
US30,30min+4h_e20_neg_hm12_s2.0_t4.0_long,30min,4h,20.0,neg,10.0,12.0,2.0,4.0,0.0,0.0,long,all,1092,-24.47475387125203,0.915437156186396,45.146520146520146,-34.098477483411,-0.36954873851336223,3.1245421245421245,75525.24612874797,-19.808659471490575
US30,30min+4h_e20_neg_hm25_s1.5_t2.5_both,30min,4h,20.0,neg,10.0,25.0,1.5,2.5,0.0,0.0,both,all,1362,-63.479408271764285,0.8105480747110346,40.969162995594715,-66.3260539029076,-1.1307984276153902,3.1299559471365637,36520.591728235726,-23.86584830020929
US30,30min+4h_e20_neg_hm25_s1.5_t2.5_long,30min,4h,20.0,neg,10.0,25.0,1.5,2.5,0.0,0.0,long,all,791,-38.93236777311701,0.8347378372870723,42.604298356510746,-46.73391532889964,-0.7579921202749509,2.7876106194690267,61067.63222688299,-21.67679491127541
US30,30min+4h_e20_neg_hm25_s1.5_t3.5_both,30min,4h,20.0,neg,10.0,25.0,1.5,3.5,0.0,0.0,both,all,1348,-58.61258103721057,0.8326371707948008,40.35608308605341,-63.3371931375974,-0.9183625107574467,3.27893175074184,41387.41896278944,-23.373941806141488
US30,30min+4h_e20_neg_hm25_s1.5_t3.5_long,30min,4h,20.0,neg,10.0,25.0,1.5,3.5,0.0,0.0,long,all,778,-36.19720865495897,0.8488936517228869,42.2879177377892,-47.39949217817371,-0.6323907032404528,2.9537275064267354,63802.79134504103,-21.37021995887877
US30,30min+4h_e20_neg_hm25_s2.0_t4.0_both,30min,4h,20.0,neg,10.0,25.0,2.0,4.0,0.0,0.0,both,all,1327,-47.31560919231369,0.8511383354289906,42.57724189902034,-51.62599160045402,-0.8075584322218302,3.6382818387339864,52684.390807686315,-22.241155841470977
US30,30min+4h_e20_neg_hm25_s2.0_t4.0_long,30min,4h,20.0,neg,10.0,25.0,2.0,4.0,0.0,0.0,long,all,762,-32.731537257834965,0.8345113800028048,43.963254593175854,-41.717451762912205,-0.6864657080615825,3.2782152230971127,67268.46274216504,-21.12137967291525
US30,30min+4h_e25_zero_hm0_s1.5_t2.5_both,30min,4h,25.0,zero,0.0,0.0,1.5,2.5,0.0,0.0,both,all,2846,-54.392791815013666,0.9189493616497554,44.132115249472946,-64.46091957583775,-0.5931904270426167,2.1602248770203794,45607.20818498634,-22.546560692073594
US30,30min+4h_e25_zero_hm0_s1.5_t2.5_long,30min,4h,25.0,zero,0.0,0.0,1.5,2.5,0.0,0.0,long,all,1718,-42.619001052536674,0.9068125365530505,45.16880093131548,-55.459087245746,-0.5942715478036515,1.5582072176949942,57380.998947463326,-21.74749951225416
US30,30min+4h_e25_zero_hm0_s1.5_t3.5_both,30min,4h,25.0,zero,0.0,0.0,1.5,3.5,0.0,0.0,both,all,2834,-41.891036161225735,0.9400487742906272,43.613267466478476,-57.98537981630921,-0.3494825106909369,2.23817925194072,58108.96383877427,-21.369158469411236
US30,30min+4h_e25_zero_hm0_s1.5_t3.5_long,30min,4h,25.0,zero,0.0,0.0,1.5,3.5,0.0,0.0,long,all,1707,-38.40378702565588,0.918870027965965,44.63971880492091,-54.013063297846465,-0.4815024511115352,1.6467486818980668,61596.212974344126,-21.321752619692486
US30,30min+4h_e25_zero_hm0_s2.0_t4.0_both,30min,4h,25.0,zero,0.0,0.0,2.0,4.0,0.0,0.0,both,all,2807,-39.421149265939825,0.9316255611377665,45.065906661916635,-53.15648260496821,-0.4202072711065808,2.43142144638404,60578.85073406018,-21.204352278651776
US30,30min+4h_e25_zero_hm0_s2.0_t4.0_long,30min,4h,25.0,zero,0.0,0.0,2.0,4.0,0.0,0.0,long,all,1686,-36.71050428461534,0.9031816498520311,45.90747330960854,-47.677775537834876,-0.5646466559965194,1.826809015421115,63289.495715384655,-21.16454705226271
US30,30min+4h_e25_zero_hm12_s1.5_t2.5_both,30min,4h,25.0,zero,0.0,12.0,1.5,2.5,0.0,0.0,both,all,1852,-36.81879881727127,0.926802838274462,44.38444924406048,-48.8174986964392,-0.4158752799706426,2.210583153347732,63181.201182728735,-20.93225772481823
US30,30min+4h_e25_zero_hm12_s1.5_t2.5_long,30min,4h,25.0,zero,0.0,12.0,1.5,2.5,0.0,0.0,long,all,1099,-17.93370484126643,0.9459870953468926,46.2238398544131,-31.450880231752155,-0.24159556042356528,1.6414922656960873,82066.29515873357,-19.17280900518886
US30,30min+4h_e25_zero_hm12_s1.5_t3.5_both,30min,4h,25.0,zero,0.0,12.0,1.5,3.5,0.0,0.0,both,all,1844,-27.639675259895903,0.9469992725357652,43.926247288503255,-44.80963329071292,-0.24316057833192034,2.2885032537960956,72360.3247401041,-20.09521502818282
US30,30min+4h_e25_zero_hm12_s1.5_t3.5_long,30min,4h,25.0,zero,0.0,12.0,1.5,3.5,0.0,0.0,long,all,1092,-17.57275469641728,0.9477548576056245,45.879120879120876,-33.11540968035614,-0.21928798166791166,1.7216117216117217,82427.24530358272,-19.187071403558743
US30,30min+4h_e25_zero_hm12_s2.0_t4.0_both,30min,4h,25.0,zero,0.0,12.0,2.0,4.0,0.0,0.0,both,all,1831,-17.383368763269946,0.9595889585373532,45.54888039322775,-40.661302827966296,-0.16429760358019824,2.472965592572365,82616.63123673006,-19.369260872676364
US30,30min+4h_e25_zero_hm12_s2.0_t4.0_long,30min,4h,25.0,zero,0.0,12.0,2.0,4.0,0.0,0.0,long,all,1082,-13.971200557133056,0.9464509355372659,47.134935304990755,-29.792699560921942,-0.2164015114935941,1.8798521256931608,86028.79944286695,-18.909030933119425
US30,30min+4h_e25_zero_hm25_s1.5_t2.5_both,30min,4h,25.0,zero,0.0,25.0,1.5,2.5,0.0,0.0,both,all,1282,-57.24375977648849,0.8077120769506168,42.1216848673947,-60.101581048618804,-1.0575341530736428,2.156786271450858,42756.24022351151,-23.37453344062775
US30,30min+4h_e25_zero_hm25_s1.5_t2.5_long,30min,4h,25.0,zero,0.0,25.0,1.5,2.5,0.0,0.0,long,all,758,-28.33635226069884,0.8635148550373375,44.32717678100264,-39.19655348825142,-0.5644939965998997,1.6398416886543536,71663.64773930116,-20.589270087264516
US30,30min+4h_e25_zero_hm25_s1.5_t3.5_both,30min,4h,25.0,zero,0.0,25.0,1.5,3.5,0.0,0.0,both,all,1276,-53.35844228292081,0.8247013207500249,41.77115987460815,-57.23556067085372,-0.8919744628460531,2.2249216300940438,46641.55771707919,-22.899968510544998
US30,30min+4h_e25_zero_hm25_s1.5_t3.5_long,30min,4h,25.0,zero,0.0,25.0,1.5,3.5,0.0,0.0,long,all,753,-28.983202247443163,0.8605320481276162,44.223107569721115,-41.19350211694981,-0.5613329203069573,1.7078353253652059,71016.79775255684,-20.697737434717116
US30,30min+4h_e25_zero_hm25_s2.0_t4.0_both,30min,4h,25.0,zero,0.0,25.0,2.0,4.0,0.0,0.0,both,all,1265,-44.34251715746649,0.8331581156592719,43.241106719367586,-47.51612017354078,-0.8524801025900146,2.4047430830039525,55657.482842533514,-22.070170357977133
US30,30min+4h_e25_zero_hm25_s2.0_t4.0_long,30min,4h,25.0,zero,0.0,25.0,2.0,4.0,0.0,0.0,long,all,745,-26.166748036510555,0.8436639657153187,45.23489932885906,-35.9029980357567,-0.6195050027478312,1.8563758389261744,73833.25196348944,-20.50288743272414
US30,30min+4h_e25_hard_hm0_s1.5_t2.5_both,30min,4h,25.0,hard,0.0,0.0,1.5,2.5,0.0,0.0,both,all,2192,-20.11735030622569,0.9835004234723497,37.910583941605836,-38.845496816329884,-0.026665532390376338,9.85948905109489,79882.6496937743,-19.139761124806913
US30,30min+4h_e25_hard_hm0_s1.5_t2.5_long,30min,4h,25.0,hard,0.0,0.0,1.5,2.5,0.0,0.0,long,all,1265,-10.782740780898703,0.9850553314221523,37.70750988142292,-34.22218534935496,-0.013076658616446048,10.150197628458498,89217.2592191013,-18.557173704579434
US30,30min+4h_e25_hard_hm0_s1.5_t3.5_both,30min,4h,25.0,hard,0.0,0.0,1.5,3.5,0.0,0.0,both,all,1992,27.785500868459412,1.018299844028472,31.82730923694779,-36.86711505795648,0.29594175140113155,12.756024096385541,127785.5008684594,-16.573602330407006
US30,30min+4h_e25_hard_hm0_s1.5_t3.5_long,30min,4h,25.0,hard,0.0,0.0,1.5,3.5,0.0,0.0,long,all,1130,45.57615397252916,1.0475224871170004,31.76991150442478,-26.89949424499992,0.41319095707527254,13.364601769911504,145576.15397252917,-15.21434095749342
US30,30min+4h_e25_hard_hm0_s2.0_t4.0_both,30min,4h,25.0,hard,0.0,0.0,2.0,4.0,0.0,0.0,both,all,1753,65.30743266282161,1.042446146260798,35.596120935539076,-30.323541792397236,0.4870397726338338,17.163148887621222,165307.4326628216,-14.463969340580281
US30,30min+4h_e25_hard_hm0_s2.0_t4.0_long,30min,4h,25.0,hard,0.0,0.0,2.0,4.0,0.0,0.0,long,all,986,75.22382399456184,1.0820481919027043,36.105476673427994,-24.33338928230172,0.6083033886540443,18.275862068965516,175223.82399456186,6.453192951228233
US30,30min+4h_e25_hard_hm12_s1.5_t2.5_both,30min,4h,25.0,hard,0.0,12.0,1.5,2.5,0.0,0.0,both,all,1521,23.19955692312763,1.0205597042754753,38.46153846153846,-28.30164163333396,0.28339166697978635,10.538461538461538,123199.55692312763,-16.427596627249883
US30,30min+4h_e25_hard_hm12_s1.5_t2.5_long,30min,4h,25.0,hard,0.0,12.0,1.5,2.5,0.0,0.0,long,all,863,16.267029439590463,1.0266873509513073,38.47045191193511,-20.725961541607596,0.2434577619918688,10.821552723059096,116267.02943959046,-16.446452263714615
US30,30min+4h_e25_hard_hm12_s1.5_t3.5_both,30min,4h,25.0,hard,0.0,12.0,1.5,3.5,0.0,0.0,both,all,1403,43.25671712334227,1.03421559697158,31.5751960085531,-29.85472760388769,0.38546657530765194,13.91375623663578,143256.71712334227,-15.500181563831388
US30,30min+4h_e25_hard_hm12_s1.5_t3.5_long,30min,4h,25.0,hard,0.0,12.0,1.5,3.5,0.0,0.0,long,all,781,41.791563759186865,1.058292195495625,31.754161331626122,-24.056999337536013,0.42774421579836286,14.573623559539053,141791.56375918686,4.796729389302642
US30,30min+4h_e25_hard_hm12_s2.0_t4.0_both,30min,4h,25.0,hard,0.0,12.0,2.0,4.0,0.0,0.0,both,all,1266,70.68870750324896,1.0627852589558457,35.624012638230646,-24.6676353745119,0.5473729019966581,18.97314375987362,170688.70750324897,6.118865385534083
US30,30min+4h_e25_hard_hm12_s2.0_t4.0_long,30min,4h,25.0,hard,0.0,12.0,2.0,4.0,0.0,0.0,long,all,698,81.26450091773359,1.1239337995990786,36.67621776504298,-14.991666080933042,0.7148223671712511,20.189111747851,181264.5009177336,7.332981443226594
US30,30min+4h_e25_hard_hm25_s1.5_t2.5_both,30min,4h,25.0,hard,0.0,25.0,1.5,2.5,0.0,0.0,both,all,1095,0.22795890360081117,1.0003290982706017,37.990867579908674,-25.49203620337739,0.09241480470017349,11.036529680365296,100227.95890360081,-17.5711181392643
US30,30min+4h_e25_hard_hm25_s1.5_t2.5_long,30min,4h,25.0,hard,0.0,25.0,1.5,2.5,0.0,0.0,long,all,615,30.71097143020436,1.0726833743130249,39.51219512195122,-20.28375585452694,0.40486572303294005,11.747967479674797,130710.97143020436,4.506095643359069
US30,30min+4h_e25_hard_hm25_s1.5_t3.5_both,30min,4h,25.0,hard,0.0,25.0,1.5,3.5,0.0,0.0,both,all,1034,1.0204494218944538,1.0013319886184835,30.754352030947775,-34.33636018554091,0.11014654947900958,14.177949709864604,101020.44942189445,-17.864086634781135
US30,30min+4h_e25_hard_hm25_s1.5_t3.5_long,30min,4h,25.0,hard,0.0,25.0,1.5,3.5,0.0,0.0,long,all,574,36.03828990595579,1.074459581088429,32.055749128919864,-29.807469074897817,0.420217123590876,15.149825783972126,136038.28990595578,4.3657074713497055
US30,30min+4h_e25_hard_hm25_s2.0_t4.0_both,30min,4h,25.0,hard,0.0,25.0,2.0,4.0,0.0,0.0,both,all,939,31.02542220151183,1.0403686659344307,35.14376996805112,-24.8382472027988,0.34158867191799885,19.773162939297123,131025.42220151183,-15.839208327338405
US30,30min+4h_e25_hard_hm25_s2.0_t4.0_long,30min,4h,25.0,hard,0.0,25.0,2.0,4.0,0.0,0.0,long,all,520,73.87070532118456,1.1565239003625707,37.5,-19.31796994722854,0.7360461848144902,21.35576923076923,173870.70532118456,6.977488443086402
US30,30min+4h_e25_neg_hm0_s1.5_t2.5_both,30min,4h,25.0,neg,10.0,0.0,1.5,2.5,0.0,0.0,both,all,2760,-55.31032368282941,0.9253039186686199,43.731884057971016,-63.01945101297569,-0.5613338794056753,2.9036231884057973,44689.67631717059,-22.461932010269166
US30,30min+4h_e25_neg_hm0_s1.5_t2.5_long,30min,4h,25.0,neg,10.0,0.0,1.5,2.5,0.0,0.0,long,all,1641,-49.61325072161195,0.8950925436632268,44.180377818403414,-57.99019227795692,-0.6968701299106347,2.224253503960999,50386.74927838806,-22.31171155569064
US30,30min+4h_e25_neg_hm0_s1.5_t3.5_both,30min,4h,25.0,neg,10.0,0.0,1.5,3.5,0.0,0.0,both,all,2733,-34.88316429222622,0.9578785502055824,43.02963776070253,-51.251358144586504,-0.22121960584046263,3.043175997072814,65116.835707773775,-20.582513930719248
US30,30min+4h_e25_neg_hm0_s1.5_t3.5_long,30min,4h,25.0,neg,10.0,0.0,1.5,3.5,0.0,0.0,long,all,1615,-40.562293087043855,0.9195407362479944,43.40557275541796,-52.79930659587436,-0.4713613659309979,2.36656346749226,59437.70691295614,-21.34265419559324
US30,30min+4h_e25_neg_hm0_s2.0_t4.0_both,30min,4h,25.0,neg,10.0,0.0,2.0,4.0,0.0,0.0,both,all,2682,-32.29542241732564,0.9522222844087368,45.19015659955257,-49.34886043654767,-0.26735213051041457,3.3795674869500374,67704.57758267436,-20.486243798898712
US30,30min+4h_e25_neg_hm0_s2.0_t4.0_long,30min,4h,25.0,neg,10.0,0.0,2.0,4.0,0.0,0.0,long,all,1575,-35.16269410555128,0.9154565563999817,45.46031746031746,-45.76315594262059,-0.47378695103389834,2.68,64837.30589444871,-20.859073037477767
US30,30min+4h_e25_neg_hm12_s1.5_t2.5_both,30min,4h,25.0,neg,10.0,12.0,1.5,2.5,0.0,0.0,both,all,1799,-38.4391252443671,0.9316710903797994,44.469149527515285,-46.40806956992151,-0.40876515060290713,2.9961089494163424,61560.8747556329,-20.877857792526406
US30,30min+4h_e25_neg_hm12_s1.5_t2.5_long,30min,4h,25.0,neg,10.0,12.0,1.5,2.5,0.0,0.0,long,all,1053,-24.297342559214783,0.9307912656809101,45.963912630579294,-34.32957523640956,-0.3374831115899859,2.406457739791073,75702.65744078522,-19.724323215007676
US30,30min+4h_e25_neg_hm12_s1.5_t3.5_both,30min,4h,25.0,neg,10.0,12.0,1.5,3.5,0.0,0.0,both,all,1784,-25.633394013136,0.9573631404764488,43.83408071748879,-41.544950146788615,-0.1907352795237484,3.1378923766816142,74366.605986864,-19.779828834491486
US30,30min+4h_e25_neg_hm12_s1.5_t3.5_long,30min,4h,25.0,neg,10.0,12.0,1.5,3.5,0.0,0.0,long,all,1039,-19.393383373184758,0.9465469177955713,45.52454282964389,-32.958148393551944,-0.22749197580488273,2.544754571703561,80606.61662681524,-19.268931939887864
US30,30min+4h_e25_neg_hm12_s2.0_t4.0_both,30min,4h,25.0,neg,10.0,12.0,2.0,4.0,0.0,0.0,both,all,1754,-11.747854768750699,0.9766218011344258,46.18015963511973,-34.74224857471925,-0.06144831354158176,3.4811858608893957,88252.1452312493,-18.710222101215106
US30,30min+4h_e25_neg_hm12_s2.0_t4.0_long,30min,4h,25.0,neg,10.0,12.0,2.0,4.0,0.0,0.0,long,all,1016,-14.565178703567172,0.9488887555885133,47.44094488188976,-29.783374204106515,-0.2005389283006055,2.8375984251968505,85434.82129643283,-18.902528619786573
US30,30min+4h_e25_neg_hm25_s1.5_t2.5_both,30min,4h,25.0,neg,10.0,25.0,1.5,2.5,0.0,0.0,both,all,1246,-57.81918559191615,0.8296645202922655,41.89406099518459,-61.15340822096862,-1.0060341532127792,3.00561797752809,42180.81440808385,-23.384742451784728
US30,30min+4h_e25_neg_hm25_s1.5_t2.5_long,30min,4h,25.0,neg,10.0,25.0,1.5,2.5,0.0,0.0,long,all,727,-29.884889023985405,0.8693527369012033,44.29160935350757,-40.12340496740118,-0.567517159531817,2.5185694635488307,70115.11097601459,-20.67822565670018
US30,30min+4h_e25_neg_hm25_s1.5_t3.5_both,30min,4h,25.0,neg,10.0,25.0,1.5,3.5,0.0,0.0,both,all,1234,-50.88261071268179,0.85804638994638,41.41004862236629,-54.937778609746644,-0.7689230200476391,3.141815235008104,49117.38928731821,-22.441084128102645
US30,30min+4h_e25_neg_hm25_s1.5_t3.5_long,30min,4h,25.0,neg,10.0,25.0,1.5,3.5,0.0,0.0,long,all,716,-27.147463748069768,0.8838411167094,44.134078212290504,-39.870497860236895,-0.47370690140124594,2.655027932960894,72852.53625193023,-20.381676024660635
US30,30min+4h_e25_neg_hm25_s2.0_t4.0_both,30min,4h,25.0,neg,10.0,25.0,2.0,4.0,0.0,0.0,both,all,1212,-39.44639664937569,0.8761841568886898,43.646864686468646,-43.94734857854519,-0.6428152855107763,3.495874587458746,60553.60335062431,-21.309512345161274
US30,30min+4h_e25_neg_hm25_s2.0_t4.0_long,30min,4h,25.0,neg,10.0,25.0,2.0,4.0,0.0,0.0,long,all,700,-24.71716436349557,0.869893314205294,45.714285714285715,-34.82366168603418,-0.5125344427966501,2.9385714285714286,75282.83563650443,-20.17570142066293
US30,30min+4h_e35_zero_hm0_s1.5_t2.5_both,30min,4h,35.0,zero,0.0,0.0,1.5,2.5,0.0,0.0,both,all,2418,-48.4881782681495,0.9142366544297068,44.499586435070306,-61.44534146397257,-0.5267577218465905,2.1695616211745246,51511.821731850505,-22.101885735980503
US30,30min+4h_e35_zero_hm0_s1.5_t2.5_long,30min,4h,35.0,zero,0.0,0.0,1.5,2.5,0.0,0.0,long,all,1473,-41.320146841422954,0.8927565481251345,45.14596062457569,-53.56663641913506,-0.6275509345831014,1.442634080108622,58679.85315857705,-21.704906361984136
US30,30min+4h_e35_zero_hm0_s1.5_t3.5_both,30min,4h,35.0,zero,0.0,0.0,1.5,3.5,0.0,0.0,both,all,2408,-37.31929271005933,0.9350873771457294,43.895348837209305,-56.665223535583586,-0.31576328716676505,2.249169435215947,62680.70728994068,-21.09530713771154
US30,30min+4h_e35_zero_hm0_s1.5_t3.5_long,30min,4h,35.0,zero,0.0,0.0,1.5,3.5,0.0,0.0,long,all,1463,-35.819038732084884,0.9093420438860634,44.565960355434036,-51.22602378736318,-0.47780975938571746,1.5283663704716337,64180.96126791511,-21.12516203014134
US30,30min+4h_e35_zero_hm0_s2.0_t4.0_both,30min,4h,35.0,zero,0.0,0.0,2.0,4.0,0.0,0.0,both,all,2381,-36.15078142456441,0.9250991492899132,45.40109197816044,-52.40033835378106,-0.3989982281549493,2.4523309533809323,63849.218575435596,-21.02779426014146
US30,30min+4h_e35_zero_hm0_s2.0_t4.0_long,30min,4h,35.0,zero,0.0,0.0,2.0,4.0,0.0,0.0,long,all,1444,-35.005442249283355,0.8917287725980076,45.91412742382271,-47.17209951048513,-0.5733969001777435,1.700831024930748,64994.55775071664,-21.117875089162336
US30,30min+4h_e35_zero_hm12_s1.5_t2.5_both,30min,4h,35.0,zero,0.0,12.0,1.5,2.5,0.0,0.0,both,all,1562,-35.828421019882974,0.9125540761446583,44.622279129321385,-49.61143009195684,-0.44244979863345707,2.212548015364917,64171.578980117025,-20.999883552062133
US30,30min+4h_e35_zero_hm12_s1.5_t2.5_long,30min,4h,35.0,zero,0.0,12.0,1.5,2.5,0.0,0.0,long,all,924,-21.94837218248873,0.9180732243014436,45.995670995671,-36.711746761194895,-0.36156205695165905,1.4902597402597402,78051.62781751127,-19.793564782421225
US30,30min+4h_e35_zero_hm12_s1.5_t3.5_both,30min,4h,35.0,zero,0.0,12.0,1.5,3.5,0.0,0.0,both,all,1556,-29.486116276398732,0.9292194146171164,44.023136246786635,-49.092613719142605,-0.3074365741158432,2.2853470437017993,70513.88372360126,-20.481255524452628
US30,30min+4h_e35_zero_hm12_s1.5_t3.5_long,30min,4h,35.0,zero,0.0,12.0,1.5,3.5,0.0,0.0,long,all,918,-20.387064629447295,0.9243542986089646,45.53376906318083,-36.83743956072602,-0.30851252693024833,1.5577342047930283,79612.9353705527,-19.640863211479893
US30,30min+4h_e35_zero_hm12_s2.0_t4.0_both,30min,4h,35.0,zero,0.0,12.0,2.0,4.0,0.0,0.0,both,all,1546,-20.345772208486913,0.9423811861748321,45.60155239327296,-44.528272201236305,-0.2358468468547134,2.479948253557568,79654.22779151308,-19.792779081233917
US30,30min+4h_e35_zero_hm12_s2.0_t4.0_long,30min,4h,35.0,zero,0.0,12.0,2.0,4.0,0.0,0.0,long,all,912,-16.291330858742313,0.9250758793044697,46.82017543859649,-32.89144709978131,-0.2914444575006652,1.7083333333333333,83708.66914125769,-19.29178810633077
US30,30min+4h_e35_zero_hm25_s1.5_t2.5_both,30min,4h,35.0,zero,0.0,25.0,1.5,2.5,0.0,0.0,both,all,1067,-47.30031934916617,0.8229434758100357,42.9240862230553,-55.251363361462005,-0.8691830381408489,2.1490159325210874,52699.68065083382,-22.54848317611131
US30,30min+4h_e35_zero_hm25_s1.5_t2.5_long,30min,4h,35.0,zero,0.0,25.0,1.5,2.5,0.0,0.0,long,all,614,-17.593578893811323,0.8998279854273058,45.43973941368078,-34.077777664212846,-0.36010969884604294,1.513029315960912,82406.42110618867,-19.557448847021767
US30,30min+4h_e35_zero_hm25_s1.5_t3.5_both,30min,4h,35.0,zero,0.0,25.0,1.5,3.5,0.0,0.0,both,all,1063,-43.91868041134096,0.8392528821657484,42.42709313264346,-54.126448678222715,-0.7354853728574431,2.213546566321731,56081.31958865904,-22.12690101745434
US30,30min+4h_e35_zero_hm25_s1.5_t3.5_long,30min,4h,35.0,zero,0.0,25.0,1.5,3.5,0.0,0.0,long,all,610,-16.68839772701406,0.9057439153656442,45.24590163934426,-35.17091619734869,-0.3212185607782063,1.5737704918032787,83311.60227298594,-19.49184060972771
US30,30min+4h_e35_zero_hm25_s2.0_t4.0_both,30min,4h,35.0,zero,0.0,25.0,2.0,4.0,0.0,0.0,both,all,1056,-36.23249498779933,0.8455892582063511,43.75,-46.53828797662213,-0.7028979561185149,2.4071969696969697,63767.50501220067,-21.451205107238753
US30,30min+4h_e35_zero_hm25_s2.0_t4.0_long,30min,4h,35.0,zero,0.0,25.0,2.0,4.0,0.0,0.0,long,all,606,-16.56818981736108,0.883667886037957,46.039603960396036,-33.22421666716243,-0.39536604628171074,1.7227722772277227,83431.81018263892,-19.575575613708615
US30,30min+4h_e35_hard_hm0_s1.5_t2.5_both,30min,4h,35.0,hard,0.0,0.0,1.5,2.5,0.0,0.0,both,all,1955,-19.35785942664149,0.9791151049742077,37.851662404092075,-50.74195816959433,-0.03259206056927633,9.764705882352942,80642.14057335851,-19.605093032267828
US30,30min+4h_e35_hard_hm0_s1.5_t2.5_long,30min,4h,35.0,hard,0.0,0.0,1.5,2.5,0.0,0.0,long,all,1136,0.7034256614303791,1.0010846966285392,38.11619718309859,-35.02980910488337,0.09428771916936457,9.943661971830986,100703.42566143039,-17.928912017412724
US30,30min+4h_e35_hard_hm0_s1.5_t3.5_both,30min,4h,35.0,hard,0.0,0.0,1.5,3.5,0.0,0.0,both,all,1796,73.3957207688226,1.0488475099161414,32.46102449888642,-39.39439478471554,0.4935799430602439,12.816815144766148,173395.7207688226,-14.477458271255
US30,30min+4h_e35_hard_hm0_s1.5_t3.5_long,30min,4h,35.0,hard,0.0,0.0,1.5,3.5,0.0,0.0,long,all,1025,77.74204332490564,1.0805255949351753,32.48780487804878,-29.239521398658997,0.5939722965092857,13.24390243902439,177742.04332490565,6.332373309151732
US30,30min+4h_e35_hard_hm0_s2.0_t4.0_both,30min,4h,35.0,hard,0.0,0.0,2.0,4.0,0.0,0.0,both,all,1593,39.86128193587257,1.030819140532721,35.279347143753924,-33.879023764782225,0.37306651121678813,17.50345260514752,139861.28193587257,-15.824062054999402
US30,30min+4h_e35_hard_hm0_s2.0_t4.0_long,30min,4h,35.0,hard,0.0,0.0,2.0,4.0,0.0,0.0,long,all,911,54.52291311029829,1.066232896640943,35.89462129527991,-32.595534867140806,0.513871582006452,18.1602634467618,154522.91311029828,5.113484744338334
US30,30min+4h_e35_hard_hm12_s1.5_t2.5_both,30min,4h,35.0,hard,0.0,12.0,1.5,2.5,0.0,0.0,both,all,1343,48.75127414912428,1.054300774725377,39.01712583767684,-31.304485738993392,0.44973853055615004,10.239017125837677,148751.27414912428,4.808231269052903
US30,30min+4h_e35_hard_hm12_s1.5_t2.5_long,30min,4h,35.0,hard,0.0,12.0,1.5,2.5,0.0,0.0,long,all,760,39.53774782772979,1.0744817401200928,39.473684210526315,-29.537389946833127,0.4614375466861119,10.340789473684211,139537.7478277298,4.578374985565267
US30,30min+4h_e35_hard_hm12_s1.5_t3.5_both,30min,4h,35.0,hard,0.0,12.0,1.5,3.5,0.0,0.0,both,all,1254,142.3446082194594,1.1075424408742314,32.854864433811805,-28.18818724913611,0.7860223107216436,13.670653907496012,242344.60821945942,9.314146407080976
US30,30min+4h_e35_hard_hm12_s1.5_t3.5_long,30min,4h,35.0,hard,0.0,12.0,1.5,3.5,0.0,0.0,long,all,699,89.89007830841267,1.12817087525442,33.19027181688126,-25.92265680878413,0.7359732181979634,14.061516452074391,189890.07830841266,7.283083875418137
US30,30min+4h_e35_hard_hm12_s2.0_t4.0_both,30min,4h,35.0,hard,0.0,12.0,2.0,4.0,0.0,0.0,both,all,1142,88.93196277640804,1.0836622529735203,36.1646234676007,-19.582346096520876,0.6512887633409783,19.30910683012259,188931.96277640804,7.260073444640755
US30,30min+4h_e35_hard_hm12_s2.0_t4.0_long,30min,4h,35.0,hard,0.0,12.0,2.0,4.0,0.0,0.0,long,all,637,83.28671837849559,1.1374720668147285,37.20565149136578,-23.908263060376612,0.7712050410043803,20.150706436420723,183286.7183784956,7.17562594126815
US30,30min+4h_e35_hard_hm25_s1.5_t2.5_both,30min,4h,35.0,hard,0.0,25.0,1.5,2.5,0.0,0.0,both,all,938,26.665538414019995,1.044324543867432,38.91257995735608,-27.67804393971757,0.3253611910418357,10.915778251599146,126665.53841401999,-16.14164707479657
US30,30min+4h_e35_hard_hm25_s1.5_t2.5_long,30min,4h,35.0,hard,0.0,25.0,1.5,2.5,0.0,0.0,long,all,515,62.10413761656024,1.1687047135499022,41.359223300970875,-18.965852401569105,0.726686720945673,11.394174757281553,162104.13761656024,6.53732327389291
US30,30min+4h_e35_hard_hm25_s1.5_t3.5_both,30min,4h,35.0,hard,0.0,25.0,1.5,3.5,0.0,0.0,both,all,893,67.63155346694285,1.0830060504965768,32.474804031354985,-29.11280040644738,0.5515928290388206,14.1511758118701,167631.55346694286,5.875654492219492
US30,30min+4h_e35_hard_hm25_s1.5_t3.5_long,30min,4h,35.0,hard,0.0,25.0,1.5,3.5,0.0,0.0,long,all,485,97.38822633345576,1.2089531008347247,34.63917525773196,-22.254548462193547,0.878825366994511,14.71340206185567,197388.22633345576,8.145967917429067
US30,30min+4h_e35_hard_hm25_s2.0_t4.0_both,30min,4h,35.0,hard,0.0,25.0,2.0,4.0,0.0,0.0,both,all,831,57.69778592840478,1.0792619524092444,35.98074608904934,-20.96902694589503,0.5304532571472054,20.04933814681107,157697.78592840477,5.762985126044309
US30,30min+4h_e35_hard_hm25_s2.0_t4.0_long,30min,4h,35.0,hard,0.0,25.0,2.0,4.0,0.0,0.0,long,all,456,99.66267456411362,1.2331619167689514,39.03508771929825,-16.881751818142078,0.9704511098522817,20.99342105263158,199662.6745641136,8.649818366539662
US30,30min+4h_e35_neg_hm0_s1.5_t2.5_both,30min,4h,35.0,neg,10.0,0.0,1.5,2.5,0.0,0.0,both,all,2371,-48.015528737357016,0.9231256879151106,44.28511176718684,-60.702411749702144,-0.47975036519188163,2.7490510333192746,51984.47126264298,-21.960528947482413
US30,30min+4h_e35_neg_hm0_s1.5_t2.5_long,30min,4h,35.0,neg,10.0,0.0,1.5,2.5,0.0,0.0,long,all,1431,-41.068905993559554,0.8986868919881285,44.72396925227114,-52.61238460809595,-0.5886871610451686,1.8812019566736549,58931.09400644044,-21.58356513566365
US30,30min+4h_e35_neg_hm0_s1.5_t3.5_both,30min,4h,35.0,neg,10.0,0.0,1.5,3.5,0.0,0.0,both,all,2354,-33.23869022162628,0.9500623572180402,43.41546304163126,-54.292003145121036,-0.230631895311959,2.89124893797791,66761.30977837372,-20.67201968459273
US30,30min+4h_e35_neg_hm0_s1.5_t3.5_long,30min,4h,35.0,neg,10.0,0.0,1.5,3.5,0.0,0.0,long,all,1414,-36.68425284900191,0.9123913421481422,43.705799151343705,-51.45841591003412,-0.46015283251149414,2.0063649222065063,63315.74715099809,-21.134957643758327
US30,30min+4h_e35_neg_hm0_s2.0_t4.0_both,30min,4h,35.0,neg,10.0,0.0,2.0,4.0,0.0,0.0,both,all,2318,-33.30580818805138,0.9393741701016682,45.5565142364107,-50.132935709003256,-0.3186967175217701,3.2182916307161347,66694.19181194862,-20.66715940691067
US30,30min+4h_e35_neg_hm0_s2.0_t4.0_long,30min,4h,35.0,neg,10.0,0.0,2.0,4.0,0.0,0.0,long,all,1389,-37.64967028711621,0.8894444139706695,45.5003599712023,-48.51255491627781,-0.5915061995689026,2.2706983441324695,62350.32971288379,-21.31013727256244
US30,30min+4h_e35_neg_hm12_s1.5_t2.5_both,30min,4h,35.0,neg,10.0,12.0,1.5,2.5,0.0,0.0,both,all,1530,-32.36850581304661,0.930438088284094,44.83660130718954,-44.706127801377384,-0.348659886708706,2.838562091503268,67631.4941869534,-20.479879953929785
US30,30min+4h_e35_neg_hm12_s1.5_t2.5_long,30min,4h,35.0,neg,10.0,12.0,1.5,2.5,0.0,0.0,long,all,896,-18.357401529297235,0.9358743383572526,46.316964285714285,-34.84029470664238,-0.2658145475863767,2.0089285714285716,81642.59847070277,-19.386943824924018
US30,30min+4h_e35_neg_hm12_s1.5_t3.5_both,30min,4h,35.0,neg,10.0,12.0,1.5,3.5,0.0,0.0,both,all,1520,-23.366450787843295,0.9515196670676408,44.078947368421055,-44.68739894520657,-0.19075597434611596,2.9730263157894736,76633.54921215671,-19.829488783172067
US30,30min+4h_e35_neg_hm12_s1.5_t3.5_long,30min,4h,35.0,neg,10.0,12.0,1.5,3.5,0.0,0.0,long,all,886,-15.199548020069386,0.947783824268321,45.71106094808126,-34.7015712033949,-0.18922684082939675,2.108352144469526,84800.45197993061,-19.110425469511863
US30,30min+4h_e35_neg_hm12_s2.0_t4.0_both,30min,4h,35.0,neg,10.0,12.0,2.0,4.0,0.0,0.0,both,all,1505,-9.856678750873193,0.976091870274,46.37873754152824,-37.333302096544415,-0.05288020999348981,3.310299003322259,90143.3212491268,-18.726689873201938
US30,30min+4h_e35_neg_hm12_s2.0_t4.0_long,30min,4h,35.0,neg,10.0,12.0,2.0,4.0,0.0,0.0,long,all,878,-12.127896423415175,0.9483142661267684,47.380410022779046,-30.744251280650325,-0.18264498649461,2.349658314350797,87872.10357658482,-18.818067722587614
US30,30min+4h_e35_neg_hm25_s1.5_t2.5_both,30min,4h,35.0,neg,10.0,25.0,1.5,2.5,0.0,0.0,both,all,1046,-45.40791131573732,0.8474953921740636,42.92543021032505,-52.872363821742105,-0.7575257452309042,2.8097514340344167,54592.08868426268,-22.148761142910374
US30,30min+4h_e35_neg_hm25_s1.5_t2.5_long,30min,4h,35.0,neg,10.0,25.0,1.5,2.5,0.0,0.0,long,all,596,-13.37531871250366,0.9286471448684065,45.97315436241611,-31.462119535367037,-0.23535962793443627,2.0738255033557045,86624.68128749634,-19.024919109645467
US30,30min+4h_e35_neg_hm25_s1.5_t3.5_both,30min,4h,35.0,neg,10.0,25.0,1.5,3.5,0.0,0.0,both,all,1039,-38.92248425016823,0.8755991685784751,42.25216554379211,-48.45539030218109,-0.5657181163575974,2.934552454282964,61077.515749831764,-21.35469423518418
US30,30min+4h_e35_neg_hm25_s1.5_t3.5_long,30min,4h,35.0,neg,10.0,25.0,1.5,3.5,0.0,0.0,long,all,589,-9.253591509114356,0.9518847269613878,45.67062818336163,-30.512365142014364,-0.13248045210782677,2.164685908319185,90746.40849088565,-18.60964712680342
US30,30min+4h_e35_neg_hm25_s2.0_t4.0_both,30min,4h,35.0,neg,10.0,25.0,2.0,4.0,0.0,0.0,both,all,1030,-29.599970342698512,0.8913978412997581,44.36893203883495,-39.653733021593965,-0.48486601893385933,3.2864077669902914,70400.0296573015,-20.468952559723093
US30,30min+4h_e35_neg_hm25_s2.0_t4.0_long,30min,4h,35.0,neg,10.0,25.0,2.0,4.0,0.0,0.0,long,all,585,-13.224910087659158,0.9147820430685414,46.666666666666664,-30.67917273463977,-0.2745709355181049,2.4017094017094016,86775.08991234085,-19.081064608497762
US30,1h+1d_e15_zero_hm0_s1.5_t2.5_both,1h,1d,15.0,zero,0.0,0.0,1.5,2.5,0.0,0.0,both,all,1557,1.0078216228815995,1.001655112363088,45.92164418754014,-31.457172525707666,0.06533353995167235,2.1104688503532434,101007.8216228816,-17.815835945277815
US30,1h+1d_e15_zero_hm0_s1.5_t2.5_long,1h,1d,15.0,zero,0.0,0.0,1.5,2.5,0.0,0.0,long,all,1128,5.656626338480031,1.012364033766929,46.187943262411345,-21.523530839397054,0.11606496863345314,1.5611702127659575,105656.62633848003,-17.12966864266918
US30,1h+1d_e15_zero_hm0_s1.5_t3.5_both,1h,1d,15.0,zero,0.0,0.0,1.5,3.5,0.0,0.0,both,all,1547,28.798079009425017,1.0444965395672219,45.11958629605689,-29.319141416559358,0.33126466532188553,2.233354880413704,128798.07900942503,-16.11270414938449
US30,1h+1d_e15_zero_hm0_s1.5_t3.5_long,1h,1d,15.0,zero,0.0,0.0,1.5,3.5,0.0,0.0,long,all,1120,28.927304433014033,1.0595771827293172,45.17857142857143,-21.682577086597533,0.36013213192127597,1.6901785714285715,128927.30443301404,4.278930248561867
US30,1h+1d_e15_zero_hm0_s2.0_t4.0_both,1h,1d,15.0,zero,0.0,0.0,2.0,4.0,0.0,0.0,both,all,1528,7.570834153456318,1.0152556603846572,46.72774869109948,-28.651569558140054,0.16175245814846795,2.482329842931937,107570.83415345631,-17.262461578003006
US30,1h+1d_e15_zero_hm0_s2.0_t4.0_long,1h,1d,15.0,zero,0.0,0.0,2.0,4.0,0.0,0.0,long,all,1102,12.92198432579399,1.0346784245324452,47.0961887477314,-16.66180433217912,0.23936305127766175,1.941016333938294,112921.98432579398,-16.4038521620078
US30,1h+1d_e15_zero_hm12_s1.5_t2.5_both,1h,1d,15.0,zero,0.0,12.0,1.5,2.5,0.0,0.0,both,all,1157,-21.710197782160854,0.9446516411634565,45.116681071737254,-31.435619945787085,-0.2984890141128845,2.055315471045808,78289.80221783914,-19.411937127378604
US30,1h+1d_e15_zero_hm12_s1.5_t2.5_long,1h,1d,15.0,zero,0.0,12.0,1.5,2.5,0.0,0.0,long,all,872,-6.136126851374469,0.9812024307945895,45.98623853211009,-18.574588414711645,-0.0697831706746432,1.56651376146789,93863.87314862553,-17.840097289668936
US30,1h+1d_e15_zero_hm12_s1.5_t3.5_both,1h,1d,15.0,zero,0.0,12.0,1.5,3.5,0.0,0.0,both,all,1151,-4.311622147415739,0.9894928022607006,44.39617723718506,-29.206254895295412,-0.017154462676014722,2.158123370981755,95688.37785258426,-18.092714770070717
US30,1h+1d_e15_zero_hm12_s1.5_t3.5_long,1h,1d,15.0,zero,0.0,12.0,1.5,3.5,0.0,0.0,long,all,868,14.579494811742077,1.0420509977166863,45.16129032258065,-17.663996824931203,0.22191364482797185,1.6785714285714286,114579.49481174207,-16.385382118993892
US30,1h+1d_e15_zero_hm12_s2.0_t4.0_both,1h,1d,15.0,zero,0.0,12.0,2.0,4.0,0.0,0.0,both,all,1136,-9.927816318091498,0.9691189317879236,46.0387323943662,-24.721300208828456,-0.10122077121904335,2.403169014084507,90072.1836819085,-18.314998488435556
US30,1h+1d_e15_zero_hm12_s2.0_t4.0_long,1h,1d,15.0,zero,0.0,12.0,2.0,4.0,0.0,0.0,long,all,853,12.778533726919106,1.0468036350822163,47.24501758499414,-15.036337200127614,0.2533616880421642,1.9320046893317702,112778.53372691911,-16.293260519159553
US30,1h+1d_e15_zero_hm25_s1.5_t2.5_both,1h,1d,15.0,zero,0.0,25.0,1.5,2.5,0.0,0.0,both,all,865,-16.620307190217776,0.942789120496776,44.50867052023121,-23.267164735470736,-0.22566205351398164,2.0115606936416186,83379.69280978222,-18.77701915605657
US30,1h+1d_e15_zero_hm25_s1.5_t2.5_long,1h,1d,15.0,zero,0.0,25.0,1.5,2.5,0.0,0.0,long,all,655,-5.391615769724744,0.9770646628492419,45.64885496183206,-15.101921516597205,-0.04715944694088744,1.5206106870229008,94608.38423027526,-17.647819004741105
US30,1h+1d_e15_zero_hm25_s1.5_t3.5_both,1h,1d,15.0,zero,0.0,25.0,1.5,3.5,0.0,0.0,both,all,860,0.3669526329549422,1.0012033870849855,43.72093023255814,-26.033223237602343,0.06605999842787974,2.1151162790697673,100366.95263295494,-17.624552358831615
US30,1h+1d_e15_zero_hm25_s1.5_t3.5_long,1h,1d,15.0,zero,0.0,25.0,1.5,3.5,0.0,0.0,long,all,652,11.464273260203273,1.0464609643246248,44.785276073619634,-18.489433915791786,0.22729173229959568,1.633435582822086,111464.27326020326,-16.523916416962585
US30,1h+1d_e15_zero_hm25_s2.0_t4.0_both,1h,1d,15.0,zero,0.0,25.0,2.0,4.0,0.0,0.0,both,all,847,-5.810630852579168,0.9759448289791395,45.100354191263285,-28.588677114642923,-0.05139600245522085,2.382526564344746,94189.36914742083,-18.213204249923866
US30,1h+1d_e15_zero_hm25_s2.0_t4.0_long,1h,1d,15.0,zero,0.0,25.0,2.0,4.0,0.0,0.0,long,all,639,8.351514390973414,1.0425429898823557,46.478873239436616,-18.592523185462404,0.1969194215406177,1.9029733959311423,108351.51439097342,-16.707903744762746
US30,1h+1d_e15_hard_hm0_s1.5_t2.5_both,1h,1d,15.0,hard,0.0,0.0,1.5,2.5,0.0,0.0,both,all,1043,-32.00798385267392,0.9272626110171236,36.720997123681684,-50.77525578669879,-0.325380103839607,8.417066155321189,67992.01614732608,-20.68124321379151
US30,1h+1d_e15_hard_hm0_s1.5_t2.5_long,1h,1d,15.0,hard,0.0,0.0,1.5,2.5,0.0,0.0,long,all,728,-27.833898504091927,0.9205024629581643,36.12637362637363,-44.871450987648785,-0.34244484140657844,7.373626373626373,72166.10149590808,-20.320625084384083
US30,1h+1d_e15_hard_hm0_s1.5_t3.5_both,1h,1d,15.0,hard,0.0,0.0,1.5,3.5,0.0,0.0,both,all,901,-18.91237780452767,0.959230684549919,30.18867924528302,-43.3291266141869,-0.1205297477086214,11.410654827968923,81087.62219547233,-19.47237808693672
US30,1h+1d_e15_hard_hm0_s1.5_t3.5_long,1h,1d,15.0,hard,0.0,0.0,1.5,3.5,0.0,0.0,long,all,625,-24.9889476351576,0.9293625268842932,28.96,-38.6039403486644,-0.2691362898847505,10.1872,75011.0523648424,-19.824013636969273
US30,1h+1d_e15_hard_hm0_s2.0_t4.0_both,1h,1d,15.0,hard,0.0,0.0,2.0,4.0,0.0,0.0,both,all,752,-21.422434527750767,0.9462832509243442,33.244680851063826,-33.74231285883557,-0.18432420012012557,16.03191489361702,78577.56547224923,-19.317368068332783
US30,1h+1d_e15_hard_hm0_s2.0_t4.0_long,1h,1d,15.0,hard,0.0,0.0,2.0,4.0,0.0,0.0,long,all,525,-7.873793114533245,0.9756596385627809,33.142857142857146,-22.283609701140183,-0.03822602741622636,14.584761904761905,92126.20688546676,-18.024486057344326
US30,1h+1d_e15_hard_hm12_s1.5_t2.5_both,1h,1d,15.0,hard,0.0,12.0,1.5,2.5,0.0,0.0,both,all,793,-34.12779606013166,0.9034573142292276,35.81336696090794,-50.17225880235298,-0.4252087401292891,8.361916771752837,65872.20393986834,-20.95117201912025
US30,1h+1d_e15_hard_hm12_s1.5_t2.5_long,1h,1d,15.0,hard,0.0,12.0,1.5,2.5,0.0,0.0,long,all,572,-23.920148559840893,0.919432725072362,36.01398601398601,-38.07383023049288,-0.32798639166167104,7.379370629370629,76079.85144015911,-19.873156926424954
US30,1h+1d_e15_hard_hm12_s1.5_t3.5_both,1h,1d,15.0,hard,0.0,12.0,1.5,3.5,0.0,0.0,both,all,690,-25.88265824954654,0.9292847660979364,29.130434782608695,-42.682302520530214,-0.25092485315540874,11.365217391304348,74117.34175045346,-19.995773795291342
US30,1h+1d_e15_hard_hm12_s1.5_t3.5_long,1h,1d,15.0,hard,0.0,12.0,1.5,3.5,0.0,0.0,long,all,494,-17.816714717276017,0.9407371318131293,29.149797570850204,-27.924699911903637,-0.2017395289186661,10.131578947368421,82183.28528272398,-18.980423049012362
US30,1h+1d_e15_hard_hm12_s2.0_t4.0_both,1h,1d,15.0,hard,0.0,12.0,2.0,4.0,0.0,0.0,both,all,577,-19.108806366607634,0.937944957621019,32.755632582322356,-36.12434072277364,-0.19696966077017614,16.298093587521663,80891.19363339237,-19.359917980677967
US30,1h+1d_e15_hard_hm12_s2.0_t4.0_long,1h,1d,15.0,hard,0.0,12.0,2.0,4.0,0.0,0.0,long,all,416,9.202526701572289,1.0342630598597191,34.375,-19.556413010173035,0.18759694771903404,14.701923076923077,109202.52670157228,-16.747102381116182
US30,1h+1d_e15_hard_hm25_s1.5_t2.5_both,1h,1d,15.0,hard,0.0,25.0,1.5,2.5,0.0,0.0,both,all,601,-40.051671386280404,0.8505698809952443,34.6089850249584,-51.09467804062324,-0.6005927108150192,8.389351081530782,59948.3286137196,-21.620318340810563
US30,1h+1d_e15_hard_hm25_s1.5_t2.5_long,1h,1d,15.0,hard,0.0,25.0,1.5,2.5,0.0,0.0,long,all,436,-27.040219447567782,0.8784441374062377,35.091743119266056,-38.07963458601665,-0.418118055839978,7.435779816513762,72959.78055243222,-20.23586090158775
US30,1h+1d_e15_hard_hm25_s1.5_t3.5_both,1h,1d,15.0,hard,0.0,25.0,1.5,3.5,0.0,0.0,both,all,535,-19.58242318008878,0.9351997407300383,29.1588785046729,-39.69261673233112,-0.17865969417680883,11.067289719626169,80417.57681991122,-19.500991785936915
US30,1h+1d_e15_hard_hm25_s1.5_t3.5_long,1h,1d,15.0,hard,0.0,25.0,1.5,3.5,0.0,0.0,long,all,389,-15.423763761787034,0.935704105726973,29.04884318766067,-29.12386398383878,-0.16675027007536866,9.794344473007712,84576.23623821296,-18.914770250620652
US30,1h+1d_e15_hard_hm25_s2.0_t4.0_both,1h,1d,15.0,hard,0.0,25.0,2.0,4.0,0.0,0.0,both,all,445,-24.732911307396066,0.89931603432401,31.46067415730337,-38.45247752970009,-0.34122702283102213,16.391011235955055,75267.08869260394,-19.990966001920356
US30,1h+1d_e15_hard_hm25_s2.0_t4.0_long,1h,1d,15.0,hard,0.0,25.0,2.0,4.0,0.0,0.0,long,all,326,-10.595162485781373,0.9465835699515549,32.515337423312886,-27.384285112535377,-0.12766508887407516,14.015337423312884,89404.83751421863,-18.692216612364895
US30,1h+1d_e15_neg_hm0_s1.5_t2.5_both,1h,1d,15.0,neg,10.0,0.0,1.5,2.5,0.0,0.0,both,all,1441,-0.32788964897025874,0.9994456128379239,45.315752949340734,-30.30454491968054,0.05189461554594232,2.9528105482303957,99672.11035102974,-17.84884142733231
US30,1h+1d_e15_neg_hm0_s1.5_t2.5_long,1h,1d,15.0,neg,10.0,0.0,1.5,2.5,0.0,0.0,long,all,1028,-1.4348103459191242,0.9966743588404592,44.8443579766537,-23.80165118652976,0.02330922418108028,2.2441634241245136,98565.18965408088,-17.682808727925188
US30,1h+1d_e15_neg_hm0_s1.5_t3.5_both,1h,1d,15.0,neg,10.0,0.0,1.5,3.5,0.0,0.0,both,all,1419,27.22651815685073,1.0444864444440443,44.256518675123324,-31.47269734070347,0.312726477279602,3.147286821705426,127226.51815685074,-16.289541340324597
US30,1h+1d_e15_neg_hm0_s1.5_t3.5_long,1h,1d,15.0,neg,10.0,0.0,1.5,3.5,0.0,0.0,long,all,1008,22.043903435797695,1.04895699933975,43.551587301587304,-24.099819858556238,0.28542836477057426,2.451388888888889,122043.90343579769,-16.231701611405107
US30,1h+1d_e15_neg_hm0_s2.0_t4.0_both,1h,1d,15.0,neg,10.0,0.0,2.0,4.0,0.0,0.0,both,all,1383,8.218396000085226,1.017658562359896,46.420824295010846,-26.477265936995398,0.16877349559602356,3.537237888647867,108218.39600008522,-17.13304814818263
US30,1h+1d_e15_neg_hm0_s2.0_t4.0_long,1h,1d,15.0,neg,10.0,0.0,2.0,4.0,0.0,0.0,long,all,974,6.982802551149492,1.0204719067369352,45.9958932238193,-20.708569180216717,0.1577578468211795,2.853182751540041,106982.80255114949,-16.96121412808858
US30,1h+1d_e15_neg_hm12_s1.5_t2.5_both,1h,1d,15.0,neg,10.0,12.0,1.5,2.5,0.0,0.0,both,all,1068,-22.471194299067864,0.9430778151424499,44.47565543071161,-28.703500663402338,-0.29691071578849737,2.9166666666666665,77528.80570093213,-19.33465933432543
US30,1h+1d_e15_neg_hm12_s1.5_t2.5_long,1h,1d,15.0,neg,10.0,12.0,1.5,2.5,0.0,0.0,long,all,793,-12.45591368540573,0.9604536821720637,44.388398486759144,-19.25161448576511,-0.16943397270516786,2.262295081967213,87544.08631459427,-18.321317880474425
US30,1h+1d_e15_neg_hm12_s1.5_t3.5_both,1h,1d,15.0,neg,10.0,12.0,1.5,3.5,0.0,0.0,both,all,1056,-6.738670123167312,0.9833609397479438,43.46590909090909,-27.61023531306047,-0.04284475305263599,3.078598484848485,93261.3298768327,-18.179820997658204
US30,1h+1d_e15_neg_hm12_s1.5_t3.5_long,1h,1d,15.0,neg,10.0,12.0,1.5,3.5,0.0,0.0,long,all,783,5.295843840163039,1.0161597370807236,43.29501915708812,-19.92177812728153,0.10208599062601476,2.438058748403576,105295.84384016304,-17.09150904284391
US30,1h+1d_e15_neg_hm12_s2.0_t4.0_both,1h,1d,15.0,neg,10.0,12.0,2.0,4.0,0.0,0.0,both,all,1027,-8.816133844249151,0.9718675248881653,45.76436222005842,-24.96153431740733,-0.07736244238081558,3.474196689386563,91183.86615575085,-18.23748157781707
US30,1h+1d_e15_neg_hm12_s2.0_t4.0_long,1h,1d,15.0,neg,10.0,12.0,2.0,4.0,0.0,0.0,long,all,754,8.69143460496813,1.0339566893523962,46.15384615384615,-17.84967929347444,0.18976942177935835,2.8607427055702916,108691.43460496812,-16.696783931490224
US30,1h+1d_e15_neg_hm25_s1.5_t2.5_both,1h,1d,15.0,neg,10.0,25.0,1.5,2.5,0.0,0.0,both,all,805,-14.404191161484048,0.9524723499489368,44.22360248447205,-23.784104792906223,-0.17864442712570278,2.839751552795031,85595.80883851595,-18.61431760399182
US30,1h+1d_e15_neg_hm25_s1.5_t2.5_long,1h,1d,15.0,neg,10.0,25.0,1.5,2.5,0.0,0.0,long,all,602,-8.685195979860193,0.963081685930098,44.51827242524917,-18.513506181505747,-0.10514857580621455,2.164451827242525,91314.80402013981,-18.037966735338713
US30,1h+1d_e15_neg_hm25_s1.5_t3.5_both,1h,1d,15.0,neg,10.0,25.0,1.5,3.5,0.0,0.0,both,all,794,5.3412752442876466,1.0169382754294436,43.19899244332494,-23.93567900931811,0.13460538019578858,3.005037783375315,105341.27524428764,-17.19952239173393
US30,1h+1d_e15_neg_hm25_s1.5_t3.5_long,1h,1d,15.0,neg,10.0,25.0,1.5,3.5,0.0,0.0,long,all,593,8.60515449167134,1.0354033339900903,43.3389544688027,-20.711129913394398,0.18455491845243502,2.342327150084317,108605.15449167133,-16.818898304215043
US30,1h+1d_e15_neg_hm25_s2.0_t4.0_both,1h,1d,15.0,neg,10.0,25.0,2.0,4.0,0.0,0.0,both,all,770,-3.4415384582722086,0.9857617904166215,45.1948051948052,-24.88916677953582,-0.007570180631647413,3.433766233766234,96558.4615417278,-17.88017900441824
US30,1h+1d_e15_neg_hm25_s2.0_t4.0_long,1h,1d,15.0,neg,10.0,25.0,2.0,4.0,0.0,0.0,long,all,569,4.93714814147892,1.0261993560801228,45.86994727592267,-20.5003984702676,0.1364941121742568,2.7943760984182777,104937.14814147892,-17.052290454689853
US30,1h+1d_e20_zero_hm0_s1.5_t2.5_both,1h,1d,20.0,zero,0.0,0.0,1.5,2.5,0.0,0.0,both,all,1466,-14.93066610336986,0.9723315849828161,45.839017735334245,-40.46326137705889,-0.14323355624228726,2.0893587994542973,85069.33389663014,-19.19977847112354
US30,1h+1d_e20_zero_hm0_s1.5_t2.5_long,1h,1d,20.0,zero,0.0,0.0,1.5,2.5,0.0,0.0,long,all,1081,-7.456778754349291,0.9821494500626667,46.34597594819611,-24.836564277317276,-0.06936949962764834,1.4764107308048104,92543.22124565071,-18.14041434555147
US30,1h+1d_e20_zero_hm0_s1.5_t3.5_both,1h,1d,20.0,zero,0.0,0.0,1.5,3.5,0.0,0.0,both,all,1457,5.69708589374649,1.0099512792749177,45.16129032258065,-40.49455603990491,0.1140391083192267,2.224433768016472,105697.08589374648,-17.895961945180204
US30,1h+1d_e20_zero_hm0_s1.5_t3.5_long,1h,1d,20.0,zero,0.0,0.0,1.5,3.5,0.0,0.0,long,all,1073,14.67743969011197,1.0324097552894809,45.479962721342034,-25.85840641441918,0.21280957048959454,1.614165890027959,114677.43969011196,-16.746999925014194
US30,1h+1d_e20_zero_hm0_s2.0_t4.0_both,1h,1d,20.0,zero,0.0,0.0,2.0,4.0,0.0,0.0,both,all,1438,-11.300082015604374,0.9737772635442846,46.66203059805285,-36.372122950050525,-0.09147116176731321,2.467315716272601,88699.91798439562,-18.809651782416452
US30,1h+1d_e20_zero_hm0_s2.0_t4.0_long,1h,1d,20.0,zero,0.0,0.0,2.0,4.0,0.0,0.0,long,all,1055,3.877566041952263,1.011131777666359,47.39336492890995,-19.23455358329943,0.11487190752205344,1.8578199052132702,103877.56604195226,-17.11414219620491
US30,1h+1d_e20_zero_hm12_s1.5_t2.5_both,1h,1d,20.0,zero,0.0,12.0,1.5,2.5,0.0,0.0,both,all,1090,-24.110491029879267,0.9340389498243381,45.596330275229356,-35.89374749257954,-0.3456297469190666,2.022935779816514,75889.50897012073,-19.783516786716106
US30,1h+1d_e20_zero_hm12_s1.5_t2.5_long,1h,1d,20.0,zero,0.0,12.0,1.5,2.5,0.0,0.0,long,all,833,-8.956021745071785,0.970951801517596,46.578631452581035,-23.450207832225523,-0.11865170515378498,1.475390156062425,91043.97825492821,-18.24684723702858
US30,1h+1d_e20_zero_hm12_s1.5_t3.5_both,1h,1d,20.0,zero,0.0,12.0,1.5,3.5,0.0,0.0,both,all,1084,-10.748522814355077,0.9712975297856155,44.92619926199262,-36.034536656881514,-0.10750207113065503,2.146678966789668,89251.47718564492,-18.804331661081406
US30,1h+1d_e20_zero_hm12_s1.5_t3.5_long,1h,1d,20.0,zero,0.0,12.0,1.5,3.5,0.0,0.0,long,all,828,10.00485975247396,1.0307080582030745,45.772946859903385,-22.80579422787159,0.1638846230294711,1.607487922705314,110004.85975247396,-16.88944029896401
US30,1h+1d_e20_zero_hm12_s2.0_t4.0_both,1h,1d,20.0,zero,0.0,12.0,2.0,4.0,0.0,0.0,both,all,1067,-16.28533869106533,0.9448753942716073,46.485473289597,-30.216286505121058,-0.21323075167667543,2.3964386129334585,83714.66130893466,-19.01772264968345
US30,1h+1d_e20_zero_hm12_s2.0_t4.0_long,1h,1d,20.0,zero,0.0,12.0,2.0,4.0,0.0,0.0,long,all,811,8.282200535141083,1.0320768461178853,47.84217016029593,-15.493451987202045,0.18507470762659797,1.8594327990135635,108282.20053514109,-16.630645881347828
US30,1h+1d_e20_zero_hm25_s1.5_t2.5_both,1h,1d,20.0,zero,0.0,25.0,1.5,2.5,0.0,0.0,both,all,809,-17.336270666567344,0.9359624796069503,45.11742892459827,-28.07618995557456,-0.243049433515413,1.9728059332509271,82663.72933343265,-19.04116637614142
US30,1h+1d_e20_zero_hm25_s1.5_t2.5_long,1h,1d,20.0,zero,0.0,25.0,1.5,2.5,0.0,0.0,long,all,622,-6.245370907788573,0.9719625752744693,46.463022508038584,-17.11983215132249,-0.0642921650243977,1.432475884244373,93754.62909221143,-17.801139931714864
US30,1h+1d_e20_zero_hm25_s1.5_t3.5_both,1h,1d,20.0,zero,0.0,25.0,1.5,3.5,0.0,0.0,both,all,804,-3.962054535987858,0.9857552339508908,44.40298507462686,-30.036343893249253,0.0026431759531596335,2.099502487562189,96037.94546401214,-18.09158308836252
US30,1h+1d_e20_zero_hm25_s1.5_t3.5_long,1h,1d,20.0,zero,0.0,25.0,1.5,3.5,0.0,0.0,long,all,618,9.665176411467558,1.0415810220488448,45.63106796116505,-19.238987703105003,0.20105072071027857,1.5663430420711975,109665.17641146756,-16.67742381547797
US30,1h+1d_e20_zero_hm25_s2.0_t4.0_both,1h,1d,20.0,zero,0.0,25.0,2.0,4.0,0.0,0.0,both,all,790,-13.082255902462359,0.9406553546447911,45.56962025316456,-31.440714212955946,-0.18981862974398028,2.3708860759493673,86917.74409753764,-18.914008362620724
US30,1h+1d_e20_zero_hm25_s2.0_t4.0_long,1h,1d,20.0,zero,0.0,25.0,2.0,4.0,0.0,0.0,long,all,604,3.206947022897877,1.0173548752347141,47.18543046357616,-21.481481965162295,0.10542647334668724,1.8327814569536425,103206.94702289788,-17.22945449958376
US30,1h+1d_e20_hard_hm0_s1.5_t2.5_both,1h,1d,20.0,hard,0.0,0.0,1.5,2.5,0.0,0.0,both,all,1038,-31.18389555699518,0.9309687145794153,36.80154142581888,-48.00231741840103,-0.31499730631805734,8.064547206165702,68816.10444300482,-20.512522692044396
US30,1h+1d_e20_hard_hm0_s1.5_t2.5_long,1h,1d,20.0,hard,0.0,0.0,1.5,2.5,0.0,0.0,long,all,735,-30.924665448309984,0.9138282791919293,35.91836734693877,-42.72422634103508,-0.39861075839098004,6.940136054421768,69075.33455169002,-20.459301111180448
US30,1h+1d_e20_hard_hm0_s1.5_t3.5_both,1h,1d,20.0,hard,0.0,0.0,1.5,3.5,0.0,0.0,both,all,893,-28.78791402893467,0.9331580829046293,29.78723404255319,-50.070575956474464,-0.23757183767895532,11.053751399776036,71212.08597106533,-20.377802148673226
US30,1h+1d_e20_hard_hm0_s1.5_t3.5_long,1h,1d,20.0,hard,0.0,0.0,1.5,3.5,0.0,0.0,long,all,627,-39.72959765814716,0.8772824381514841,27.91068580542265,-49.05956791427983,-0.5047688291439116,9.70494417862839,60270.40234185283,-21.315513771234237
US30,1h+1d_e20_hard_hm0_s2.0_t4.0_both,1h,1d,20.0,hard,0.0,0.0,2.0,4.0,0.0,0.0,both,all,752,-26.54431158454503,0.9311403122376434,32.97872340425532,-38.47200585081041,-0.2534664738231982,15.54654255319149,73455.68841545496,-19.853001627554907
US30,1h+1d_e20_hard_hm0_s2.0_t4.0_long,1h,1d,20.0,hard,0.0,0.0,2.0,4.0,0.0,0.0,long,all,529,-16.633030543756377,0.9471498614246919,32.514177693761816,-29.546904577934363,-0.16267487676234973,13.967863894139887,83366.96945624362,-18.923335066449425
US30,1h+1d_e20_hard_hm12_s1.5_t2.5_both,1h,1d,20.0,hard,0.0,12.0,1.5,2.5,0.0,0.0,both,all,792,-25.99849372256493,0.9286163812116532,36.36363636363637,-45.20973404411998,-0.29169351340745714,7.963383838383838,74001.50627743507,-20.16432842774945
US30,1h+1d_e20_hard_hm12_s1.5_t2.5_long,1h,1d,20.0,hard,0.0,12.0,1.5,2.5,0.0,0.0,long,all,579,-19.00970735473335,0.9380339560440042,36.44214162348877,-33.49936527368706,-0.24351826428771306,6.896373056994818,80990.29264526664,-19.320555411458376
US30,1h+1d_e20_hard_hm12_s1.5_t3.5_both,1h,1d,20.0,hard,0.0,12.0,1.5,3.5,0.0,0.0,both,all,683,-30.392895712395763,0.9102003590327415,28.84333821376281,-48.072220177385994,-0.31614902259659533,10.994143484626647,69607.10428760423,-20.53732727190431
US30,1h+1d_e20_hard_hm12_s1.5_t3.5_long,1h,1d,20.0,hard,0.0,12.0,1.5,3.5,0.0,0.0,long,all,493,-27.285570853275885,0.9013758646687445,28.397565922920894,-36.29332678467486,-0.3525147551311044,9.614604462474645,72714.42914672411,-20.018488376542827
US30,1h+1d_e20_hard_hm12_s2.0_t4.0_both,1h,1d,20.0,hard,0.0,12.0,2.0,4.0,0.0,0.0,both,all,577,-18.934141140077244,0.9377828218015289,32.755632582322356,-38.946523422146825,-0.1900211361033503,15.733102253032929,81065.85885992275,-19.455801232140168
US30,1h+1d_e20_hard_hm12_s2.0_t4.0_long,1h,1d,20.0,hard,0.0,12.0,2.0,4.0,0.0,0.0,long,all,417,4.930780804128032,1.0186667912038083,34.05275779376499,-24.511852861581783,0.12947716016937239,14.007194244604317,104930.78080412802,-17.242360164034572
US30,1h+1d_e20_hard_hm25_s1.5_t2.5_both,1h,1d,20.0,hard,0.0,25.0,1.5,2.5,0.0,0.0,both,all,590,-36.51031700410897,0.858976268397139,34.91525423728814,-50.35808801977495,-0.5330688374335537,7.983050847457627,63489.68299589103,-21.32689878611284
US30,1h+1d_e20_hard_hm25_s1.5_t2.5_long,1h,1d,20.0,hard,0.0,25.0,1.5,2.5,0.0,0.0,long,all,431,-25.292508162549034,0.8828174017805345,35.266821345707655,-37.23040273526297,-0.39001315825961375,6.9048723897911835,74707.49183745097,-20.078892668850564
US30,1h+1d_e20_hard_hm25_s1.5_t3.5_both,1h,1d,20.0,hard,0.0,25.0,1.5,3.5,0.0,0.0,both,all,522,-27.31915468810503,0.8989979153198032,28.544061302681992,-48.684254855994716,-0.30170330182931704,10.827586206896552,72680.84531189497,-20.445196546208457
US30,1h+1d_e20_hard_hm25_s1.5_t3.5_long,1h,1d,20.0,hard,0.0,25.0,1.5,3.5,0.0,0.0,long,all,381,-24.859299271190128,0.8848851546001439,28.083989501312335,-37.79558575407144,-0.33532491985224344,9.46719160104987,75140.70072880987,-20.03496989428847
US30,1h+1d_e20_hard_hm25_s2.0_t4.0_both,1h,1d,20.0,hard,0.0,25.0,2.0,4.0,0.0,0.0,both,all,441,-28.357718453157656,0.8778958316248237,31.065759637188208,-45.34756140191192,-0.40911648754327695,15.82766439909297,71642.28154684235,-20.56714634645564
US30,1h+1d_e20_hard_hm25_s2.0_t4.0_long,1h,1d,20.0,hard,0.0,25.0,2.0,4.0,0.0,0.0,long,all,322,-14.90083312505327,0.9209619579824391,31.987577639751553,-33.58516090413469,-0.20736008064341427,13.378881987577639,85099.16687494674,-19.30407498717654
US30,1h+1d_e20_neg_hm0_s1.5_t2.5_both,1h,1d,20.0,neg,10.0,0.0,1.5,2.5,0.0,0.0,both,all,1381,-15.319878484729122,0.9708752983883038,45.47429398986242,-34.58858114017506,-0.14393750518603665,2.8537291817523536,84680.12151527088,-18.985056396804463
US30,1h+1d_e20_neg_hm0_s1.5_t2.5_long,1h,1d,20.0,neg,10.0,0.0,1.5,2.5,0.0,0.0,long,all,1005,-10.818285136147487,0.9731047850993182,45.472636815920396,-23.51137410162334,-0.11664233900475758,2.0776119402985076,89181.71486385251,-18.315387915269675
US30,1h+1d_e20_neg_hm0_s1.5_t3.5_both,1h,1d,20.0,neg,10.0,0.0,1.5,3.5,0.0,0.0,both,all,1359,0.7655975658877212,1.001431297746628,44.44444444444444,-35.133775889155416,0.06430348547605032,3.0647534952170714,100765.59756588771,-17.974693660350063
US30,1h+1d_e20_neg_hm0_s1.5_t3.5_long,1h,1d,20.0,neg,10.0,0.0,1.5,3.5,0.0,0.0,long,all,984,5.643011600908876,1.0135380872537374,44.207317073170735,-23.977636464864936,0.10986154654608432,2.2865853658536586,105643.01160090887,-17.234747456604772
US30,1h+1d_e20_neg_hm0_s2.0_t4.0_both,1h,1d,20.0,neg,10.0,0.0,2.0,4.0,0.0,0.0,both,all,1332,-10.975037534649823,0.9733336646182559,46.471471471471475,-28.96046695129032,-0.08077193718957919,3.415915915915916,89024.96246535018,-18.485243923676336
US30,1h+1d_e20_neg_hm0_s2.0_t4.0_long,1h,1d,20.0,neg,10.0,0.0,2.0,4.0,0.0,0.0,long,all,958,-1.6760139056637868,0.9948597376353864,46.659707724425886,-19.81248085815067,0.035289364777651606,2.6346555323590812,98323.98609433621,-17.519456399297635
US30,1h+1d_e20_neg_hm12_s1.5_t2.5_both,1h,1d,20.0,neg,10.0,12.0,1.5,2.5,0.0,0.0,both,all,1026,-23.278222988165275,0.937350763633551,45.02923976608187,-32.01151274629812,-0.319246064572388,2.767056530214425,76721.77701183473,-19.54708161715324
US30,1h+1d_e20_neg_hm12_s1.5_t2.5_long,1h,1d,20.0,neg,10.0,12.0,1.5,2.5,0.0,0.0,long,all,776,-10.817767740533856,0.9647212175337807,45.48969072164948,-21.473448641382454,-0.14554352173053256,2.054123711340206,89182.23225946614,-18.298160894038
US30,1h+1d_e20_neg_hm12_s1.5_t3.5_both,1h,1d,20.0,neg,10.0,12.0,1.5,3.5,0.0,0.0,both,all,1011,-11.683333595091838,0.9687108469494916,44.11473788328388,-34.97645380561557,-0.11000586716919335,2.970326409495549,88316.66640490816,-18.80962317940836
US30,1h+1d_e20_neg_hm12_s1.5_t3.5_long,1h,1d,20.0,neg,10.0,12.0,1.5,3.5,0.0,0.0,long,all,762,3.9720934156889376,1.0126594309826447,44.488188976377955,-22.729163025620313,0.08497321423055666,2.2598425196850394,103972.09341568894,-17.291174385594807
US30,1h+1d_e20_neg_hm12_s2.0_t4.0_both,1h,1d,20.0,neg,10.0,12.0,2.0,4.0,0.0,0.0,both,all,988,-12.92501973109289,0.9563844411676065,46.25506072874494,-27.624396485919643,-0.14463104911098676,3.3218623481781377,87074.98026890711,-18.647962119427966
US30,1h+1d_e20_neg_hm12_s2.0_t4.0_long,1h,1d,20.0,neg,10.0,12.0,2.0,4.0,0.0,0.0,long,all,739,7.973310381568655,1.0316165348755415,47.22598105548038,-17.494803721432017,0.17831942912114357,2.6143437077131257,107973.31038156866,-16.734339252723966
US30,1h+1d_e20_neg_hm25_s1.5_t2.5_both,1h,1d,20.0,neg,10.0,25.0,1.5,2.5,0.0,0.0,both,all,765,-15.30326643626444,0.9453056608321568,44.705882352941174,-26.62088898061573,-0.2031323478188649,2.6941176470588237,84696.73356373556,-18.81840058632311
US30,1h+1d_e20_neg_hm25_s1.5_t2.5_long,1h,1d,20.0,neg,10.0,25.0,1.5,2.5,0.0,0.0,long,all,582,-7.267034759523716,0.9676975686605815,45.53264604810997,-18.625372794403805,-0.08381914383104466,1.9725085910652922,92732.96524047629,-17.942181096252213
US30,1h+1d_e20_neg_hm25_s1.5_t3.5_both,1h,1d,20.0,neg,10.0,25.0,1.5,3.5,0.0,0.0,both,all,753,-0.23094781173088608,0.9991894324216318,43.82470119521912,-28.107159447785822,0.05907554045297082,2.907038512616202,99769.05218826911,-17.746937398647134
US30,1h+1d_e20_neg_hm25_s1.5_t3.5_long,1h,1d,20.0,neg,10.0,25.0,1.5,3.5,0.0,0.0,long,all,571,6.928884743246577,1.0302945591297166,44.483362521891415,-21.63521289834607,0.15965854885413971,2.183887915936953,106928.88474324658,-16.97302890509848
US30,1h+1d_e20_neg_hm25_s2.0_t4.0_both,1h,1d,20.0,neg,10.0,25.0,2.0,4.0,0.0,0.0,both,all,734,-7.94318558473398,0.9646952968791099,45.64032697547684,-29.389365471336284,-0.08723858233648478,3.2915531335149866,92056.81441526602,-18.412421673549762
US30,1h+1d_e20_neg_hm25_s2.0_t4.0_long,1h,1d,20.0,neg,10.0,25.0,2.0,4.0,0.0,0.0,long,all,552,3.6413212036494613,1.0199115187490015,46.92028985507246,-23.370466223321728,0.11303164707507389,2.5670289855072466,103641.32120364945,-17.269839533301777
US30,1h+1d_e25_zero_hm0_s1.5_t2.5_both,1h,1d,25.0,zero,0.0,0.0,1.5,2.5,0.0,0.0,both,all,1389,-20.310795994946538,0.9576438398987459,45.64434845212383,-44.49688738301285,-0.20958780462585594,2.0597552195824336,79689.20400505346,-19.712579442310293
US30,1h+1d_e25_zero_hm0_s1.5_t2.5_long,1h,1d,25.0,zero,0.0,0.0,1.5,2.5,0.0,0.0,long,all,1029,-3.6187507631045834,0.9907252181571128,46.7444120505345,-27.859544979331375,0.0082735332174174,1.4101068999028183,96381.24923689541,-17.96990848447853
US30,1h+1d_e25_zero_hm0_s1.5_t3.5_both,1h,1d,25.0,zero,0.0,0.0,1.5,3.5,0.0,0.0,both,all,1379,-3.5684751464302056,0.9930058732294946,45.03263234227701,-45.645642488505175,0.0347740509153006,2.1928934010152283,96431.52485356979,-18.633888945950726
US30,1h+1d_e25_zero_hm0_s1.5_t3.5_long,1h,1d,25.0,zero,0.0,0.0,1.5,3.5,0.0,0.0,long,all,1021,15.895754696356313,1.0377504951405614,45.93535749265426,-30.51219990955549,0.25838217490036036,1.5396669931439766,115895.7546963563,-16.802708308326025
US30,1h+1d_e25_zero_hm0_s2.0_t4.0_both,1h,1d,25.0,zero,0.0,0.0,2.0,4.0,0.0,0.0,both,all,1357,-7.874057174370696,0.9810144141238908,46.94178334561533,-35.82287703310391,-0.04701311980851637,2.4355195283714077,92125.9428256293,-18.565861012702033
US30,1h+1d_e25_zero_hm0_s2.0_t4.0_long,1h,1d,25.0,zero,0.0,0.0,2.0,4.0,0.0,0.0,long,all,1000,16.037295679361783,1.0464431124008169,48.4,-18.247462429540427,0.2848449469336375,1.767,116037.29567936178,-16.245031468604648
US30,1h+1d_e25_zero_hm12_s1.5_t2.5_both,1h,1d,25.0,zero,0.0,12.0,1.5,2.5,0.0,0.0,both,all,1034,-19.078327856732514,0.9427156322112534,46.131528046421664,-35.09607661745805,-0.24018728317513194,2.009671179883946,80921.67214326748,-19.370468023202186
US30,1h+1d_e25_zero_hm12_s1.5_t2.5_long,1h,1d,25.0,zero,0.0,12.0,1.5,2.5,0.0,0.0,long,all,789,-0.755025293375966,0.9973031742127458,47.52851711026616,-24.651965134939104,0.04173072831173411,1.4220532319391634,99244.97470662404,-17.660425589133137
US30,1h+1d_e25_zero_hm12_s1.5_t3.5_both,1h,1d,25.0,zero,0.0,12.0,1.5,3.5,0.0,0.0,both,all,1027,-8.25110840902048,0.9755829425077408,45.47224926971762,-39.50206758338021,-0.047202388566234085,2.1295034079844206,91748.89159097952,-18.741973266276027
US30,1h+1d_e25_zero_hm12_s1.5_t3.5_long,1h,1d,25.0,zero,0.0,12.0,1.5,3.5,0.0,0.0,long,all,784,16.04273125856899,1.0547997779317348,46.683673469387756,-29.094652047164182,0.27700531912544085,1.5446428571428572,116042.731258569,3.330430591973691
US30,1h+1d_e25_zero_hm12_s2.0_t4.0_both,1h,1d,25.0,zero,0.0,12.0,2.0,4.0,0.0,0.0,both,all,1009,-9.1985229101336,0.9668804935924298,47.37363726461843,-28.674803473386934,-0.09614776800272272,2.375619425173439,90801.4770898664,-18.44195347336383
US30,1h+1d_e25_zero_hm12_s2.0_t4.0_long,1h,1d,25.0,zero,0.0,12.0,2.0,4.0,0.0,0.0,long,all,766,18.97211005971007,1.078717096477861,49.21671018276762,-16.601009084984707,0.3511676812133131,1.776762402088773,118972.11005971006,4.118388302003637
US30,1h+1d_e25_zero_hm25_s1.5_t2.5_both,1h,1d,25.0,zero,0.0,25.0,1.5,2.5,0.0,0.0,both,all,782,-13.553141887260722,0.9466436183849605,45.39641943734016,-31.127094662343737,-0.17843571587909887,1.934782608695652,86446.85811273928,-18.888253989840425
US30,1h+1d_e25_zero_hm25_s1.5_t2.5_long,1h,1d,25.0,zero,0.0,25.0,1.5,2.5,0.0,0.0,long,all,600,-2.366272628499022,0.9886106398249436,47.0,-22.504601565476833,0.004756317507310123,1.3633333333333333,97633.72737150098,-17.71617389193571
US30,1h+1d_e25_zero_hm25_s1.5_t3.5_both,1h,1d,25.0,zero,0.0,25.0,1.5,3.5,0.0,0.0,both,all,777,3.99849952488045,1.015121598745482,44.91634491634492,-31.809560054047935,0.11653729404539259,2.057915057915058,103998.49952488045,-17.599832483234906
US30,1h+1d_e25_zero_hm25_s1.5_t3.5_long,1h,1d,25.0,zero,0.0,25.0,1.5,3.5,0.0,0.0,long,all,597,17.528720736454105,1.0801410241950293,46.39865996649916,-19.51984555083882,0.3161792167440049,1.4891122278056952,117528.7207364541,3.894976393028192
US30,1h+1d_e25_zero_hm25_s2.0_t4.0_both,1h,1d,25.0,zero,0.0,25.0,2.0,4.0,0.0,0.0,both,all,762,-5.1249287828695085,0.9759744718413058,46.45669291338583,-29.84703311186835,-0.04302541858221344,2.325459317585302,94875.07121713049,-18.22348042405957
US30,1h+1d_e25_zero_hm25_s2.0_t4.0_long,1h,1d,25.0,zero,0.0,25.0,2.0,4.0,0.0,0.0,long,all,582,11.35366465398806,1.0641859954399504,48.45360824742268,-20.34824166942184,0.25295318329776223,1.7353951890034365,111353.66465398806,3.4801116829291683
US30,1h+1d_e25_hard_hm0_s1.5_t2.5_both,1h,1d,25.0,hard,0.0,0.0,1.5,2.5,0.0,0.0,both,all,1005,-24.248484581810857,0.9457913146157335,37.014925373134325,-51.11976731780751,-0.20231888573717724,8.287562189054727,75751.51541818914,-20.15373011805117
US30,1h+1d_e25_hard_hm0_s1.5_t2.5_long,1h,1d,25.0,hard,0.0,0.0,1.5,2.5,0.0,0.0,long,all,712,-23.792700679272993,0.9318967271656304,36.37640449438202,-43.348915900350896,-0.26128873640473504,7.176966292134831,76207.299320727,-19.947855949877983
US30,1h+1d_e25_hard_hm0_s1.5_t3.5_both,1h,1d,25.0,hard,0.0,0.0,1.5,3.5,0.0,0.0,both,all,871,-33.533070668699914,0.9142600900826912,29.39150401836969,-56.49687835683126,-0.28605265652678297,11.32491389207807,66466.92933130008,-20.944626720604692
US30,1h+1d_e25_hard_hm0_s1.5_t3.5_long,1h,1d,25.0,hard,0.0,0.0,1.5,3.5,0.0,0.0,long,all,613,-41.21023346978703,0.8598664978343138,27.732463295269167,-53.495346064434,-0.5164408225711997,9.99836867862969,58789.76653021297,-21.613218170639858
US30,1h+1d_e25_hard_hm0_s2.0_t4.0_both,1h,1d,25.0,hard,0.0,0.0,2.0,4.0,0.0,0.0,both,all,732,-19.171262001904587,0.950726592708916,33.19672131147541,-34.80325638687412,-0.154845473411125,16.002732240437158,80828.73799809541,-19.214432463895545
US30,1h+1d_e25_hard_hm0_s2.0_t4.0_long,1h,1d,25.0,hard,0.0,0.0,2.0,4.0,0.0,0.0,long,all,512,-1.1001333060496887,0.9966112210754141,33.59375,-24.13471260169321,0.05276041319705577,14.57421875,98899.86669395032,-17.638725163825598
US30,1h+1d_e25_hard_hm12_s1.5_t2.5_both,1h,1d,25.0,hard,0.0,12.0,1.5,2.5,0.0,0.0,both,all,774,-11.323803517815511,0.9690285755798984,37.2093023255814,-44.38450763673066,-0.06400991385533966,8.214470284237725,88676.19648218449,-19.10177587801511
US30,1h+1d_e25_hard_hm12_s1.5_t2.5_long,1h,1d,25.0,hard,0.0,12.0,1.5,2.5,0.0,0.0,long,all,567,-3.6398620403493065,0.9879314086832147,37.56613756613756,-34.50264649969711,0.014207634206360982,7.109347442680776,96360.13795965069,-18.23456036858428
US30,1h+1d_e25_hard_hm12_s1.5_t3.5_both,1h,1d,25.0,hard,0.0,12.0,1.5,3.5,0.0,0.0,both,all,672,-24.027339030843574,0.9247331081587191,29.166666666666668,-53.53735425629473,-0.20291320754732772,11.325892857142858,75972.66096915642,-20.295124772409725
US30,1h+1d_e25_hard_hm12_s1.5_t3.5_long,1h,1d,25.0,hard,0.0,12.0,1.5,3.5,0.0,0.0,long,all,487,-22.76583930846864,0.9100408647979128,28.747433264887064,-45.14513871424675,-0.25032114979454195,9.91170431211499,77234.16069153136,-20.016818683605646
US30,1h+1d_e25_hard_hm12_s2.0_t4.0_both,1h,1d,25.0,hard,0.0,12.0,2.0,4.0,0.0,0.0,both,all,561,-3.3970140241339264,0.9889306071268219,33.68983957219251,-33.87434845622765,0.026364838327940173,16.41711229946524,96602.98597586608,-18.178980723905497
US30,1h+1d_e25_hard_hm12_s2.0_t4.0_long,1h,1d,25.0,hard,0.0,12.0,2.0,4.0,0.0,0.0,long,all,403,24.444342459588107,1.0928135038464808,35.483870967741936,-19.891374351533543,0.37627633793288223,14.741935483870968,124444.34245958811,4.2785669908377075
US30,1h+1d_e25_hard_hm25_s1.5_t2.5_both,1h,1d,25.0,hard,0.0,25.0,1.5,2.5,0.0,0.0,both,all,581,-30.499743523421795,0.8787905677808107,35.45611015490534,-52.653571288150204,-0.4120309617296936,8.141135972461274,69500.2564765782,-20.947202615605395
US30,1h+1d_e25_hard_hm25_s1.5_t2.5_long,1h,1d,25.0,hard,0.0,25.0,1.5,2.5,0.0,0.0,long,all,425,-20.64889325071597,0.8997148013195213,35.76470588235294,-42.041228426267566,-0.2935167265690401,6.990588235294117,79351.10674928402,-19.898592953634097
US30,1h+1d_e25_hard_hm25_s1.5_t3.5_both,1h,1d,25.0,hard,0.0,25.0,1.5,3.5,0.0,0.0,both,all,514,-26.281827458096927,0.8962376547006489,28.59922178988327,-53.811927250169504,-0.28687829009189453,11.009727626459144,73718.17254190307,-20.593473486716878
US30,1h+1d_e25_hard_hm25_s1.5_t3.5_long,1h,1d,25.0,hard,0.0,25.0,1.5,3.5,0.0,0.0,long,all,376,-26.050470447182295,0.8687300675128162,27.925531914893618,-46.597217093293665,-0.35806155695540437,9.550531914893616,73949.52955281771,-20.519174668270104
US30,1h+1d_e25_hard_hm25_s2.0_t4.0_both,1h,1d,25.0,hard,0.0,25.0,2.0,4.0,0.0,0.0,both,all,424,-17.50908463967724,0.923987716469155,32.075471698113205,-40.20926178625167,-0.21668395806072932,16.596698113207548,82490.91536032276,-19.523790502955364
US30,1h+1d_e25_hard_hm25_s2.0_t4.0_long,1h,1d,25.0,hard,0.0,25.0,2.0,4.0,0.0,0.0,long,all,308,-2.043652327131873,0.9889814345048593,33.44155844155844,-28.024686029714275,0.01806178653959078,14.090909090909092,97956.34767286813,-18.08718726820231
US30,1h+1d_e25_neg_hm0_s1.5_t2.5_both,1h,1d,25.0,neg,10.0,0.0,1.5,2.5,0.0,0.0,both,all,1327,-20.82292414582323,0.9562468505991412,45.516201959306706,-42.262299272387274,-0.2093863057708026,2.7520723436322534,79177.07585417677,-19.64687126888677
US30,1h+1d_e25_neg_hm0_s1.5_t2.5_long,1h,1d,25.0,neg,10.0,0.0,1.5,2.5,0.0,0.0,long,all,973,-9.749769182786029,0.9739606599388604,45.94039054470709,-28.47503009358028,-0.08211935616891947,1.908530318602261,90250.23081721397,-18.41726935546088
US30,1h+1d_e25_neg_hm0_s1.5_t3.5_both,1h,1d,25.0,neg,10.0,0.0,1.5,3.5,0.0,0.0,both,all,1306,-3.9051159871852814,0.9920796684730365,44.5635528330781,-41.89431195053024,0.034900146445090464,2.9464012251148546,96094.88401281471,-18.499427726658393
US30,1h+1d_e25_neg_hm0_s1.5_t3.5_long,1h,1d,25.0,neg,10.0,0.0,1.5,3.5,0.0,0.0,long,all,954,11.188990195852199,1.0280287506340726,44.863731656184484,-26.813922576910375,0.20218155151424538,2.089098532494759,111188.9901958522,-16.95165309138578
US30,1h+1d_e25_neg_hm0_s2.0_t4.0_both,1h,1d,25.0,neg,10.0,0.0,2.0,4.0,0.0,0.0,both,all,1273,-3.105040974773665,0.9923671655812922,47.21131186174391,-27.815680233931715,0.024726685281669217,3.305577376276512,96894.95902522633,-17.91882090647248
US30,1h+1d_e25_neg_hm0_s2.0_t4.0_long,1h,1d,25.0,neg,10.0,0.0,2.0,4.0,0.0,0.0,long,all,922,14.840405862075157,1.0449976110096195,48.15618221258134,-15.850841918279091,0.26465934219719184,2.4240780911062907,114840.40586207516,-16.23093440142832
US30,1h+1d_e25_neg_hm12_s1.5_t2.5_both,1h,1d,25.0,neg,10.0,12.0,1.5,2.5,0.0,0.0,both,all,990,-22.406581653087386,0.9329078061221243,45.35353535353536,-39.69771061311482,-0.28915626638821645,2.6707070707070706,77593.41834691261,-19.785636574925103
US30,1h+1d_e25_neg_hm12_s1.5_t2.5_long,1h,1d,25.0,neg,10.0,12.0,1.5,2.5,0.0,0.0,long,all,750,-8.757777461063332,0.9678456581628969,46.0,-28.48951822219271,-0.0906040301204054,1.8946666666666667,91242.22253893666,-18.406183727103606
US30,1h+1d_e25_neg_hm12_s1.5_t3.5_both,1h,1d,25.0,neg,10.0,12.0,1.5,3.5,0.0,0.0,both,all,975,-8.11766039034062,0.9761067328365112,44.61538461538461,-38.888689862441176,-0.03822244674210178,2.855384615384615,91882.33960965938,-18.697320848133145
US30,1h+1d_e25_neg_hm12_s1.5_t3.5_long,1h,1d,25.0,neg,10.0,12.0,1.5,3.5,0.0,0.0,long,all,737,12.363271338568694,1.0431107069734888,45.31886024423338,-27.629805405551078,0.22613097282316383,2.0719131614654,112363.2713385687,-16.86368813601083
US30,1h+1d_e25_neg_hm12_s2.0_t4.0_both,1h,1d,25.0,neg,10.0,12.0,2.0,4.0,0.0,0.0,both,all,949,-2.404317843036363,0.9914746262233914,47.41833508956797,-24.26057623401151,0.020349965629217044,3.206533192834563,97595.68215696364,-17.75738424907961
US30,1h+1d_e25_neg_hm12_s2.0_t4.0_long,1h,1d,25.0,neg,10.0,12.0,2.0,4.0,0.0,0.0,long,all,711,23.780552831633273,1.0995135588852776,48.9451476793249,-15.036605787450464,0.4116453631543702,2.4050632911392404,123780.55283163328,4.516009823712062
US30,1h+1d_e25_neg_hm25_s1.5_t2.5_both,1h,1d,25.0,neg,10.0,25.0,1.5,2.5,0.0,0.0,both,all,748,-13.778977685608263,0.9471639801381155,44.518716577540104,-32.77692918731909,-0.17847636547011145,2.589572192513369,86221.02231439174,-18.962040872776974
US30,1h+1d_e25_neg_hm25_s1.5_t2.5_long,1h,1d,25.0,neg,10.0,25.0,1.5,2.5,0.0,0.0,long,all,569,-6.851125367437372,0.9668388874724131,45.342706502636204,-26.462987604908406,-0.08007691889971516,1.818980667838313,93148.87463256263,-18.23558267856237
US30,1h+1d_e25_neg_hm25_s1.5_t3.5_both,1h,1d,25.0,neg,10.0,25.0,1.5,3.5,0.0,0.0,both,all,737,8.24123451365908,1.0301563972916228,43.96200814111262,-30.66710346772794,0.17314542993584423,2.7829036635006785,108241.23451365909,-17.26192562002993
US30,1h+1d_e25_neg_hm25_s1.5_t3.5_long,1h,1d,25.0,neg,10.0,25.0,1.5,3.5,0.0,0.0,long,all,560,16.37708402089433,1.0749819806793552,44.82142857142857,-22.00804431241278,0.29514009232366933,2.0035714285714286,116377.08402089433,3.7049266785231545
US30,1h+1d_e25_neg_hm25_s2.0_t4.0_both,1h,1d,25.0,neg,10.0,25.0,2.0,4.0,0.0,0.0,both,all,714,1.886747237598474,1.0086682191453473,46.49859943977591,-26.56864091864477,0.08261750434855258,3.1736694677871147,101886.74723759847,-17.541678942855654
US30,1h+1d_e25_neg_hm25_s2.0_t4.0_long,1h,1d,25.0,neg,10.0,25.0,2.0,4.0,0.0,0.0,long,all,537,14.688305455811879,1.083854542964306,48.23091247672253,-20.260158770245486,0.30594688354299504,2.370577281191806,114688.30545581189,3.7456825501479134
US30,1h+1d_e35_zero_hm0_s1.5_t2.5_both,1h,1d,35.0,zero,0.0,0.0,1.5,2.5,0.0,0.0,both,all,1218,-30.12277474766921,0.9295867682471152,44.991789819376024,-46.65428093277957,-0.39731786411425696,2.0205254515599345,69877.22525233078,-20.54309210277155
US30,1h+1d_e35_zero_hm0_s1.5_t2.5_long,1h,1d,35.0,zero,0.0,0.0,1.5,2.5,0.0,0.0,long,all,919,-9.177635523882067,0.9741181663470062,46.572361262241564,-28.939216044043103,-0.08579102919126805,1.278563656147987,90822.36447611793,-18.418065190636394
US30,1h+1d_e35_zero_hm0_s1.5_t3.5_both,1h,1d,35.0,zero,0.0,0.0,1.5,3.5,0.0,0.0,both,all,1210,-16.76406077055077,0.9643510253824976,44.3801652892562,-47.06364002932178,-0.1465645147955144,2.1545454545454548,83235.93922944923,-19.56207724073193
US30,1h+1d_e35_zero_hm0_s1.5_t3.5_long,1h,1d,35.0,zero,0.0,0.0,1.5,3.5,0.0,0.0,long,all,912,7.514019491415436,1.019005840482162,45.833333333333336,-30.74977609885332,0.16215020770048882,1.4024122807017543,107514.01949141544,-17.338690351541377
US30,1h+1d_e35_zero_hm0_s2.0_t4.0_both,1h,1d,35.0,zero,0.0,0.0,2.0,4.0,0.0,0.0,both,all,1195,-12.290222484924819,0.9679060700486432,46.86192468619247,-36.460301459270624,-0.12417944831381171,2.414225941422594,87709.77751507518,-18.916524955116927
US30,1h+1d_e35_zero_hm0_s2.0_t4.0_long,1h,1d,35.0,zero,0.0,0.0,2.0,4.0,0.0,0.0,long,all,899,13.247047696482749,1.0413193975680899,48.83203559510567,-21.00225091211183,0.25309391707209566,1.6151279199110122,113247.04769648275,-16.527268759096795
US30,1h+1d_e35_zero_hm12_s1.5_t2.5_both,1h,1d,35.0,zero,0.0,12.0,1.5,2.5,0.0,0.0,both,all,909,-23.133311952639545,0.923929470166642,45.324532453245325,-37.55554410989226,-0.3329880708891822,1.955995599559956,76866.68804736045,-19.81721267341844
US30,1h+1d_e35_zero_hm12_s1.5_t2.5_long,1h,1d,35.0,zero,0.0,12.0,1.5,2.5,0.0,0.0,long,all,707,-0.6884243457919603,0.9973852114237857,47.24186704384724,-25.72967993351628,0.040054218549582944,1.272984441301273,99311.57565420803,-17.70317981478849
US30,1h+1d_e35_zero_hm12_s1.5_t3.5_both,1h,1d,35.0,zero,0.0,12.0,1.5,3.5,0.0,0.0,both,all,904,-14.910262278805808,0.9522989571846598,44.690265486725664,-40.38602131626209,-0.1596622024439152,2.0785398230088497,85089.7377211942,-19.27059725450694
US30,1h+1d_e35_zero_hm12_s1.5_t3.5_long,1h,1d,35.0,zero,0.0,12.0,1.5,3.5,0.0,0.0,long,all,703,13.074067310118377,1.0468199306295163,46.5149359886202,-28.580435846430053,0.244930583733935,1.395448079658606,113074.06731011838,-16.835809039277773
US30,1h+1d_e35_zero_hm12_s2.0_t4.0_both,1h,1d,35.0,zero,0.0,12.0,2.0,4.0,0.0,0.0,both,all,894,-9.56315593166549,0.9631706049151351,47.20357941834452,-29.52421902432516,-0.11115623319217725,2.3131991051454137,90436.84406833451,-18.522302835740053
US30,1h+1d_e35_zero_hm12_s2.0_t4.0_long,1h,1d,35.0,zero,0.0,12.0,2.0,4.0,0.0,0.0,long,all,695,20.936328119276038,1.0909930117840598,49.64028776978417,-19.05500965012067,0.39045919225124914,1.6057553956834532,120936.32811927605,4.188424056603238
US30,1h+1d_e35_zero_hm25_s1.5_t2.5_both,1h,1d,35.0,zero,0.0,25.0,1.5,2.5,0.0,0.0,both,all,692,-24.205290729491246,0.896856872501815,44.653179190751445,-36.75517284194228,-0.41562518056171505,1.9104046242774566,75794.70927050876,-20.019714132445376
US30,1h+1d_e35_zero_hm25_s1.5_t2.5_long,1h,1d,35.0,zero,0.0,25.0,1.5,2.5,0.0,0.0,long,all,537,-8.000142635569208,0.9589313017090302,46.74115456238361,-22.653201143471126,-0.113749719952988,1.2476722532588453,91999.85736443079,-18.19943007681852
US30,1h+1d_e35_zero_hm25_s1.5_t3.5_both,1h,1d,35.0,zero,0.0,25.0,1.5,3.5,0.0,0.0,both,all,688,-12.039290559126648,0.9511176550580968,44.18604651162791,-35.5306430304692,-0.14148021570631542,2.0363372093023258,87960.70944087335,-18.937223529498066
US30,1h+1d_e35_zero_hm25_s1.5_t3.5_long,1h,1d,35.0,zero,0.0,25.0,1.5,3.5,0.0,0.0,long,all,534,7.03914510632806,1.033989845470987,46.254681647940075,-23.001872343788342,0.16728595745594338,1.3745318352059925,107039.14510632805,-17.002605539637027
US30,1h+1d_e35_zero_hm25_s2.0_t4.0_both,1h,1d,35.0,zero,0.0,25.0,2.0,4.0,0.0,0.0,both,all,680,-12.767725298085619,0.9365705493268507,46.61764705882353,-32.49741194402013,-0.20480669972154988,2.2823529411764705,87232.27470191439,-18.976389165949428
US30,1h+1d_e35_zero_hm25_s2.0_t4.0_long,1h,1d,35.0,zero,0.0,25.0,2.0,4.0,0.0,0.0,long,all,527,7.873086069209156,1.0466982674865062,49.33586337760911,-22.823092672379897,0.19682908960497686,1.5939278937381405,107873.08606920917,-16.886010961003098
US30,1h+1d_e35_hard_hm0_s1.5_t2.5_both,1h,1d,35.0,hard,0.0,0.0,1.5,2.5,0.0,0.0,both,all,938,-30.653596701336426,0.9260358390341399,36.67377398720682,-49.660852070360164,-0.29540758793274535,8.162046908315565,69346.40329866357,-20.540599735181633
US30,1h+1d_e35_hard_hm0_s1.5_t2.5_long,1h,1d,35.0,hard,0.0,0.0,1.5,2.5,0.0,0.0,long,all,681,-20.224113618035155,0.9401914713829845,36.563876651982376,-39.897925379337664,-0.20188487999066493,7.0807635829662265,79775.88638196484,-19.55723020142345
US30,1h+1d_e35_hard_hm0_s1.5_t3.5_both,1h,1d,35.0,hard,0.0,0.0,1.5,3.5,0.0,0.0,both,all,835,-34.664612681980486,0.9112361527672271,29.34131736526946,-55.246768724835206,-0.30416602693672296,11.177245508982036,65335.387318019515,-20.974613914759644
US30,1h+1d_e35_hard_hm0_s1.5_t3.5_long,1h,1d,35.0,hard,0.0,0.0,1.5,3.5,0.0,0.0,long,all,599,-30.049481614135498,0.9044940887781444,28.547579298831387,-46.94318659301268,-0.316125983800609,9.881469115191987,69950.5183858645,-20.49266048204148
US30,1h+1d_e35_hard_hm0_s2.0_t4.0_both,1h,1d,35.0,hard,0.0,0.0,2.0,4.0,0.0,0.0,both,all,698,-14.401596186623022,0.9619579437017713,33.5243553008596,-39.619519890322564,-0.10188626408090143,16.422636103151863,85598.40381337698,-19.108779179944747
US30,1h+1d_e35_hard_hm0_s2.0_t4.0_long,1h,1d,35.0,hard,0.0,0.0,2.0,4.0,0.0,0.0,long,all,497,5.141182169546865,1.016694525041849,34.00402414486921,-28.792823996012473,0.13184203237263709,14.961770623742455,105141.18216954687,-17.406566311895045
US30,1h+1d_e35_hard_hm12_s1.5_t2.5_both,1h,1d,35.0,hard,0.0,12.0,1.5,2.5,0.0,0.0,both,all,719,-22.77961869730838,0.9310653885115822,36.578581363004176,-48.24825758632464,-0.22686484818596922,8.184979137691238,77220.38130269162,-20.05374885234532
US30,1h+1d_e35_hard_hm12_s1.5_t2.5_long,1h,1d,35.0,hard,0.0,12.0,1.5,2.5,0.0,0.0,long,all,543,-3.4477869691259544,0.9880222210473623,37.569060773480665,-33.48880625998865,0.01847539157747916,7.0755064456721914,96552.21303087405,-18.17969508917996
US30,1h+1d_e35_hard_hm12_s1.5_t3.5_both,1h,1d,35.0,hard,0.0,12.0,1.5,3.5,0.0,0.0,both,all,642,-21.484129275020226,0.9315583818948607,29.439252336448597,-52.58767911927521,-0.17270803275647428,11.246105919003115,78515.87072497977,-20.093038430169376
US30,1h+1d_e35_hard_hm12_s1.5_t3.5_long,1h,1d,35.0,hard,0.0,12.0,1.5,3.5,0.0,0.0,long,all,479,-10.568250445779848,0.9598196616150988,29.64509394572025,-39.852170215839,-0.0665392284776829,9.876826722338205,89431.74955422015,-18.91707651514353
US30,1h+1d_e35_hard_hm12_s2.0_t4.0_both,1h,1d,35.0,hard,0.0,12.0,2.0,4.0,0.0,0.0,both,all,539,3.129970844740204,1.010237355928871,34.32282003710575,-35.06653969003272,0.10725465330920454,16.680890538033395,103129.97084474021,-17.790987384025716
US30,1h+1d_e35_hard_hm12_s2.0_t4.0_long,1h,1d,35.0,hard,0.0,12.0,2.0,4.0,0.0,0.0,long,all,399,29.549093650293923,1.114002972366416,35.83959899749373,-22.933212740481036,0.4383329761105518,14.977443609022556,129549.09365029393,4.505142131474384
US30,1h+1d_e35_hard_hm25_s1.5_t2.5_both,1h,1d,35.0,hard,0.0,25.0,1.5,2.5,0.0,0.0,both,all,544,-40.25231702565908,0.830438402356459,34.19117647058823,-56.72783215793894,-0.6215706475382594,8.088235294117647,59747.682974340925,-21.935465932760163
US30,1h+1d_e35_hard_hm25_s1.5_t2.5_long,1h,1d,35.0,hard,0.0,25.0,1.5,2.5,0.0,0.0,long,all,409,-22.62758640304674,0.8897547626076552,35.45232273838631,-40.61345190205054,-0.33048692826124915,6.88997555012225,77372.41359695327,-20.000985018076626
US30,1h+1d_e35_hard_hm25_s1.5_t3.5_both,1h,1d,35.0,hard,0.0,25.0,1.5,3.5,0.0,0.0,both,all,488,-30.917581564940356,0.8737591858523045,28.07377049180328,-52.55701785519589,-0.3772285714578621,10.922131147540984,69082.41843505965,-20.92042886936148
US30,1h+1d_e35_hard_hm25_s1.5_t3.5_long,1h,1d,35.0,hard,0.0,25.0,1.5,3.5,0.0,0.0,long,all,363,-23.69867016369107,0.8812989192997629,28.09917355371901,-40.951082089738954,-0.3200827058141283,9.462809917355372,76301.32983630893,-20.136866850608985
US30,1h+1d_e35_hard_hm25_s2.0_t4.0_both,1h,1d,35.0,hard,0.0,25.0,2.0,4.0,0.0,0.0,both,all,414,-17.05162290065747,0.9266306184433565,32.1256038647343,-36.045530370772425,-0.21570632988960814,16.818840579710145,82948.37709934253,-19.330869079583216
US30,1h+1d_e35_hard_hm25_s2.0_t4.0_long,1h,1d,35.0,hard,0.0,25.0,2.0,4.0,0.0,0.0,long,all,307,-1.0541942698309326,0.9943851110584071,33.55048859934853,-27.91135120957392,0.033313901439962885,14.319218241042345,98945.80573016907,-18.008688189370233
US30,1h+1d_e35_neg_hm0_s1.5_t2.5_both,1h,1d,35.0,neg,10.0,0.0,1.5,2.5,0.0,0.0,both,all,1186,-25.22498255516131,0.9423208816023452,45.4468802698145,-43.70648801136886,-0.29890988889263814,2.5952782462057336,74775.01744483868,-20.0498214519943
US30,1h+1d_e35_neg_hm0_s1.5_t2.5_long,1h,1d,35.0,neg,10.0,0.0,1.5,2.5,0.0,0.0,long,all,889,-8.670305170948678,0.9753971514210307,46.56917885264342,-28.782096328443895,-0.07402964512661561,1.6310461192350956,91329.69482905132,-18.37064764911305
US30,1h+1d_e35_neg_hm0_s1.5_t3.5_both,1h,1d,35.0,neg,10.0,0.0,1.5,3.5,0.0,0.0,both,all,1175,-11.415882156853762,0.975981674072155,44.680851063829785,-44.97713673133605,-0.06556222337190643,2.763404255319149,88584.11784314623,-19.114109905405066
US30,1h+1d_e35_neg_hm0_s1.5_t3.5_long,1h,1d,35.0,neg,10.0,0.0,1.5,3.5,0.0,0.0,long,all,879,7.740156082314731,1.0199209048401368,45.73378839590443,-29.78575548870093,0.16414984692124276,1.7713310580204777,107740.15608231473,-17.285796943773242
US30,1h+1d_e35_neg_hm0_s2.0_t4.0_both,1h,1d,35.0,neg,10.0,0.0,2.0,4.0,0.0,0.0,both,all,1149,-4.7117148249416925,0.9877297203069461,47.34551784160139,-30.667582318038335,-0.004187567859620875,3.1296779808529154,95288.2851750583,-18.152128936741267
US30,1h+1d_e35_neg_hm0_s2.0_t4.0_long,1h,1d,35.0,neg,10.0,0.0,2.0,4.0,0.0,0.0,long,all,855,14.247279403799995,1.0456245115021279,48.771929824561404,-17.768444283844374,0.26497907386535724,2.054970760233918,114247.2794038,-16.32931670564842
US30,1h+1d_e35_neg_hm12_s1.5_t2.5_both,1h,1d,35.0,neg,10.0,12.0,1.5,2.5,0.0,0.0,both,all,887,-21.667897911626454,0.9300771215236785,45.095828635851184,-38.08856112759922,-0.2937926536130443,2.5073280721533258,78332.10208837355,-19.7057545381794
US30,1h+1d_e35_neg_hm12_s1.5_t2.5_long,1h,1d,35.0,neg,10.0,12.0,1.5,2.5,0.0,0.0,long,all,687,-1.4252852921865289,0.9945992661937937,46.57933042212518,-27.217515200731423,0.029065461861687916,1.6128093158660843,98574.71470781347,-17.8156156614397
US30,1h+1d_e35_neg_hm12_s1.5_t3.5_both,1h,1d,35.0,neg,10.0,12.0,1.5,3.5,0.0,0.0,both,all,879,-12.741038205078759,0.9598617963396053,44.254835039817976,-41.84705319413581,-0.11556245670322433,2.6666666666666665,87258.96179492124,-19.157212850174407
US30,1h+1d_e35_neg_hm12_s1.5_t3.5_long,1h,1d,35.0,neg,10.0,12.0,1.5,3.5,0.0,0.0,long,all,680,11.71713796840872,1.0423009177867586,45.73529411764706,-29.001776405405742,0.2233320768218003,1.7529411764705882,111717.13796840872,-16.950635127780284
US30,1h+1d_e35_neg_hm12_s2.0_t4.0_both,1h,1d,35.0,neg,10.0,12.0,2.0,4.0,0.0,0.0,both,all,858,-3.4923654125159964,0.986778566985575,47.086247086247084,-28.17390477943227,-0.00195592476999323,3.0023310023310024,96507.634587484,-18.002638277368984
US30,1h+1d_e35_neg_hm12_s2.0_t4.0_long,1h,1d,35.0,neg,10.0,12.0,2.0,4.0,0.0,0.0,long,all,661,25.429980030432908,1.1106739720632028,49.167927382753405,-17.109041575570938,0.450523430171799,2.042360060514372,125429.98003043291,4.585307613610184
US30,1h+1d_e35_neg_hm25_s1.5_t2.5_both,1h,1d,35.0,neg,10.0,25.0,1.5,2.5,0.0,0.0,both,all,675,-23.940328280031707,0.9007090184942033,43.55555555555556,-39.76516962792249,-0.3995728384981752,2.428148148148148,76059.67171996829,-20.095806627829923
US30,1h+1d_e35_neg_hm25_s1.5_t2.5_long,1h,1d,35.0,neg,10.0,25.0,1.5,2.5,0.0,0.0,long,all,522,-9.105924072237814,0.9539222786245141,45.40229885057471,-25.438562984645984,-0.13386647526584752,1.553639846743295,90894.07592776218,-18.39777349861284
US30,1h+1d_e35_neg_hm25_s1.5_t3.5_both,1h,1d,35.0,neg,10.0,25.0,1.5,3.5,0.0,0.0,both,all,669,-10.195352243583777,0.9597500607064018,42.89985052316891,-37.917794717448125,-0.10235519488590798,2.593423019431988,89804.64775641622,-18.878683519004134
US30,1h+1d_e35_neg_hm25_s1.5_t3.5_long,1h,1d,35.0,neg,10.0,25.0,1.5,3.5,0.0,0.0,long,all,517,4.964288967173092,1.023912857940966,44.680851063829785,-23.675718634349387,0.13286875763340053,1.6982591876208897,104964.2889671731,-17.189371905384537
US30,1h+1d_e35_neg_hm25_s2.0_t4.0_both,1h,1d,35.0,neg,10.0,25.0,2.0,4.0,0.0,0.0,both,all,651,-8.259554656530732,0.959856221510608,45.6221198156682,-31.157048266314703,-0.10809263785356808,2.9508448540706604,91740.44534346927,-18.53916251991765
US30,1h+1d_e35_neg_hm25_s2.0_t4.0_long,1h,1d,35.0,neg,10.0,25.0,2.0,4.0,0.0,0.0,long,all,500,10.152989949789681,1.060190298379362,48.2,-21.52540975381456,0.238740822938821,2.006,110152.98994978968,3.3536901881956416
US30,5min+1h_e15_zero_hm0_s1.5_t2.5_both,5min,1h,15.0,zero,0.0,0.0,1.5,2.5,0.0,0.0,both,all,1874,-80.0139408565484,0.775425563434322,42.42262540021345,-80.21260373637432,-1.7050213608906963,2.110992529348986,19986.0591434516,-25.170497875131105
US30,5min+1h_e15_zero_hm0_s1.5_t2.5_long,5min,1h,15.0,zero,0.0,0.0,1.5,2.5,0.0,0.0,long,all,2613,-80.17587758115798,0.8156329121548413,42.78606965174129,-80.8670328322296,-1.6677951581750898,1.8649062380405663,19824.122418842024,-25.1026341361484
US30,5min+1h_e15_zero_hm0_s1.5_t3.5_both,5min,1h,15.0,zero,0.0,0.0,1.5,3.5,0.0,0.0,both,all,1884,-80.11412310587913,0.78152062357006,42.14437367303609,-80.23006481684388,-1.7133052573247858,2.190552016985138,19885.876894120862,-25.159965957983772
US30,5min+1h_e15_zero_hm0_s1.5_t3.5_long,5min,1h,15.0,zero,0.0,0.0,1.5,3.5,0.0,0.0,long,all,2727,-80.09331468758418,0.8307242602656199,42.61092775944261,-80.5645652491667,-1.5411434068125536,1.953061972863953,19906.685312415815,-25.049504546805984
US30,5min+1h_e15_zero_hm0_s2.0_t4.0_both,5min,1h,15.0,zero,0.0,0.0,2.0,4.0,0.0,0.0,both,all,2934,-80.00966727248591,0.8053734459222117,43.66053169734151,-80.67477158550524,-1.8167524217822026,2.3916155419222904,19990.33272751409,-25.11394393951412
US30,5min+1h_e15_zero_hm0_s2.0_t4.0_long,5min,1h,15.0,zero,0.0,0.0,2.0,4.0,0.0,0.0,long,all,3275,-80.04471196779811,0.8343224460906649,42.74809160305343,-81.27222402354414,-1.6719463405363109,2.136793893129771,19955.288032201886,-25.066871324427026
US30,5min+1h_e15_zero_hm12_s1.5_t2.5_both,5min,1h,15.0,zero,0.0,12.0,1.5,2.5,0.0,0.0,both,all,2228,-80.10248642826954,0.7942175177324005,42.908438061041295,-80.45448504464781,-1.7028703204567315,2.0933572710951527,19897.51357173047,-25.136735064585693
US30,5min+1h_e15_zero_hm12_s1.5_t2.5_long,5min,1h,15.0,zero,0.0,12.0,1.5,2.5,0.0,0.0,long,all,3314,-80.05418589971832,0.8575746602435882,43.753771876885935,-80.60296859080233,-1.3648543228317729,1.8913699456849729,19945.81410028168,-24.982349529011856
US30,5min+1h_e15_zero_hm12_s1.5_t3.5_both,5min,1h,15.0,zero,0.0,12.0,1.5,3.5,0.0,0.0,both,all,2254,-80.01003671021417,0.7968825815469873,42.67968056787932,-80.28216082147989,-1.667414479909242,2.17435669920142,19989.963289785843,-25.119481447400293
US30,5min+1h_e15_zero_hm12_s1.5_t3.5_long,5min,1h,15.0,zero,0.0,12.0,1.5,3.5,0.0,0.0,long,all,4516,-80.02247510933228,0.8845719974663554,43.888396811337465,-80.49148559724763,-1.0779073364721414,2.012178919397697,19977.524890667733,-24.909128434597307
US30,5min+1h_e15_zero_hm12_s2.0_t4.0_both,5min,1h,15.0,zero,0.0,12.0,2.0,4.0,0.0,0.0,both,all,2651,-80.01081780751298,0.7997767325750776,43.228970199924554,-80.580970927973,-1.9560315673187618,2.416446623915504,19989.18219248702,-25.124229717981745
US30,5min+1h_e15_zero_hm12_s2.0_t4.0_long,5min,1h,15.0,zero,0.0,12.0,2.0,4.0,0.0,0.0,long,all,4882,-80.1577139784902,0.8791956522431243,44.326095862351494,-81.00641148961341,-1.3688272914885904,2.1853748463744367,19842.2860215098,-24.948575888116334
US30,5min+1h_e15_zero_hm25_s1.5_t2.5_both,5min,1h,15.0,zero,0.0,25.0,1.5,2.5,0.0,0.0,both,all,2047,-80.01071169958374,0.7921893627342146,42.40351734245237,-80.08655543166164,-1.8014017567502303,2.1436248168050804,19989.28830041627,-25.12341727841428
US30,5min+1h_e15_zero_hm25_s1.5_t2.5_long,5min,1h,15.0,zero,0.0,25.0,1.5,2.5,0.0,0.0,long,all,3825,-80.02519814288034,0.8810175146641657,43.76470588235294,-80.10098691022375,-1.2458008960758242,1.9278431372549019,19974.80185711966,-24.90250361546375
US30,5min+1h_e15_zero_hm25_s1.5_t3.5_both,5min,1h,15.0,zero,0.0,25.0,1.5,3.5,0.0,0.0,both,all,2038,-80.05748974665477,0.7955410820606196,42.24730127576055,-80.13315599259029,-1.7862336144387048,2.222276741903827,19942.510253345237,-25.118773124418254
US30,5min+1h_e15_zero_hm25_s1.5_t3.5_long,5min,1h,15.0,zero,0.0,25.0,1.5,3.5,0.0,0.0,long,all,3854,-80.12012301877505,0.8897043501169607,43.513233004670475,-80.3053613399634,-1.1786141719279106,2.031655422937208,19879.87698122496,-24.892758499057138
US30,5min+1h_e15_zero_hm25_s2.0_t4.0_both,5min,1h,15.0,zero,0.0,25.0,2.0,4.0,0.0,0.0,both,all,2603,-80.09391452958552,0.8021350332581567,43.1809450633884,-80.45420798039666,-1.9692588259600396,2.3857087975412985,19906.085470414484,-25.116587317253895
US30,5min+1h_e15_zero_hm25_s2.0_t4.0_long,5min,1h,15.0,zero,0.0,25.0,2.0,4.0,0.0,0.0,long,all,4076,-80.13503822583709,0.8749552025887357,44.23454367026496,-81.3177724358457,-1.4712400176132654,2.216143277723258,19864.9617741629,-24.970724419995474
US30,5min+1h_e15_hard_hm0_s1.5_t2.5_both,5min,1h,15.0,hard,0.0,0.0,1.5,2.5,0.0,0.0,both,all,2808,-80.00280216353295,0.9176776255411081,35.96866096866097,-80.5143890893035,-0.8732798140915221,9.85505698005698,19997.197836467058,-24.636413307397973
US30,5min+1h_e15_hard_hm0_s1.5_t2.5_long,5min,1h,15.0,hard,0.0,0.0,1.5,2.5,0.0,0.0,long,all,5186,-80.06990396454522,0.9623261423047876,36.752795989201694,-82.34108389715588,-0.5589554609493846,11.257616660239105,19930.09603545478,-24.129057350130154
US30,5min+1h_e15_hard_hm0_s1.5_t3.5_both,5min,1h,15.0,hard,0.0,0.0,1.5,3.5,0.0,0.0,both,all,5521,-80.03664294252866,0.9639593764298974,30.302481434522733,-85.97110506472683,-0.3635456125679959,15.404817967759463,19963.357057471338,-23.97572989806747
US30,5min+1h_e15_hard_hm0_s1.5_t3.5_long,5min,1h,15.0,hard,0.0,0.0,1.5,3.5,0.0,0.0,long,all,5376,-80.09353534346815,0.9848696878819074,29.761904761904763,-93.89541185453231,-0.37181781597179564,17.141369047619047,19906.464656531858,-24.255110392172945
US30,5min+1h_e15_hard_hm0_s2.0_t4.0_both,5min,1h,15.0,hard,0.0,0.0,2.0,4.0,0.0,0.0,both,all,4557,-80.0003496173442,0.9601719848643325,33.42111037963573,-84.69511335463902,-0.5129081892891034,23.213517665130567,19999.6503826558,-24.15675084065215
US30,5min+1h_e15_hard_hm0_s2.0_t4.0_long,5min,1h,15.0,hard,0.0,0.0,2.0,4.0,0.0,0.0,long,all,4951,-66.89642867969216,0.9777478430111212,33.40739244597051,-83.79955317067744,-0.26525371773060724,26.480307008685113,33103.57132030784,-23.181350243082893
US30,5min+1h_e15_hard_hm12_s1.5_t2.5_both,5min,1h,15.0,hard,0.0,12.0,1.5,2.5,0.0,0.0,both,all,4670,-80.17661137090688,0.9458056592528854,36.5524625267666,-80.65809149485975,-0.5517558686715806,11.938758029978587,19823.388629093126,-24.096507769505823
US30,5min+1h_e15_hard_hm12_s1.5_t2.5_long,5min,1h,15.0,hard,0.0,12.0,1.5,2.5,0.0,0.0,long,all,4664,-80.03326517798624,0.9734241811588376,36.57804459691252,-90.87996512005917,-0.5767439178349104,12.796955403087479,19966.734822013772,-24.46808463577709
US30,5min+1h_e15_hard_hm12_s1.5_t3.5_both,5min,1h,15.0,hard,0.0,12.0,1.5,3.5,0.0,0.0,both,all,4526,-80.19822506011486,0.965005081289713,29.562527618205923,-83.91804781460753,-0.4480262438932971,17.640963323022536,19801.774939885134,-24.02417757760456
US30,5min+1h_e15_hard_hm12_s1.5_t3.5_long,5min,1h,15.0,hard,0.0,12.0,1.5,3.5,0.0,0.0,long,all,4629,-32.92427964965139,0.9948169355672711,30.22251026139555,-86.09111933817053,0.06065456812191919,19.085115575718298,67075.72035034861,-21.38259176841182
US30,5min+1h_e15_hard_hm12_s2.0_t4.0_both,5min,1h,15.0,hard,0.0,12.0,2.0,4.0,0.0,0.0,both,all,3990,-80.14972762319366,0.9544180442393968,32.75689223057644,-82.79208429580721,-0.5862528457189163,27.03984962406015,19850.272376806348,-24.211006634739917
US30,5min+1h_e15_hard_hm12_s2.0_t4.0_long,5min,1h,15.0,hard,0.0,12.0,2.0,4.0,0.0,0.0,long,all,3735,-21.633523200671846,0.9931716944664344,33.708165997322624,-70.19841128154296,0.05768647645014262,30.01285140562249,78366.47679932816,-20.303818428447293
US30,5min+1h_e15_hard_hm25_s1.5_t2.5_both,5min,1h,15.0,hard,0.0,25.0,1.5,2.5,0.0,0.0,both,all,4133,-80.13319756750914,0.946833826088136,36.39003145414953,-80.82230869296873,-0.641984356132572,12.628357125574643,19866.802432490855,-24.234112219397634
US30,5min+1h_e15_hard_hm25_s1.5_t2.5_long,5min,1h,15.0,hard,0.0,25.0,1.5,2.5,0.0,0.0,long,all,4077,-72.92774046264545,0.9702454728455858,36.64459161147903,-87.38786836798963,-0.47817618386296357,13.738778513612951,27072.259537354552,-23.904274946905886
US30,5min+1h_e15_hard_hm25_s1.5_t3.5_both,5min,1h,15.0,hard,0.0,25.0,1.5,3.5,0.0,0.0,both,all,4846,-80.12526092905688,0.967899536720932,29.508873297565003,-84.20043555354178,-0.40553510376174196,19.330788278992983,19874.739070943113,-23.96158167314423
US30,5min+1h_e15_hard_hm25_s1.5_t3.5_long,5min,1h,15.0,hard,0.0,25.0,1.5,3.5,0.0,0.0,long,all,3561,13.201084074050119,1.0025774294045036,30.52513338949733,-74.76150382027942,0.24260128194914507,20.438079191238415,113201.08407405012,-18.792071293414196
US30,5min+1h_e15_hard_hm25_s2.0_t4.0_both,5min,1h,15.0,hard,0.0,25.0,2.0,4.0,0.0,0.0,both,all,4042,-80.1587685976234,0.9527900090267782,32.632360217714,-82.39583637465762,-0.563604660891623,30.14670954972786,19841.231402376594,-24.16561616766173
US30,5min+1h_e15_hard_hm25_s2.0_t4.0_long,5min,1h,15.0,hard,0.0,25.0,2.0,4.0,0.0,0.0,long,all,2924,5.071612525784319,1.0018827704800979,33.926128590971274,-60.58987872539333,0.18074670620590735,32.58036935704514,105071.61252578432,-18.644903662475254
US30,5min+1h_e15_neg_hm0_s1.5_t2.5_both,5min,1h,15.0,neg,10.0,0.0,1.5,2.5,0.0,0.0,both,all,2320,-80.13744493511017,0.8256246264531272,42.88793103448276,-80.28403300942595,-1.527040592946934,2.863793103448276,19862.555064889828,-25.052797551648627
US30,5min+1h_e15_neg_hm0_s1.5_t2.5_long,5min,1h,15.0,neg,10.0,0.0,1.5,2.5,0.0,0.0,long,all,2806,-80.01705110200699,0.8541842852886715,42.587312900926584,-80.3446404282036,-1.382342537300742,2.7594440484675693,19982.94889799301,-24.979006947986747
US30,5min+1h_e15_neg_hm0_s1.5_t3.5_both,5min,1h,15.0,neg,10.0,0.0,1.5,3.5,0.0,0.0,both,all,2488,-80.09578657140138,0.8406876336822502,42.68488745980707,-80.3713942583105,-1.4536668774868189,3.012057877813505,19904.21342859862,-25.016968148982848
US30,5min+1h_e15_neg_hm0_s1.5_t3.5_long,5min,1h,15.0,neg,10.0,0.0,1.5,3.5,0.0,0.0,long,all,2960,-80.02874105768923,0.8763004872420461,42.027027027027025,-80.48411178275823,-1.270452856757264,2.956081081081081,19971.258942310764,-24.929762895512784
US30,5min+1h_e15_neg_hm0_s2.0_t4.0_both,5min,1h,15.0,neg,10.0,0.0,2.0,4.0,0.0,0.0,both,all,3080,-80.0536096595746,0.851809155075187,44.188311688311686,-80.74553205716359,-1.6448071538442528,3.4243506493506493,19946.3903404254,-25.00244278098156
US30,5min+1h_e15_neg_hm0_s2.0_t4.0_long,5min,1h,15.0,neg,10.0,0.0,2.0,4.0,0.0,0.0,long,all,4328,-80.0850348054649,0.8826069448064289,44.339186691312385,-80.95312775098225,-1.2478072147341441,3.324630314232902,19914.965194535103,-24.935009140241814
US30,5min+1h_e15_neg_hm12_s1.5_t2.5_both,5min,1h,15.0,neg,10.0,12.0,1.5,2.5,0.0,0.0,both,all,2483,-80.13803590103252,0.8469070108390714,43.213854208618606,-80.26630491905865,-1.4340147249541195,2.994361659283125,19861.964098967474,-24.99890610570597
US30,5min+1h_e15_neg_hm12_s1.5_t2.5_long,5min,1h,15.0,neg,10.0,12.0,1.5,2.5,0.0,0.0,long,all,4174,-80.06347494015864,0.9037717794507949,43.72304743651174,-80.39030321982817,-1.0696111524970242,2.851221849544801,19936.525059841366,-24.858721677772486
US30,5min+1h_e15_neg_hm12_s1.5_t3.5_both,5min,1h,15.0,neg,10.0,12.0,1.5,3.5,0.0,0.0,both,all,2467,-80.19382573546929,0.8528206856928073,42.683421159302796,-80.44993163110188,-1.406613460872733,3.15403323875152,19806.174264530702,-24.99369858043083
US30,5min+1h_e15_neg_hm12_s1.5_t3.5_long,5min,1h,15.0,neg,10.0,12.0,1.5,3.5,0.0,0.0,long,all,4375,-80.01724655301199,0.9193397913068896,43.245714285714286,-81.19022614819035,-0.9863900193834758,3.0514285714285716,19982.753446988016,-24.829534458856084
US30,5min+1h_e15_neg_hm12_s2.0_t4.0_both,5min,1h,15.0,neg,10.0,12.0,2.0,4.0,0.0,0.0,both,all,2972,-80.03774318484354,0.8498009311890076,44.11170928667564,-80.7557341111638,-1.5976188777239724,3.5575370121130554,19962.25681515647,-25.007236763867773
US30,5min+1h_e15_neg_hm12_s2.0_t4.0_long,5min,1h,15.0,neg,10.0,12.0,2.0,4.0,0.0,0.0,long,all,4707,-80.13826208851965,0.910124262278866,44.72062885064797,-82.1621836920363,-1.2185465712588397,3.437646059060973,19861.737911480344,-24.916707175525072
US30,5min+1h_e15_neg_hm25_s1.5_t2.5_both,5min,1h,15.0,neg,10.0,25.0,1.5,2.5,0.0,0.0,both,all,2375,-80.02720079357404,0.8469651679337116,42.77894736842105,-80.10258170083617,-1.4772999646166833,3.0311578947368423,19972.799206425967,-24.987778379942128
US30,5min+1h_e15_neg_hm25_s1.5_t2.5_long,5min,1h,15.0,neg,10.0,25.0,1.5,2.5,0.0,0.0,long,all,3787,-80.11960536701399,0.9066462971780007,43.622920517560075,-81.20821099917318,-1.1505177706713452,2.9036176392923156,19880.394632986005,-24.886496911702487
US30,5min+1h_e15_neg_hm25_s1.5_t3.5_both,5min,1h,15.0,neg,10.0,25.0,1.5,3.5,0.0,0.0,both,all,2370,-80.05081614566649,0.853372384464736,42.48945147679325,-80.24634768488717,-1.4461786494742261,3.1856540084388185,19949.183854333503,-24.978455592060307
US30,5min+1h_e15_neg_hm25_s1.5_t3.5_long,5min,1h,15.0,neg,10.0,25.0,1.5,3.5,0.0,0.0,long,all,4032,-80.0404308164939,0.9188370963990764,43.179563492063494,-82.5995809809313,-1.0475287429761486,3.0979662698412698,19959.56918350611,-24.908507730899316
US30,5min+1h_e15_neg_hm25_s2.0_t4.0_both,5min,1h,15.0,neg,10.0,25.0,2.0,4.0,0.0,0.0,both,all,3732,-80.01820110344633,0.8648140774924612,44.855305466237944,-80.77122695093381,-1.4457834740310531,3.5758306538049305,19981.79889655367,-24.969541928444052
US30,5min+1h_e15_neg_hm25_s2.0_t4.0_long,5min,1h,15.0,neg,10.0,25.0,2.0,4.0,0.0,0.0,long,all,4308,-80.07251157005808,0.9073212940587996,44.637883008356546,-82.17084751511453,-1.2827256619543728,3.488857938718663,19927.48842994192,-24.921431128259904
US30,5min+1h_e20_zero_hm0_s1.5_t2.5_both,5min,1h,20.0,zero,0.0,0.0,1.5,2.5,0.0,0.0,both,all,2180,-80.01893158432267,0.7928423988930731,42.88990825688074,-80.01893158432267,-1.652719579859207,2.075229357798165,19981.068415677328,-25.11940852951313
US30,5min+1h_e20_zero_hm0_s1.5_t2.5_long,5min,1h,20.0,zero,0.0,0.0,1.5,2.5,0.0,0.0,long,all,2648,-80.14198234107162,0.8242391383239432,42.862537764350456,-80.49436940353922,-1.6055847149006421,1.7919184290030212,19858.01765892837,-25.064856223974576
US30,5min+1h_e20_zero_hm0_s1.5_t3.5_both,5min,1h,20.0,zero,0.0,0.0,1.5,3.5,0.0,0.0,both,all,1914,-80.02093967244527,0.7794140684778144,42.31974921630094,-80.02093967244527,-1.7439814650455023,2.1938349007314524,19979.06032755473,-25.153140002601084
US30,5min+1h_e20_zero_hm0_s1.5_t3.5_long,5min,1h,20.0,zero,0.0,0.0,1.5,3.5,0.0,0.0,long,all,2674,-80.0150103591768,0.828504658483148,42.55796559461481,-80.36965058127412,-1.5276538458361766,1.887808526551982,19984.9896408232,-25.044124791410166
US30,5min+1h_e20_zero_hm0_s2.0_t4.0_both,5min,1h,20.0,zero,0.0,0.0,2.0,4.0,0.0,0.0,both,all,2823,-80.01086873652558,0.8024473416983482,43.216436415161176,-80.23930360250748,-1.82123264760645,2.3864682961388595,19989.131263474417,-25.103888539315452
US30,5min+1h_e20_zero_hm0_s2.0_t4.0_long,5min,1h,20.0,zero,0.0,0.0,2.0,4.0,0.0,0.0,long,all,3127,-80.06227335003331,0.8262281952497866,42.82059481931564,-80.63310575665429,-1.6967205020944678,2.060761112887752,19937.7266499667,-25.062244676143038
US30,5min+1h_e20_zero_hm12_s1.5_t2.5_both,5min,1h,20.0,zero,0.0,12.0,1.5,2.5,0.0,0.0,both,all,2218,-80.17786506251596,0.8041909743783792,42.83137962128043,-80.3329448225006,-1.6890814508937788,2.086113615870153,19822.13493748404,-25.109954959454715
US30,5min+1h_e20_zero_hm12_s1.5_t2.5_long,5min,1h,20.0,zero,0.0,12.0,1.5,2.5,0.0,0.0,long,all,4324,-80.00647288660873,0.8847598805691379,44.31082331174838,-80.36126460896811,-1.1580771457830483,1.8478260869565217,19993.527113391265,-24.90280979840023
US30,5min+1h_e20_zero_hm12_s1.5_t3.5_both,5min,1h,20.0,zero,0.0,12.0,1.5,3.5,0.0,0.0,both,all,2206,-80.02984641989947,0.8004340051680663,42.56572982774252,-80.18608421334734,-1.6618925655079912,2.166817769718948,19970.15358010052,-25.107552212409708
US30,5min+1h_e20_zero_hm12_s1.5_t3.5_long,5min,1h,20.0,zero,0.0,12.0,1.5,3.5,0.0,0.0,long,all,4313,-80.0432236390903,0.8885273087895962,43.98330628332947,-80.39736320724512,-1.093801738881956,1.9445861349408764,19956.7763609097,-24.896305201879425
US30,5min+1h_e20_zero_hm12_s2.0_t4.0_both,5min,1h,20.0,zero,0.0,12.0,2.0,4.0,0.0,0.0,both,all,2555,-80.00908628122883,0.8009183311668052,43.17025440313112,-80.40152193804214,-2.0400597792947264,2.3870841487279844,19990.913718771168,-25.114128500853827
US30,5min+1h_e20_zero_hm12_s2.0_t4.0_long,5min,1h,20.0,zero,0.0,12.0,2.0,4.0,0.0,0.0,long,all,4614,-80.0967374214845,0.8803390418992233,44.53836150845254,-80.7238534577724,-1.4215621173612893,2.116601647160815,19903.26257851549,-24.93197603042222
US30,5min+1h_e20_zero_hm25_s1.5_t2.5_both,5min,1h,20.0,zero,0.0,25.0,1.5,2.5,0.0,0.0,both,all,2286,-80.03039733185093,0.8045704629173167,42.43219597550306,-80.10616637233416,-1.6396186698196595,2.1237970253718284,19969.602668149062,-25.094036390874113
US30,5min+1h_e20_zero_hm25_s1.5_t2.5_long,5min,1h,20.0,zero,0.0,25.0,1.5,2.5,0.0,0.0,long,all,3664,-80.00545071374815,0.8823699809111444,44.077510917030565,-80.08131440715704,-1.2696909183508767,1.8676310043668123,19994.549286251848,-24.897545652558346
US30,5min+1h_e20_zero_hm25_s1.5_t3.5_both,5min,1h,20.0,zero,0.0,25.0,1.5,3.5,0.0,0.0,both,all,2282,-80.01559881649769,0.8049748953655694,42.15600350569676,-80.09142400578504,-1.6112627150966339,2.2059596844872917,19984.401183502316,-25.091843674477385
US30,5min+1h_e20_zero_hm25_s1.5_t3.5_long,5min,1h,20.0,zero,0.0,25.0,1.5,3.5,0.0,0.0,long,all,3795,-80.10870399467905,0.8907815700297749,43.899868247694336,-80.18417592255544,-1.1833783980894443,1.9620553359683794,19891.296005320957,-24.88476127161494
US30,5min+1h_e20_zero_hm25_s2.0_t4.0_both,5min,1h,20.0,zero,0.0,25.0,2.0,4.0,0.0,0.0,both,all,2551,-80.09155546013244,0.8030473731941578,42.84594276754214,-80.31686206404869,-1.9637375810177307,2.4057232457859663,19908.44453986755,-25.10871826798185
US30,5min+1h_e20_zero_hm25_s2.0_t4.0_long,5min,1h,20.0,zero,0.0,25.0,2.0,4.0,0.0,0.0,long,all,3931,-80.01751520738539,0.8751833471979833,44.69600610531671,-80.70510311995662,-1.5084186783565807,2.1315186975324343,19982.48479261461,-24.94094636509872
US30,5min+1h_e20_hard_hm0_s1.5_t2.5_both,5min,1h,20.0,hard,0.0,0.0,1.5,2.5,0.0,0.0,both,all,3004,-80.17994022124459,0.925356881657831,36.051930758988014,-80.3651120269725,-0.7762155826236419,9.873501997336884,19820.0597787554,-24.47273325971957
US30,5min+1h_e20_hard_hm0_s1.5_t2.5_long,5min,1h,20.0,hard,0.0,0.0,1.5,2.5,0.0,0.0,long,all,5168,-80.11966825486195,0.9638156490384092,36.76470588235294,-83.55582975579487,-0.5352495798371515,11.170278637770897,19880.33174513806,-24.140355167585977
US30,5min+1h_e20_hard_hm0_s1.5_t3.5_both,5min,1h,20.0,hard,0.0,0.0,1.5,3.5,0.0,0.0,both,all,3013,-80.04269685837104,0.9466273287466175,29.405907733156322,-85.53151458577933,-0.618418768903783,14.04447394623299,19957.303141628963,-24.384028289255145
US30,5min+1h_e20_hard_hm0_s1.5_t3.5_long,5min,1h,20.0,hard,0.0,0.0,1.5,3.5,0.0,0.0,long,all,5329,-80.08787214512046,0.9827198338313394,29.74291611934697,-91.85910083585482,-0.3738730516549509,16.841433664852694,19912.12785487954,-24.181888912143087
US30,5min+1h_e20_hard_hm0_s2.0_t4.0_both,5min,1h,20.0,hard,0.0,0.0,2.0,4.0,0.0,0.0,both,all,4930,-80.00749988369442,0.9641281807761337,33.488843813387426,-85.21388440919236,-0.494932137599572,23.208519269776875,19992.500116305575,-24.140933126174495
US30,5min+1h_e20_hard_hm0_s2.0_t4.0_long,5min,1h,20.0,hard,0.0,0.0,2.0,4.0,0.0,0.0,long,all,4881,-62.76711048918283,0.9828105536135955,33.47674656832616,-83.41252291376269,-0.22211415530624565,26.677934849416104,37232.88951081717,-22.9233301850432
US30,5min+1h_e20_hard_hm12_s1.5_t2.5_both,5min,1h,20.0,hard,0.0,12.0,1.5,2.5,0.0,0.0,both,all,4415,-80.06324489276217,0.9385823326217702,36.44394110985277,-80.22326982560179,-0.5531769534626306,11.829445073612684,19936.75510723782,-24.09477018737408
US30,5min+1h_e20_hard_hm12_s1.5_t2.5_long,5min,1h,20.0,hard,0.0,12.0,1.5,2.5,0.0,0.0,long,all,4551,-80.19229832495441,0.9716726264941874,36.54141946824873,-90.65557391126382,-0.5743832021933031,12.459019995605361,19807.7016750456,-24.466308126503215
US30,5min+1h_e20_hard_hm12_s1.5_t3.5_both,5min,1h,20.0,hard,0.0,12.0,1.5,3.5,0.0,0.0,both,all,3901,-80.0001696438817,0.9502500977318418,29.300179441168932,-81.9295879418566,-0.5015927302297395,17.346834145091,19999.8303561183,-24.053954154444536
US30,5min+1h_e20_hard_hm12_s1.5_t3.5_long,5min,1h,20.0,hard,0.0,12.0,1.5,3.5,0.0,0.0,long,all,4573,-62.746154441827095,0.9861058260603975,29.849114366936366,-87.46289293626046,-0.17463152589691483,18.861578832276404,37253.8455581729,-23.00504461881788
US30,5min+1h_e20_hard_hm12_s2.0_t4.0_both,5min,1h,20.0,hard,0.0,12.0,2.0,4.0,0.0,0.0,both,all,5049,-80.17481251466532,0.9575110532054996,33.05605070310953,-82.58322515446007,-0.48882152176921206,27.953456129926717,19825.187485334678,-24.049776156405084
US30,5min+1h_e20_hard_hm12_s2.0_t4.0_long,5min,1h,20.0,hard,0.0,12.0,2.0,4.0,0.0,0.0,long,all,3684,-43.3528544243489,0.9857356857455059,33.414766558089035,-74.13345247393333,-0.10237432672170754,29.987513572204126,56647.145575651106,-21.588674551650087
US30,5min+1h_e20_hard_hm25_s1.5_t2.5_both,5min,1h,20.0,hard,0.0,25.0,1.5,2.5,0.0,0.0,both,all,3863,-80.01257214870866,0.9427078563006269,36.26714988351023,-80.38429847813923,-0.6520973029420728,12.40952627491587,19987.427851291337,-24.23725113873546
US30,5min+1h_e20_hard_hm25_s1.5_t2.5_long,5min,1h,20.0,hard,0.0,25.0,1.5,2.5,0.0,0.0,long,all,4021,-74.98676681827759,0.9703103847849237,36.55807013180801,-88.30988724645138,-0.5104283651580034,13.419298681919921,25013.23318172241,-24.071732748363853
US30,5min+1h_e20_hard_hm25_s1.5_t3.5_both,5min,1h,20.0,hard,0.0,25.0,1.5,3.5,0.0,0.0,both,all,3786,-80.0477778556199,0.9524407054178947,29.212889593238245,-82.3079854747183,-0.525811870473233,18.648969889064976,19952.222144380103,-24.10184657537864
US30,5min+1h_e20_hard_hm25_s1.5_t3.5_long,5min,1h,20.0,hard,0.0,25.0,1.5,3.5,0.0,0.0,long,all,3519,-29.262327695623302,0.9919648360103922,30.15061096902529,-75.72316777132946,0.027491968676122722,20.414322250639387,70737.6723043767,-20.878269775637946
US30,5min+1h_e20_hard_hm25_s2.0_t4.0_both,5min,1h,20.0,hard,0.0,25.0,2.0,4.0,0.0,0.0,both,all,4266,-80.08749737224373,0.9582151820988267,32.723863103609936,-83.50576054844943,-0.5412273542350735,30.317158931082982,19912.50262775627,-24.160033392933272
US30,5min+1h_e20_hard_hm25_s2.0_t4.0_long,5min,1h,20.0,hard,0.0,25.0,2.0,4.0,0.0,0.0,long,all,2889,-7.955154949479537,0.9971476763165505,33.78331602630668,-59.23444063382439,0.10638628600476518,32.39598476981654,92044.84505052047,-19.235135203533634
US30,5min+1h_e20_neg_hm0_s1.5_t2.5_both,5min,1h,20.0,neg,10.0,0.0,1.5,2.5,0.0,0.0,both,all,2615,-80.0897799304701,0.8437874708044713,42.98279158699809,-80.21236310017495,-1.3918188609823394,2.7793499043977055,19910.220069529892,-25.002617044214624
US30,5min+1h_e20_neg_hm0_s1.5_t2.5_long,5min,1h,20.0,neg,10.0,0.0,1.5,2.5,0.0,0.0,long,all,2774,-80.00526057631129,0.8650453842088706,42.39365537130497,-80.33304318981439,-1.3468923052892685,2.573179524152848,19994.739423688712,-24.95091869012285
US30,5min+1h_e20_neg_hm0_s1.5_t3.5_both,5min,1h,20.0,neg,10.0,0.0,1.5,3.5,0.0,0.0,both,all,2579,-80.19869093159406,0.8393279713444557,42.57464133385033,-80.44880809552623,-1.3438144905009832,2.931756494765413,19801.309068405943,-25.027580032723673
US30,5min+1h_e20_neg_hm0_s1.5_t3.5_long,5min,1h,20.0,neg,10.0,0.0,1.5,3.5,0.0,0.0,long,all,2865,-80.04394317646893,0.87129936883581,41.8499127399651,-80.49896727342241,-1.2580577309602483,2.751134380453752,19956.05682353108,-24.94346799590613
US30,5min+1h_e20_neg_hm0_s2.0_t4.0_both,5min,1h,20.0,neg,10.0,0.0,2.0,4.0,0.0,0.0,both,all,2926,-80.00774054797051,0.8482186496118482,43.91660970608339,-80.32640298519877,-1.5712965186911552,3.3260423786739577,19992.2594520295,-24.992819117297152
US30,5min+1h_e20_neg_hm0_s2.0_t4.0_long,5min,1h,20.0,neg,10.0,0.0,2.0,4.0,0.0,0.0,long,all,3395,-80.06295567928275,0.8666981904213933,43.41678939617084,-80.48174804432556,-1.4416511226093844,3.093078055964654,19937.044320717247,-24.955042672890848
US30,5min+1h_e20_neg_hm12_s1.5_t2.5_both,5min,1h,20.0,neg,10.0,12.0,1.5,2.5,0.0,0.0,both,all,2405,-80.18819436135271,0.8524393336119026,42.86902286902287,-80.31613945489589,-1.4619579911895748,2.883160083160083,19811.80563864729,-24.989075018620188
US30,5min+1h_e20_neg_hm12_s1.5_t2.5_long,5min,1h,20.0,neg,10.0,12.0,1.5,2.5,0.0,0.0,long,all,4056,-80.01883583093732,0.9107253969610177,43.68836291913215,-80.34639589928261,-1.0891979536285186,2.6622287968441816,19981.164169062686,-24.837795776806253
US30,5min+1h_e20_neg_hm12_s1.5_t3.5_both,5min,1h,20.0,neg,10.0,12.0,1.5,3.5,0.0,0.0,both,all,2375,-80.0165797397684,0.8482948914030292,42.48421052631579,-80.27497753407206,-1.4240470972311317,3.0391578947368423,19983.420260231596,-24.990925062446046
US30,5min+1h_e20_neg_hm12_s1.5_t3.5_long,5min,1h,20.0,neg,10.0,12.0,1.5,3.5,0.0,0.0,long,all,4205,-80.04651515617508,0.9179375139479916,43.23424494649227,-80.98745852564704,-1.0040599192039572,2.8387633769322234,19953.48484382493,-24.846515162402905
US30,5min+1h_e20_neg_hm12_s2.0_t4.0_both,5min,1h,20.0,neg,10.0,12.0,2.0,4.0,0.0,0.0,both,all,2907,-80.0292263966372,0.8497481943039112,43.92844857241142,-80.43502911865669,-1.6351354674710177,3.454420364637083,19970.7736033628,-24.99419973485198
US30,5min+1h_e20_neg_hm12_s2.0_t4.0_long,5min,1h,20.0,neg,10.0,12.0,2.0,4.0,0.0,0.0,long,all,4529,-80.01680409443946,0.9074979968668758,44.91057628615589,-81.93828022348092,-1.2599512290652248,3.1947449768160743,19983.195905560533,-24.909458380549626
US30,5min+1h_e20_neg_hm25_s1.5_t2.5_both,5min,1h,20.0,neg,10.0,25.0,1.5,2.5,0.0,0.0,both,all,2286,-80.02223595337342,0.8457580800204872,42.344706911636045,-80.02223595337342,-1.5165929907854514,2.9356955380577427,19977.76404662658,-24.987383676218656
US30,5min+1h_e20_neg_hm25_s1.5_t2.5_long,5min,1h,20.0,neg,10.0,25.0,1.5,2.5,0.0,0.0,long,all,3652,-80.18927170583771,0.9058923047159626,43.83899233296824,-82.05064280751115,-1.1779596537977444,2.6903066812705365,19810.72829416228,-24.92486581874405
US30,5min+1h_e20_neg_hm25_s1.5_t3.5_both,5min,1h,20.0,neg,10.0,25.0,1.5,3.5,0.0,0.0,both,all,2262,-80.18666343801195,0.8440371948457073,41.99823165340407,-80.18666343801195,-1.499360727409561,3.0831122900088417,19813.336561988053,-25.004840087926688
US30,5min+1h_e20_neg_hm25_s1.5_t3.5_long,5min,1h,20.0,neg,10.0,25.0,1.5,3.5,0.0,0.0,long,all,3734,-80.18668928922649,0.9134069679691008,43.22442420996251,-83.15244837982172,-1.0889417576729905,2.8615425816818427,19813.31071077351,-24.95004808683918
US30,5min+1h_e20_neg_hm25_s2.0_t4.0_both,5min,1h,20.0,neg,10.0,25.0,2.0,4.0,0.0,0.0,both,all,3637,-80.16345357042482,0.8630128153944814,44.51470992576299,-80.46643460313216,-1.4546698270394613,3.480065988452021,19836.546429575188,-24.967663488456076
US30,5min+1h_e20_neg_hm25_s2.0_t4.0_long,5min,1h,20.0,neg,10.0,25.0,2.0,4.0,0.0,0.0,long,all,3857,-80.02957697151355,0.8998646763343255,44.77573243453461,-82.63880209916091,-1.3876098877520389,3.218822919367384,19970.42302848645,-24.957073471991166
US30,5min+1h_e25_zero_hm0_s1.5_t2.5_both,5min,1h,25.0,zero,0.0,0.0,1.5,2.5,0.0,0.0,both,all,2123,-80.09396325709292,0.801991248602771,43.42910975035328,-80.10656133394873,-1.8280556373630212,2.037682524729157,19906.03674290707,-25.10304286213474
US30,5min+1h_e25_zero_hm0_s1.5_t2.5_long,5min,1h,25.0,zero,0.0,0.0,1.5,2.5,0.0,0.0,long,all,2482,-80.0058865062576,0.8246235262581298,43.39242546333602,-80.74475405483173,-1.6704426564467334,1.7082997582594681,19994.113493742407,-25.06846680679825
US30,5min+1h_e25_zero_hm0_s1.5_t3.5_both,5min,1h,25.0,zero,0.0,0.0,1.5,3.5,0.0,0.0,both,all,1964,-80.034567112219,0.7892225904271574,43.228105906313644,-80.04720277954084,-1.8901865977560273,2.121181262729124,19965.432887781004,-25.1302143196025
US30,5min+1h_e25_zero_hm0_s1.5_t3.5_long,5min,1h,25.0,zero,0.0,0.0,1.5,3.5,0.0,0.0,long,all,2514,-80.04784947199506,0.8238716238799707,42.99920445505171,-80.57427689880099,-1.6140922771548347,1.7939538583929993,19952.15052800493,-25.065205995131915
US30,5min+1h_e25_zero_hm0_s2.0_t4.0_both,5min,1h,25.0,zero,0.0,0.0,2.0,4.0,0.0,0.0,both,all,2581,-80.06301973629073,0.7885935971116327,43.897714064316155,-80.47185362761415,-1.956150403946835,2.352963967454475,19936.980263709273,-25.149910941777115
US30,5min+1h_e25_zero_hm0_s2.0_t4.0_long,5min,1h,25.0,zero,0.0,0.0,2.0,4.0,0.0,0.0,long,all,2939,-80.18592595403433,0.8109874258999078,43.38210275603947,-80.87276187816634,-1.808438800722627,1.9710785981626404,19814.074045965663,-25.11487894853826
US30,5min+1h_e25_zero_hm12_s1.5_t2.5_both,5min,1h,25.0,zero,0.0,12.0,1.5,2.5,0.0,0.0,both,all,2038,-80.00302216283816,0.7942377085027712,42.98331697742885,-80.14187821423042,-1.8105022543798446,2.060843964671246,19996.977837161827,-25.120201743825817
US30,5min+1h_e25_zero_hm12_s1.5_t2.5_long,5min,1h,25.0,zero,0.0,12.0,1.5,2.5,0.0,0.0,long,all,2931,-80.00745903106363,0.8478742286892659,44.21699078812692,-80.34482143076526,-1.4540355522534576,1.7492323439099284,19992.540968936362,-24.994405646749993
US30,5min+1h_e25_zero_hm12_s1.5_t3.5_both,5min,1h,25.0,zero,0.0,12.0,1.5,3.5,0.0,0.0,both,all,1999,-80.08966479942,0.7872402414342785,42.72136068034017,-80.22791921718061,-1.7777829017523243,2.134067033516758,19910.33520057999,-25.144602757078328
US30,5min+1h_e25_zero_hm12_s1.5_t3.5_long,5min,1h,25.0,zero,0.0,12.0,1.5,3.5,0.0,0.0,long,all,3899,-80.10422631298994,0.8684627198410757,44.19081815850218,-80.43995582158013,-1.169247958187917,1.849705052577584,19895.773687010067,-24.950610485780114
US30,5min+1h_e25_zero_hm12_s2.0_t4.0_both,5min,1h,25.0,zero,0.0,12.0,2.0,4.0,0.0,0.0,both,all,2280,-80.07410163467745,0.7751473258050919,43.46491228070175,-80.45226117885555,-2.177712255758453,2.356578947368421,19925.89836532255,-25.18318619802859
US30,5min+1h_e25_zero_hm12_s2.0_t4.0_long,5min,1h,25.0,zero,0.0,12.0,2.0,4.0,0.0,0.0,long,all,4213,-80.06483501825194,0.8577845910732992,44.83740802278661,-80.31786657106615,-1.4967913895945912,2.027296463327795,19935.16498174806,-24.970846585889475
US30,5min+1h_e25_zero_hm25_s1.5_t2.5_both,5min,1h,25.0,zero,0.0,25.0,1.5,2.5,0.0,0.0,both,all,2128,-80.05164200151152,0.7990920959960949,42.62218045112782,-80.1097103353193,-1.7004499953628214,2.088345864661654,19948.357998488475,-25.108723853482996
US30,5min+1h_e25_zero_hm25_s1.5_t2.5_long,5min,1h,25.0,zero,0.0,25.0,1.5,2.5,0.0,0.0,long,all,3405,-80.01054213156405,0.8688302377947376,44.287812041116005,-80.06873010433999,-1.3043979862205493,1.7770925110132159,19989.45786843596,-24.93109529494932
US30,5min+1h_e25_zero_hm25_s1.5_t3.5_both,5min,1h,25.0,zero,0.0,25.0,1.5,3.5,0.0,0.0,both,all,2136,-80.16397531318052,0.7992469563469047,42.60299625468165,-80.22171665224315,-1.6753180985403886,2.166198501872659,19836.024686819488,-25.117310287749685
US30,5min+1h_e25_zero_hm25_s1.5_t3.5_long,5min,1h,25.0,zero,0.0,25.0,1.5,3.5,0.0,0.0,long,all,3382,-80.19762983689048,0.8746290708301586,43.99763453577765,-80.25527320988908,-1.2517566071518937,1.86428149024246,19802.37016310952,-24.931543444795786
US30,5min+1h_e25_zero_hm25_s2.0_t4.0_both,5min,1h,25.0,zero,0.0,25.0,2.0,4.0,0.0,0.0,both,all,2398,-80.0920504374611,0.7900901870493049,43.41117597998332,-80.2273736610912,-2.0061369971319,2.365721434528774,19907.949562538903,-25.13755149631883
US30,5min+1h_e25_zero_hm25_s2.0_t4.0_long,5min,1h,25.0,zero,0.0,25.0,2.0,4.0,0.0,0.0,long,all,3678,-80.05192914433755,0.8589801846167231,44.83414899401849,-80.58261843760761,-1.5832600690990712,2.0331702011963024,19948.070855662445,-24.977931441736
US30,5min+1h_e25_hard_hm0_s1.5_t2.5_both,5min,1h,25.0,hard,0.0,0.0,1.5,2.5,0.0,0.0,both,all,2922,-80.10212489662977,0.9183458653922596,36.07118412046543,-80.28802370340273,-0.7871318269678782,10.172826830937714,19897.875103370217,-24.50043902097247
US30,5min+1h_e25_hard_hm0_s1.5_t2.5_long,5min,1h,25.0,hard,0.0,0.0,1.5,2.5,0.0,0.0,long,all,5590,-80.00679702498385,0.9645039932056269,36.833631484794275,-81.45482902206054,-0.4824419262495833,11.532379248658318,19993.202975016146,-23.970867948242084
US30,5min+1h_e25_hard_hm0_s1.5_t3.5_both,5min,1h,25.0,hard,0.0,0.0,1.5,3.5,0.0,0.0,both,all,2753,-80.12384751648304,0.9395392424696799,29.422448238285508,-83.07653728228966,-0.6868412310010037,14.339266254994552,19876.15248351696,-24.409429132278213
US30,5min+1h_e25_hard_hm0_s1.5_t3.5_long,5min,1h,25.0,hard,0.0,0.0,1.5,3.5,0.0,0.0,long,all,4957,-80.1108573637017,0.9770241379190887,29.65503328626185,-89.29752960655362,-0.4057757640982395,16.899132539842647,19889.1426362983,-24.14243878015985
US30,5min+1h_e25_hard_hm0_s2.0_t4.0_both,5min,1h,25.0,hard,0.0,0.0,2.0,4.0,0.0,0.0,both,all,4867,-80.12687741169981,0.9577975261372746,33.531949866447505,-83.90852955713383,-0.5107546341235231,23.380110951304705,19873.122588300186,-24.133054414595446
US30,5min+1h_e25_hard_hm0_s2.0_t4.0_long,5min,1h,25.0,hard,0.0,0.0,2.0,4.0,0.0,0.0,long,all,4802,-60.16799168929734,0.9841301155164737,33.444398167430236,-83.41118827866771,-0.20543184912942333,26.889629321116203,39832.008310702666,-22.790989683621554
US30,5min+1h_e25_hard_hm12_s1.5_t2.5_both,5min,1h,25.0,hard,0.0,12.0,1.5,2.5,0.0,0.0,both,all,3075,-80.06636411251921,0.9194394001911378,35.86991869918699,-80.19509598859337,-0.7389858774465373,11.4130081300813,19933.635887480777,-24.420338719736463
US30,5min+1h_e25_hard_hm12_s1.5_t2.5_long,5min,1h,25.0,hard,0.0,12.0,1.5,2.5,0.0,0.0,long,all,4462,-80.17891279232052,0.9682393234943841,36.48588077095473,-87.80949996549445,-0.5617700443085714,12.491707754370237,19821.08720767949,-24.341593268039496
US30,5min+1h_e25_hard_hm12_s1.5_t3.5_both,5min,1h,25.0,hard,0.0,12.0,1.5,3.5,0.0,0.0,both,all,3684,-80.06668211046475,0.9409323158391204,29.261672095548317,-81.6968953423594,-0.5254591202012995,17.20439739413681,19933.317889535247,-24.106400988817114
US30,5min+1h_e25_hard_hm12_s1.5_t3.5_long,5min,1h,25.0,hard,0.0,12.0,1.5,3.5,0.0,0.0,long,all,4367,-80.05440040684734,0.9750179118611428,29.333638653537896,-89.92987778200843,-0.4625006029089373,18.64323334096634,19945.59959315266,-24.25557725226478
US30,5min+1h_e25_hard_hm12_s2.0_t4.0_both,5min,1h,25.0,hard,0.0,12.0,2.0,4.0,0.0,0.0,both,all,3507,-80.12478769097582,0.936425909167678,32.563444539492444,-81.9069667438679,-0.6524279687640411,27.041060735671515,19875.212309024188,-24.318847357620616
US30,5min+1h_e25_hard_hm12_s2.0_t4.0_long,5min,1h,25.0,hard,0.0,12.0,2.0,4.0,0.0,0.0,long,all,3617,-41.97205591539799,0.984002695224288,33.37019629527232,-74.61456043482262,-0.10272420346246885,30.3126900746475,58027.944084602015,-21.557544221141807
US30,5min+1h_e25_hard_hm25_s1.5_t2.5_both,5min,1h,25.0,hard,0.0,25.0,1.5,2.5,0.0,0.0,both,all,3627,-80.1677753741356,0.93299762737311,36.14557485525228,-80.1677753741356,-0.664473893290604,12.574579542321478,19832.224625864397,-24.27763880143398
US30,5min+1h_e25_hard_hm25_s1.5_t2.5_long,5min,1h,25.0,hard,0.0,25.0,1.5,2.5,0.0,0.0,long,all,3906,-73.63241242908927,0.9680866658447523,36.55913978494624,-85.86341636633577,-0.49264523641119395,13.42831541218638,26367.587570910728,-23.898584341821913
US30,5min+1h_e25_hard_hm25_s1.5_t3.5_both,5min,1h,25.0,hard,0.0,25.0,1.5,3.5,0.0,0.0,both,all,3321,-80.01931890637225,0.9444067954851675,29.02740138512496,-80.95456869110438,-0.5726905182788605,18.24781692261367,19980.681093627747,-24.13697429260444
US30,5min+1h_e25_hard_hm25_s1.5_t3.5_long,5min,1h,25.0,hard,0.0,25.0,1.5,3.5,0.0,0.0,long,all,3452,-51.57959203285974,0.9830624460691924,29.808806488991888,-78.92254360434347,-0.15864689410406413,20.272305909617614,48420.40796714026,-22.200399651471244
US30,5min+1h_e25_hard_hm25_s2.0_t4.0_both,5min,1h,25.0,hard,0.0,25.0,2.0,4.0,0.0,0.0,both,all,3822,-80.07705993598404,0.9388567895337735,32.522239665096805,-81.34175397584494,-0.5880801334508159,30.3712715855573,19922.940064015962,-24.19173078281495
US30,5min+1h_e25_hard_hm25_s2.0_t4.0_long,5min,1h,25.0,hard,0.0,25.0,2.0,4.0,0.0,0.0,long,all,2845,-13.561331291016753,0.9940349897236396,33.67311072056239,-55.824960299900674,0.06665013713062565,32.419683655536026,86438.66870898324,-19.39038898363166
US30,5min+1h_e25_neg_hm0_s1.5_t2.5_both,5min,1h,25.0,neg,10.0,0.0,1.5,2.5,0.0,0.0,both,all,2466,-80.00972002555484,0.8397313849569663,43.63341443633414,-80.09646439577787,-1.528632161209201,2.6577453365774533,19990.27997444516,-25.004918914460895
US30,5min+1h_e25_neg_hm0_s1.5_t2.5_long,5min,1h,25.0,neg,10.0,0.0,1.5,2.5,0.0,0.0,long,all,2583,-80.02690413509163,0.8524367389888791,43.20557491289198,-80.35433193615572,-1.4922171429411089,2.3712737127371275,19973.095864908373,-24.984157595377695
US30,5min+1h_e25_neg_hm0_s1.5_t3.5_both,5min,1h,25.0,neg,10.0,0.0,1.5,3.5,0.0,0.0,both,all,2218,-80.09346095603192,0.828328467389266,43.237150586113614,-80.30896349777261,-1.5881643882839405,2.7948602344454465,19906.539043968085,-25.045275809679016
US30,5min+1h_e25_neg_hm0_s1.5_t3.5_long,5min,1h,25.0,neg,10.0,0.0,1.5,3.5,0.0,0.0,long,all,2631,-80.13085461405909,0.8559801833572537,42.87343215507411,-80.58389701699586,-1.4309932046282434,2.513873052071456,19869.145385940905,-24.988639606849063
US30,5min+1h_e25_neg_hm0_s2.0_t4.0_both,5min,1h,25.0,neg,10.0,0.0,2.0,4.0,0.0,0.0,both,all,2656,-80.04128114702492,0.8250240281422215,44.27710843373494,-80.33250695206253,-1.762410970525528,3.1769578313253013,19958.71885297509,-25.052391453607946
US30,5min+1h_e25_neg_hm0_s2.0_t4.0_long,5min,1h,25.0,neg,10.0,0.0,2.0,4.0,0.0,0.0,long,all,3066,-80.08932577695785,0.8429535502852047,44.35746901500326,-80.47973115388022,-1.606073539144087,2.839856490541422,19910.674223042162,-25.01537840152051
US30,5min+1h_e25_neg_hm12_s1.5_t2.5_both,5min,1h,25.0,neg,10.0,12.0,1.5,2.5,0.0,0.0,both,all,2174,-80.06282989948589,0.8331081071310579,43.192272309107636,-80.19158459958857,-1.612759246511726,2.763109475620975,19937.170100514115,-25.027406312135334
US30,5min+1h_e25_neg_hm12_s1.5_t2.5_long,5min,1h,25.0,neg,10.0,12.0,1.5,2.5,0.0,0.0,long,all,3733,-80.02760593322394,0.8835033630614657,44.628984730779536,-80.3550222294006,-1.199189909973838,2.4650415215644252,19972.394066776065,-24.906546718851317
US30,5min+1h_e25_neg_hm12_s1.5_t3.5_both,5min,1h,25.0,neg,10.0,12.0,1.5,3.5,0.0,0.0,both,all,2140,-80.07150929626142,0.8292798028905161,42.89719626168224,-80.32919681794634,-1.5855626618821264,2.9,19928.49070373858,-25.04282873734202
US30,5min+1h_e25_neg_hm12_s1.5_t3.5_long,5min,1h,25.0,neg,10.0,12.0,1.5,3.5,0.0,0.0,long,all,3691,-80.0846499886305,0.8901866902821157,44.16147385532376,-80.53874591722851,-1.123498204716387,2.614467623950149,19915.350011369497,-24.899469110529072
US30,5min+1h_e25_neg_hm12_s2.0_t4.0_both,5min,1h,25.0,neg,10.0,12.0,2.0,4.0,0.0,0.0,both,all,2585,-80.04098671173747,0.8217153813495366,44.10058027079304,-80.50247450230512,-1.769275430355672,3.303288201160542,19959.013288262522,-25.067449995187864
US30,5min+1h_e25_neg_hm12_s2.0_t4.0_long,5min,1h,25.0,neg,10.0,12.0,2.0,4.0,0.0,0.0,long,all,3934,-80.01336019967837,0.8787708568582625,45.39908490086426,-81.06660445237148,-1.409776727262583,2.9471276054905946,19986.63980032162,-24.94627144393634
US30,5min+1h_e25_neg_hm25_s1.5_t2.5_both,5min,1h,25.0,neg,10.0,25.0,1.5,2.5,0.0,0.0,both,all,2117,-80.07410070020492,0.8319209483103386,42.93811998110534,-80.07410070020492,-1.6307670597532413,2.810108644307983,19925.899299795077,-25.026125685240547
US30,5min+1h_e25_neg_hm25_s1.5_t2.5_long,5min,1h,25.0,neg,10.0,25.0,1.5,2.5,0.0,0.0,long,all,3415,-80.00709098758897,0.8864115148565148,44.45095168374817,-80.43381195685922,-1.2349069573595348,2.4612005856515373,19992.909012411033,-24.90160733063664
US30,5min+1h_e25_neg_hm25_s1.5_t3.5_both,5min,1h,25.0,neg,10.0,25.0,1.5,3.5,0.0,0.0,both,all,2129,-80.02968965770717,0.8348953439854236,42.649131047440115,-80.02968965770717,-1.578990064407223,2.9384687646782526,19970.310342292833,-25.015136812653015
US30,5min+1h_e25_neg_hm25_s1.5_t3.5_long,5min,1h,25.0,neg,10.0,25.0,1.5,3.5,0.0,0.0,long,all,3469,-80.19606824163567,0.8949623875290975,44.07610262323436,-81.99436203725166,-1.1559896419450573,2.607091380801384,19803.931758364328,-24.95021124233275
US30,5min+1h_e25_neg_hm25_s2.0_t4.0_both,5min,1h,25.0,neg,10.0,25.0,2.0,4.0,0.0,0.0,both,all,2647,-80.05550065848026,0.8307599652187593,44.50321118247072,-80.28346912701308,-1.7618655870549245,3.3324518322629393,19944.499341519753,-25.036658878372837
US30,5min+1h_e25_neg_hm25_s2.0_t4.0_long,5min,1h,25.0,neg,10.0,25.0,2.0,4.0,0.0,0.0,long,all,3678,-80.15894956429568,0.8809618681264774,45.51386623164763,-81.66859978663278,-1.4643401500084043,2.9622077215878195,19841.05043570433,-24.970697303720947
US30,5min+1h_e35_zero_hm0_s1.5_t2.5_both,5min,1h,35.0,zero,0.0,0.0,1.5,2.5,0.0,0.0,both,all,2246,-80.12908119695713,0.8134435653962445,43.90026714158504,-80.39879795122549,-1.6918466200444824,2.0307212822796084,19870.918803042867,-25.087506252436693
US30,5min+1h_e35_zero_hm0_s1.5_t2.5_long,5min,1h,35.0,zero,0.0,0.0,1.5,2.5,0.0,0.0,long,all,2488,-80.09479634696946,0.8414209495705788,43.569131832797424,-81.22034905110354,-1.616224931035669,1.5968649517684887,19905.20365303053,-25.049053441996474
US30,5min+1h_e35_zero_hm0_s1.5_t3.5_both,5min,1h,35.0,zero,0.0,0.0,1.5,3.5,0.0,0.0,both,all,2202,-80.0456542630221,0.7987859692698869,43.91462306993642,-80.12617670307895,-1.704312763627816,2.120799273387829,19954.3457369779,-25.109908315469326
US30,5min+1h_e35_zero_hm0_s1.5_t3.5_long,5min,1h,35.0,zero,0.0,0.0,1.5,3.5,0.0,0.0,long,all,2489,-80.16957808592714,0.8358825171881956,43.27038971474488,-80.62868142815333,-1.5576137171051576,1.6729610285255123,19830.421914072864,-25.04222408759273
US30,5min+1h_e35_zero_hm0_s2.0_t4.0_both,5min,1h,35.0,zero,0.0,0.0,2.0,4.0,0.0,0.0,both,all,2500,-80.08841959230155,0.7861735920965719,44.44,-80.46840374113646,-2.0013454705155724,2.326,19911.58040769845,-25.15683895309609
US30,5min+1h_e35_zero_hm0_s2.0_t4.0_long,5min,1h,35.0,zero,0.0,0.0,2.0,4.0,0.0,0.0,long,all,2932,-80.12680873202476,0.8081529586618779,44.44065484311051,-80.69404918483387,-1.8570171597566816,1.8270804911323328,19873.19126797525,-25.11245192001965
US30,5min+1h_e35_zero_hm12_s1.5_t2.5_both,5min,1h,35.0,zero,0.0,12.0,1.5,2.5,0.0,0.0,both,all,1982,-80.05550764647995,0.8039930457707641,43.69323915237134,-80.20601510719784,-1.7849491479828625,2.047931382441978,19944.492353520043,-25.1004782957202
US30,5min+1h_e35_zero_hm12_s1.5_t2.5_long,5min,1h,35.0,zero,0.0,12.0,1.5,2.5,0.0,0.0,long,all,3499,-80.03845030255135,0.8729992344221233,44.527007716490424,-80.60653544247442,-1.3523677306606252,1.6418976850528721,19961.549697448645,-24.943301343745723
US30,5min+1h_e35_zero_hm12_s1.5_t3.5_both,5min,1h,35.0,zero,0.0,12.0,1.5,3.5,0.0,0.0,both,all,1977,-80.04984464041576,0.7985014648483882,43.651997976732424,-80.2003948359723,-1.7611835709496302,2.118361153262519,19950.15535958424,-25.11375591693455
US30,5min+1h_e35_zero_hm12_s1.5_t3.5_long,5min,1h,35.0,zero,0.0,12.0,1.5,3.5,0.0,0.0,long,all,3478,-80.19768396970065,0.8748540729102182,44.24956871765382,-80.54364733759243,-1.2756028449874812,1.7199539965497412,19802.316030299353,-24.942518070016177
US30,5min+1h_e35_zero_hm12_s2.0_t4.0_both,5min,1h,35.0,zero,0.0,12.0,2.0,4.0,0.0,0.0,both,all,2307,-80.15668441120776,0.7732408773410877,44.083224967490246,-80.54213554034814,-2.0701071524600914,2.3077589943649763,19843.31558879224,-25.19485060470952
US30,5min+1h_e35_zero_hm12_s2.0_t4.0_long,5min,1h,35.0,zero,0.0,12.0,2.0,4.0,0.0,0.0,long,all,3574,-80.08432330009008,0.8431696347608204,44.68382764409625,-80.34605563078978,-1.6079159629254214,1.859541130386122,19915.676699909924,-25.009291070333145
US30,5min+1h_e35_zero_hm25_s1.5_t2.5_both,5min,1h,35.0,zero,0.0,25.0,1.5,2.5,0.0,0.0,both,all,2012,-80.14582943834434,0.7966515007449569,43.09145129224652,-80.20362359883305,-1.7533982122936882,2.0497017892644136,19854.170561655654,-25.122349369624704
US30,5min+1h_e35_zero_hm25_s1.5_t2.5_long,5min,1h,35.0,zero,0.0,25.0,1.5,2.5,0.0,0.0,long,all,3138,-80.03072374490698,0.8678445481223587,43.94518801784576,-80.4012481742249,-1.4003353132399077,1.6491395793499044,19969.27625509302,-24.94766750645938
US30,5min+1h_e35_zero_hm25_s1.5_t3.5_both,5min,1h,35.0,zero,0.0,25.0,1.5,3.5,0.0,0.0,both,all,2038,-80.05971310600586,0.7962788306852412,43.08145240431796,-80.11775794536914,-1.7030129802807485,2.11432777232581,19940.286893994136,-25.116401765341898
US30,5min+1h_e35_zero_hm25_s1.5_t3.5_long,5min,1h,35.0,zero,0.0,25.0,1.5,3.5,0.0,0.0,long,all,3131,-80.0046653461631,0.8709951800823467,43.72404982433727,-80.62824768252189,-1.3470622190258104,1.723730437559885,19995.334653836904,-24.94782857094153
US30,5min+1h_e35_zero_hm25_s2.0_t4.0_both,5min,1h,35.0,zero,0.0,25.0,2.0,4.0,0.0,0.0,both,all,2372,-80.02901046318453,0.7784509487548349,44.139966273187184,-80.08731926130699,-1.9851473874597432,2.3288364249578413,19970.989536815465,-25.158525817092574
US30,5min+1h_e35_zero_hm25_s2.0_t4.0_long,5min,1h,35.0,zero,0.0,25.0,2.0,4.0,0.0,0.0,long,all,3426,-80.00821939766449,0.8435465129778401,44.483362521891415,-80.07917326991507,-1.6677930691017901,1.8645650904845301,19991.780602335508,-24.994629424258584
US30,5min+1h_e35_hard_hm0_s1.5_t2.5_both,5min,1h,35.0,hard,0.0,0.0,1.5,2.5,0.0,0.0,both,all,3040,-80.01102967966686,0.9359829361274794,36.05263157894737,-82.34058391231892,-0.7438190526846259,10.040131578947369,19988.970320333137,-24.469835782387673
US30,5min+1h_e35_hard_hm0_s1.5_t2.5_long,5min,1h,35.0,hard,0.0,0.0,1.5,2.5,0.0,0.0,long,all,5381,-80.12811548519683,0.9706935657764917,36.75896673480766,-86.2277609269232,-0.4831984485302196,11.204980486898346,19871.88451480318,-24.1522988148389
US30,5min+1h_e35_hard_hm0_s1.5_t3.5_both,5min,1h,35.0,hard,0.0,0.0,1.5,3.5,0.0,0.0,both,all,3716,-80.13340519116706,0.9554642162370486,29.682454251883748,-87.59579144873825,-0.5437596530042701,14.083153928955866,19866.594808832935,-24.336146804509998
US30,5min+1h_e35_hard_hm0_s1.5_t3.5_long,5min,1h,35.0,hard,0.0,0.0,1.5,3.5,0.0,0.0,long,all,4795,-80.1214496764823,0.9758442629690545,29.572471324296142,-90.70233663528528,-0.38312947245100404,16.377267987486967,19878.5503235177,-24.168035003724572
US30,5min+1h_e35_hard_hm0_s2.0_t4.0_both,5min,1h,35.0,hard,0.0,0.0,2.0,4.0,0.0,0.0,both,all,4086,-80.09714905583614,0.9490646065608619,33.21096426823299,-84.99225589599493,-0.5577408997959996,22.84997552618698,19902.850944163863,-24.267526031365087
US30,5min+1h_e35_hard_hm0_s2.0_t4.0_long,5min,1h,35.0,hard,0.0,0.0,2.0,4.0,0.0,0.0,long,all,4729,-41.42024445445804,0.9876856136818624,33.7280609008247,-74.48306380551477,-0.03134574580070705,25.656375555085642,58579.75554554196,-21.413936914895316
US30,5min+1h_e35_hard_hm12_s1.5_t2.5_both,5min,1h,35.0,hard,0.0,12.0,1.5,2.5,0.0,0.0,both,all,4078,-80.05540022005152,0.9421774738419153,36.36586562040216,-81.53654050689923,-0.5657215276530949,11.654487493869544,19944.599779948472,-24.156816235952885
US30,5min+1h_e35_hard_hm12_s1.5_t2.5_long,5min,1h,35.0,hard,0.0,12.0,1.5,2.5,0.0,0.0,long,all,4086,-80.10310543310469,0.9679447052002419,36.36808614782183,-89.15228464861373,-0.5354741672148521,11.960352422907489,19896.894566895306,-24.35356509109041
US30,5min+1h_e35_hard_hm12_s1.5_t3.5_both,5min,1h,35.0,hard,0.0,12.0,1.5,3.5,0.0,0.0,both,all,3452,-80.09838389407659,0.9411853525018946,29.113557358053303,-82.56276616079234,-0.5412874394842002,16.67960602549247,19901.61610592342,-24.165413780166322
US30,5min+1h_e35_hard_hm12_s1.5_t3.5_long,5min,1h,35.0,hard,0.0,12.0,1.5,3.5,0.0,0.0,long,all,3936,-80.14552298859763,0.9721139676179795,29.21747967479675,-91.09154449386845,-0.45806072763707295,17.63821138211382,19854.477011402363,-24.306288871709306
US30,5min+1h_e35_hard_hm12_s2.0_t4.0_both,5min,1h,35.0,hard,0.0,12.0,2.0,4.0,0.0,0.0,both,all,3314,-80.00608708690004,0.9345792694125338,32.43814121907061,-82.16642751943499,-0.654401955374306,26.32981291490646,19993.91291309996,-24.332055343783527
US30,5min+1h_e35_hard_hm12_s2.0_t4.0_long,5min,1h,35.0,hard,0.0,12.0,2.0,4.0,0.0,0.0,long,all,3530,5.104277508597055,1.0018717935209116,33.90934844192635,-60.67281012748362,0.19861210997914558,29.028045325779036,105104.27750859706,-18.620143655984464
US30,5min+1h_e35_hard_hm25_s1.5_t2.5_both,5min,1h,35.0,hard,0.0,25.0,1.5,2.5,0.0,0.0,both,all,3348,-80.03001919262496,0.9275438382281704,36.02150537634409,-80.03001919262496,-0.6773938422126351,12.209677419354838,19969.980807375036,-24.299632703158522
US30,5min+1h_e35_hard_hm25_s1.5_t2.5_long,5min,1h,35.0,hard,0.0,25.0,1.5,2.5,0.0,0.0,long,all,3687,-77.63334352538321,0.9608050099402141,36.316788717114186,-85.33868603079864,-0.593377768660891,12.875508543531327,22366.65647461679,-24.206935310388076
US30,5min+1h_e35_hard_hm25_s1.5_t3.5_both,5min,1h,35.0,hard,0.0,25.0,1.5,3.5,0.0,0.0,both,all,3049,-80.19796127020986,0.9386616136277676,28.861921941620203,-81.61922568128311,-0.6090355518341156,17.46999016070843,19802.03872979014,-24.23958677174147
US30,5min+1h_e35_hard_hm25_s1.5_t3.5_long,5min,1h,35.0,hard,0.0,25.0,1.5,3.5,0.0,0.0,long,all,3320,-55.277703628059704,0.9781363181515691,29.698795180722893,-78.43265691472024,-0.19830456768773336,19.27680722891566,44722.2963719403,-22.400530477863875
US30,5min+1h_e35_hard_hm25_s2.0_t4.0_both,5min,1h,35.0,hard,0.0,25.0,2.0,4.0,0.0,0.0,both,all,3026,-80.04742706202417,0.9221799834396973,32.15465961665565,-81.50637489693217,-0.6925963283729218,28.31130204890945,19952.572937975827,-24.395596612318393
US30,5min+1h_e35_hard_hm25_s2.0_t4.0_long,5min,1h,35.0,hard,0.0,25.0,2.0,4.0,0.0,0.0,long,all,2773,-7.862526632212785,0.9962453014027802,33.68193292463037,-53.28318928148293,0.1049953635237825,30.5751893256401,92137.47336778721,-18.997722337755203
US30,5min+1h_e35_neg_hm0_s1.5_t2.5_both,5min,1h,35.0,neg,10.0,0.0,1.5,2.5,0.0,0.0,both,all,2389,-80.05677089316478,0.8374968705384206,43.742151527835915,-80.05677089316478,-1.5437019490730266,2.526998744244454,19943.22910683521,-25.010799495107133
US30,5min+1h_e35_neg_hm0_s1.5_t2.5_long,5min,1h,35.0,neg,10.0,0.0,1.5,2.5,0.0,0.0,long,all,2500,-80.01886349266096,0.8559523373706677,43.72,-80.34642310753537,-1.5884364170965681,2.0464,19981.13650733905,-24.974730620581184
US30,5min+1h_e35_neg_hm0_s1.5_t3.5_both,5min,1h,35.0,neg,10.0,0.0,1.5,3.5,0.0,0.0,both,all,2358,-80.08853049280602,0.8287230218367427,43.51145038167939,-80.16331756625597,-1.5209514925091387,2.6569126378286683,19911.46950719399,-25.038266367770625
US30,5min+1h_e35_neg_hm0_s1.5_t3.5_long,5min,1h,35.0,neg,10.0,0.0,1.5,3.5,0.0,0.0,long,all,2610,-80.14502255427895,0.8587712783531379,43.44827586206897,-80.59774190971886,-1.470550454111467,2.161685823754789,19854.97744572104,-24.98278238267707
US30,5min+1h_e35_neg_hm0_s2.0_t4.0_both,5min,1h,35.0,neg,10.0,0.0,2.0,4.0,0.0,0.0,both,all,2611,-80.16352817131535,0.8179224076538674,44.6189199540406,-80.44238618556987,-1.8552194619580007,3.024894676369207,19836.47182868466,-25.07943055514074
US30,5min+1h_e35_neg_hm0_s2.0_t4.0_long,5min,1h,35.0,neg,10.0,0.0,2.0,4.0,0.0,0.0,long,all,2952,-80.07865744400547,0.8342967296503887,44.68157181571816,-80.46927200392692,-1.7585188188683702,2.4247967479674797,19921.342555994524,-25.036175353791325
US30,5min+1h_e35_neg_hm12_s1.5_t2.5_both,5min,1h,35.0,neg,10.0,12.0,1.5,2.5,0.0,0.0,both,all,2282,-80.04883128021027,0.8366001629290515,43.821209465381244,-80.17767638371612,-1.5636014258281847,2.600788781770377,19951.168719789737,-25.017559899234428
US30,5min+1h_e35_neg_hm12_s1.5_t2.5_long,5min,1h,35.0,neg,10.0,12.0,1.5,2.5,0.0,0.0,long,all,3359,-80.01832701077427,0.8798498971604515,44.89431378386425,-80.57884434216761,-1.3324939549524362,2.106281631437928,19981.672989225728,-24.924262111216546
US30,5min+1h_e35_neg_hm12_s1.5_t3.5_both,5min,1h,35.0,neg,10.0,12.0,1.5,3.5,0.0,0.0,both,all,2277,-80.16698332333992,0.8355523104198416,43.697848045674135,-80.42343630770895,-1.5113927303996333,2.7259552042160737,19833.016676660074,-25.03473600919235
US30,5min+1h_e35_neg_hm12_s1.5_t3.5_long,5min,1h,35.0,neg,10.0,12.0,1.5,3.5,0.0,0.0,long,all,3403,-80.03525789848655,0.8885249726531178,44.63708492506612,-81.58408669149557,-1.2397924361536896,2.2239200705260065,19964.74210151344,-24.94346135196649
US30,5min+1h_e35_neg_hm12_s2.0_t4.0_both,5min,1h,35.0,neg,10.0,12.0,2.0,4.0,0.0,0.0,both,all,2389,-80.0884379584855,0.8100929185404177,44.66303892842193,-80.45925634933178,-1.8954410704340787,3.0389284219338637,19911.56204151449,-25.096675475961646
US30,5min+1h_e35_neg_hm12_s2.0_t4.0_long,5min,1h,35.0,neg,10.0,12.0,2.0,4.0,0.0,0.0,long,all,3516,-80.11365452847481,0.8643457351649952,45.27872582480091,-80.50358287105371,-1.5491595692593014,2.5099544937428897,19886.345471525197,-24.96382515806865
US30,5min+1h_e35_neg_hm25_s1.5_t2.5_both,5min,1h,35.0,neg,10.0,25.0,1.5,2.5,0.0,0.0,both,all,2005,-80.14675688681335,0.821491635835712,43.19201995012469,-80.14675688681335,-1.6922138772243371,2.6104738154613467,19853.24311318665,-25.05801146135579
US30,5min+1h_e35_neg_hm25_s1.5_t2.5_long,5min,1h,35.0,neg,10.0,25.0,1.5,2.5,0.0,0.0,long,all,3207,-80.03060172436294,0.8766117806388746,44.68350483317742,-81.2133722330473,-1.3260436922514502,2.159962581852198,19969.398275637064,-24.958229506699222
US30,5min+1h_e35_neg_hm25_s1.5_t3.5_both,5min,1h,35.0,neg,10.0,25.0,1.5,3.5,0.0,0.0,both,all,2215,-80.01142347264928,0.8320737518976671,43.566591422121896,-80.01142347264928,-1.5473636635134238,2.712415349887133,19988.576527350717,-25.020729498067777
US30,5min+1h_e35_neg_hm25_s1.5_t3.5_long,5min,1h,35.0,neg,10.0,25.0,1.5,3.5,0.0,0.0,long,all,3389,-80.15632568738584,0.8879518397476271,44.76246680436707,-82.41907122244835,-1.2378732167381903,2.2764827382708765,19843.67431261416,-24.9831362770243
US30,5min+1h_e35_neg_hm25_s2.0_t4.0_both,5min,1h,35.0,neg,10.0,25.0,2.0,4.0,0.0,0.0,both,all,2954,-80.0849430431111,0.8268712191200726,45.26066350710901,-80.0849430431111,-1.6464385317911565,3.0768449559918754,19915.056956888908,-25.03961739564871
US30,5min+1h_e35_neg_hm25_s2.0_t4.0_long,5min,1h,35.0,neg,10.0,25.0,2.0,4.0,0.0,0.0,long,all,3630,-80.02513936175804,0.8688885343834418,45.75757575757576,-80.95339258766147,-1.509724760429583,2.549035812672176,19974.86063824197,-24.966919942018176
US30,15min+4h_e20_trail_be,15min,4h,20.0,trail,0.0,12.0,1.5,0.0,1.2,1.0,both,all,836,-80.08862201979981,0.6552771842894226,43.301435406698566,-80.08862201979981,-2.072433017775032,8.739234449760765,19911.377980200188,-25.468896800860428
US30,15min+4h_e20_hard_sess,15min,4h,20.0,hard,0.0,15.0,1.5,3.0,0.0,0.0,both,london_ny,1948,-50.148802614756804,0.9593566179767213,32.4435318275154,-65.41928447777399,-0.32076584824413773,10.896303901437372,49851.19738524319,-21.905480711125634
US30,15min+4h_e30_trail_be,15min,4h,30.0,trail,0.0,12.0,1.5,0.0,1.2,1.0,both,all,777,-80.09163121133778,0.6130312818860919,43.11454311454312,-80.09163121133778,-2.229980625579348,8.68854568854569,19908.36878866222,-25.574752292191793
US30,15min+4h_e30_hard_sess,15min,4h,30.0,hard,0.0,15.0,1.5,3.0,0.0,0.0,both,london_ny,1811,-50.22813222569391,0.9537322058619948,32.41303147432358,-63.808600265203765,-0.3606351841343792,10.067366096079514,49771.86777430608,-21.91809156118249
US30,30min+4h_e20_trail_be,30min,4h,20.0,trail,0.0,12.0,1.5,0.0,1.2,1.0,both,all,740,-80.0898680598361,0.6370368534981151,42.432432432432435,-80.41894920440834,-2.1640806508165995,9.144594594594595,19910.131940163898,-25.52776055682449
US30,30min+4h_e20_hard_sess,30min,4h,20.0,hard,0.0,15.0,1.5,3.0,0.0,0.0,both,london_ny,1133,4.910113040081465,1.005884969747805,33.80406001765225,-36.73717424330225,0.15846961115292432,9.140335392762577,104910.11304008147,-17.720665607029932
US30,30min+4h_e30_trail_be,30min,4h,30.0,trail,0.0,12.0,1.5,0.0,1.2,1.0,both,all,845,-80.09353645429684,0.6702348111377509,42.84023668639053,-81.04453354662401,-2.0017937019377134,8.931360946745562,19906.463545703155,-25.469935772192457
US30,30min+4h_e30_hard_sess,30min,4h,30.0,hard,0.0,15.0,1.5,3.0,0.0,0.0,both,london_ny,1039,28.661028665322764,1.0364069289986233,34.64870067372473,-18.572736951277633,0.3306263866777748,9.012512030798845,128661.02866532277,-15.709511428924975
US30,1h+1d_e20_trail_be,1h,1d,20.0,trail,0.0,12.0,1.5,0.0,1.2,1.0,both,all,614,-80.0402723281561,0.5441955631282535,39.413680781758956,-80.31452353176238,-2.4312035276237287,7.216612377850163,19959.7276718439,-25.753702926576107
US30,1h+1d_e20_hard_sess,1h,1d,20.0,hard,0.0,15.0,1.5,3.0,0.0,0.0,both,london_ny,624,-5.798657864621637,0.9834104060079113,33.493589743589745,-37.921879476268785,-0.021331679860488888,6.905448717948718,94201.34213537836,-18.52229299840657
US30,1h+1d_e30_trail_be,1h,1d,30.0,trail,0.0,12.0,1.5,0.0,1.2,1.0,both,all,587,-80.17306560671028,0.5396839025436311,39.3526405451448,-80.1948465812953,-2.531945683931255,6.965928449744464,19826.934393289717,-25.765506731161146
US30,1h+1d_e30_hard_sess,1h,1d,30.0,hard,0.0,15.0,1.5,3.0,0.0,0.0,both,london_ny,590,4.9404935041091225,1.0152108675807632,34.067796610169495,-36.740418423597,0.12990541656631582,6.823728813559322,104940.49350410912,-17.739111702978132
