side,entry_time,exit_time,entry,exit,reason,pnl,bars,set,side_s
-1,2021-01-15 15:05:00,2021-01-15 15:15:00,1.21171,1.2125039285714287,sl,-1000.0,2,A_5m_30m_1h,short
-1,2021-01-15 15:50:00,2021-01-15 16:00:00,1.2121,1.2107321428571427,tp,1649.9999999999106,2,A_5m_30m_1h,short
-1,2021-01-15 18:20:00,2021-01-15 18:25:00,1.20875,1.2097957142857143,sl,-1006.4999999999992,1,A_5m_30m_1h,short
-1,2021-01-15 18:55:00,2021-01-15 20:30:00,1.20956,1.2081832142857143,tp,1660.72499999982,19,A_5m_30m_1h,short
-1,2021-01-15 21:40:00,2021-01-18 01:20:00,1.20808,1.2085171428571428,sl,-1013.0422499999974,43,A_5m_30m_1h,short
-1,2021-01-18 02:55:00,2021-01-18 03:45:00,1.20743,1.2079914285714286,sl,-1002.9118274999973,10,A_5m_30m_1h,short
-1,2021-01-18 04:10:00,2021-01-18 04:30:00,1.20764,1.20812,sl,-992.8827092249974,4,A_5m_30m_1h,short
-1,2021-01-18 06:25:00,2021-01-18 07:35:00,1.20693,1.2073585714285715,sl,-982.9538821327474,14,A_5m_30m_1h,short
-1,2021-01-18 10:55:00,2021-01-18 12:30:00,1.2072,1.2059125,tp,1621.8739055190333,19,A_5m_30m_1h,short
-1,2021-01-18 21:00:00,2021-01-18 21:05:00,1.20733,1.2076385714285713,sl,-989.3430823666104,1,A_5m_30m_1h,short
-1,2021-01-19 00:00:00,2021-01-19 02:00:00,1.2076200000000001,1.2079039285714286,sl,-979.4496515429443,24,A_5m_30m_1h,short
1,2021-01-19 10:45:00,2021-01-19 11:00:00,1.2117,1.2107164285714285,sl,-969.6551550275148,3,A_5m_30m_1h,long
1,2021-01-19 11:25:00,2021-01-19 12:05:00,1.2112699999999998,1.2126074999999998,tp,1599.9310057953107,8,A_5m_30m_1h,long
1,2021-01-19 12:45:00,2021-01-19 15:45:00,1.21295,1.2140964285714286,tp,1626.5965225590744,36,A_5m_30m_1h,long
1,2021-01-19 21:10:00,2021-01-19 21:50:00,1.2121899999999999,1.2127882142857143,tp,1653.7064646019198,8,A_5m_30m_1h,long
1,2021-01-19 22:35:00,2021-01-19 22:55:00,1.2127,1.2123282142857141,sl,-1008.7609434068027,4,A_5m_30m_1h,long
1,2021-01-20 00:15:00,2021-01-20 01:05:00,1.2126299999999999,1.213040714285714,tp,1664.4555566209242,10,A_5m_30m_1h,long
1,2021-01-20 02:25:00,2021-01-20 08:35:00,1.21404,1.215020357142857,tp,1692.1964825646508,74,A_5m_30m_1h,long
1,2021-01-20 09:05:00,2021-01-20 10:10:00,1.21522,1.2146960714285713,sl,-1032.2398543645904,13,A_5m_30m_1h,long
1,2021-01-21 04:10:00,2021-01-21 04:50:00,1.21259,1.2133007142857144,tp,1703.1957597015744,8,A_5m_30m_1h,long
1,2021-01-21 05:05:00,2021-01-21 07:35:00,1.21275,1.2133767857142859,tp,1731.5823556970092,30,A_5m_30m_1h,long
1,2021-01-21 08:10:00,2021-01-21 08:40:00,1.2135399999999998,1.2132399999999999,sl,-1056.2652369749303,6,A_5m_30m_1h,long
1,2021-01-21 09:05:00,2021-01-21 09:05:00,1.21326,1.2129085714285714,sl,-1045.702584605181,0,A_5m_30m_1h,long
1,2021-01-21 09:25:00,2021-01-21 09:55:00,1.21295,1.2125492857142857,sl,-1035.2455587591292,6,A_5m_30m_1h,long
1,2021-01-21 12:10:00,2021-01-21 12:30:00,1.21445,1.2137717857142858,sl,-1024.8931031715379,4,A_5m_30m_1h,long
1,2021-01-21 13:00:00,2021-01-21 13:10:00,1.21396,1.2133375,sl,-1014.6441721398226,2,A_5m_30m_1h,long
1,2021-01-21 14:50:00,2021-01-21 14:50:00,1.21549,1.2148878571428572,sl,-1004.4977304184243,0,A_5m_30m_1h,long
1,2021-01-21 15:10:00,2021-01-21 15:25:00,1.21522,1.21647,tp,1657.421255190302,3,A_5m_30m_1h,long
1,2021-01-21 16:05:00,2021-01-21 16:25:00,1.21566,1.2142842857142857,sl,-1011.0269656661433,4,A_5m_30m_1h,long
1,2021-01-21 16:35:00,2021-01-22 02:10:00,1.21494,1.2172846428571427,tp,1668.194493349136,115,A_5m_30m_1h,long
1,2021-01-22 03:30:00,2021-01-22 04:00:00,1.21667,1.2173949999999998,tp,1695.9977349047817,6,A_5m_30m_1h,long
1,2021-01-22 05:15:00,2021-01-22 05:15:00,1.21753,1.2172417857142857,sl,-1034.5586182920208,0,A_5m_30m_1h,long
1,2021-01-22 05:50:00,2021-01-22 07:55:00,1.2173399999999999,1.2171064285714284,sl,-1024.2130321091006,25,A_5m_30m_1h,long
1,2021-01-22 12:00:00,2021-01-22 14:35:00,1.2174399999999999,1.2164960714285713,sl,-1013.9709017880097,31,A_5m_30m_1h,long
1,2021-01-22 18:05:00,2021-01-22 19:50:00,1.2174099999999999,1.216435,sl,-1003.8311927701296,21,A_5m_30m_1h,long
1,2021-01-22 22:20:00,2021-01-25 00:00:00,1.2168999999999999,1.2165774999999999,sl,-993.7928808424282,19,A_5m_30m_1h,long
1,2021-01-25 00:20:00,2021-01-25 01:45:00,1.2165,1.2170839285714286,tp,1639.7582533902146,17,A_5m_30m_1h,long
1,2021-01-25 03:35:00,2021-01-25 03:40:00,1.21655,1.2160967857142857,sl,-1000.2525345679061,1,A_5m_30m_1h,long
1,2021-01-25 03:50:00,2021-01-25 04:35:00,1.21633,1.2171764285714284,tp,1650.4166820367566,9,A_5m_30m_1h,long
1,2021-01-25 05:05:00,2021-01-25 08:00:00,1.21753,1.2182442857142857,tp,1677.923626737484,35,A_5m_30m_1h,long
1,2021-01-25 08:30:00,2021-01-25 08:35:00,1.21804,1.2176842857142858,sl,-1023.5334123099694,1,A_5m_30m_1h,long
1,2021-01-25 08:50:00,2021-01-25 08:50:00,1.21799,1.2176064285714285,sl,-1013.2980781868696,0,A_5m_30m_1h,long
1,2021-01-25 10:25:00,2021-01-25 10:50:00,1.21764,1.2169639285714287,sl,-1003.165097405001,5,A_5m_30m_1h,long
1,2021-01-25 11:00:00,2021-01-25 11:00:00,1.21738,1.2166514285714285,sl,-993.1334464309512,0,A_5m_30m_1h,long
-1,2021-01-25 13:10:00,2021-01-25 13:25:00,1.21542,1.2161271428571427,sl,-983.2021119666416,3,A_5m_30m_1h,short
-1,2021-01-25 14:00:00,2021-01-25 15:30:00,1.21561,1.2147189285714286,tp,1622.2834847449585,18,A_5m_30m_1h,short
-1,2021-01-25 16:00:00,2021-01-25 16:05:00,1.21466,1.2151967857142858,sl,-989.5929256944247,1,A_5m_30m_1h,short
-1,2021-01-25 16:15:00,2021-01-25 16:40:00,1.2147700000000001,1.2138575,tp,1632.828327396198,5,A_5m_30m_1h,short
-1,2021-01-25 17:30:00,2021-01-25 17:55:00,1.21201,1.2131039285714287,sl,-996.0252797114424,5,A_5m_30m_1h,short
-1,2021-01-25 18:10:00,2021-01-25 18:20:00,1.2119600000000001,1.2129510714285716,sl,-986.0650269143281,2,A_5m_30m_1h,short
-1,2021-01-25 19:25:00,2021-01-25 19:40:00,1.21385,1.2144564285714285,sl,-976.2043766451849,3,A_5m_30m_1h,short
-1,2021-01-25 22:15:00,2021-01-25 22:45:00,1.21373,1.214017142857143,sl,-966.442332878733,6,A_5m_30m_1h,short
-1,2021-01-25 23:10:00,2021-01-25 23:30:00,1.21381,1.2140650000000002,sl,-956.7779095499457,4,A_5m_30m_1h,short
-1,2021-01-26 00:30:00,2021-01-26 02:30:00,1.2141300000000002,1.2135889285714287,tp,1578.6835507574103,24,A_5m_30m_1h,short
-1,2021-01-26 07:25:00,2021-01-26 07:35:00,1.2127400000000002,1.2131000000000003,sl,-962.9969659620203,2,A_5m_30m_1h,short
-1,2021-01-26 07:50:00,2021-01-26 07:55:00,1.21273,1.2130428571428573,sl,-953.3669963024001,1,A_5m_30m_1h,short
-1,2021-01-26 08:05:00,2021-01-26 08:15:00,1.21266,1.2129942857142857,sl,-943.833326339376,2,A_5m_30m_1h,short
-1,2021-01-26 08:35:00,2021-01-26 09:00:00,1.21271,1.2130571428571428,sl,-934.3949930759824,5,A_5m_30m_1h,short
-1,2021-01-26 09:10:00,2021-01-26 09:30:00,1.2125700000000001,1.2117503571428572,tp,1541.7517385757885,4,A_5m_30m_1h,short
-1,2021-01-26 12:25:00,2021-01-26 13:15:00,1.21307,1.2137782142857143,sl,-940.4685605309803,10,A_5m_30m_1h,short
1,2021-01-26 17:30:00,2021-01-26 18:10:00,1.21665,1.2159717857142858,sl,-931.0638749256706,8,A_5m_30m_1h,long
1,2021-01-26 21:10:00,2021-01-26 21:20:00,1.21644,1.2160896428571428,sl,-921.7532361764138,2,A_5m_30m_1h,long
1,2021-01-26 21:30:00,2021-01-26 23:30:00,1.21662,1.216262142857143,sl,-912.5357038146497,24,A_5m_30m_1h,long
1,2021-01-27 03:25:00,2021-01-27 03:45:00,1.21654,1.216152142857143,sl,-903.410346776503,4,A_5m_30m_1h,long
1,2021-01-27 08:20:00,2021-01-27 08:30:00,1.2164,1.2160935714285714,sl,-894.376243308738,2,A_5m_30m_1h,long
1,2021-01-27 08:40:00,2021-01-27 08:45:00,1.21644,1.2160960714285713,sl,-885.4324808756506,1,A_5m_30m_1h,long
1,2021-01-27 09:00:00,2021-01-27 09:00:00,1.21635,1.2159814285714288,sl,-876.5781560668942,0,A_5m_30m_1h,long
1,2021-01-27 09:45:00,2021-01-27 09:55:00,1.2158499999999999,1.215367857142857,sl,-867.8123745062252,2,A_5m_30m_1h,long
-1,2021-01-27 12:50:00,2021-01-27 12:55:00,1.21264,1.2132132142857142,sl,-859.134250761163,1,A_5m_30m_1h,short
-1,2021-01-27 13:05:00,2021-01-27 13:35:00,1.2126700000000001,1.2117182142857144,tp,1417.5715137561394,6,A_5m_30m_1h,short
-1,2021-01-27 14:45:00,2021-01-27 15:15:00,1.2109,1.2115932142857144,sl,-864.7186233911126,6,A_5m_30m_1h,short
-1,2021-01-27 15:35:00,2021-01-27 16:30:00,1.21075,1.2095017857142858,tp,1426.7857285951666,11,A_5m_30m_1h,short
-1,2021-01-27 18:20:00,2021-01-27 18:25:00,1.2091100000000001,1.2101407142857143,sl,-870.3392944431531,1,A_5m_30m_1h,short
-1,2021-01-27 22:35:00,2021-01-27 23:10:00,1.20985,1.2108539285714286,sl,-861.6359014987215,7,A_5m_30m_1h,short
-1,2021-01-28 02:10:00,2021-01-28 02:25:00,1.20973,1.2088103571428572,tp,1421.6992374730048,3,A_5m_30m_1h,short
-1,2021-01-28 02:50:00,2021-01-28 03:20:00,1.20919,1.2099175,sl,-867.2365348584643,6,A_5m_30m_1h,short
-1,2021-01-28 03:35:00,2021-01-28 03:40:00,1.20934,1.2101189285714287,sl,-858.5641695098798,1,A_5m_30m_1h,short
-1,2021-01-28 05:40:00,2021-01-28 06:55:00,1.20885,1.2093535714285713,sl,-849.978527814781,15,A_5m_30m_1h,short
-1,2021-01-28 07:25:00,2021-01-28 07:30:00,1.2091100000000001,1.2094539285714287,sl,-841.4787425366331,1,A_5m_30m_1h,short
-1,2021-01-28 08:05:00,2021-01-28 08:40:00,1.2095,1.2100196428571428,sl,-833.0639551112669,7,A_5m_30m_1h,short
-1,2021-01-28 09:05:00,2021-01-28 09:35:00,1.2094500000000001,1.2083035714285715,tp,1374.5555259335015,6,A_5m_30m_1h,short
-1,2021-01-28 11:55:00,2021-01-28 12:35:00,1.21036,1.2112075000000002,sl,-838.4788708194892,8,A_5m_30m_1h,short
-1,2021-01-28 14:35:00,2021-01-28 15:00:00,1.21036,1.20926,tp,1383.49013685253,5,A_5m_30m_1h,short
-1,2021-01-29 00:35:00,2021-01-29 01:45:00,1.2119600000000001,1.212425,sl,-843.9289834798197,14,A_5m_30m_1h,short
-1,2021-01-29 01:50:00,2021-01-29 02:05:00,1.21221,1.2117867857142857,tp,1392.482822742433,3,A_5m_30m_1h,short
-1,2021-01-29 03:10:00,2021-01-29 03:10:00,1.21063,1.2111539285714288,sl,-849.4145218724458,0,A_5m_30m_1h,short
-1,2021-01-29 03:50:00,2021-01-29 05:30:00,1.21085,1.2099357142857143,tp,1401.5339610890817,20,A_5m_30m_1h,short
-1,2021-01-29 07:05:00,2021-01-29 07:55:00,1.20973,1.2101082142857142,sl,-854.9357162646121,10,A_5m_30m_1h,short
-1,2021-01-29 08:05:00,2021-01-29 08:10:00,1.20981,1.210149642857143,sl,-846.386359101966,1,A_5m_30m_1h,short
-1,2021-01-29 10:30:00,2021-01-29 10:45:00,1.2105700000000001,1.2113950000000002,sl,-837.9224955109463,3,A_5m_30m_1h,short
1,2021-01-29 14:10:00,2021-01-29 14:55:00,1.21418,1.2134503571428572,sl,-829.5432705558367,9,A_5m_30m_1h,long
1,2021-01-29 15:20:00,2021-01-29 17:40:00,1.21414,1.2131028571428573,sl,-821.2478378502784,28,A_5m_30m_1h,long
1,2021-01-29 19:05:00,2021-02-01 01:00:00,1.21383,1.2126385714285715,sl,-813.0353594717756,70,A_5m_30m_1h,long
1,2021-02-01 04:15:00,2021-02-01 09:05:00,1.21294,1.212388214285714,sl,-804.905005877058,58,A_5m_30m_1h,long
-1,2021-02-01 11:25:00,2021-02-01 12:35:00,1.20948,1.2077300000000002,tp,1328.0932596970895,14,A_5m_30m_1h,short
-1,2021-02-01 13:25:00,2021-02-01 13:50:00,1.20753,1.2083807142857144,sl,-810.1368884152583,5,A_5m_30m_1h,short
-1,2021-02-01 16:00:00,2021-02-01 16:15:00,1.2084300000000001,1.2092614285714287,sl,-802.0355195311057,3,A_5m_30m_1h,short
-1,2021-02-01 20:05:00,2021-02-01 20:10:00,1.20612,1.2067478571428574,sl,-794.0151643357947,1,A_5m_30m_1h,short
-1,2021-02-01 20:35:00,2021-02-01 21:15:00,1.20668,1.2073582142857142,sl,-786.0750126924368,8,A_5m_30m_1h,short
-1,2021-02-01 21:45:00,2021-02-01 22:05:00,1.2072500000000002,1.206521428571429,tp,1297.0237709422572,4,A_5m_30m_1h,short
-1,2021-02-01 23:50:00,2021-02-02 00:40:00,1.2058200000000001,1.2062517857142858,sl,-791.1845002749349,10,A_5m_30m_1h,short
-1,2021-02-02 00:50:00,2021-02-02 01:15:00,1.20608,1.2063639285714285,sl,-783.2726552721855,5,A_5m_30m_1h,short
-1,2021-02-02 07:40:00,2021-02-02 07:55:00,1.20749,1.2077696428571427,sl,-775.4399287194636,3,A_5m_30m_1h,short
-1,2021-02-02 08:05:00,2021-02-02 08:35:00,1.20733,1.2068014285714286,tp,1279.4758823869356,6,A_5m_30m_1h,short
-1,2021-02-02 10:00:00,2021-02-02 10:05:00,1.2068100000000002,1.2074335714285716,sl,-780.4802882561384,1,A_5m_30m_1h,short
-1,2021-02-02 10:15:00,2021-02-02 10:15:00,1.2070100000000001,1.2077310714285716,sl,-772.6754853735771,0,A_5m_30m_1h,short
-1,2021-02-02 10:30:00,2021-02-02 10:30:00,1.2075500000000001,1.2084178571428572,sl,-764.9487305198412,0,A_5m_30m_1h,short
-1,2021-02-02 13:00:00,2021-02-02 15:20:00,1.20346,1.2045389285714285,sl,-757.299243214643,28,A_5m_30m_1h,short
-1,2021-02-02 17:35:00,2021-02-02 22:55:00,1.20271,1.2037514285714286,sl,-749.7262507824963,64,A_5m_30m_1h,short
-1,2021-02-03 06:35:00,2021-02-03 06:50:00,1.2040600000000001,1.2042989285714287,sl,-742.2289882746715,3,A_5m_30m_1h,short
-1,2021-02-03 09:20:00,2021-02-03 10:00:00,1.2034500000000001,1.2038828571428573,sl,-734.8066983919248,8,A_5m_30m_1h,short
-1,2021-02-03 10:20:00,2021-02-03 10:25:00,1.20316,1.2039025,sl,-727.4586314080054,1,A_5m_30m_1h,short
-1,2021-02-03 10:35:00,2021-02-03 11:00:00,1.20363,1.2023532142857143,tp,1200.3067418230003,5,A_5m_30m_1h,short
-1,2021-02-03 11:40:00,2021-02-03 12:25:00,1.20272,1.2012592857142856,tp,1220.3118541868637,9,A_5m_30m_1h,short
-1,2021-02-03 13:35:00,2021-02-03 14:00:00,1.20215,1.2013410714285713,tp,1240.6503850903805,5,A_5m_30m_1h,short
-1,2021-02-03 15:00:00,2021-02-03 15:25:00,1.2010100000000001,1.2017557142857145,sl,-756.7967349049279,5,A_5m_30m_1h,short
-1,2021-02-03 16:00:00,2021-02-03 16:10:00,1.20165,1.2025125,sl,-749.2287675558786,2,A_5m_30m_1h,short
-1,2021-02-03 20:00:00,2021-02-03 22:40:00,1.20263,1.2030060714285715,sl,-741.7364798803198,32,A_5m_30m_1h,short
-1,2021-02-04 01:00:00,2021-02-04 01:00:00,1.20322,1.2035371428571429,sl,-734.3191150815167,0,A_5m_30m_1h,short
-1,2021-02-04 06:45:00,2021-02-04 08:10:00,1.2017900000000001,1.201209642857143,tp,1211.6265398843482,17,A_5m_30m_1h,short
-1,2021-02-04 08:50:00,2021-02-04 09:05:00,1.2009800000000002,1.200255,tp,1231.8203155494932,3,A_5m_30m_1h,short
-1,2021-02-04 10:05:00,2021-02-04 11:00:00,1.20054,1.1989971428571429,tp,1252.3506541417935,11,A_5m_30m_1h,short
-1,2021-02-04 11:35:00,2021-02-04 11:45:00,1.19856,1.1994439285714287,sl,-763.933899026458,2,A_5m_30m_1h,short
-1,2021-02-04 12:00:00,2021-02-04 12:25:00,1.19851,1.1993103571428572,sl,-756.2945600361935,5,A_5m_30m_1h,short
-1,2021-02-04 12:45:00,2021-02-04 15:05:00,1.19914,1.1997967857142857,sl,-748.7316144358315,28,A_5m_30m_1h,short
-1,2021-02-04 15:25:00,2021-02-04 16:15:00,1.19934,1.1982828571428572,tp,1235.407163818949,10,A_5m_30m_1h,short
-1,2021-02-04 17:05:00,2021-02-04 17:30:00,1.19794,1.196847142857143,tp,1255.9972832161043,5,A_5m_30m_1h,short
-1,2021-02-04 17:45:00,2021-02-04 17:55:00,1.19702,1.1977314285714287,sl,-766.1583427618236,2,A_5m_30m_1h,short
-1,2021-02-04 18:30:00,2021-02-04 19:20:00,1.19751,1.196504642857143,tp,1264.1612655570088,10,A_5m_30m_1h,short
-1,2021-02-04 20:50:00,2021-02-04 21:05:00,1.19612,1.1965132142857144,sl,-771.1383719897755,3,A_5m_30m_1h,short
-1,2021-02-04 22:15:00,2021-02-05 01:30:00,1.19639,1.1968014285714286,sl,-763.4269882698778,39,A_5m_30m_1h,short
-1,2021-02-05 01:50:00,2021-02-05 02:30:00,1.1966,1.1968882142857145,sl,-755.792718387179,8,A_5m_30m_1h,short
-1,2021-02-05 03:05:00,2021-02-05 04:35:00,1.1967400000000001,1.196109642857143,tp,1247.057985338992,18,A_5m_30m_1h,short
-1,2021-02-05 06:00:00,2021-02-05 06:10:00,1.1954200000000001,1.1957017857142858,sl,-760.7053710566972,2,A_5m_30m_1h,short
-1,2021-02-05 06:30:00,2021-02-05 07:30:00,1.19558,1.1958007142857143,sl,-753.0983173461302,12,A_5m_30m_1h,short
1,2021-02-05 17:35:00,2021-02-05 17:40:00,1.20296,1.2019989285714285,sl,-745.5673341726689,1,A_5m_30m_1h,long
1,2021-02-05 18:05:00,2021-02-05 19:25:00,1.20255,1.2040535714285714,tp,1230.186101384722,16,A_5m_30m_1h,long
1,2021-02-05 20:05:00,2021-02-05 22:45:00,1.2040499999999998,1.2048392857142856,tp,1250.6892030744148,32,A_5m_30m_1h,long
1,2021-02-05 23:20:00,2021-02-08 00:00:00,1.20485,1.2045232142857143,sl,-762.9204138755338,7,A_5m_30m_1h,long
1,2021-02-08 01:45:00,2021-02-08 02:30:00,1.20476,1.20425,sl,-755.2912097367785,9,A_5m_30m_1h,long
1,2021-02-08 06:00:00,2021-02-08 06:30:00,1.20389,1.203647857142857,sl,-747.7382976394106,6,A_5m_30m_1h,long
1,2021-02-08 07:05:00,2021-02-08 07:15:00,1.20381,1.2041742857142859,tp,1233.7681911055288,2,A_5m_30m_1h,long
1,2021-02-08 08:10:00,2021-02-08 08:25:00,1.20403,1.2037289285714285,sl,-752.5985965740717,3,A_5m_30m_1h,long
1,2021-02-08 09:25:00,2021-02-08 09:40:00,1.20367,1.2043325,tp,1241.7876843470797,3,A_5m_30m_1h,long
1,2021-02-08 17:05:00,2021-02-08 17:10:00,1.2064,1.2055803571428572,sl,-757.4904874518018,1,A_5m_30m_1h,long
1,2021-02-08 20:20:00,2021-02-08 21:45:00,1.20477,1.2054824999999998,tp,1249.8593042952132,17,A_5m_30m_1h,long
1,2021-02-08 22:15:00,2021-02-08 22:45:00,1.20566,1.2053171428571428,sl,-762.4141756202359,6,A_5m_30m_1h,long
1,2021-02-09 01:05:00,2021-02-09 01:20:00,1.20521,1.2048907142857141,sl,-754.7900338640336,3,A_5m_30m_1h,long
1,2021-02-09 01:35:00,2021-02-09 02:10:00,1.20494,1.2054042857142857,tp,1245.4035558762512,7,A_5m_30m_1h,long
1,2021-02-09 03:20:00,2021-02-09 04:10:00,1.20603,1.2066710714285713,tp,1266.1602818070726,10,A_5m_30m_1h,long
1,2021-02-09 05:20:00,2021-02-09 05:55:00,1.20814,1.2075935714285715,sl,-772.3577719022265,7,A_5m_30m_1h,long
1,2021-02-09 06:15:00,2021-02-09 08:55:00,1.2078,1.2075032142857143,sl,-764.6341941832043,32,A_5m_30m_1h,long
1,2021-02-09 10:00:00,2021-02-09 10:15:00,1.20818,1.2076282142857144,sl,-756.9878522413721,3,A_5m_30m_1h,long
1,2021-02-09 10:40:00,2021-02-09 10:45:00,1.2076799999999999,1.2088925,tp,1249.0299561983402,1,A_5m_30m_1h,long
1,2021-02-09 12:40:00,2021-02-09 12:55:00,1.2112,1.2105582142857143,sl,-761.9082732809418,3,A_5m_30m_1h,long
1,2021-02-09 15:05:00,2021-02-09 15:20:00,1.2103599999999999,1.2097792857142857,sl,-754.2891905481323,3,A_5m_30m_1h,long
1,2021-02-09 17:10:00,2021-02-09 21:25:00,1.2097799999999999,1.2113085714285712,tp,1244.577164404358,51,A_5m_30m_1h,long
1,2021-02-09 22:45:00,2021-02-09 23:00:00,1.21194,1.2115982142857142,sl,-759.1920702866945,3,A_5m_30m_1h,long
1,2021-02-09 23:15:00,2021-02-10 00:55:00,1.21186,1.2115792857142857,sl,-751.6001495838276,20,A_5m_30m_1h,long
1,2021-02-10 02:15:00,2021-02-10 02:40:00,1.21165,1.2113757142857142,sl,-744.0841480879893,5,A_5m_30m_1h,long
1,2021-02-10 05:40:00,2021-02-10 07:05:00,1.2129699999999999,1.2126121428571428,sl,-736.6433066071094,17,A_5m_30m_1h,long
1,2021-02-10 07:40:00,2021-02-10 07:50:00,1.21278,1.2125689285714285,sl,-729.2768735410384,2,A_5m_30m_1h,long
1,2021-02-10 10:30:00,2021-02-10 10:50:00,1.21321,1.2141010714285714,tp,1203.3068413427134,4,A_5m_30m_1h,long
1,2021-02-10 11:50:00,2021-02-10 14:10:00,1.21238,1.2116417857142858,sl,-734.0171732190552,28,A_5m_30m_1h,long
1,2021-02-10 16:10:00,2021-02-10 16:40:00,1.21362,1.2127221428571429,sl,-726.6770014868646,6,A_5m_30m_1h,long
1,2021-02-10 17:05:00,2021-02-10 22:35:00,1.21298,1.2121860714285713,sl,-719.410231471996,66,A_5m_30m_1h,long
1,2021-02-11 05:45:00,2021-02-11 05:45:00,1.21206,1.2118639285714286,sl,-712.216129157276,0,A_5m_30m_1h,long
1,2021-02-11 07:10:00,2021-02-11 07:50:00,1.21242,1.2127700000000001,tp,1175.1566131095055,8,A_5m_30m_1h,long
1,2021-02-11 08:25:00,2021-02-11 08:25:00,1.21286,1.2126392857142858,sl,-716.8455339967984,0,A_5m_30m_1h,long
1,2021-02-11 08:50:00,2021-02-11 08:50:00,1.21302,1.2127917857142856,sl,-709.6770786568304,0,A_5m_30m_1h,long
1,2021-02-11 09:10:00,2021-02-11 09:30:00,1.21292,1.212635,sl,-702.5803078702622,4,A_5m_30m_1h,long
1,2021-02-11 09:40:00,2021-02-11 09:45:00,1.21286,1.2125,sl,-695.5545047915596,1,A_5m_30m_1h,long
1,2021-02-11 10:10:00,2021-02-11 10:10:00,1.2126,1.2120717857142855,sl,-688.598959743644,0,A_5m_30m_1h,long
1,2021-02-11 11:50:00,2021-02-11 12:05:00,1.2131399999999999,1.2125871428571426,sl,-681.7129701462076,3,A_5m_30m_1h,long
1,2021-02-11 12:20:00,2021-02-11 13:05:00,1.21285,1.2123057142857143,sl,-674.8958404447455,9,A_5m_30m_1h,long
1,2021-02-11 15:00:00,2021-02-11 15:05:00,1.21356,1.214204642857143,tp,1113.5781367342133,1,A_5m_30m_1h,long
1,2021-02-11 16:35:00,2021-02-11 16:50:00,1.21404,1.2133639285714286,sl,-679.28266340764,3,A_5m_30m_1h,long
1,2021-02-11 18:45:00,2021-02-11 19:25:00,1.21281,1.2121789285714286,sl,-672.4898367735638,8,A_5m_30m_1h,long
1,2021-02-11 20:55:00,2021-02-12 02:50:00,1.21303,1.2125735714285715,sl,-665.7649384058282,71,A_5m_30m_1h,long
1,2021-02-12 04:00:00,2021-02-12 04:00:00,1.21277,1.2124378571428571,sl,-659.1072890217698,0,A_5m_30m_1h,long
-1,2021-02-12 05:15:00,2021-02-12 06:05:00,1.21195,1.2122157142857144,sl,-652.5162161315521,10,A_5m_30m_1h,short
-1,2021-02-12 06:30:00,2021-02-12 06:45:00,1.21214,1.2123671428571428,sl,-645.9910539702366,3,A_5m_30m_1h,short
-1,2021-02-12 06:55:00,2021-02-12 07:15:00,1.21219,1.2124171428571429,sl,-639.5311434305343,4,A_5m_30m_1h,short
-1,2021-02-12 07:25:00,2021-02-12 07:30:00,1.21231,1.2124825,sl,-633.135831996229,1,A_5m_30m_1h,short
1,2021-02-12 08:35:00,2021-02-12 08:40:00,1.2128299999999999,1.2125396428571427,sl,-626.8044736762666,1,A_5m_30m_1h,long
1,2021-02-12 09:15:00,2021-02-12 09:45:00,1.21248,1.2121757142857144,sl,-620.5364289395039,6,A_5m_30m_1h,long
-1,2021-02-12 11:20:00,2021-02-12 11:25:00,1.21038,1.2110400000000001,sl,-614.3310646501088,1,A_5m_30m_1h,short
-1,2021-02-12 11:45:00,2021-02-12 12:15:00,1.21038,1.210989642857143,sl,-608.1877540036077,6,A_5m_30m_1h,short
-1,2021-02-12 12:30:00,2021-02-12 12:35:00,1.21068,1.2111696428571428,sl,-602.1058764635717,1,A_5m_30m_1h,short
-1,2021-02-12 12:45:00,2021-02-12 13:20:00,1.21073,1.2099085714285716,tp,993.4746961649827,7,A_5m_30m_1h,short
-1,2021-02-12 14:20:00,2021-02-12 14:25:00,1.21025,1.2106753571428572,sl,-606.0195646605857,1,A_5m_30m_1h,short
-1,2021-02-12 17:15:00,2021-02-12 17:25:00,1.20915,1.2099417857142858,sl,-599.9593690139799,2,A_5m_30m_1h,short
1,2021-02-12 19:05:00,2021-02-12 20:10:00,1.2127599999999998,1.2121310714285713,sl,-593.9597753238401,13,A_5m_30m_1h,long
1,2021-02-15 04:55:00,2021-02-15 05:45:00,1.21309,1.2136114285714286,tp,980.0336292847534,10,A_5m_30m_1h,long
1,2021-02-15 06:10:00,2021-02-15 06:20:00,1.2136799999999999,1.2134057142857142,sl,-597.8205138634492,2,A_5m_30m_1h,long
1,2021-02-15 07:05:00,2021-02-15 07:25:00,1.2135099999999999,1.2138689285714284,tp,986.4038478744876,4,A_5m_30m_1h,long
1,2021-02-15 08:10:00,2021-02-15 08:45:00,1.21394,1.2136882142857144,sl,-601.7063472035595,7,A_5m_30m_1h,long
1,2021-02-15 11:00:00,2021-02-15 11:00:00,1.21404,1.2133842857142858,sl,-595.6892837315239,0,A_5m_30m_1h,long
1,2021-02-15 11:10:00,2021-02-15 12:10:00,1.21394,1.213277857142857,sl,-589.7323908942087,12,A_5m_30m_1h,long
1,2021-02-15 12:40:00,2021-02-15 14:05:00,1.21349,1.212967142857143,sl,-583.8350669852666,17,A_5m_30m_1h,long
1,2021-02-15 15:45:00,2021-02-15 15:45:00,1.2130699999999999,1.2126617857142856,sl,-577.996716315414,0,A_5m_30m_1h,long
1,2021-02-15 18:45:00,2021-02-15 23:40:00,1.21322,1.2127710714285713,sl,-572.2167491522598,59,A_5m_30m_1h,long
1,2021-02-16 03:25:00,2021-02-16 03:45:00,1.21399,1.214557857142857,tp,944.1576361015977,4,A_5m_30m_1h,long
1,2021-02-16 04:30:00,2021-02-16 06:30:00,1.2145,1.2141549999999999,sl,-575.9361580217532,24,A_5m_30m_1h,long
1,2021-02-16 11:45:00,2021-02-16 12:40:00,1.2151399999999999,1.2164060714285714,tp,950.294660736004,11,A_5m_30m_1h,long
1,2021-02-16 13:25:00,2021-02-16 13:35:00,1.21678,1.2163417857142858,sl,-579.6797430488957,2,A_5m_30m_1h,long
1,2021-02-16 13:55:00,2021-02-16 14:35:00,1.2167299999999999,1.2163271428571427,sl,-573.8829456184068,8,A_5m_30m_1h,long
-1,2021-02-16 17:45:00,2021-02-16 18:00:00,1.21106,1.2121217857142859,sl,-568.1441161622226,3,A_5m_30m_1h,short
-1,2021-02-16 18:10:00,2021-02-17 01:05:00,1.21129,1.2096078571428572,tp,937.4377916675024,83,A_5m_30m_1h,short
-1,2021-02-17 01:30:00,2021-02-17 01:45:00,1.2091,1.209747142857143,sl,-571.8370529172754,3,A_5m_30m_1h,short
-1,2021-02-17 01:55:00,2021-02-17 09:00:00,1.20916,1.2079832142857143,tp,943.5311373135638,85,A_5m_30m_1h,short
-1,2021-02-17 10:45:00,2021-02-17 11:10:00,1.20727,1.2079975,sl,-575.5539937612383,5,A_5m_30m_1h,short
-1,2021-02-17 11:20:00,2021-02-17 11:50:00,1.20744,1.2059810714285715,tp,949.6640897059468,6,A_5m_30m_1h,short
-1,2021-02-17 13:10:00,2021-02-17 15:15:00,1.20642,1.2054842857142858,tp,965.4918245347811,25,A_5m_30m_1h,short
-1,2021-02-17 16:50:00,2021-02-18 02:20:00,1.20384,1.204779642857143,sl,-588.9500129660332,114,A_5m_30m_1h,short
-1,2021-02-18 05:10:00,2021-02-18 05:30:00,1.2041600000000001,1.2036564285714288,tp,971.7675213938121,4,A_5m_30m_1h,short
-1,2021-02-18 06:50:00,2021-02-18 07:10:00,1.20381,1.2039867857142859,sl,-592.778188050311,4,A_5m_30m_1h,short
1,2021-02-18 22:10:00,2021-02-18 22:25:00,1.20872,1.2091646428571428,tp,978.0840102826875,3,A_5m_30m_1h,long
1,2021-02-18 23:35:00,2021-02-18 23:55:00,1.20938,1.2091410714285713,sl,-596.6312462726347,4,A_5m_30m_1h,long
1,2021-02-19 00:35:00,2021-02-19 02:40:00,1.2091399999999999,1.2088517857142855,sl,-590.6649338099085,25,A_5m_30m_1h,long
1,2021-02-19 07:25:00,2021-02-19 08:15:00,1.20936,1.2098064285714285,tp,974.5971407861874,10,A_5m_30m_1h,long
1,2021-02-19 09:15:00,2021-02-19 09:15:00,1.20994,1.2105382142857144,tp,990.8404264658734,0,A_5m_30m_1h,long
1,2021-02-19 12:20:00,2021-02-19 12:20:00,1.21397,1.2133067857142859,sl,-604.41266014433,0,A_5m_30m_1h,long
1,2021-02-19 12:30:00,2021-02-19 15:25:00,1.21382,1.213145,sl,-598.3685335428867,35,A_5m_30m_1h,long
1,2021-02-19 18:10:00,2021-02-19 20:05:00,1.21298,1.2120982142857142,sl,-592.3848482074578,23,A_5m_30m_1h,long
1,2021-02-22 00:10:00,2021-02-22 01:15:00,1.2121199999999999,1.2117771428571427,sl,-586.4609997253832,13,A_5m_30m_1h,long
1,2021-02-22 01:35:00,2021-02-22 01:45:00,1.21204,1.2127346428571428,tp,967.6606495465729,2,A_5m_30m_1h,long
1,2021-02-22 03:05:00,2021-02-22 03:20:00,1.21272,1.2134771428571427,tp,983.7883270390366,3,A_5m_30m_1h,long
1,2021-02-22 04:55:00,2021-02-22 09:05:00,1.21187,1.2113964285714285,sl,-600.1108794939854,50,A_5m_30m_1h,long
1,2021-02-22 13:15:00,2021-02-22 13:25:00,1.21328,1.2142692857142856,tp,990.182951165076,2,A_5m_30m_1h,long
1,2021-02-22 14:20:00,2021-02-22 14:40:00,1.214,1.2133110714285713,sl,-604.0116002106963,4,A_5m_30m_1h,long
1,2021-02-22 14:55:00,2021-02-22 15:10:00,1.21374,1.2131742857142858,sl,-597.9714842085896,3,A_5m_30m_1h,long
1,2021-02-22 15:20:00,2021-02-22 15:35:00,1.21342,1.2143735714285713,tp,986.6529489441725,3,A_5m_30m_1h,long
1,2021-02-22 16:25:00,2021-02-22 16:30:00,1.21447,1.213543214285714,sl,-601.8582988559452,1,A_5m_30m_1h,long
1,2021-02-22 16:45:00,2021-02-22 19:20:00,1.21433,1.2162067857142858,tp,993.066193112349,31,A_5m_30m_1h,long
1,2021-02-22 20:35:00,2021-02-22 21:00:00,1.21685,1.2165157142857144,sl,-605.7703777985093,5,A_5m_30m_1h,long
1,2021-02-22 21:10:00,2021-02-22 22:00:00,1.21674,1.2164282142857143,sl,-599.7126740205242,10,A_5m_30m_1h,long
1,2021-02-23 01:10:00,2021-02-23 02:50:00,1.21638,1.2169657142857144,tp,989.525912134115,20,A_5m_30m_1h,long
1,2021-02-23 04:40:00,2021-02-23 04:45:00,1.2175099999999999,1.2171060714285713,sl,-603.61080640166,1,A_5m_30m_1h,long
1,2021-02-24 01:10:00,2021-02-24 01:15:00,1.21503,1.214574642857143,sl,-597.5746983376436,1,A_5m_30m_1h,long
1,2021-02-24 01:25:00,2021-02-24 02:15:00,1.21491,1.2156225,tp,985.9982522572143,10,A_5m_30m_1h,long
1,2021-02-24 03:05:00,2021-02-24 03:20:00,1.2157,1.215337857142857,sl,-601.4589338768392,3,A_5m_30m_1h,long
1,2021-02-24 03:30:00,2021-02-24 04:50:00,1.21591,1.2152457142857143,sl,-595.4443445380708,16,A_5m_30m_1h,long
1,2021-02-24 05:00:00,2021-02-24 05:55:00,1.21563,1.2150653571428571,sl,-589.4899010926902,11,A_5m_30m_1h,long
1,2021-02-24 06:30:00,2021-02-24 06:45:00,1.2152,1.2148807142857143,sl,-583.5950020817633,3,A_5m_30m_1h,long
1,2021-02-24 09:50:00,2021-02-24 09:50:00,1.21592,1.2154539285714285,sl,-577.7590520609456,0,A_5m_30m_1h,long
1,2021-02-24 10:05:00,2021-02-24 10:15:00,1.21591,1.2153164285714286,sl,-571.9814615403362,2,A_5m_30m_1h,long
1,2021-02-24 10:20:00,2021-02-24 10:30:00,1.2160499999999999,1.2172767857142854,tp,943.7694115415547,2,A_5m_30m_1h,long
1,2021-02-24 11:15:00,2021-02-24 12:10:00,1.21681,1.2158639285714286,sl,-575.6993410403484,11,A_5m_30m_1h,long
1,2021-02-24 12:45:00,2021-02-24 13:50:00,1.21573,1.2167496428571427,tp,949.9039127163678,13,A_5m_30m_1h,long
1,2021-02-24 14:15:00,2021-02-24 14:55:00,1.21664,1.2160624999999998,sl,-579.4413867571086,8,A_5m_30m_1h,long
-1,2021-02-24 15:45:00,2021-02-24 17:10:00,1.2134500000000001,1.211757142857143,tp,956.0782881491875,17,A_5m_30m_1h,short
-1,2021-02-24 17:35:00,2021-02-24 18:20:00,1.21219,1.2132357142857144,sl,-583.2077557710294,9,A_5m_30m_1h,short
1,2021-02-24 23:15:00,2021-02-25 00:00:00,1.2169999999999999,1.216530714285714,sl,-577.3756782133191,9,A_5m_30m_1h,long
1,2021-02-25 06:55:00,2021-02-25 07:10:00,1.2177,1.2182535714285714,tp,952.669869052104,3,A_5m_30m_1h,long
1,2021-02-25 08:30:00,2021-02-25 08:35:00,1.21799,1.2176524999999998,sl,-581.128620121707,1,A_5m_30m_1h,long
1,2021-02-25 09:45:00,2021-02-25 09:55:00,1.21732,1.21817,tp,958.8622232008164,2,A_5m_30m_1h,long
1,2021-02-25 13:15:00,2021-02-25 13:30:00,1.22359,1.22275,sl,-584.905956152498,3,A_5m_30m_1h,long
1,2021-02-25 13:55:00,2021-02-25 15:30:00,1.2228999999999999,1.2220696428571427,sl,-579.056896590973,19,A_5m_30m_1h,long
1,2021-02-25 15:50:00,2021-02-25 15:50:00,1.2229999999999999,1.2221942857142856,sl,-573.2663276250632,0,A_5m_30m_1h,long
1,2021-02-25 17:55:00,2021-02-25 19:55:00,1.22247,1.2212539285714286,sl,-567.5336643488126,24,A_5m_30m_1h,long
-1,2021-02-26 03:15:00,2021-02-26 03:55:00,1.2153100000000001,1.2165046428571429,sl,-561.8583277053245,8,A_5m_30m_1h,short
-1,2021-02-26 07:35:00,2021-02-26 08:15:00,1.21524,1.2158142857142857,sl,-556.2397444282714,8,A_5m_30m_1h,short
-1,2021-02-26 08:40:00,2021-02-26 08:40:00,1.21533,1.2158764285714285,sl,-550.6773469839886,0,A_5m_30m_1h,short
-1,2021-02-26 12:50:00,2021-02-26 13:20:00,1.2122300000000001,1.210699642857143,tp,908.6176225235812,6,A_5m_30m_1h,short
-1,2021-02-26 16:10:00,2021-02-26 16:50:00,1.21211,1.2133164285714286,sl,-554.2567497393845,8,A_5m_30m_1h,short
-1,2021-02-26 17:00:00,2021-02-26 17:55:00,1.2124300000000001,1.2137510714285715,sl,-548.7141822419907,11,A_5m_30m_1h,short
-1,2021-02-26 20:05:00,2021-02-26 20:20:00,1.20726,1.2080732142857145,sl,-543.2270404195708,3,A_5m_30m_1h,short
-1,2021-02-26 21:55:00,2021-02-26 21:55:00,1.2084700000000002,1.2076789285714287,tp,896.3246166922079,0,A_5m_30m_1h,short
-1,2021-02-26 23:15:00,2021-02-26 23:30:00,1.20649,1.2070717857142859,sl,-546.7580161822972,3,A_5m_30m_1h,short
-1,2021-03-01 00:05:00,2021-03-01 00:15:00,1.20686,1.2073935714285715,sl,-541.2904360204742,2,A_5m_30m_1h,short
-1,2021-03-01 00:45:00,2021-03-01 01:00:00,1.20732,1.2077057142857144,sl,-535.8775316602695,3,A_5m_30m_1h,short
-1,2021-03-01 05:05:00,2021-03-01 05:05:00,1.2082300000000001,1.2086639285714287,sl,-530.5187563436667,0,A_5m_30m_1h,short
-1,2021-03-01 05:30:00,2021-03-01 06:20:00,1.2084300000000001,1.2078175000000002,tp,875.3559479667327,10,A_5m_30m_1h,short
-1,2021-03-01 07:30:00,2021-03-01 07:30:00,1.2077900000000001,1.2081028571428574,sl,-533.9671282598973,0,A_5m_30m_1h,short
-1,2021-03-01 08:35:00,2021-03-01 08:35:00,1.20844,1.2087485714285713,sl,-528.6274569772984,0,A_5m_30m_1h,short
-1,2021-03-01 11:15:00,2021-03-01 11:30:00,1.20455,1.2031410714285715,tp,872.2353040125881,3,A_5m_30m_1h,short
-1,2021-03-01 12:55:00,2021-03-01 13:00:00,1.20449,1.2050889285714286,sl,-532.0635354476514,1,A_5m_30m_1h,short
-1,2021-03-01 14:25:00,2021-03-01 15:05:00,1.20435,1.2048782142857144,sl,-526.7429000931747,8,A_5m_30m_1h,short
-1,2021-03-01 15:25:00,2021-03-01 15:50:00,1.2041600000000001,1.2047900000000002,sl,-521.4754710922431,5,A_5m_30m_1h,short
-1,2021-03-01 16:10:00,2021-03-01 17:05:00,1.20495,1.2035535714285714,tp,860.4345273022011,11,A_5m_30m_1h,short
-1,2021-03-01 21:10:00,2021-03-01 21:50:00,1.20437,1.2048639285714284,sl,-524.8650616543426,8,A_5m_30m_1h,short
-1,2021-03-02 00:10:00,2021-03-02 00:35:00,1.20454,1.2048014285714286,sl,-519.6164110377993,5,A_5m_30m_1h,short
-1,2021-03-02 03:50:00,2021-03-02 04:05:00,1.20289,1.2033967857142855,sl,-514.4202469274212,3,A_5m_30m_1h,short
-1,2021-03-02 04:45:00,2021-03-02 04:50:00,1.2031800000000001,1.2024103571428573,tp,848.7934074303264,1,A_5m_30m_1h,short
-1,2021-03-02 06:20:00,2021-03-02 07:40:00,1.20246,1.2016850000000001,tp,862.9399642208327,16,A_5m_30m_1h,short
-1,2021-03-02 08:35:00,2021-03-02 08:50:00,1.20221,1.2026428571428571,sl,-526.3933781746586,3,A_5m_30m_1h,short
-1,2021-03-02 10:20:00,2021-03-02 10:35:00,1.2003700000000002,1.2013310714285717,sl,-521.1294443929119,3,A_5m_30m_1h,short
-1,2021-03-02 11:00:00,2021-03-02 11:35:00,1.2001600000000001,1.2010139285714287,sl,-515.9181499489828,7,A_5m_30m_1h,short
-1,2021-03-02 12:00:00,2021-03-02 12:15:00,1.20056,1.2015532142857144,sl,-510.7589684494929,3,A_5m_30m_1h,short
1,2021-03-02 19:50:00,2021-03-02 20:30:00,1.2080199999999999,1.2088074999999998,tp,842.7522979414256,8,A_5m_30m_1h,long
1,2021-03-02 21:25:00,2021-03-02 21:35:00,1.20868,1.208332857142857,sl,-514.0789017444122,2,A_5m_30m_1h,long
1,2021-03-02 21:55:00,2021-03-02 22:00:00,1.20858,1.2091121428571427,tp,848.2301878780441,1,A_5m_30m_1h,long
1,2021-03-03 05:55:00,2021-03-03 06:00:00,1.20851,1.2082775,sl,-517.4204146057485,1,A_5m_30m_1h,long
1,2021-03-03 07:15:00,2021-03-03 07:25:00,1.20894,1.2086892857142857,sl,-512.246210459691,2,A_5m_30m_1h,long
-1,2021-03-03 15:00:00,2021-03-03 15:05:00,1.20628,1.2053853571428572,tp,845.2062472584203,1,A_5m_30m_1h,short
-1,2021-03-03 16:15:00,2021-03-03 16:30:00,1.2047700000000001,1.205867142857143,sl,-515.5758108276784,3,A_5m_30m_1h,short
-1,2021-03-03 17:00:00,2021-03-03 17:00:00,1.2052800000000001,1.206242142857143,sl,-510.42005271940155,0,A_5m_30m_1h,short
-1,2021-03-03 17:15:00,2021-03-03 17:45:00,1.20546,1.2064917857142856,sl,-505.31585219220756,6,A_5m_30m_1h,short
-1,2021-03-04 05:40:00,2021-03-04 06:20:00,1.20506,1.2044117857142858,tp,833.7711561168568,8,A_5m_30m_1h,short
-1,2021-03-04 11:45:00,2021-03-04 12:20:00,1.20292,1.2037407142857144,sl,-508.600405231454,7,A_5m_30m_1h,short
-1,2021-03-04 14:25:00,2021-03-04 16:40:00,1.2035900000000002,1.2042167857142858,sl,-503.5144011791395,27,A_5m_30m_1h,short
-1,2021-03-04 16:50:00,2021-03-04 17:15:00,1.20376,1.2027135714285713,tp,830.7987619457564,5,A_5m_30m_1h,short
-1,2021-03-04 18:55:00,2021-03-04 19:10:00,1.20466,1.2033439285714287,tp,844.6454079780569,3,A_5m_30m_1h,short
-1,2021-03-04 21:00:00,2021-03-05 10:00:00,1.1967700000000001,1.1944075,tp,858.7228314442834,156,A_5m_30m_1h,short
-1,2021-03-05 11:35:00,2021-03-05 12:20:00,1.19248,1.193647857142857,sl,-523.820927181029,9,A_5m_30m_1h,short
-1,2021-03-05 12:50:00,2021-03-05 14:20:00,1.1932500000000001,1.1940160714285715,sl,-518.5827179092188,18,A_5m_30m_1h,short
-1,2021-03-05 16:35:00,2021-03-08 08:55:00,1.19266,1.189517142857143,tp,855.6614845502112,195,A_5m_30m_1h,short
-1,2021-03-08 10:40:00,2021-03-08 11:05:00,1.18868,1.1874817857142856,tp,869.9225092926607,5,A_5m_30m_1h,short
-1,2021-03-08 12:25:00,2021-03-08 12:30:00,1.18695,1.1875542857142858,sl,-530.6527306685554,1,A_5m_30m_1h,short
-1,2021-03-08 12:50:00,2021-03-08 14:00:00,1.18748,1.1864335714285714,tp,875.5770056033022,14,A_5m_30m_1h,short
-1,2021-03-08 15:40:00,2021-03-08 15:40:00,1.18653,1.1872125000000002,sl,-534.1019734179027,0,A_5m_30m_1h,short
-1,2021-03-08 15:55:00,2021-03-08 16:00:00,1.1867400000000001,1.1875028571428572,sl,-528.7609536837238,1,A_5m_30m_1h,short
-1,2021-03-08 16:50:00,2021-03-08 17:20:00,1.18782,1.1886921428571429,sl,-523.4733441468865,6,A_5m_30m_1h,short
-1,2021-03-08 20:00:00,2021-03-08 20:05:00,1.18561,1.186137142857143,sl,-518.2386107054176,1,A_5m_30m_1h,short
-1,2021-03-08 20:25:00,2021-03-08 22:15:00,1.18599,1.1850757142857145,tp,855.0937076640082,22,A_5m_30m_1h,short
-1,2021-03-08 23:25:00,2021-03-09 00:00:00,1.18446,1.1848414285714286,sl,-521.6071616750036,7,A_5m_30m_1h,short
-1,2021-03-09 00:30:00,2021-03-09 01:00:00,1.18461,1.184898214285714,sl,-516.3910900582534,6,A_5m_30m_1h,short
-1,2021-03-09 01:25:00,2021-03-09 01:30:00,1.18489,1.185175,sl,-511.22717915767095,1,A_5m_30m_1h,short
-1,2021-03-09 03:25:00,2021-03-09 04:10:00,1.18426,1.1848085714285714,sl,-506.1149073660942,9,A_5m_30m_1h,short
-1,2021-03-09 08:45:00,2021-03-09 09:00:00,1.1858600000000001,1.1852082142857143,tp,835.0895971539605,3,A_5m_30m_1h,short
-1,2021-03-09 15:20:00,2021-03-09 15:45:00,1.18839,1.189089642857143,sl,-509.40465426397293,5,A_5m_30m_1h,short
-1,2021-03-09 18:50:00,2021-03-09 20:00:00,1.18845,1.1892417857142858,sl,-504.31060772133316,14,A_5m_30m_1h,short
-1,2021-03-09 20:10:00,2021-03-09 20:10:00,1.18866,1.1892546428571429,sl,-499.2675016441199,0,A_5m_30m_1h,short
-1,2021-03-09 20:30:00,2021-03-09 21:00:00,1.1888800000000002,1.18954,sl,-494.27482662767864,6,A_5m_30m_1h,short
-1,2021-03-09 21:30:00,2021-03-09 21:40:00,1.18955,1.1899367857142857,sl,-489.3320783614019,2,A_5m_30m_1h,short
-1,2021-03-09 22:00:00,2021-03-09 22:00:00,1.18995,1.1903003571428572,sl,-484.43875757778784,0,A_5m_30m_1h,short
1,2021-03-09 22:05:00,2021-03-09 22:50:00,1.19035,1.1899739285714286,sl,-479.59437000201,9,A_5m_30m_1h,long
-1,2021-03-10 00:05:00,2021-03-10 00:05:00,1.18954,1.1899042857142859,sl,-474.7984263019899,0,A_5m_30m_1h,short
1,2021-03-10 00:10:00,2021-03-10 00:15:00,1.18996,1.1895507142857142,sl,-470.05044203897,1,A_5m_30m_1h,long
-1,2021-03-10 00:20:00,2021-03-10 00:20:00,1.18922,1.18961,sl,-465.3499376185804,0,A_5m_30m_1h,short
1,2021-03-10 01:50:00,2021-03-10 01:50:00,1.18997,1.1897064285714285,sl,-460.6964382423945,0,A_5m_30m_1h,long
-1,2021-03-10 03:25:00,2021-03-10 03:35:00,1.18923,1.1885567857142858,tp,760.1491230998674,2,A_5m_30m_1h,short
-1,2021-03-10 04:40:00,2021-03-10 07:50:00,1.1879300000000002,1.1870728571428573,tp,772.8182751516821,38,A_5m_30m_1h,short
-1,2021-03-10 08:05:00,2021-03-10 08:35:00,1.18709,1.1874864285714286,sl,-471.419147842486,6,A_5m_30m_1h,short
-1,2021-03-10 09:15:00,2021-03-10 09:20:00,1.1876200000000001,1.1880775000000001,sl,-466.70495636406116,1,A_5m_30m_1h,short
1,2021-03-10 12:00:00,2021-03-10 12:35:00,1.19003,1.1894267857142855,sl,-462.03790680042056,7,A_5m_30m_1h,long
1,2021-03-10 13:10:00,2021-03-10 13:25:00,1.18954,1.1890375,sl,-457.4175277324164,3,A_5m_30m_1h,long
1,2021-03-10 13:35:00,2021-03-10 13:35:00,1.1893,1.1888135714285715,sl,-452.8433524550922,0,A_5m_30m_1h,long
1,2021-03-10 18:00:00,2021-03-10 20:00:00,1.1896499999999999,1.1913285714285713,tp,747.1915315508032,24,A_5m_30m_1h,long
1,2021-03-10 21:00:00,2021-03-10 23:25:00,1.1914799999999999,1.192960357142857,tp,759.6447237434534,29,A_5m_30m_1h,long
1,2021-03-11 00:20:00,2021-03-11 00:25:00,1.19288,1.1925928571428572,sl,-463.3832814834838,1,A_5m_30m_1h,long
1,2021-03-11 00:35:00,2021-03-11 00:40:00,1.19276,1.192462142857143,sl,-458.749448668649,1,A_5m_30m_1h,long
1,2021-03-11 01:00:00,2021-03-11 01:55:00,1.19274,1.19241,sl,-454.1619541819626,11,A_5m_30m_1h,long
1,2021-03-11 02:05:00,2021-03-11 02:15:00,1.19278,1.1925389285714285,sl,-449.6203346401429,2,A_5m_30m_1h,long
1,2021-03-11 05:25:00,2021-03-11 06:10:00,1.1931699999999998,1.192800357142857,sl,-445.12413129374147,9,A_5m_30m_1h,long
1,2021-03-11 06:55:00,2021-03-11 08:00:00,1.19272,1.1924317857142857,sl,-440.67288998080403,13,A_5m_30m_1h,long
1,2021-03-11 08:30:00,2021-03-11 08:40:00,1.19238,1.192955,tp,727.110268468233,2,A_5m_30m_1h,long
1,2021-03-11 10:10:00,2021-03-11 10:25:00,1.19449,1.1958185714285714,tp,739.2287729426737,3,A_5m_30m_1h,long
1,2021-03-11 11:50:00,2021-03-11 14:45:00,1.19634,1.1956735714285713,sl,-450.92955149510504,35,A_5m_30m_1h,long
1,2021-03-11 16:30:00,2021-03-11 16:40:00,1.1951399999999999,1.1937985714285713,sl,-446.420255980154,2,A_5m_30m_1h,long
1,2021-03-11 20:00:00,2021-03-11 20:00:00,1.19728,1.1984817857142855,tp,736.5934223671633,0,A_5m_30m_1h,long
1,2021-03-11 21:55:00,2021-03-11 22:35:00,1.1983,1.1989946428571427,tp,748.8699794068663,8,A_5m_30m_1h,long
1,2021-03-11 23:55:00,2021-03-12 00:00:00,1.19864,1.1983839285714284,sl,-456.8106874380927,1,A_5m_30m_1h,long
-1,2021-03-12 13:05:00,2021-03-12 13:35:00,1.19173,1.1922957142857142,sl,-452.24258056371184,6,A_5m_30m_1h,short
1,2021-03-12 15:40:00,2021-03-12 15:40:00,1.19398,1.1933017857142858,sl,-447.7201547580748,0,A_5m_30m_1h,long
1,2021-03-12 17:40:00,2021-03-12 18:20:00,1.1926999999999999,1.1943267857142856,tp,738.7382553508905,8,A_5m_30m_1h,long
1,2021-03-12 19:15:00,2021-03-12 19:55:00,1.19554,1.1948542857142856,sl,-450.6303357640028,8,A_5m_30m_1h,long
1,2021-03-12 20:25:00,2021-03-12 22:45:00,1.19506,1.1958760714285714,tp,743.5400540106721,28,A_5m_30m_1h,long
1,2021-03-15 00:10:00,2021-03-15 00:30:00,1.1952399999999999,1.1948275,sl,-453.5594329464694,4,A_5m_30m_1h,long
1,2021-03-15 03:15:00,2021-03-15 03:25:00,1.1957,1.1964214285714285,tp,748.3730643616746,2,A_5m_30m_1h,long
1,2021-03-15 04:05:00,2021-03-15 04:15:00,1.19618,1.1956357142857144,sl,-456.5075692606215,2,A_5m_30m_1h,long
-1,2021-03-15 08:45:00,2021-03-15 08:50:00,1.1928400000000001,1.1933735714285716,sl,-451.94249356801527,1,A_5m_30m_1h,short
-1,2021-03-15 09:10:00,2021-03-15 09:45:00,1.1932,1.1921839285714286,tp,745.7051143871165,7,A_5m_30m_1h,short
-1,2021-03-15 10:35:00,2021-03-15 10:40:00,1.19283,1.1936410714285715,sl,-454.8801197762063,1,A_5m_30m_1h,short
-1,2021-03-15 12:30:00,2021-03-15 12:45:00,1.19229,1.19295,sl,-450.3313185784442,3,A_5m_30m_1h,short
-1,2021-03-15 13:35:00,2021-03-15 14:15:00,1.19268,1.1931021428571429,sl,-445.82800539265975,8,A_5m_30m_1h,short
-1,2021-03-15 14:30:00,2021-03-15 15:10:00,1.1926400000000001,1.1916739285714288,tp,735.6162088976632,8,A_5m_30m_1h,short
-1,2021-03-15 15:55:00,2021-03-15 16:15:00,1.19217,1.1928171428571428,sl,-448.72588742770984,4,A_5m_30m_1h,short
-1,2021-03-15 20:00:00,2021-03-15 20:10:00,1.1927,1.1931778571428573,sl,-444.2386285534327,2,A_5m_30m_1h,short
-1,2021-03-15 20:20:00,2021-03-15 21:25:00,1.19296,1.192192142857143,tp,732.9937371131641,13,A_5m_30m_1h,short
-1,2021-03-16 00:45:00,2021-03-16 02:10:00,1.1927400000000001,1.1930100000000001,sl,-447.1261796390301,17,A_5m_30m_1h,short
-1,2021-03-16 02:25:00,2021-03-16 02:55:00,1.19273,1.1922657142857143,tp,737.7581964047525,6,A_5m_30m_1h,short
-1,2021-03-16 09:50:00,2021-03-16 10:15:00,1.1920600000000001,1.1926278571428572,sl,-450.03249980668727,5,A_5m_30m_1h,short
-1,2021-03-16 10:45:00,2021-03-16 11:05:00,1.19226,1.1928900000000002,sl,-445.5321748086204,4,A_5m_30m_1h,short
1,2021-03-16 14:05:00,2021-03-16 14:05:00,1.19499,1.1945442857142856,sl,-441.0768530605342,0,A_5m_30m_1h,long
-1,2021-03-16 16:45:00,2021-03-16 17:20:00,1.19026,1.1886992857142857,tp,727.7768075498815,7,A_5m_30m_1h,short
-1,2021-03-16 18:25:00,2021-03-16 18:30:00,1.1889800000000001,1.189649642857143,sl,-443.9438526054277,1,A_5m_30m_1h,short
-1,2021-03-16 21:40:00,2021-03-16 23:00:00,1.1905400000000002,1.1898560714285715,tp,732.5073567991142,16,A_5m_30m_1h,short
-1,2021-03-16 23:55:00,2021-03-17 01:40:00,1.19005,1.1904464285714287,sl,-446.82948764736454,21,A_5m_30m_1h,short
-1,2021-03-17 01:55:00,2021-03-17 02:00:00,1.19018,1.1903889285714286,sl,-442.36119277089085,1,A_5m_30m_1h,short
-1,2021-03-17 02:20:00,2021-03-17 02:25:00,1.19019,1.190472857142857,sl,-437.937580843182,1,A_5m_30m_1h,short
-1,2021-03-17 04:50:00,2021-03-17 04:50:00,1.18971,1.1899403571428573,sl,-433.55820503475013,0,A_5m_30m_1h,short
-1,2021-03-17 07:15:00,2021-03-17 07:55:00,1.1902000000000001,1.1898839285714287,tp,715.3710383075052,8,A_5m_30m_1h,short
-1,2021-03-17 18:00:00,2021-03-17 19:40:00,1.19033,1.1909150000000002,sl,-436.37633336747774,20,A_5m_30m_1h,short
-1,2021-03-17 20:00:00,2021-03-17 20:00:00,1.19139,1.1917725,sl,-432.0125700338029,0,A_5m_30m_1h,short
1,2021-03-17 20:55:00,2021-03-18 06:10:00,1.19789,1.1957942857142856,sl,-427.6924443334649,111,A_5m_30m_1h,long
1,2021-03-18 08:05:00,2021-03-18 08:40:00,1.19676,1.1974974999999999,tp,705.6925331502171,7,A_5m_30m_1h,long
-1,2021-03-18 16:20:00,2021-03-18 17:55:00,1.1918,1.1926132142857142,sl,-430.47244522163237,19,A_5m_30m_1h,short
-1,2021-03-18 21:35:00,2021-03-18 22:40:00,1.19117,1.1918535714285716,sl,-426.16772076941606,13,A_5m_30m_1h,short
-1,2021-03-18 23:00:00,2021-03-18 23:20:00,1.19129,1.1917175,sl,-421.9060435617219,4,A_5m_30m_1h,short
-1,2021-03-19 02:00:00,2021-03-19 02:30:00,1.19171,1.1912314285714285,tp,696.1449718768412,6,A_5m_30m_1h,short
-1,2021-03-19 04:10:00,2021-03-19 05:20:00,1.19083,1.1912810714285715,sl,-424.6484328448731,14,A_5m_30m_1h,short
-1,2021-03-19 05:50:00,2021-03-19 06:25:00,1.19126,1.1916564285714286,sl,-420.40194851642445,7,A_5m_30m_1h,short
-1,2021-03-19 13:05:00,2021-03-19 13:15:00,1.18948,1.1899289285714287,sl,-416.1979290312602,2,A_5m_30m_1h,short
-1,2021-03-19 13:25:00,2021-03-19 13:25:00,1.18957,1.1899760714285714,sl,-412.03594974094756,0,A_5m_30m_1h,short
-1,2021-03-19 17:25:00,2021-03-19 17:35:00,1.18859,1.189085,sl,-407.91559024353813,2,A_5m_30m_1h,short
-1,2021-03-19 19:20:00,2021-03-22 00:00:00,1.19075,1.1898892857142858,tp,673.060723901838,43,A_5m_30m_1h,short
-1,2021-03-22 00:05:00,2021-03-22 00:05:00,1.1875,1.1880785714285713,sl,-410.5670415801211,0,A_5m_30m_1h,short
-1,2021-03-22 01:00:00,2021-03-22 02:05:00,1.18839,1.1891903571428573,sl,-406.46137116431987,13,A_5m_30m_1h,short
-1,2021-03-22 02:15:00,2021-03-22 03:10:00,1.18868,1.1880585714285714,tp,670.6612624210479,11,A_5m_30m_1h,short
-1,2021-03-22 04:30:00,2021-03-22 04:55:00,1.18863,1.1890725,sl,-409.10337007688713,5,A_5m_30m_1h,short
-1,2021-03-22 05:35:00,2021-03-22 05:40:00,1.18939,1.1897607142857143,sl,-405.0123363761182,1,A_5m_30m_1h,short
-1,2021-03-22 08:00:00,2021-03-22 08:15:00,1.1893,1.188807142857143,tp,668.2703550204948,3,A_5m_30m_1h,short
-1,2021-03-22 09:50:00,2021-03-22 10:15:00,1.18807,1.188859642857143,sl,-407.64491656256206,5,A_5m_30m_1h,short
1,2021-03-22 14:15:00,2021-03-22 14:15:00,1.19303,1.192454642857143,sl,-403.5684673969364,0,A_5m_30m_1h,long
1,2021-03-22 15:10:00,2021-03-22 15:40:00,1.19235,1.191645,sl,-399.5327827229671,6,A_5m_30m_1h,long
1,2021-03-22 18:25:00,2021-03-22 19:30:00,1.19332,1.1944164285714285,tp,659.2290914927622,13,A_5m_30m_1h,long
1,2021-03-22 20:50:00,2021-03-22 21:05:00,1.19428,1.1939607142857143,sl,-402.12974581066504,3,A_5m_30m_1h,long
1,2021-03-23 09:15:00,2021-03-23 09:35:00,1.19293,1.1924210714285715,sl,-398.1084483525584,4,A_5m_30m_1h,long
-1,2021-03-23 11:20:00,2021-03-23 13:05:00,1.18926,1.1879957142857143,tp,656.8789397817599,21,A_5m_30m_1h,short
-1,2021-03-23 15:00:00,2021-03-23 15:25:00,1.18885,1.1879,tp,667.8269221114693,5,A_5m_30m_1h,short
-1,2021-03-23 16:35:00,2021-03-23 19:40:00,1.18692,1.1856039285714286,tp,678.9573708131226,37,A_5m_30m_1h,short
-1,2021-03-23 19:55:00,2021-03-23 20:25:00,1.18619,1.1853239285714285,tp,690.2733269936709,6,A_5m_30m_1h,short
-1,2021-03-23 20:55:00,2021-03-23 22:00:00,1.1853500000000001,1.184619642857143,tp,701.7778824435306,13,A_5m_30m_1h,short
-1,2021-03-23 22:35:00,2021-03-23 22:55:00,1.18466,1.1850457142857143,sl,-428.08450829046836,4,A_5m_30m_1h,short
-1,2021-03-23 23:50:00,2021-03-24 01:20:00,1.18506,1.1844939285714284,tp,706.3394386792728,18,A_5m_30m_1h,short
-1,2021-03-24 02:45:00,2021-03-24 03:35:00,1.1844000000000001,1.1848178571428574,sl,-430.86705759435637,10,A_5m_30m_1h,short
-1,2021-03-24 06:05:00,2021-03-24 06:50:00,1.18472,1.1843128571428572,tp,710.930645030688,9,A_5m_30m_1h,short
-1,2021-03-24 07:40:00,2021-03-24 08:30:00,1.18394,1.184297857142857,sl,-433.6676934687198,10,A_5m_30m_1h,short
-1,2021-03-24 08:55:00,2021-03-24 09:15:00,1.18428,1.1834407142857142,tp,715.5516942233876,4,A_5m_30m_1h,short
-1,2021-03-24 10:25:00,2021-03-24 10:30:00,1.18148,1.1823767857142857,sl,-436.4865334762664,1,A_5m_30m_1h,short
-1,2021-03-24 13:50:00,2021-03-24 13:55:00,1.18295,1.1834814285714286,sl,-432.1216681415038,1,A_5m_30m_1h,short
-1,2021-03-24 16:10:00,2021-03-24 16:55:00,1.18215,1.1829953571428573,sl,-427.80045146008877,9,A_5m_30m_1h,short
-1,2021-03-24 20:15:00,2021-03-24 21:25:00,1.18267,1.1819592857142858,tp,705.8707449091464,14,A_5m_30m_1h,short
-1,2021-03-24 22:55:00,2021-03-24 23:40:00,1.1809800000000001,1.1813507142857145,sl,-430.5811543945793,9,A_5m_30m_1h,short
-1,2021-03-25 00:00:00,2021-03-25 00:00:00,1.18116,1.1814428571428572,sl,-426.2753428506335,0,A_5m_30m_1h,short
-1,2021-03-25 00:15:00,2021-03-25 02:35:00,1.1813,1.1815625,sl,-422.0125894221271,28,A_5m_30m_1h,short
-1,2021-03-25 02:45:00,2021-03-25 02:50:00,1.18137,1.1816592857142858,sl,-417.79246352790585,1,A_5m_30m_1h,short
-1,2021-03-25 03:05:00,2021-03-25 03:30:00,1.18144,1.1809007142857144,tp,689.35756482095,5,A_5m_30m_1h,short
-1,2021-03-25 04:50:00,2021-03-25 05:00:00,1.18207,1.182555357142857,sl,-420.50811454083635,2,A_5m_30m_1h,short
-1,2021-03-25 09:05:00,2021-03-25 09:55:00,1.18156,1.180702857142857,tp,693.8383889924398,10,A_5m_30m_1h,short
-1,2021-03-25 10:40:00,2021-03-25 12:10:00,1.1807,1.1815260714285716,sl,-423.2414172853524,18,A_5m_30m_1h,short
-1,2021-03-25 12:35:00,2021-03-25 12:50:00,1.18099,1.1815642857142856,sl,-419.0090031124988,3,A_5m_30m_1h,short
-1,2021-03-25 15:45:00,2021-03-25 17:00:00,1.18076,1.1790635714285715,tp,691.3648551355628,15,A_5m_30m_1h,short
-1,2021-03-25 17:05:00,2021-03-25 17:55:00,1.17913,1.177710357142857,tp,702.8876027211792,10,A_5m_30m_1h,short
-1,2021-03-25 18:40:00,2021-03-25 20:15:00,1.17721,1.1779610714285715,sl,-428.76143765994124,19,A_5m_30m_1h,short
-1,2021-03-25 21:00:00,2021-03-25 21:20:00,1.1776200000000001,1.1769021428571431,tp,707.4563721387573,4,A_5m_30m_1h,short
-1,2021-03-25 23:30:00,2021-03-26 00:55:00,1.17684,1.1773350000000002,sl,-431.54838700472953,17,A_5m_30m_1h,short
-1,2021-03-26 09:50:00,2021-03-26 09:50:00,1.1782000000000001,1.1786928571428574,sl,-427.2329031346822,0,A_5m_30m_1h,short
-1,2021-03-26 14:50:00,2021-03-26 15:00:00,1.17772,1.1782278571428573,sl,-422.9605741033354,2,A_5m_30m_1h,short
-1,2021-03-26 16:15:00,2021-03-26 17:00:00,1.17858,1.179225,sl,-418.73096836230195,9,A_5m_30m_1h,short
-1,2021-03-29 00:55:00,2021-03-29 01:05:00,1.179,1.1792753571428571,sl,-414.543658678679,2,A_5m_30m_1h,short
-1,2021-03-29 01:25:00,2021-03-29 03:10:00,1.17904,1.1785685714285716,tp,683.9970368199276,21,A_5m_30m_1h,short
-1,2021-03-29 03:35:00,2021-03-29 03:45:00,1.17855,1.1780607142857142,tp,695.3969874334857,2,A_5m_30m_1h,short
-1,2021-03-29 05:20:00,2021-03-29 05:30:00,1.17855,1.1789882142857144,sl,-424.1921623344263,2,A_5m_30m_1h,short
-1,2021-03-29 08:55:00,2021-03-29 09:00:00,1.1773900000000002,1.1776728571428574,sl,-419.9502407110821,1,A_5m_30m_1h,short
-1,2021-03-29 09:05:00,2021-03-29 09:05:00,1.17746,1.1777707142857143,sl,-415.7507383039712,0,A_5m_30m_1h,short
-1,2021-03-29 09:45:00,2021-03-29 09:55:00,1.1778300000000002,1.178394642857143,sl,-411.59323092093155,2,A_5m_30m_1h,short
-1,2021-03-29 10:00:00,2021-03-29 10:00:00,1.17801,1.1786314285714286,sl,-407.47729861172223,0,A_5m_30m_1h,short
-1,2021-03-29 10:20:00,2021-03-29 10:25:00,1.1779,1.1786221428571428,sl,-403.40252562560494,1,A_5m_30m_1h,short
-1,2021-03-29 10:45:00,2021-03-29 11:15:00,1.17869,1.1775185714285714,tp,665.6141672822903,6,A_5m_30m_1h,short
-1,2021-03-29 12:55:00,2021-03-29 14:05:00,1.17764,1.176565,tp,676.7077367369064,14,A_5m_30m_1h,short
-1,2021-03-29 17:50:00,2021-03-29 18:00:00,1.17755,1.176289285714286,tp,687.9861990158612,2,A_5m_30m_1h,short
-1,2021-03-29 20:30:00,2021-03-29 21:30:00,1.17731,1.1766492857142858,tp,699.4526356660092,12,A_5m_30m_1h,short
-1,2021-03-29 22:30:00,2021-03-30 00:50:00,1.1766100000000002,1.1770053571428574,sl,-426.6661077563595,28,A_5m_30m_1h,short
-1,2021-03-30 03:05:00,2021-03-30 03:05:00,1.1767400000000001,1.176935,sl,-422.3994466787959,0,A_5m_30m_1h,short
-1,2021-03-30 03:15:00,2021-03-30 03:15:00,1.17643,1.1766796428571429,sl,-418.17545221200794,0,A_5m_30m_1h,short
-1,2021-03-30 03:30:00,2021-03-30 03:35:00,1.17677,1.1770710714285715,sl,-413.9936976898879,1,A_5m_30m_1h,short
-1,2021-03-30 03:45:00,2021-03-30 04:00:00,1.17675,1.177077857142857,sl,-409.85376071298896,3,A_5m_30m_1h,short
-1,2021-03-30 05:15:00,2021-03-30 07:15:00,1.1768800000000001,1.17633,tp,676.2587051766137,24,A_5m_30m_1h,short
-1,2021-03-30 07:50:00,2021-03-30 09:25:00,1.1764000000000001,1.1759232142857143,tp,687.5296835959354,19,A_5m_30m_1h,short
-1,2021-03-30 10:30:00,2021-03-30 16:25:00,1.17425,1.1726517857142857,tp,698.9885116559096,71,A_5m_30m_1h,short
-1,2021-03-30 17:40:00,2021-03-30 18:15:00,1.17229,1.1731117857142859,sl,-426.3829921101437,7,A_5m_30m_1h,short
-1,2021-03-30 20:00:00,2021-03-30 22:05:00,1.1718,1.1721899999999998,sl,-422.11916218904224,25,A_5m_30m_1h,short
-1,2021-03-30 23:50:00,2021-03-31 01:00:00,1.1716600000000001,1.1719139285714286,sl,-417.89797056715184,14,A_5m_30m_1h,short
-1,2021-03-31 01:20:00,2021-03-31 02:05:00,1.17162,1.1718707142857143,sl,-413.71899086148034,9,A_5m_30m_1h,short
-1,2021-03-31 02:15:00,2021-03-31 02:15:00,1.1717300000000002,1.1719325000000003,sl,-409.58180095286554,0,A_5m_30m_1h,short
-1,2021-03-31 05:30:00,2021-03-31 09:15:00,1.17102,1.1713864285714286,sl,-405.48598294333686,45,A_5m_30m_1h,short
-1,2021-03-31 15:40:00,2021-03-31 16:35:00,1.17263,1.1732503571428572,sl,-401.43112311390354,11,A_5m_30m_1h,short
-1,2021-03-31 22:00:00,2021-03-31 22:10:00,1.17251,1.1729160714285713,sl,-397.41681188276453,2,A_5m_30m_1h,short
-1,2021-03-31 22:35:00,2021-03-31 23:30:00,1.17242,1.1728592857142859,sl,-393.44264376393687,11,A_5m_30m_1h,short
-1,2021-04-01 01:35:00,2021-04-01 01:40:00,1.17248,1.172837857142857,sl,-389.50821732629754,1,A_5m_30m_1h,short
-1,2021-04-01 01:55:00,2021-04-01 03:50:00,1.17263,1.1729803571428572,sl,-385.6131351530345,23,A_5m_30m_1h,short
-1,2021-04-01 04:10:00,2021-04-01 05:00:00,1.17273,1.1732335714285715,sl,-381.7570038015042,10,A_5m_30m_1h,short
-1,2021-04-01 06:35:00,2021-04-01 06:45:00,1.17245,1.1727232142857142,sl,-377.93943376348915,2,A_5m_30m_1h,short
-1,2021-04-01 09:00:00,2021-04-01 09:20:00,1.1716600000000001,1.1720114285714287,sl,-374.1600394258543,4,A_5m_30m_1h,short
-1,2021-04-01 09:35:00,2021-04-01 09:40:00,1.17197,1.1724499999999998,sl,-370.4184390315957,1,A_5m_30m_1h,short
1,2021-04-01 10:55:00,2021-04-01 11:55:00,1.17367,1.172737857142857,sl,-366.71425464127975,12,A_5m_30m_1h,long
-1,2021-04-01 12:50:00,2021-04-01 13:15:00,1.17385,1.1745292857142857,sl,-363.047112094867,5,A_5m_30m_1h,short
1,2021-04-01 14:25:00,2021-04-01 15:10:00,1.17384,1.1748471428571428,tp,599.0277349565746,9,A_5m_30m_1h,long
1,2021-04-01 16:05:00,2021-04-01 17:05:00,1.17532,1.174615,sl,-365.4069183234841,12,A_5m_30m_1h,long
1,2021-04-01 19:20:00,2021-04-01 19:20:00,1.17788,1.177269285714286,sl,-361.7528491402492,0,A_5m_30m_1h,long
1,2021-04-01 20:10:00,2021-04-01 21:10:00,1.17751,1.1770375,sl,-358.13532064884674,12,A_5m_30m_1h,long
1,2021-04-01 23:30:00,2021-04-02 01:00:00,1.1774,1.177869642857143,tp,590.9232790704108,18,A_5m_30m_1h,long
1,2021-04-02 01:05:00,2021-04-02 02:25:00,1.17801,1.17771,sl,-360.46320023306237,16,A_5m_30m_1h,long
1,2021-04-02 04:05:00,2021-04-02 06:20:00,1.1773099999999999,1.1779849999999998,tp,594.7642803845529,27,A_5m_30m_1h,long
1,2021-04-02 07:05:00,2021-04-02 07:10:00,1.17801,1.1777164285714286,sl,-362.8062110345773,1,A_5m_30m_1h,long
1,2021-04-02 07:50:00,2021-04-02 09:05:00,1.17776,1.1775457142857142,sl,-359.1781489242315,15,A_5m_30m_1h,long
1,2021-04-02 09:15:00,2021-04-02 09:25:00,1.1776799999999998,1.1780978571428569,tp,592.6439457249819,2,A_5m_30m_1h,long
1,2021-04-02 10:20:00,2021-04-02 11:30:00,1.17766,1.1783760714285714,tp,602.5213448203983,14,A_5m_30m_1h,long
1,2021-04-02 12:30:00,2021-04-02 12:40:00,1.17844,1.1780875,sl,-367.538020340443,2,A_5m_30m_1h,long
1,2021-04-02 13:05:00,2021-04-02 13:10:00,1.17817,1.177882857142857,sl,-363.86264013703857,1,A_5m_30m_1h,long
1,2021-04-02 23:20:00,2021-04-02 23:45:00,1.17614,1.1759257142857142,sl,-360.2240137356681,5,A_5m_30m_1h,long
1,2021-04-05 02:25:00,2021-04-05 04:25:00,1.17632,1.1768717857142856,tp,594.3696226638523,24,A_5m_30m_1h,long
1,2021-04-05 06:10:00,2021-04-05 07:15:00,1.17678,1.1765271428571427,sl,-362.5654698249499,13,A_5m_30m_1h,long
-1,2021-04-05 09:50:00,2021-04-05 10:45:00,1.17494,1.1742310714285717,tp,598.2330252112298,11,A_5m_30m_1h,short
1,2021-04-05 15:20:00,2021-04-05 15:35:00,1.17627,1.176862857142857,tp,608.2035756313545,3,A_5m_30m_1h,long
1,2021-04-05 16:45:00,2021-04-05 16:50:00,1.17878,1.1797389285714286,tp,618.3403018920202,1,A_5m_30m_1h,long
1,2021-04-05 18:20:00,2021-04-06 03:05:00,1.18101,1.1821064285714284,tp,628.6459735899501,105,A_5m_30m_1h,long
1,2021-04-06 04:05:00,2021-04-06 04:10:00,1.1817199999999999,1.1814210714285713,sl,-383.47404388994596,1,A_5m_30m_1h,long
1,2021-04-06 08:45:00,2021-04-06 09:10:00,1.18099,1.1814971428571428,tp,632.7321724185032,5,A_5m_30m_1h,long
1,2021-04-06 11:50:00,2021-04-06 12:10:00,1.18078,1.1821782142857142,tp,643.2777086254199,4,A_5m_30m_1h,long
1,2021-04-06 16:25:00,2021-04-06 17:05:00,1.18309,1.1842935714285714,tp,653.9990037691027,8,A_5m_30m_1h,long
1,2021-04-06 18:10:00,2021-04-06 18:50:00,1.1842599999999999,1.1852939285714283,tp,664.898987165247,8,A_5m_30m_1h,long
1,2021-04-06 19:45:00,2021-04-06 20:15:00,1.18517,1.1858860714285715,tp,675.980636951382,6,A_5m_30m_1h,long
1,2021-04-06 20:55:00,2021-04-06 21:10:00,1.18566,1.1862671428571427,tp,687.2469809007392,3,A_5m_30m_1h,long
1,2021-04-06 22:30:00,2021-04-06 22:40:00,1.18726,1.1868325,sl,-419.2206583493504,2,A_5m_30m_1h,long
1,2021-04-06 23:00:00,2021-04-07 00:35:00,1.18743,1.1870367857142856,sl,-415.0284517658569,19,A_5m_30m_1h,long
1,2021-04-07 02:05:00,2021-04-07 03:00:00,1.1873099999999999,1.1870860714285714,sl,-410.8781672481983,11,A_5m_30m_1h,long
1,2021-04-07 06:05:00,2021-04-07 08:55:00,1.18689,1.1874882142857144,tp,677.9489759597787,34,A_5m_30m_1h,long
1,2021-04-07 09:30:00,2021-04-07 09:50:00,1.1875099999999998,1.1870096428571428,sl,-413.5488753353141,4,A_5m_30m_1h,long
1,2021-04-07 10:05:00,2021-04-07 10:15:00,1.18794,1.1871075,sl,-409.41338658196094,2,A_5m_30m_1h,long
1,2021-04-07 10:45:00,2021-04-07 11:50:00,1.18729,1.1886167857142858,tp,675.532087860198,13,A_5m_30m_1h,long
1,2021-04-07 12:40:00,2021-04-07 13:30:00,1.18828,1.1892925,tp,686.7909559911888,10,A_5m_30m_1h,long
1,2021-04-07 14:30:00,2021-04-07 15:00:00,1.18927,1.1886228571428572,sl,-418.9424831546553,6,A_5m_30m_1h,long
1,2021-04-07 15:45:00,2021-04-07 16:25:00,1.18824,1.1892882142857142,tp,691.2550972052298,8,A_5m_30m_1h,long
1,2021-04-07 19:10:00,2021-04-07 19:20:00,1.18905,1.1883032142857142,sl,-421.6656092951609,2,A_5m_30m_1h,long
1,2021-04-07 21:10:00,2021-04-07 21:10:00,1.1884599999999998,1.1880721428571426,sl,-417.44895320220934,0,A_5m_30m_1h,long
1,2021-04-08 07:25:00,2021-04-08 07:30:00,1.18717,1.1869814285714286,sl,-413.2744636701872,1,A_5m_30m_1h,long
1,2021-04-08 07:50:00,2021-04-08 08:00:00,1.1871,1.1873714285714287,tp,681.9028650561808,2,A_5m_30m_1h,long
1,2021-04-08 09:45:00,2021-04-08 09:55:00,1.18732,1.1880985714285714,tp,693.2679128069428,2,A_5m_30m_1h,long
1,2021-04-08 10:55:00,2021-04-08 11:30:00,1.18835,1.1875935714285715,sl,-422.8934268121166,7,A_5m_30m_1h,long
1,2021-04-08 11:40:00,2021-04-08 12:05:00,1.18791,1.1872982142857142,sl,-418.6644925439954,5,A_5m_30m_1h,long
1,2021-04-08 15:35:00,2021-04-08 15:55:00,1.18828,1.1894032142857143,tp,690.7964126975924,4,A_5m_30m_1h,long
1,2021-04-08 16:45:00,2021-04-08 16:50:00,1.1893799999999999,1.190535357142857,tp,702.3096862424622,1,A_5m_30m_1h,long
1,2021-04-08 18:10:00,2021-04-08 19:25:00,1.19074,1.192195357142857,tp,714.0148476799629,15,A_5m_30m_1h,long
1,2021-04-08 20:40:00,2021-04-08 20:55:00,1.19225,1.1918289285714285,sl,-435.54905708475565,3,A_5m_30m_1h,long
1,2021-04-09 00:05:00,2021-04-09 01:25:00,1.19149,1.1911407142857142,sl,-431.1935665139081,16,A_5m_30m_1h,long
1,2021-04-09 01:35:00,2021-04-09 03:55:00,1.19145,1.1919571428571427,tp,711.4693847480521,28,A_5m_30m_1h,long
1,2021-04-09 04:25:00,2021-04-09 04:30:00,1.19176,1.1914557142857143,sl,-433.99632469624953,1,A_5m_30m_1h,long
1,2021-04-09 18:35:00,2021-04-09 19:30:00,1.18875,1.1898285714285715,tp,716.0939357488608,11,A_5m_30m_1h,long
1,2021-04-09 20:05:00,2021-04-09 20:15:00,1.19008,1.190697857142857,tp,728.0288346776978,2,A_5m_30m_1h,long
1,2021-04-09 21:55:00,2021-04-09 21:55:00,1.19061,1.1903110714285714,sl,-444.0975891535526,0,A_5m_30m_1h,long
1,2021-04-09 23:50:00,2021-04-09 23:50:00,1.1903,1.1901157142857142,sl,-439.6566132620171,0,A_5m_30m_1h,long
1,2021-04-12 02:45:00,2021-04-12 02:55:00,1.1902599999999999,1.1900489285714284,sl,-435.2600471293969,2,A_5m_30m_1h,long
1,2021-04-12 03:20:00,2021-04-12 03:55:00,1.19003,1.1897,sl,-430.9074466581029,7,A_5m_30m_1h,long
1,2021-04-12 13:40:00,2021-04-12 13:45:00,1.1909699999999999,1.1917735714285713,tp,710.99728698587,1,A_5m_30m_1h,long
1,2021-04-12 14:20:00,2021-04-12 15:00:00,1.19118,1.1905949999999998,sl,-433.7083450613806,8,A_5m_30m_1h,long
1,2021-04-12 15:20:00,2021-04-12 15:40:00,1.19083,1.191699642857143,tp,715.6187693513999,4,A_5m_30m_1h,long
1,2021-04-12 16:40:00,2021-04-12 16:50:00,1.19143,1.1908546428571427,sl,-436.5274493042808,2,A_5m_30m_1h,long
1,2021-04-12 18:55:00,2021-04-12 18:55:00,1.19118,1.190598214285714,sl,-432.162174811238,0,A_5m_30m_1h,long
1,2021-04-12 19:10:00,2021-04-12 21:25:00,1.19105,1.1904875,sl,-427.84055306312564,27,A_5m_30m_1h,long
1,2021-04-13 00:25:00,2021-04-13 00:30:00,1.19135,1.1910414285714286,sl,-423.56214753249435,1,A_5m_30m_1h,long
1,2021-04-13 00:40:00,2021-04-13 03:00:00,1.19125,1.1908514285714284,sl,-419.3265260571694,28,A_5m_30m_1h,long
-1,2021-04-13 07:55:00,2021-04-13 08:30:00,1.18868,1.1889789285714285,sl,-415.1332607965977,7,A_5m_30m_1h,short
1,2021-04-13 11:15:00,2021-04-13 11:30:00,1.19035,1.1896225,sl,-410.98192818863174,3,A_5m_30m_1h,long
1,2021-04-13 11:40:00,2021-04-13 12:00:00,1.19018,1.1894857142857143,sl,-406.87210890674544,4,A_5m_30m_1h,long
1,2021-04-13 12:15:00,2021-04-13 13:25:00,1.18979,1.189155714285714,sl,-402.80338781767796,14,A_5m_30m_1h,long
-1,2021-04-13 14:05:00,2021-04-13 14:05:00,1.18893,1.1894817857142856,sl,-398.77535393950114,0,A_5m_30m_1h,short
-1,2021-04-13 14:20:00,2021-04-13 14:35:00,1.18855,1.1892464285714286,sl,-394.78760040010616,3,A_5m_30m_1h,short
-1,2021-04-13 14:50:00,2021-04-13 14:55:00,1.1887400000000001,1.1894835714285714,sl,-390.8397243961051,1,A_5m_30m_1h,short
1,2021-04-13 17:50:00,2021-04-13 17:55:00,1.19326,1.1925517857142858,sl,-386.93132715214404,1,A_5m_30m_1h,long
1,2021-04-13 18:10:00,2021-04-13 19:15:00,1.1930399999999999,1.1942792857142857,tp,638.4366898009994,13,A_5m_30m_1h,long
1,2021-04-13 20:05:00,2021-04-13 20:50:00,1.1943899999999998,1.1939421428571426,sl,-389.44638077863254,9,A_5m_30m_1h,long
1,2021-04-13 21:05:00,2021-04-13 22:55:00,1.19432,1.1949789285714285,tp,642.5865282845272,22,A_5m_30m_1h,long
1,2021-04-13 23:30:00,2021-04-13 23:55:00,1.19511,1.194755357142857,sl,-391.9777822536915,5,A_5m_30m_1h,long
1,2021-04-14 00:30:00,2021-04-14 02:50:00,1.19506,1.1954796428571428,tp,646.7633407187051,28,A_5m_30m_1h,long
1,2021-04-14 03:40:00,2021-04-14 05:30:00,1.1955799999999999,1.1961407142857141,tp,657.542729730743,22,A_5m_30m_1h,long
1,2021-04-14 06:15:00,2021-04-14 08:25:00,1.1960199999999999,1.19657,tp,668.5017752262615,26,A_5m_30m_1h,long
1,2021-04-14 08:40:00,2021-04-14 08:40:00,1.19631,1.1960175,sl,-407.7860828879116,0,A_5m_30m_1h,long
1,2021-04-14 08:50:00,2021-04-14 09:15:00,1.1963,1.1968178571428572,tp,672.8470367649579,5,A_5m_30m_1h,long
1,2021-04-14 10:00:00,2021-04-14 10:00:00,1.19698,1.1964925,sl,-410.43669242668204,0,A_5m_30m_1h,long
1,2021-04-14 10:20:00,2021-04-14 10:20:00,1.19709,1.1964632142857143,sl,-406.3323255024153,0,A_5m_30m_1h,long
1,2021-04-14 11:05:00,2021-04-14 12:35:00,1.1960899999999999,1.1952960714285712,sl,-402.26900224739114,18,A_5m_30m_1h,long
1,2021-04-14 16:10:00,2021-04-14 16:55:00,1.1965,1.1958592857142856,sl,-398.24631222491723,9,A_5m_30m_1h,long
1,2021-04-14 17:35:00,2021-04-14 18:25:00,1.19632,1.1974860714285716,tp,657.1064151711552,10,A_5m_30m_1h,long
1,2021-04-14 18:50:00,2021-04-14 19:40:00,1.19746,1.1985564285714285,tp,668.0581887573894,10,A_5m_30m_1h,long
1,2021-04-14 20:45:00,2021-04-14 20:55:00,1.19833,1.1980032142857142,sl,-407.51549514195347,2,A_5m_30m_1h,long
1,2021-04-14 21:25:00,2021-04-14 21:30:00,1.19789,1.197550357142857,sl,-403.4403401905339,1,A_5m_30m_1h,long
1,2021-04-14 23:30:00,2021-04-15 03:40:00,1.19796,1.1986439285714285,tp,665.676561314525,50,A_5m_30m_1h,long
1,2021-04-15 09:45:00,2021-04-15 09:55:00,1.19786,1.1974335714285715,sl,-406.0627024017738,2,A_5m_30m_1h,long
1,2021-04-15 10:50:00,2021-04-15 11:00:00,1.19828,1.1976682142857142,sl,-402.00207537775606,2,A_5m_30m_1h,long
1,2021-04-15 11:30:00,2021-04-15 12:15:00,1.1977799999999998,1.1986978571428568,tp,663.3034243732975,9,A_5m_30m_1h,long
1,2021-04-15 17:45:00,2021-04-15 17:50:00,1.19794,1.1969757142857143,sl,-404.61508886771145,1,A_5m_30m_1h,long
1,2021-04-15 22:35:00,2021-04-15 22:45:00,1.1974099999999999,1.1970510714285714,sl,-400.56893797903433,2,A_5m_30m_1h,long
1,2021-04-16 00:05:00,2021-04-16 03:20:00,1.19692,1.1965675,sl,-396.563248599244,39,A_5m_30m_1h,long
-1,2021-04-16 05:10:00,2021-04-16 07:00:00,1.19539,1.195875357142857,sl,-392.5976161132515,22,A_5m_30m_1h,short
1,2021-04-16 08:15:00,2021-04-16 08:45:00,1.19648,1.1968639285714286,tp,647.78606658674,6,A_5m_30m_1h,long
1,2021-04-16 09:45:00,2021-04-16 09:50:00,1.19652,1.196004642857143,sl,-395.1495006179864,1,A_5m_30m_1h,long
1,2021-04-16 12:10:00,2021-04-16 12:45:00,1.1979199999999999,1.1972289285714284,sl,-391.1980056118066,7,A_5m_30m_1h,long
1,2021-04-16 14:45:00,2021-04-16 14:55:00,1.19891,1.1982832142857143,sl,-387.28602555568847,2,A_5m_30m_1h,long
1,2021-04-16 15:05:00,2021-04-16 15:30:00,1.19864,1.1980132142857143,sl,-383.41316530013165,5,A_5m_30m_1h,long
1,2021-04-16 15:45:00,2021-04-16 17:15:00,1.1982599999999999,1.1993260714285714,tp,632.6317227452172,18,A_5m_30m_1h,long
1,2021-04-16 18:10:00,2021-04-16 18:45:00,1.1982599999999999,1.1975496428571426,sl,-385.9053508745825,7,A_5m_30m_1h,long
1,2021-04-16 23:00:00,2021-04-19 00:00:00,1.1981899999999999,1.197917857142857,sl,-382.04629736583666,11,A_5m_30m_1h,long
-1,2021-04-19 03:55:00,2021-04-19 04:10:00,1.19626,1.1955367857142858,tp,630.376390653695,3,A_5m_30m_1h,short
-1,2021-04-19 06:45:00,2021-04-19 06:55:00,1.19543,1.1956367857142858,sl,-384.5295982987152,2,A_5m_30m_1h,short
1,2021-04-19 10:15:00,2021-04-19 10:45:00,1.1984,1.1995089285714287,tp,634.4738371929224,6,A_5m_30m_1h,long
1,2021-04-19 11:45:00,2021-04-19 17:05:00,1.2030399999999999,1.2018775,sl,-387.02904068765724,64,A_5m_30m_1h,long
1,2021-04-19 19:40:00,2021-04-20 02:40:00,1.2033399999999999,1.2041471428571426,tp,638.5979171345759,84,A_5m_30m_1h,long
1,2021-04-20 04:25:00,2021-04-20 04:30:00,1.20401,1.2044832142857143,tp,649.2412157537472,1,A_5m_30m_1h,long
1,2021-04-20 05:45:00,2021-04-20 05:55:00,1.20477,1.205477142857143,tp,660.0619026828422,2,A_5m_30m_1h,long
1,2021-04-20 07:50:00,2021-04-20 08:30:00,1.20624,1.2059250000000001,sl,-402.6377606364923,8,A_5m_30m_1h,long
1,2021-04-20 08:55:00,2021-04-20 09:00:00,1.20613,1.2058342857142856,sl,-398.6113830301274,1,A_5m_30m_1h,long
1,2021-04-20 11:25:00,2021-04-20 12:15:00,1.20703,1.2062350000000002,sl,-394.62526919982616,10,A_5m_30m_1h,long
1,2021-04-20 18:00:00,2021-04-20 18:20:00,1.20493,1.204084642857143,sl,-390.6790165078279,4,A_5m_30m_1h,long
1,2021-04-20 23:30:00,2021-04-21 00:00:00,1.20346,1.2031321428571429,sl,-386.77222634274966,6,A_5m_30m_1h,long
1,2021-04-21 00:35:00,2021-04-21 02:00:00,1.20346,1.203145,sl,-382.9045040793221,17,A_5m_30m_1h,long
1,2021-04-21 02:30:00,2021-04-21 02:35:00,1.2033099999999999,1.2030935714285713,sl,-379.07545903852895,1,A_5m_30m_1h,long
1,2021-04-21 04:35:00,2021-04-21 05:20:00,1.20383,1.2033714285714285,sl,-375.28470444814366,9,A_5m_30m_1h,long
1,2021-04-21 09:10:00,2021-04-21 09:20:00,1.2034399999999998,1.2030767857142854,sl,-371.53185740366223,2,A_5m_30m_1h,long
1,2021-04-21 09:45:00,2021-04-21 09:55:00,1.2031699999999999,1.2026867857142856,sl,-367.8165388296256,2,A_5m_30m_1h,long
-1,2021-04-21 11:45:00,2021-04-21 13:20:00,1.2011100000000001,1.1999975,tp,606.8972890688822,19,A_5m_30m_1h,short
-1,2021-04-21 14:05:00,2021-04-21 15:45:00,1.20066,1.2012557142857143,sl,-370.2073463320181,20,A_5m_30m_1h,short
-1,2021-04-21 15:50:00,2021-04-21 15:55:00,1.20089,1.201442857142857,sl,-366.50527286869794,1,A_5m_30m_1h,short
-1,2021-04-21 16:55:00,2021-04-21 17:25:00,1.20061,1.2014221428571428,sl,-362.84022014001096,6,A_5m_30m_1h,short
1,2021-04-21 19:35:00,2021-04-21 19:55:00,1.20322,1.2027603571428571,sl,-359.21181793861086,4,A_5m_30m_1h,long
1,2021-04-21 20:10:00,2021-04-21 21:00:00,1.2032,1.202782142857143,sl,-355.6196997592248,10,A_5m_30m_1h,long
1,2021-04-21 21:35:00,2021-04-21 21:55:00,1.20289,1.20285,flip,-51.54393765927737,4,A_5m_30m_1h,long
-1,2021-04-21 22:00:00,2021-04-21 22:10:00,1.2028400000000001,1.203119642857143,sl,-351.5480633850397,2,A_5m_30m_1h,short
1,2021-04-21 23:15:00,2021-04-21 23:30:00,1.2035,1.20329,sl,-348.03258275118935,3,A_5m_30m_1h,long
1,2021-04-21 23:35:00,2021-04-22 00:00:00,1.20357,1.2033557142857143,sl,-344.5522569236774,5,A_5m_30m_1h,long
1,2021-04-22 00:40:00,2021-04-22 03:25:00,1.2036,1.2033182142857144,sl,-341.1067343544406,33,A_5m_30m_1h,long
1,2021-04-22 03:40:00,2021-04-22 04:10:00,1.20371,1.204104642857143,tp,562.8261116847215,6,A_5m_30m_1h,long
1,2021-04-22 06:00:00,2021-04-22 06:00:00,1.2047299999999999,1.2044149999999998,sl,-343.3239281277434,0,A_5m_30m_1h,long
1,2021-04-22 14:10:00,2021-04-22 14:50:00,1.20543,1.204827857142857,sl,-339.890688846466,8,A_5m_30m_1h,long
1,2021-04-22 15:10:00,2021-04-22 15:30:00,1.20515,1.2044428571428571,sl,-336.49178195800135,4,A_5m_30m_1h,long
1,2021-04-22 17:00:00,2021-04-22 17:10:00,1.20309,1.2018235714285714,sl,-333.12686413842135,2,A_5m_30m_1h,long
-1,2021-04-22 18:20:00,2021-04-22 21:05:00,1.2016900000000001,1.2002417857142857,tp,549.6593258284795,33,A_5m_30m_1h,short
-1,2021-04-22 21:50:00,2021-04-22 22:20:00,1.20021,1.2008410714285713,sl,-335.29218875532194,6,A_5m_30m_1h,short
1,2021-04-23 11:20:00,2021-04-23 13:15:00,1.20599,1.2053514285714284,sl,-331.9392668677687,23,A_5m_30m_1h,long
1,2021-04-23 16:45:00,2021-04-23 17:00:00,1.20676,1.2059939285714287,sl,-328.619874199091,3,A_5m_30m_1h,long
1,2021-04-23 17:25:00,2021-04-23 17:45:00,1.20631,1.205464642857143,sl,-325.33367545710007,4,A_5m_30m_1h,long
1,2021-04-23 19:50:00,2021-04-23 20:35:00,1.2074099999999999,1.2081849999999998,tp,536.8005645042665,9,A_5m_30m_1h,long
1,2021-04-23 21:30:00,2021-04-23 22:10:00,1.2089299999999998,1.2093996428571427,tp,545.7472405791142,8,A_5m_30m_1h,long
1,2021-04-23 23:00:00,2021-04-23 23:05:00,1.2100199999999999,1.2097392857142857,sl,-332.9058167533629,1,A_5m_30m_1h,long
1,2021-04-23 23:40:00,2021-04-26 00:05:00,1.20972,1.2094232142857142,sl,-329.57675858582917,3,A_5m_30m_1h,long
1,2021-04-26 00:35:00,2021-04-26 01:10:00,1.20965,1.209227857142857,sl,-326.2809909999709,7,A_5m_30m_1h,long
1,2021-04-26 01:50:00,2021-04-26 02:55:00,1.20928,1.2089435714285712,sl,-323.0181810899712,13,A_5m_30m_1h,long
1,2021-04-26 03:05:00,2021-04-26 03:30:00,1.20937,1.2098539285714287,tp,532.9799987984526,5,A_5m_30m_1h,long
1,2021-04-26 04:50:00,2021-04-26 09:05:00,1.2109699999999999,1.2104835714285713,sl,-325.11779926705606,51,A_5m_30m_1h,long
1,2021-04-26 09:10:00,2021-04-26 09:20:00,1.21113,1.2107217857142858,sl,-321.86662127438547,2,A_5m_30m_1h,long
1,2021-04-26 12:10:00,2021-04-26 13:10:00,1.21014,1.2094114285714286,sl,-318.64795506164165,12,A_5m_30m_1h,long
1,2021-04-26 18:30:00,2021-04-26 21:55:00,1.20808,1.209160357142857,tp,525.7691258516726,41,A_5m_30m_1h,long
1,2021-04-26 23:00:00,2021-04-26 23:20:00,1.20898,1.2086682142857144,sl,-320.7191667695419,4,A_5m_30m_1h,long
1,2021-04-27 01:00:00,2021-04-27 01:50:00,1.2086999999999999,1.2082767857142855,sl,-317.51197510184653,10,A_5m_30m_1h,long
-1,2021-04-27 10:50:00,2021-04-27 11:10:00,1.20686,1.2058939285714285,tp,523.8947589180066,4,A_5m_30m_1h,short
-1,2021-04-27 12:15:00,2021-04-27 12:20:00,1.20568,1.2062735714285715,sl,-319.5758029400081,1,A_5m_30m_1h,short
-1,2021-04-27 12:55:00,2021-04-27 13:00:00,1.206,1.2065292857142855,sl,-316.38004491060804,1,A_5m_30m_1h,short
1,2021-04-27 14:50:00,2021-04-27 15:05:00,1.2089699999999999,1.2083967857142857,sl,-313.2162444615019,3,A_5m_30m_1h,long
1,2021-04-27 16:00:00,2021-04-27 16:25:00,1.20823,1.2075957142857143,sl,-310.0840820168869,5,A_5m_30m_1h,long
1,2021-04-27 17:50:00,2021-04-27 19:10:00,1.20834,1.2074582142857142,sl,-306.98324119671804,16,A_5m_30m_1h,long
-1,2021-04-27 19:55:00,2021-04-27 20:00:00,1.20705,1.2074453571428572,sl,-303.91340878475086,1,A_5m_30m_1h,short
1,2021-04-27 21:20:00,2021-04-27 23:55:00,1.2085,1.2091446428571428,tp,501.45712449501156,31,A_5m_30m_1h,long
1,2021-04-28 00:45:00,2021-04-28 01:30:00,1.2090999999999998,1.2087314285714283,sl,-305.88884594185345,9,A_5m_30m_1h,long
-1,2021-04-28 04:15:00,2021-04-28 05:15:00,1.20777,1.2081267857142857,sl,-302.8299574824349,12,A_5m_30m_1h,short
-1,2021-04-28 07:35:00,2021-04-28 08:40:00,1.20748,1.2071585714285715,tp,499.66942984613274,13,A_5m_30m_1h,short
-1,2021-04-28 08:45:00,2021-04-28 08:45:00,1.20713,1.2073046428571428,sl,-304.7983522060719,0,A_5m_30m_1h,short
-1,2021-04-28 09:00:00,2021-04-28 09:00:00,1.20703,1.207230357142857,sl,-301.7503686840112,0,A_5m_30m_1h,short
-1,2021-04-28 09:25:00,2021-04-28 09:55:00,1.20666,1.2059903571428572,tp,497.8881083286185,6,A_5m_30m_1h,short
-1,2021-04-28 11:20:00,2021-04-28 11:25:00,1.20699,1.2076510714285713,sl,-303.71174608045726,1,A_5m_30m_1h,short
-1,2021-04-28 13:35:00,2021-04-28 16:35:00,1.2069400000000001,1.2059114285714287,tp,501.1243810327185,36,A_5m_30m_1h,short
1,2021-04-28 18:25:00,2021-04-28 19:15:00,1.20983,1.2089214285714285,sl,-305.6858724299799,10,A_5m_30m_1h,long
1,2021-04-28 19:35:00,2021-04-28 19:40:00,1.2094399999999998,1.208920357142857,sl,-302.6290137056801,1,A_5m_30m_1h,long
1,2021-04-28 22:40:00,2021-04-29 04:25:00,1.21237,1.2144842857142857,tp,499.33787261438965,69,A_5m_30m_1h,long
1,2021-04-29 08:50:00,2021-04-29 09:00:00,1.21365,1.213355357142857,sl,-304.5961022947672,2,A_5m_30m_1h,long
1,2021-04-29 13:35:00,2021-04-29 13:35:00,1.2122199999999999,1.211565357142857,sl,-301.55014127181954,0,A_5m_30m_1h,long
1,2021-04-29 13:50:00,2021-04-29 14:35:00,1.2121,1.2132035714285714,tp,497.55773309843545,9,A_5m_30m_1h,long
1,2021-04-29 15:35:00,2021-04-29 15:55:00,1.21319,1.2125567857142856,sl,-303.5102171900857,4,A_5m_30m_1h,long
1,2021-04-29 18:50:00,2021-04-29 21:55:00,1.2113399999999999,1.212457857142857,tp,500.7918583636413,37,A_5m_30m_1h,long
1,2021-04-29 22:45:00,2021-04-29 23:20:00,1.21274,1.2124282142857141,sl,-305.4830336018212,7,A_5m_30m_1h,long
1,2021-04-30 00:10:00,2021-04-30 05:20:00,1.21208,1.2117103571428571,sl,-302.428203265803,62,A_5m_30m_1h,long
1,2021-04-30 05:25:00,2021-04-30 05:30:00,1.21208,1.2117714285714287,sl,-299.40392123314496,1,A_5m_30m_1h,long
1,2021-04-30 06:55:00,2021-04-30 09:00:00,1.21177,1.2115482142857144,sl,-296.40988202081354,25,A_5m_30m_1h,long
1,2021-04-30 09:40:00,2021-04-30 09:55:00,1.21147,1.2110714285714286,sl,-293.44578320060543,3,A_5m_30m_1h,long
-1,2021-04-30 11:40:00,2021-04-30 13:40:00,1.20954,1.2085132142857142,tp,484.18554228103386,24,A_5m_30m_1h,short
-1,2021-04-30 14:50:00,2021-04-30 16:00:00,1.20832,1.2088257142857144,sl,-295.35318079140967,14,A_5m_30m_1h,short
-1,2021-04-30 16:20:00,2021-04-30 16:50:00,1.2086700000000001,1.2075164285714286,tp,487.332748305826,6,A_5m_30m_1h,short
-1,2021-04-30 17:55:00,2021-04-30 18:20:00,1.20487,1.202752142857143,tp,495.45496077758975,5,A_5m_30m_1h,short
-1,2021-04-30 19:35:00,2021-04-30 22:15:00,1.20296,1.2017849999999999,tp,503.71254345731137,32,A_5m_30m_1h,short
-1,2021-04-30 23:30:00,2021-05-03 00:00:00,1.20219,1.202544642857143,sl,-307.26465150890283,5,A_5m_30m_1h,short
-1,2021-05-03 02:15:00,2021-05-03 02:20:00,1.2025700000000001,1.2028046428571428,sl,-304.1920049938138,1,A_5m_30m_1h,short
-1,2021-05-03 03:00:00,2021-05-03 03:00:00,1.2026700000000001,1.2022414285714287,tp,501.9168082400529,0,A_5m_30m_1h,short
-1,2021-05-03 07:00:00,2021-05-03 07:25:00,1.20221,1.2018189285714285,tp,510.2820883771269,5,A_5m_30m_1h,short
-1,2021-05-03 08:05:00,2021-05-03 08:05:00,1.20183,1.2020775,sl,-311.2720739100475,0,A_5m_30m_1h,short
-1,2021-05-03 08:20:00,2021-05-03 08:40:00,1.2017900000000001,1.2020632142857144,sl,-308.159353170947,4,A_5m_30m_1h,short
-1,2021-05-03 08:55:00,2021-05-03 08:55:00,1.20188,1.2021607142857145,sl,-305.0777596392375,0,A_5m_30m_1h,short
-1,2021-05-03 09:05:00,2021-05-03 09:25:00,1.2016200000000001,1.2019725,sl,-302.0269820428452,4,A_5m_30m_1h,short
-1,2021-05-03 09:35:00,2021-05-03 09:40:00,1.20182,1.2022517857142858,sl,-299.00671222241675,1,A_5m_30m_1h,short
-1,2021-05-03 16:35:00,2021-05-03 16:40:00,1.20444,1.2050946428571427,sl,-296.01664510019253,1,A_5m_30m_1h,short
-1,2021-05-03 23:55:00,2021-05-04 00:40:00,1.20619,1.2064000000000001,sl,-293.05647864919064,9,A_5m_30m_1h,short
-1,2021-05-04 03:10:00,2021-05-04 03:45:00,1.2055,1.205704642857143,sl,-290.1259138626987,7,A_5m_30m_1h,short
-1,2021-05-04 03:55:00,2021-05-04 04:20:00,1.20557,1.2050985714285714,tp,478.7077578733776,5,A_5m_30m_1h,short
-1,2021-05-04 05:20:00,2021-05-04 06:15:00,1.2047,1.2041285714285714,tp,486.68622050467576,11,A_5m_30m_1h,short
-1,2021-05-04 06:50:00,2021-05-04 07:30:00,1.20398,1.2042489285714286,sl,-296.8785945078522,8,A_5m_30m_1h,short
-1,2021-05-04 07:40:00,2021-05-04 07:45:00,1.20375,1.204005,sl,-293.9098085627737,1,A_5m_30m_1h,short
-1,2021-05-04 07:55:00,2021-05-04 07:55:00,1.2038,1.2040410714285714,sl,-290.97071047714593,0,A_5m_30m_1h,short
-1,2021-05-04 08:10:00,2021-05-04 08:40:00,1.20353,1.2038117857142858,sl,-288.0610033723745,6,A_5m_30m_1h,short
-1,2021-05-04 08:50:00,2021-05-04 10:00:00,1.20365,1.2031589285714286,tp,475.3006555644896,14,A_5m_30m_1h,short
-1,2021-05-04 11:45:00,2021-05-04 11:50:00,1.20182,1.2008842857142858,tp,483.22233315712117,1,A_5m_30m_1h,short
-1,2021-05-04 13:05:00,2021-05-04 13:25:00,1.2005700000000001,1.2011100000000001,sl,-294.7656232258669,4,A_5m_30m_1h,short
-1,2021-05-04 15:10:00,2021-05-04 15:25:00,1.20167,1.2023964285714286,sl,-291.8179669936082,3,A_5m_30m_1h,short
-1,2021-05-04 16:00:00,2021-05-04 17:55:00,1.20249,1.2033,sl,-288.8997873236721,23,A_5m_30m_1h,short
-1,2021-05-04 19:20:00,2021-05-05 09:45:00,1.20175,1.1997410714285717,tp,476.68464908400637,173,A_5m_30m_1h,short
-1,2021-05-05 09:50:00,2021-05-05 09:55:00,1.19965,1.2002617857142859,sl,-290.7776359412755,1,A_5m_30m_1h,short
-1,2021-05-05 10:05:00,2021-05-05 12:45:00,1.19953,1.2002757142857143,sl,-287.8698595818627,32,A_5m_30m_1h,short
-1,2021-05-05 18:05:00,2021-05-05 19:20:00,1.20036,1.1992064285714286,tp,474.98526831007354,15,A_5m_30m_1h,short
-1,2021-05-05 19:50:00,2021-05-05 20:35:00,1.19949,1.199900357142857,sl,-289.7410136691448,9,A_5m_30m_1h,short
-1,2021-05-05 22:00:00,2021-05-05 22:45:00,1.19992,1.2002071428571428,sl,-286.8436035324534,9,A_5m_30m_1h,short
-1,2021-05-06 00:35:00,2021-05-06 00:45:00,1.20035,1.2005567857142858,sl,-283.9751674971289,2,A_5m_30m_1h,short
-1,2021-05-06 06:55:00,2021-05-06 07:30:00,1.1997900000000001,1.2002357142857145,sl,-281.13541582215754,7,A_5m_30m_1h,short
-1,2021-05-06 07:50:00,2021-05-06 07:50:00,1.20009,1.2003407142857143,sl,-278.324061663936,0,A_5m_30m_1h,short
-1,2021-05-06 08:00:00,2021-05-06 08:00:00,1.20017,1.2004196428571428,sl,-275.5408210472966,0,A_5m_30m_1h,short
1,2021-05-06 11:20:00,2021-05-06 11:35:00,1.20336,1.2042171428571429,tp,454.64235472807866,3,A_5m_30m_1h,long
1,2021-05-06 12:25:00,2021-05-06 15:00:00,1.2044,1.2055803571428572,tp,462.2197273069276,31,A_5m_30m_1h,long
1,2021-05-06 15:50:00,2021-05-06 16:10:00,1.2056499999999999,1.2050232142857142,sl,-281.95403365717374,4,A_5m_30m_1h,long
1,2021-05-06 16:25:00,2021-05-06 16:35:00,1.20542,1.2065664285714284,tp,465.2241555343667,2,A_5m_30m_1h,long
1,2021-05-06 17:45:00,2021-05-06 18:05:00,1.2062199999999998,1.2053821428571427,sl,-283.7867348759457,4,A_5m_30m_1h,long
1,2021-05-06 20:40:00,2021-05-06 20:55:00,1.20498,1.2055157142857142,tp,468.2481125453104,3,A_5m_30m_1h,long
1,2021-05-06 22:10:00,2021-05-06 22:25:00,1.20571,1.2061885714285716,tp,476.0522477543988,3,A_5m_30m_1h,long
1,2021-05-06 23:35:00,2021-05-07 00:00:00,1.20624,1.2059882142857143,sl,-290.3918711301833,5,A_5m_30m_1h,long
1,2021-05-07 00:15:00,2021-05-07 01:10:00,1.20632,1.2060189285714287,sl,-287.48795241888143,11,A_5m_30m_1h,long
1,2021-05-07 01:30:00,2021-05-07 01:35:00,1.2062,1.2059814285714285,sl,-284.61307289469266,1,A_5m_30m_1h,long
1,2021-05-07 01:45:00,2021-05-07 01:55:00,1.20623,1.2060125,sl,-281.7669421657457,2,A_5m_30m_1h,long
1,2021-05-07 05:50:00,2021-05-07 08:55:00,1.2064899999999998,1.2061739285714284,sl,-278.94927274408826,37,A_5m_30m_1h,long
1,2021-05-07 09:10:00,2021-05-07 09:15:00,1.2062599999999999,1.2059449999999998,sl,-276.1597800166474,1,A_5m_30m_1h,long
1,2021-05-07 11:30:00,2021-05-07 13:55:00,1.20799,1.2072892857142856,sl,-273.3981822164809,29,A_5m_30m_1h,long
1,2021-05-07 14:15:00,2021-05-07 14:15:00,1.2077,1.2072339285714286,sl,-270.6642003943161,0,A_5m_30m_1h,long
1,2021-05-07 16:50:00,2021-05-07 17:35:00,1.21197,1.2149057142857143,tp,446.5959306506441,9,A_5m_30m_1h,long
1,2021-05-07 18:20:00,2021-05-07 18:55:00,1.21488,1.2164817857142858,tp,454.03919616146555,7,A_5m_30m_1h,long
1,2021-05-07 20:00:00,2021-05-07 20:45:00,1.21516,1.2162153571428571,tp,461.60651609739284,9,A_5m_30m_1h,long
1,2021-05-07 21:30:00,2021-05-07 22:30:00,1.2158499999999999,1.2167892857142857,tp,469.2999580324836,12,A_5m_30m_1h,long
1,2021-05-10 00:10:00,2021-05-10 00:10:00,1.21653,1.2171407142857142,tp,477.12162399959675,0,A_5m_30m_1h,long
1,2021-05-10 12:45:00,2021-05-10 16:30:00,1.21631,1.2175225,tp,485.07365106634415,45,A_5m_30m_1h,long
1,2021-05-10 16:45:00,2021-05-10 16:45:00,1.21662,1.215645,sl,-295.8949271504522,0,A_5m_30m_1h,long
1,2021-05-10 18:20:00,2021-05-10 20:20:00,1.21601,1.2151657142857144,sl,-292.93597787894765,24,A_5m_30m_1h,long
1,2021-05-11 07:15:00,2021-05-11 09:05:00,1.21423,1.2138667857142857,sl,-290.00661810015816,22,A_5m_30m_1h,long
1,2021-05-11 09:40:00,2021-05-11 09:55:00,1.21384,1.2133225,sl,-287.1065519191566,3,A_5m_30m_1h,long
1,2021-05-11 12:55:00,2021-05-11 13:00:00,1.21687,1.2162367857142855,sl,-284.235486399965,1,A_5m_30m_1h,long
1,2021-05-11 13:25:00,2021-05-11 13:25:00,1.21686,1.2163585714285714,sl,-281.3931315359654,0,A_5m_30m_1h,long
1,2021-05-11 14:00:00,2021-05-11 14:20:00,1.21618,1.2171121428571428,tp,464.2986670342323,4,A_5m_30m_1h,long
1,2021-05-11 15:30:00,2021-05-11 15:30:00,1.21684,1.2162699999999997,sl,-283.222186890948,0,A_5m_30m_1h,long
1,2021-05-11 15:50:00,2021-05-11 16:00:00,1.21682,1.2178575,tp,467.3166083700976,2,A_5m_30m_1h,long
1,2021-05-11 16:45:00,2021-05-11 21:15:00,1.21621,1.2150046428571428,sl,-285.0631311057395,54,A_5m_30m_1h,long
-1,2021-05-12 00:00:00,2021-05-12 00:55:00,1.21466,1.2149557142857144,sl,-282.2124997946821,11,A_5m_30m_1h,short
-1,2021-05-12 01:10:00,2021-05-12 01:15:00,1.21472,1.2149664285714286,sl,-279.3903747967353,1,A_5m_30m_1h,short
-1,2021-05-12 01:20:00,2021-05-12 03:30:00,1.21471,1.214315357142857,tp,460.9941184145268,26,A_5m_30m_1h,short
-1,2021-05-12 05:20:00,2021-05-12 05:50:00,1.2135,1.2129017857142856,tp,468.6773537216961,6,A_5m_30m_1h,short
-1,2021-05-12 06:50:00,2021-05-12 07:15:00,1.21176,1.2121328571428571,sl,-285.89318577013023,5,A_5m_30m_1h,short
-1,2021-05-12 08:00:00,2021-05-12 08:00:00,1.21198,1.2123175000000002,sl,-283.03425391242894,0,A_5m_30m_1h,short
-1,2021-05-12 08:45:00,2021-05-12 09:05:00,1.2125000000000001,1.2128310714285715,sl,-280.2039113733046,4,A_5m_30m_1h,short
-1,2021-05-12 13:05:00,2021-05-12 13:50:00,1.2132100000000001,1.2122885714285716,tp,462.3364537658412,9,A_5m_30m_1h,short
-1,2021-05-12 15:15:00,2021-05-12 15:25:00,1.21174,1.2121739285714286,sl,-282.02523679723,2,A_5m_30m_1h,short
-1,2021-05-12 15:35:00,2021-05-12 15:35:00,1.20898,1.20994,sl,-279.2049844292577,0,A_5m_30m_1h,short
-1,2021-05-12 16:20:00,2021-05-12 17:40:00,1.2117,1.2075089285714287,tp,460.68822430828334,16,A_5m_30m_1h,short
-1,2021-05-12 18:35:00,2021-05-13 04:30:00,1.20741,1.2084589285714287,sl,-281.01981682804796,119,A_5m_30m_1h,short
-1,2021-05-13 07:35:00,2021-05-13 07:50:00,1.2073,1.2075753571428571,sl,-278.2096186597675,3,A_5m_30m_1h,short
-1,2021-05-13 08:25:00,2021-05-13 09:00:00,1.2076,1.2078389285714286,sl,-275.4275224731698,7,A_5m_30m_1h,short
-1,2021-05-13 12:10:00,2021-05-13 14:15:00,1.20649,1.2074167857142857,sl,-272.67324724843814,25,A_5m_30m_1h,short
-1,2021-05-13 18:45:00,2021-05-13 19:05:00,1.2064700000000002,1.2071375000000002,sl,-269.94651477595374,4,A_5m_30m_1h,short
-1,2021-05-14 00:15:00,2021-05-14 03:25:00,1.20792,1.2072664285714287,tp,445.41174938017247,38,A_5m_30m_1h,short
-1,2021-05-14 03:40:00,2021-05-14 03:45:00,1.20712,1.2074682142857143,sl,-271.7011671219959,1,A_5m_30m_1h,short
-1,2021-05-14 03:50:00,2021-05-14 03:55:00,1.20722,1.207570357142857,sl,-268.984155450776,1,A_5m_30m_1h,short
-1,2021-05-14 04:10:00,2021-05-14 04:15:00,1.20727,1.2076664285714287,sl,-266.2943138962682,1,A_5m_30m_1h,short
1,2021-05-14 10:10:00,2021-05-14 11:15:00,1.21103,1.21208,tp,439.38561792890454,13,A_5m_30m_1h,long
1,2021-05-14 16:10:00,2021-05-14 17:15:00,1.21322,1.2147432142857144,tp,446.7087115610343,13,A_5m_30m_1h,long
1,2021-05-14 18:45:00,2021-05-14 22:55:00,1.21355,1.2145214285714285,tp,454.1538567538132,50,A_5m_30m_1h,long
1,2021-05-14 23:05:00,2021-05-14 23:20:00,1.2145,1.2142042857142856,sl,-277.033852619743,3,A_5m_30m_1h,long
1,2021-05-14 23:30:00,2021-05-17 00:00:00,1.21437,1.2141342857142856,sl,-274.26351409354555,5,A_5m_30m_1h,long
1,2021-05-17 00:10:00,2021-05-17 01:15:00,1.21425,1.2149267857142858,tp,452.53479825439973,13,A_5m_30m_1h,long
1,2021-05-17 02:05:00,2021-05-17 03:05:00,1.2147299999999999,1.214450357142857,sl,-276.04622693515415,12,A_5m_30m_1h,long
1,2021-05-17 11:05:00,2021-05-17 12:35:00,1.21394,1.2150542857142856,tp,455.47627444294375,18,A_5m_30m_1h,long
1,2021-05-17 12:50:00,2021-05-17 13:10:00,1.21546,1.2164707142857143,tp,463.06754568365216,4,A_5m_30m_1h,long
1,2021-05-17 13:50:00,2021-05-17 14:30:00,1.21671,1.2160596428571429,sl,-282.4712028670685,8,A_5m_30m_1h,long
1,2021-05-17 17:00:00,2021-05-17 17:05:00,1.2147299999999999,1.214075357142857,sl,-279.6464908383978,1,A_5m_30m_1h,long
1,2021-05-17 17:20:00,2021-05-17 18:50:00,1.21441,1.2154957142857141,tp,461.4167098833249,18,A_5m_30m_1h,long
1,2021-05-17 19:35:00,2021-05-17 20:40:00,1.21565,1.2152075,sl,-281.4641930288471,13,A_5m_30m_1h,long
1,2021-05-17 21:00:00,2021-05-17 23:35:00,1.21572,1.215425357142857,sl,-278.6495510985586,31,A_5m_30m_1h,long
1,2021-05-18 02:05:00,2021-05-18 03:15:00,1.21547,1.2158592857142858,tp,459.77175931253436,14,A_5m_30m_1h,long
1,2021-05-18 03:20:00,2021-05-18 03:25:00,1.21593,1.215705,sl,-280.46077318069837,1,A_5m_30m_1h,long
1,2021-05-18 03:45:00,2021-05-18 03:50:00,1.21586,1.2156007142857144,sl,-277.6561654488914,1,A_5m_30m_1h,long
1,2021-05-18 04:00:00,2021-05-18 04:10:00,1.2157099999999998,1.2161689285714283,tp,458.13267299067087,2,A_5m_30m_1h,long
1,2021-05-18 06:10:00,2021-05-18 09:00:00,1.2165,1.216967857142857,tp,465.7682175406627,34,A_5m_30m_1h,long
1,2021-05-18 10:05:00,2021-05-18 10:45:00,1.21896,1.2200510714285715,tp,473.5310211662574,8,A_5m_30m_1h,long
1,2021-05-18 11:25:00,2021-05-18 12:30:00,1.2209999999999999,1.2220107142857142,tp,481.42320485222695,13,A_5m_30m_1h,long
1,2021-05-18 12:35:00,2021-05-18 12:40:00,1.2223199999999999,1.2217007142857141,sl,-293.66815495990073,1,A_5m_30m_1h,long
1,2021-05-18 12:45:00,2021-05-18 13:00:00,1.2222199999999999,1.2216124999999998,sl,-290.7314734103017,3,A_5m_30m_1h,long
1,2021-05-18 13:35:00,2021-05-18 13:55:00,1.2215,1.2209225,sl,-287.8241586761987,4,A_5m_30m_1h,long
1,2021-05-18 16:40:00,2021-05-18 16:55:00,1.22199,1.2212292857142857,sl,-284.9459170894367,3,A_5m_30m_1h,long
1,2021-05-18 17:25:00,2021-05-18 17:55:00,1.22113,1.2223264285714286,tp,470.1607631975124,6,A_5m_30m_1h,long
1,2021-05-18 19:05:00,2021-05-18 19:25:00,1.22041,1.22156,tp,477.99677591746763,4,A_5m_30m_1h,long
1,2021-05-18 20:40:00,2021-05-18 21:10:00,1.22193,1.2224871428571429,tp,485.96338884935784,6,A_5m_30m_1h,long
1,2021-05-18 22:00:00,2021-05-18 22:10:00,1.22299,1.2226482142857145,sl,-296.43766719818575,2,A_5m_30m_1h,long
1,2021-05-18 22:45:00,2021-05-18 23:00:00,1.22287,1.2225689285714285,sl,-293.4732905262039,3,A_5m_30m_1h,long
1,2021-05-18 23:30:00,2021-05-18 23:35:00,1.22269,1.2224435714285715,sl,-290.53855762094184,1,A_5m_30m_1h,long
1,2021-05-19 02:10:00,2021-05-19 02:10:00,1.22238,1.2222289285714285,sl,-287.6331720447325,0,A_5m_30m_1h,long
1,2021-05-19 02:30:00,2021-05-19 03:00:00,1.2223,1.222135,sl,-284.7568403242851,6,A_5m_30m_1h,long
1,2021-05-19 03:10:00,2021-05-19 03:40:00,1.22243,1.2228514285714285,tp,469.8487865352355,6,A_5m_30m_1h,long
1,2021-05-19 04:10:00,2021-05-19 04:20:00,1.22274,1.2223060714285714,sl,-286.60775978639464,2,A_5m_30m_1h,long
1,2021-05-19 04:50:00,2021-05-19 05:00:00,1.2223199999999999,1.2218067857142856,sl,-283.7416821885307,2,A_5m_30m_1h,long
1,2021-05-19 08:15:00,2021-05-19 08:45:00,1.2234,1.2237767857142858,tp,468.17377561135163,6,A_5m_30m_1h,long
1,2021-05-19 10:05:00,2021-05-19 10:05:00,1.2245599999999999,1.223920357142857,sl,-285.5860031227589,0,A_5m_30m_1h,long
1,2021-05-19 10:15:00,2021-05-19 10:20:00,1.22399,1.2232775,sl,-282.73014309153126,1,A_5m_30m_1h,long
1,2021-05-19 17:30:00,2021-05-19 17:40:00,1.2228999999999999,1.2219432142857143,sl,-279.902841660616,2,A_5m_30m_1h,long
1,2021-05-19 18:25:00,2021-05-19 19:00:00,1.22221,1.2213657142857144,sl,-277.1038132440098,7,A_5m_30m_1h,long
1,2021-05-19 20:55:00,2021-05-19 20:55:00,1.22109,1.2206882142857143,sl,-274.33277511156973,0,A_5m_30m_1h,long
-1,2021-05-19 22:50:00,2021-05-19 23:10:00,1.21681,1.2176885714285715,sl,-271.589447360454,4,A_5m_30m_1h,short
-1,2021-05-19 23:35:00,2021-05-20 03:35:00,1.21756,1.2180796428571428,sl,-268.8735528868495,48,A_5m_30m_1h,short
-1,2021-05-20 12:55:00,2021-05-20 13:05:00,1.21845,1.2189696428571428,sl,-266.184817357981,2,A_5m_30m_1h,short
-1,2021-05-20 13:15:00,2021-05-20 13:20:00,1.21834,1.21885,sl,-263.5229691844012,1,A_5m_30m_1h,short
1,2021-05-20 15:00:00,2021-05-20 15:55:00,1.22027,1.2197942857142856,sl,-260.8877394925572,11,A_5m_30m_1h,long
1,2021-05-20 16:15:00,2021-05-20 17:00:00,1.22058,1.2217282142857142,tp,430.46477016277476,9,A_5m_30m_1h,long
1,2021-05-20 17:45:00,2021-05-20 18:40:00,1.22128,1.222374642857143,tp,437.639182998884,11,A_5m_30m_1h,long
1,2021-05-20 20:45:00,2021-05-20 21:00:00,1.2215099999999999,1.2221564285714286,tp,444.93316938228406,3,A_5m_30m_1h,long
1,2021-05-20 22:00:00,2021-05-20 22:55:00,1.22204,1.222765,tp,452.3487222052107,11,A_5m_30m_1h,long
1,2021-05-20 23:20:00,2021-05-21 00:00:00,1.2227999999999999,1.2225,sl,-275.9327205451231,8,A_5m_30m_1h,long
1,2021-05-21 00:15:00,2021-05-21 00:15:00,1.22285,1.2225242857142857,sl,-273.1733933396719,0,A_5m_30m_1h,long
1,2021-05-21 00:25:00,2021-05-21 03:10:00,1.2227299999999999,1.2232960714285714,tp,450.73609901045864,33,A_5m_30m_1h,long
1,2021-05-21 04:30:00,2021-05-21 04:45:00,1.2236399999999998,1.22325,sl,-274.94902039637975,3,A_5m_30m_1h,long
1,2021-05-21 06:55:00,2021-05-21 08:00:00,1.22316,1.2235957142857146,tp,453.6658836541808,13,A_5m_30m_1h,long
1,2021-05-21 08:30:00,2021-05-21 08:35:00,1.22365,1.2233767857142857,sl,-276.73618902895777,1,A_5m_30m_1h,long
1,2021-05-21 08:55:00,2021-05-21 09:25:00,1.22353,1.2232139285714285,sl,-273.9688271386682,6,A_5m_30m_1h,long
1,2021-05-21 13:10:00,2021-05-21 13:55:00,1.22312,1.2225414285714287,sl,-271.22913886728145,9,A_5m_30m_1h,long
-1,2021-05-21 17:40:00,2021-05-21 17:50:00,1.21727,1.2182878571428573,sl,-268.51684747860867,2,A_5m_30m_1h,short
-1,2021-05-21 19:50:00,2021-05-21 19:55:00,1.21713,1.216305,tp,443.05279833962476,1,A_5m_30m_1h,short
-1,2021-05-21 20:10:00,2021-05-21 20:35:00,1.21681,1.2173682142857143,sl,-270.2622069872188,5,A_5m_30m_1h,short
-1,2021-05-21 23:10:00,2021-05-21 23:45:00,1.21852,1.2179771428571429,tp,445.9326415289718,7,A_5m_30m_1h,short
-1,2021-05-24 01:10:00,2021-05-24 01:40:00,1.21751,1.2179332142857144,sl,-272.0189113326363,6,A_5m_30m_1h,short
-1,2021-05-24 02:25:00,2021-05-24 02:35:00,1.21797,1.2183064285714287,sl,-269.29872221931,2,A_5m_30m_1h,short
1,2021-05-24 18:25:00,2021-05-24 18:30:00,1.22201,1.2212685714285714,sl,-266.6057349971169,1,A_5m_30m_1h,long
1,2021-05-24 21:55:00,2021-05-25 03:15:00,1.22143,1.2218853571428572,tp,439.89946274531434,64,A_5m_30m_1h,long
1,2021-05-25 04:35:00,2021-05-25 05:00:00,1.22287,1.2224092857142856,sl,-268.3386722745988,5,A_5m_30m_1h,long
1,2021-05-25 05:25:00,2021-05-25 08:55:00,1.22275,1.2223267857142857,sl,-265.65528555185284,42,A_5m_30m_1h,long
1,2021-05-25 11:45:00,2021-05-25 16:30:00,1.2252699999999999,1.224388214285714,sl,-262.9987326963343,57,A_5m_30m_1h,long
1,2021-05-25 18:50:00,2021-05-25 18:55:00,1.22421,1.2235028571428572,sl,-260.36874536937097,1,A_5m_30m_1h,long
1,2021-05-25 21:35:00,2021-05-25 22:40:00,1.2252699999999999,1.2248767857142855,sl,-257.76505791567723,13,A_5m_30m_1h,long
1,2021-05-26 00:30:00,2021-05-26 03:00:00,1.2249299999999999,1.2245624999999998,sl,-255.1874073365205,30,A_5m_30m_1h,long
1,2021-05-26 04:30:00,2021-05-26 04:55:00,1.22465,1.224275,sl,-252.6355332631553,5,A_5m_30m_1h,long
1,2021-05-26 07:20:00,2021-05-26 08:55:00,1.22599,1.2256857142857143,sl,-250.10917793052374,19,A_5m_30m_1h,long
1,2021-05-26 13:15:00,2021-05-26 13:15:00,1.22436,1.223855357142857,sl,-247.6080861512185,0,A_5m_30m_1h,long
-1,2021-05-26 19:10:00,2021-05-26 20:40:00,1.2196200000000001,1.218245,tp,408.55334214951046,18,A_5m_30m_1h,short
-1,2021-05-27 00:35:00,2021-05-27 00:40:00,1.2189,1.2192385714285716,sl,-249.21753871120137,1,A_5m_30m_1h,short
-1,2021-05-27 01:35:00,2021-05-27 02:45:00,1.21942,1.2189896428571427,tp,411.2089388734116,14,A_5m_30m_1h,short
-1,2021-05-27 03:05:00,2021-05-27 03:20:00,1.21908,1.2186585714285711,tp,418.06242118803914,3,A_5m_30m_1h,short
-1,2021-05-27 03:45:00,2021-05-27 03:50:00,1.21869,1.2180864285714286,tp,425.0301282077356,1,A_5m_30m_1h,short
-1,2021-05-27 04:05:00,2021-05-27 05:05:00,1.21836,1.218879642857143,sl,-259.2683782067812,12,A_5m_30m_1h,short
-1,2021-05-27 05:35:00,2021-05-27 05:50:00,1.2187700000000001,1.2192028571428573,sl,-256.67569442471347,3,A_5m_30m_1h,short
-1,2021-05-27 15:45:00,2021-05-27 17:00:00,1.21916,1.2199742857142857,sl,-254.1089374804663,15,A_5m_30m_1h,short
-1,2021-05-27 23:00:00,2021-05-27 23:25:00,1.21987,1.2194557142857143,tp,419.27974684284436,5,A_5m_30m_1h,short
-1,2021-05-28 00:10:00,2021-05-28 01:10:00,1.2192,1.2195417857142858,sl,-255.76064557409012,12,A_5m_30m_1h,short
-1,2021-05-28 01:25:00,2021-05-28 02:05:00,1.21941,1.219077857142857,tp,422.00506519762484,8,A_5m_30m_1h,short
-1,2021-05-28 03:05:00,2021-05-28 03:50:00,1.2188400000000001,1.2184007142857145,tp,429.0384829503978,9,A_5m_30m_1h,short
-1,2021-05-28 05:00:00,2021-05-28 05:55:00,1.2182,1.2185889285714286,sl,-261.7134745998294,11,A_5m_30m_1h,short
-1,2021-05-28 06:10:00,2021-05-28 06:15:00,1.2183000000000002,1.2185828571428574,sl,-259.09633985383107,1,A_5m_30m_1h,short
-1,2021-05-28 06:30:00,2021-05-28 06:40:00,1.21845,1.2187542857142857,sl,-256.5053764552928,2,A_5m_30m_1h,short
-1,2021-05-28 10:05:00,2021-05-28 10:10:00,1.21788,1.21854,sl,-253.94032269073983,1,A_5m_30m_1h,short
-1,2021-05-28 10:20:00,2021-05-28 10:45:00,1.21824,1.2189760714285713,sl,-251.40091946383248,5,A_5m_30m_1h,short
-1,2021-05-28 10:55:00,2021-05-28 11:00:00,1.2184300000000001,1.219204642857143,sl,-248.88691026919412,1,A_5m_30m_1h,short
-1,2021-05-28 13:35:00,2021-05-28 14:20:00,1.2181,1.2172285714285713,tp,410.6634019441006,9,A_5m_30m_1h,short
-1,2021-05-28 15:55:00,2021-05-28 16:30:00,1.21374,1.2146839285714286,sl,-250.50467518594317,7,A_5m_30m_1h,short
1,2021-05-28 19:55:00,2021-05-28 21:10:00,1.22027,1.2197546428571429,sl,-247.99962843408375,15,A_5m_30m_1h,long
-1,2021-05-31 00:30:00,2021-05-31 04:55:00,1.2193100000000001,1.2198414285714287,sl,-245.5196321497429,53,A_5m_30m_1h,short
1,2021-05-31 05:35:00,2021-05-31 07:00:00,1.22004,1.219725,sl,-243.06443582824548,17,A_5m_30m_1h,long
-1,2021-05-31 10:20:00,2021-05-31 10:25:00,1.21903,1.2195485714285716,sl,-240.63379146996303,1,A_5m_30m_1h,short
1,2021-05-31 12:20:00,2021-05-31 12:40:00,1.2193699999999998,1.2186992857142855,sl,-238.22745355526342,4,A_5m_30m_1h,long
-1,2021-05-31 13:45:00,2021-05-31 14:35:00,1.2188,1.2192489285714287,sl,-235.84517901971077,10,A_5m_30m_1h,short
1,2021-05-31 15:40:00,2021-05-31 16:25:00,1.22014,1.2196921428571428,sl,-233.4867272295137,9,A_5m_30m_1h,long
1,2021-05-31 16:55:00,2021-05-31 17:50:00,1.2203,1.2209928571428572,tp,385.25309992865647,11,A_5m_30m_1h,long
1,2021-05-31 19:50:00,2021-05-31 22:30:00,1.2228999999999999,1.2225667857142857,sl,-235.00439095650512,32,A_5m_30m_1h,long
1,2021-06-01 00:05:00,2021-06-01 00:05:00,1.22264,1.2224010714285714,sl,-232.65434704694007,0,A_5m_30m_1h,long
1,2021-06-01 00:20:00,2021-06-01 00:35:00,1.2226599999999999,1.2223932142857141,sl,-230.32780357647064,3,A_5m_30m_1h,long
1,2021-06-01 02:25:00,2021-06-01 03:00:00,1.2231999999999998,1.2229460714285714,sl,-228.02452554070595,7,A_5m_30m_1h,long
1,2021-06-01 04:50:00,2021-06-01 05:35:00,1.2233399999999999,1.2229510714285714,sl,-225.74428028529888,9,A_5m_30m_1h,long
1,2021-06-01 05:50:00,2021-06-01 05:55:00,1.22316,1.2228589285714286,sl,-223.48683748244588,1,A_5m_30m_1h,long
1,2021-06-01 07:00:00,2021-06-01 07:05:00,1.22308,1.222815357142857,sl,-221.25196910762142,1,A_5m_30m_1h,long
1,2021-06-01 07:40:00,2021-06-01 07:40:00,1.22279,1.2225510714285714,sl,-219.03944941654518,0,A_5m_30m_1h,long
1,2021-06-01 10:30:00,2021-06-01 11:10:00,1.2235,1.2228539285714286,sl,-216.84905492237974,8,A_5m_30m_1h,long
1,2021-06-01 11:45:00,2021-06-01 16:55:00,1.2223199999999999,1.2238664285714285,tp,357.8009406218923,62,A_5m_30m_1h,long
1,2021-06-01 18:20:00,2021-06-01 18:30:00,1.22495,1.22423,sl,-218.25857377937484,2,A_5m_30m_1h,long
1,2021-06-01 18:40:00,2021-06-01 19:00:00,1.22471,1.2239867857142857,sl,-216.07598804158116,4,A_5m_30m_1h,long
1,2021-06-02 05:25:00,2021-06-02 06:30:00,1.22255,1.22216,sl,-213.9152281611653,13,A_5m_30m_1h,long
1,2021-06-02 07:15:00,2021-06-02 07:25:00,1.2222199999999999,1.221990714285714,sl,-211.77607587955364,2,A_5m_30m_1h,long
1,2021-06-02 08:10:00,2021-06-02 08:10:00,1.2219,1.2216653571428573,sl,-209.65831512075812,0,A_5m_30m_1h,long
-1,2021-06-02 10:30:00,2021-06-02 10:35:00,1.22063,1.2213092857142858,sl,-207.56173196955052,1,A_5m_30m_1h,short
-1,2021-06-02 10:45:00,2021-06-02 11:05:00,1.22081,1.2195725,tp,342.47685774981977,4,A_5m_30m_1h,short
-1,2021-06-02 12:35:00,2021-06-02 15:00:00,1.21737,1.2180900000000001,sl,-208.91088322735317,29,A_5m_30m_1h,short
-1,2021-06-02 21:15:00,2021-06-02 21:20:00,1.22099,1.221322142857143,sl,-206.82177439507967,1,A_5m_30m_1h,short
-1,2021-06-03 00:30:00,2021-06-03 01:05:00,1.22096,1.2212632142857143,sl,-204.75355665112886,7,A_5m_30m_1h,short
-1,2021-06-03 05:35:00,2021-06-03 07:05:00,1.22049,1.22076,sl,-202.70602108461756,18,A_5m_30m_1h,short
-1,2021-06-03 10:10:00,2021-06-03 10:20:00,1.2183300000000001,1.2187789285714288,sl,-200.6789608737714,2,A_5m_30m_1h,short
-1,2021-06-03 10:50:00,2021-06-03 11:20:00,1.21825,1.2187460714285714,sl,-198.67217126503368,6,A_5m_30m_1h,short
-1,2021-06-03 11:55:00,2021-06-03 12:10:00,1.21863,1.2192407142857145,sl,-196.68544955238337,3,A_5m_30m_1h,short
-1,2021-06-03 14:50:00,2021-06-03 15:15:00,1.21895,1.2179678571428572,tp,324.5309917614081,5,A_5m_30m_1h,short
-1,2021-06-03 17:20:00,2021-06-04 03:15:00,1.21329,1.2115917857142855,tp,329.9398416241514,119,A_5m_30m_1h,short
-1,2021-06-04 04:20:00,2021-06-04 05:45:00,1.21271,1.211852857142857,tp,335.4388389845542,17,A_5m_30m_1h,short
-1,2021-06-04 06:10:00,2021-06-04 07:10:00,1.21185,1.2113,tp,341.0294863010263,12,A_5m_30m_1h,short
-1,2021-06-04 07:55:00,2021-06-04 08:40:00,1.2112500000000002,1.2108339285714287,tp,346.7133110727416,9,A_5m_30m_1h,short
-1,2021-06-04 10:10:00,2021-06-04 10:50:00,1.21113,1.21167,sl,-211.49511975429837,8,A_5m_30m_1h,short
-1,2021-06-04 11:50:00,2021-06-04 13:55:00,1.2113500000000001,1.2105267857142858,tp,348.9669475946551,25,A_5m_30m_1h,short
-1,2021-06-04 14:45:00,2021-06-04 14:50:00,1.21114,1.2115782142857143,sl,-212.86983803270192,1,A_5m_30m_1h,short
-1,2021-06-04 15:00:00,2021-06-04 15:00:00,1.21126,1.2117614285714287,sl,-210.74113965237493,0,A_5m_30m_1h,short
-1,2021-06-07 01:20:00,2021-06-07 01:20:00,1.2162,1.2165407142857143,sl,-208.63372825585117,0,A_5m_30m_1h,short
-1,2021-06-07 01:35:00,2021-06-07 02:50:00,1.21636,1.216684642857143,sl,-206.54739097329264,15,A_5m_30m_1h,short
-1,2021-06-07 05:50:00,2021-06-07 06:00:00,1.21617,1.2164207142857144,sl,-204.4819170635597,2,A_5m_30m_1h,short
1,2021-06-07 07:30:00,2021-06-07 08:00:00,1.21687,1.2167039285714285,sl,-202.4370978929241,6,A_5m_30m_1h,long
-1,2021-06-07 09:25:00,2021-06-07 09:35:00,1.21544,1.2158139285714287,sl,-200.41272691399485,2,A_5m_30m_1h,short
-1,2021-06-07 09:45:00,2021-06-07 10:05:00,1.21543,1.214737142857143,tp,330.68099940812687,4,A_5m_30m_1h,short
1,2021-06-07 12:20:00,2021-06-07 13:30:00,1.2157799999999999,1.2151864285714284,sl,-201.7154096389362,14,A_5m_30m_1h,long
1,2021-06-07 15:30:00,2021-06-07 16:50:00,1.21677,1.2179235714285712,tp,332.83042590418063,16,A_5m_30m_1h,long
1,2021-06-07 17:25:00,2021-06-07 18:05:00,1.2181199999999999,1.2193003571428571,tp,338.377599669378,8,A_5m_30m_1h,long
1,2021-06-07 19:00:00,2021-06-07 19:30:00,1.2199,1.2193932142857142,sl,-206.4103357982824,6,A_5m_30m_1h,long
1,2021-06-07 19:40:00,2021-06-07 19:45:00,1.21979,1.2194064285714286,sl,-204.3462324402996,1,A_5m_30m_1h,long
1,2021-06-07 19:55:00,2021-06-07 20:10:00,1.21977,1.2193553571428573,sl,-202.30277011589658,3,A_5m_30m_1h,long
1,2021-06-07 20:45:00,2021-06-07 23:20:00,1.21952,1.2191771428571427,sl,-200.2797424147376,31,A_5m_30m_1h,long
1,2021-06-08 02:40:00,2021-06-08 02:50:00,1.21926,1.2190746428571428,sl,-198.27694499059018,2,A_5m_30m_1h,long
1,2021-06-08 18:35:00,2021-06-08 20:25:00,1.21821,1.2176035714285713,sl,-196.2941755406843,22,A_5m_30m_1h,long
1,2021-06-09 06:40:00,2021-06-09 06:45:00,1.21845,1.2182185714285716,sl,-194.33123378527748,1,A_5m_30m_1h,long
1,2021-06-09 08:10:00,2021-06-09 08:35:00,1.21804,1.2178610714285714,sl,-192.3879214474247,5,A_5m_30m_1h,long
1,2021-06-09 10:20:00,2021-06-09 11:10:00,1.2180199999999999,1.21887,tp,317.4400703882507,10,A_5m_30m_1h,long
1,2021-06-09 11:55:00,2021-06-09 16:05:00,1.2188299999999999,1.2197764285714285,tp,322.7307382281054,50,A_5m_30m_1h,long
-1,2021-06-09 20:50:00,2021-06-09 21:10:00,1.21773,1.2180235714285714,sl,-196.86575031911403,4,A_5m_30m_1h,short
-1,2021-06-09 21:30:00,2021-06-09 22:40:00,1.21797,1.2174699999999998,tp,324.8284880266824,14,A_5m_30m_1h,short
-1,2021-06-09 23:00:00,2021-06-09 23:55:00,1.21766,1.2179267857142857,sl,-198.1453776961897,11,A_5m_30m_1h,short
-1,2021-06-10 04:55:00,2021-06-10 07:35:00,1.2169100000000002,1.2163135714285715,tp,326.93987319879415,32,A_5m_30m_1h,short
-1,2021-06-10 08:40:00,2021-06-10 08:55:00,1.21648,1.2166867857142858,sl,-199.43332265121575,3,A_5m_30m_1h,short
-1,2021-06-10 11:20:00,2021-06-10 11:25:00,1.2159600000000002,1.2165696428571429,sl,-197.4389894247036,1,A_5m_30m_1h,short
-1,2021-06-10 13:50:00,2021-06-10 14:00:00,1.21661,1.2171167857142857,sl,-195.46459953045655,2,A_5m_30m_1h,short
-1,2021-06-10 19:15:00,2021-06-10 19:35:00,1.21655,1.2173417857142856,sl,-193.509953535152,4,A_5m_30m_1h,short
-1,2021-06-10 23:25:00,2021-06-11 00:00:00,1.21743,1.2168871428571428,tp,319.29142333304435,7,A_5m_30m_1h,short
1,2021-06-11 05:35:00,2021-06-11 09:05:00,1.21865,1.2191464285714284,tp,324.6129470551215,42,A_5m_30m_1h,long
1,2021-06-11 10:05:00,2021-06-11 10:15:00,1.21913,1.2185996428571428,sl,-198.01389770368212,2,A_5m_30m_1h,long
-1,2021-06-11 13:05:00,2021-06-11 13:20:00,1.21512,1.2156514285714286,sl,-196.03375872664532,3,A_5m_30m_1h,short
-1,2021-06-11 13:45:00,2021-06-11 14:25:00,1.21499,1.2140935714285714,tp,323.45570189896483,8,A_5m_30m_1h,short
-1,2021-06-11 15:10:00,2021-06-11 15:35:00,1.21242,1.213095,sl,-197.30797815836854,5,A_5m_30m_1h,short
-1,2021-06-11 16:05:00,2021-06-11 16:45:00,1.21254,1.2115096428571428,tp,325.5581639613081,8,A_5m_30m_1h,short
-1,2021-06-11 17:10:00,2021-06-11 17:35:00,1.21159,1.210457857142857,tp,330.9841333607065,5,A_5m_30m_1h,short
-1,2021-06-11 18:15:00,2021-06-11 23:00:00,1.2102,1.2109885714285713,sl,-201.90032135000502,57,A_5m_30m_1h,short
-1,2021-06-14 00:40:00,2021-06-14 00:55:00,1.21051,1.2109053571428572,sl,-199.88131813650497,3,A_5m_30m_1h,short
-1,2021-06-14 01:05:00,2021-06-14 01:20:00,1.21055,1.2110782142857144,sl,-197.88250495513992,3,A_5m_30m_1h,short
-1,2021-06-14 04:15:00,2021-06-14 04:35:00,1.20974,1.2101075000000001,sl,-195.9036799055885,4,A_5m_30m_1h,short
-1,2021-06-14 05:15:00,2021-06-14 05:25:00,1.21007,1.21037,sl,-193.9446431065326,2,A_5m_30m_1h,short
-1,2021-06-14 07:15:00,2021-06-14 07:50:00,1.2097,1.209985,sl,-192.00519667546726,7,A_5m_30m_1h,short
-1,2021-06-14 10:10:00,2021-06-14 10:15:00,1.20988,1.210645,sl,-190.0851447087126,1,A_5m_30m_1h,short
-1,2021-06-14 15:45:00,2021-06-14 15:55:00,1.2114,1.211865,sl,-188.18429326162547,2,A_5m_30m_1h,short
-1,2021-06-14 20:25:00,2021-06-15 02:35:00,1.2119900000000001,1.2123039285714285,sl,-186.30245032900922,62,A_5m_30m_1h,short
-1,2021-06-15 02:50:00,2021-06-15 02:50:00,1.21214,1.2123596428571428,sl,-184.43942582571913,0,A_5m_30m_1h,short
-1,2021-06-15 04:05:00,2021-06-15 05:15:00,1.21177,1.2121514285714285,sl,-182.59503156746192,14,A_5m_30m_1h,short
1,2021-06-15 10:40:00,2021-06-15 11:40:00,1.21428,1.2136414285714285,sl,-180.7690812517873,12,A_5m_30m_1h,long
-1,2021-06-15 13:25:00,2021-06-15 13:55:00,1.21218,1.2113978571428572,tp,298.2689840655055,6,A_5m_30m_1h,short
-1,2021-06-15 15:10:00,2021-06-15 15:25:00,1.21089,1.2113785714285714,sl,-181.94408027992446,3,A_5m_30m_1h,short
-1,2021-06-15 15:40:00,2021-06-15 16:05:00,1.21078,1.2113971428571428,sl,-180.12463947712519,5,A_5m_30m_1h,short
1,2021-06-15 18:00:00,2021-06-15 18:35:00,1.21265,1.21254,flip,-28.036551847571328,7,A_5m_30m_1h,long
-1,2021-06-15 18:40:00,2021-06-15 20:35:00,1.21254,1.2124,flip,42.6085877930695,23,A_5m_30m_1h,short
1,2021-06-15 20:40:00,2021-06-15 21:05:00,1.21241,1.21242,flip,6.689605323163363,5,A_5m_30m_1h,long
-1,2021-06-15 21:10:00,2021-06-15 21:15:00,1.2124300000000001,1.212694642857143,sl,-178.53600949504062,1,A_5m_30m_1h,short
-1,2021-06-15 21:35:00,2021-06-15 23:25:00,1.21261,1.2128917857142858,sl,-176.7506494000902,22,A_5m_30m_1h,short
1,2021-06-16 01:45:00,2021-06-16 01:55:00,1.21281,1.212627857142857,sl,-174.98314290608928,2,A_5m_30m_1h,long
-1,2021-06-16 03:20:00,2021-06-16 03:25:00,1.21236,1.2125132142857145,sl,-173.23331147702834,1,A_5m_30m_1h,short
-1,2021-06-16 03:55:00,2021-06-16 04:05:00,1.21246,1.2121367857142857,tp,285.8349639372277,2,A_5m_30m_1h,short
1,2021-06-16 08:55:00,2021-06-16 08:55:00,1.21311,1.2129332142857143,sl,-174.35932800163036,0,A_5m_30m_1h,long
1,2021-06-16 09:35:00,2021-06-16 09:50:00,1.21309,1.2127407142857145,sl,-172.61573472161402,3,A_5m_30m_1h,long
1,2021-06-16 11:45:00,2021-06-16 12:15:00,1.21289,1.2123703571428572,sl,-170.8895773743979,6,A_5m_30m_1h,long
-1,2021-06-16 15:00:00,2021-06-16 15:05:00,1.21167,1.2120867857142856,sl,-169.1806816006539,1,A_5m_30m_1h,short
-1,2021-06-16 19:25:00,2021-06-16 19:55:00,1.21126,1.2116896428571429,sl,-167.48887478464738,6,A_5m_30m_1h,short
-1,2021-06-16 20:05:00,2021-06-16 21:00:00,1.21144,1.210715,tp,276.35664339472453,11,A_5m_30m_1h,short
-1,2021-06-16 21:05:00,2021-06-16 21:05:00,1.20516,1.2061264285714286,sl,-168.57755247074812,0,A_5m_30m_1h,short
-1,2021-06-16 22:35:00,2021-06-17 09:05:00,1.20109,1.1980917857142854,tp,278.152961576755,126,A_5m_30m_1h,short
-1,2021-06-17 11:35:00,2021-06-17 13:20:00,1.19516,1.1934367857142858,tp,282.7888442696924,21,A_5m_30m_1h,short
-1,2021-06-17 14:10:00,2021-06-17 15:05:00,1.19302,1.1938407142857141,sl,-172.5011950045051,11,A_5m_30m_1h,short
-1,2021-06-17 15:15:00,2021-06-17 15:30:00,1.1935900000000002,1.194244642857143,sl,-170.77618305446006,3,A_5m_30m_1h,short
-1,2021-06-17 16:45:00,2021-06-17 17:10:00,1.19391,1.1923724999999998,tp,281.78070203991336,5,A_5m_30m_1h,short
-1,2021-06-17 18:10:00,2021-06-17 18:20:00,1.1929400000000001,1.1914328571428572,tp,286.4770470738436,2,A_5m_30m_1h,short
-1,2021-06-17 19:20:00,2021-06-17 20:05:00,1.19025,1.1910857142857143,sl,-174.75099871505304,9,A_5m_30m_1h,short
-1,2021-06-17 21:10:00,2021-06-17 22:35:00,1.19147,1.1903146428571427,tp,288.339147879856,4,A_5m_30m_1h,short
-1,2021-06-18 00:05:00,2021-06-18 01:05:00,1.1905000000000001,1.1908825,sl,-175.88688020670108,12,A_5m_30m_1h,short
-1,2021-06-18 09:10:00,2021-06-18 09:15:00,1.18975,1.1904860714285717,sl,-174.12801140463407,1,A_5m_30m_1h,short
-1,2021-06-18 09:25:00,2021-06-18 09:50:00,1.19021,1.1889171428571428,tp,287.3112188176462,5,A_5m_30m_1h,short
-1,2021-06-18 10:20:00,2021-06-18 10:35:00,1.1894200000000001,1.190449642857143,sl,-175.25984347876414,3,A_5m_30m_1h,short
-1,2021-06-18 12:35:00,2021-06-18 15:05:00,1.19146,1.190085,tp,289.17874173991413,30,A_5m_30m_1h,short
-1,2021-06-18 15:50:00,2021-06-18 18:15:00,1.18842,1.1864610714285713,tp,293.9983874356372,9,A_5m_30m_1h,short
-1,2021-06-18 19:30:00,2021-06-18 20:10:00,1.1873500000000001,1.1881407142857143,sl,-179.33901633573203,8,A_5m_30m_1h,short
-1,2021-06-18 22:00:00,2021-06-18 22:15:00,1.18712,1.1876653571428573,sl,-177.54562617237468,3,A_5m_30m_1h,short
-1,2021-06-18 22:35:00,2021-06-18 23:05:00,1.18733,1.1865603571428571,tp,292.95028318444645,6,A_5m_30m_1h,short
-1,2021-06-21 03:50:00,2021-06-21 04:05:00,1.1872500000000001,1.1864517857142858,tp,297.8327879041591,3,A_5m_30m_1h,short
-1,2021-06-21 05:20:00,2021-06-21 06:15:00,1.18683,1.1858050000000002,tp,302.7966677024961,11,A_5m_30m_1h,short
1,2021-06-21 17:40:00,2021-06-21 18:30:00,1.19167,1.1907132142857142,sl,-184.705967298562,10,A_5m_30m_1h,long
1,2021-06-21 18:45:00,2021-06-21 22:20:00,1.19103,1.1915200000000001,flip,122.26238852941549,43,A_5m_30m_1h,long
-1,2021-06-21 22:25:00,2021-06-21 23:05:00,1.1915200000000001,1.1920032142857144,sl,-184.08153151087052,8,A_5m_30m_1h,short
1,2021-06-21 23:40:00,2021-06-22 00:00:00,1.1918,1.1915075,sl,-182.2407161957618,4,A_5m_30m_1h,long
1,2021-06-22 00:25:00,2021-06-22 01:35:00,1.19179,1.1914696428571427,sl,-180.4183090338042,14,A_5m_30m_1h,long
1,2021-06-22 02:25:00,2021-06-22 02:35:00,1.1913,1.1917196428571428,tp,297.6902099058294,2,A_5m_30m_1h,long
-1,2021-06-22 02:55:00,2021-06-22 03:45:00,1.19117,1.1907217857142858,tp,302.6517134042073,10,A_5m_30m_1h,short
-1,2021-06-22 04:55:00,2021-06-22 05:00:00,1.19029,1.1907432142857144,sl,-184.6175451765665,1,A_5m_30m_1h,short
-1,2021-06-22 05:15:00,2021-06-22 05:30:00,1.19025,1.190685,sl,-182.77136972480082,3,A_5m_30m_1h,short
-1,2021-06-22 05:45:00,2021-06-22 06:00:00,1.19058,1.1909732142857143,sl,-180.94365602755283,3,A_5m_30m_1h,short
-1,2021-06-22 09:00:00,2021-06-22 09:00:00,1.18912,1.1895314285714285,sl,-179.1342194672773,0,A_5m_30m_1h,short
-1,2021-06-22 09:10:00,2021-06-22 09:25:00,1.1893500000000001,1.1898032142857144,sl,-177.34287727260454,3,A_5m_30m_1h,short
-1,2021-06-22 10:00:00,2021-06-22 10:00:00,1.18985,1.1905014285714286,sl,-175.5694484998785,0,A_5m_30m_1h,short
-1,2021-06-22 10:10:00,2021-06-22 10:30:00,1.1900300000000001,1.190722142857143,sl,-173.81375401487972,4,A_5m_30m_1h,short
-1,2021-06-22 11:55:00,2021-06-22 12:35:00,1.18958,1.1883710714285716,tp,286.792694124534,8,A_5m_30m_1h,short
-1,2021-06-22 13:40:00,2021-06-22 13:45:00,1.1888100000000001,1.189442142857143,sl,-174.94354341597628,1,A_5m_30m_1h,short
-1,2021-06-22 14:35:00,2021-06-22 14:45:00,1.18956,1.1900935714285714,sl,-173.19410798181653,2,A_5m_30m_1h,short
1,2021-06-22 17:00:00,2021-06-22 18:15:00,1.1904299999999999,1.19044,flip,1.9119636293455222,15,A_5m_30m_1h,long
-1,2021-06-22 18:20:00,2021-06-22 18:55:00,1.19044,1.191145,sl,-171.48128653829184,7,A_5m_30m_1h,short
1,2021-06-22 20:20:00,2021-06-22 22:05:00,1.19357,1.1949664285714285,tp,282.9441227881815,21,A_5m_30m_1h,long
1,2021-06-22 23:45:00,2021-06-23 00:00:00,1.1941,1.193755,sl,-172.59591490079072,3,A_5m_30m_1h,long
1,2021-06-23 02:05:00,2021-06-23 02:15:00,1.19413,1.1939157142857142,sl,-170.8699557517828,2,A_5m_30m_1h,long
1,2021-06-23 02:25:00,2021-06-23 02:55:00,1.19405,1.1938378571428572,sl,-169.16125619426498,6,A_5m_30m_1h,long
1,2021-06-23 10:30:00,2021-06-23 11:00:00,1.19291,1.1943207142857142,tp,279.11607272056654,6,A_5m_30m_1h,long
1,2021-06-23 12:15:00,2021-06-23 13:25:00,1.19369,1.194757857142857,tp,283.76800726584065,14,A_5m_30m_1h,long
1,2021-06-23 14:35:00,2021-06-23 14:55:00,1.19488,1.1943249999999999,sl,-173.0984844321864,4,A_5m_30m_1h,long
1,2021-06-23 17:20:00,2021-06-23 17:25:00,1.1965299999999999,1.1957242857142856,sl,-171.36749958786456,1,A_5m_30m_1h,long
1,2021-06-24 04:20:00,2021-06-24 04:30:00,1.1929699999999999,1.192600357142857,sl,-169.6538245919859,2,A_5m_30m_1h,long
1,2021-06-24 08:45:00,2021-06-24 08:45:00,1.19241,1.1921539285714287,sl,-167.95728634606604,0,A_5m_30m_1h,long
1,2021-06-24 08:55:00,2021-06-24 09:00:00,1.19245,1.1921714285714287,sl,-166.27771348260535,1,A_5m_30m_1h,long
1,2021-06-24 10:40:00,2021-06-24 10:50:00,1.19414,1.1934992857142857,sl,-164.6149363477793,2,A_5m_30m_1h,long
1,2021-06-24 11:20:00,2021-06-24 11:35:00,1.1937799999999998,1.193050357142857,sl,-162.9687869843015,3,A_5m_30m_1h,long
1,2021-06-24 14:50:00,2021-06-24 14:55:00,1.19425,1.193635,sl,-161.33909911445846,1,A_5m_30m_1h,long
1,2021-06-24 16:45:00,2021-06-24 17:25:00,1.1948999999999999,1.1942046428571427,sl,-159.7257081233139,8,A_5m_30m_1h,long
-1,2021-06-24 21:10:00,2021-06-24 22:10:00,1.1929800000000002,1.1934160714285718,sl,-158.12845104208074,12,A_5m_30m_1h,short
1,2021-06-24 22:55:00,2021-06-25 00:35:00,1.1933099999999999,1.1929575,sl,-156.54716653165994,20,A_5m_30m_1h,long
1,2021-06-25 01:05:00,2021-06-25 02:10:00,1.19322,1.1930025,sl,-154.98169486634333,13,A_5m_30m_1h,long
-1,2021-06-25 03:20:00,2021-06-25 03:20:00,1.19275,1.1929396428571428,sl,-153.4318779176799,0,A_5m_30m_1h,short
1,2021-06-25 05:10:00,2021-06-25 05:30:00,1.19441,1.1940842857142857,sl,-151.8975591385031,4,A_5m_30m_1h,long
1,2021-06-25 06:10:00,2021-06-25 07:55:00,1.19401,1.1936928571428571,sl,-150.3785835471181,21,A_5m_30m_1h,long
1,2021-06-25 10:15:00,2021-06-25 10:20:00,1.1944299999999999,1.1937935714285712,sl,-148.8747977116469,1,A_5m_30m_1h,long
1,2021-06-25 10:35:00,2021-06-25 15:25:00,1.1942899999999999,1.1953864285714284,tp,245.64341622416762,58,A_5m_30m_1h,long
1,2021-06-25 16:50:00,2021-06-25 17:10:00,1.19694,1.1963014285714286,sl,-149.8424838967721,4,A_5m_30m_1h,long
1,2021-06-28 02:10:00,2021-06-28 03:00:00,1.19393,1.193672857142857,sl,-148.3440590578044,10,A_5m_30m_1h,long
1,2021-06-28 03:30:00,2021-06-28 03:45:00,1.1938199999999999,1.1934771428571427,sl,-146.86061846722635,3,A_5m_30m_1h,long
-1,2021-06-28 06:00:00,2021-06-28 08:30:00,1.1923300000000001,1.1926342857142858,sl,-145.39201228255408,30,A_5m_30m_1h,short
-1,2021-06-28 08:55:00,2021-06-28 09:05:00,1.1925700000000001,1.1928142857142858,sl,-143.93809215972854,2,A_5m_30m_1h,short
1,2021-06-28 11:35:00,2021-06-28 12:00:00,1.1933399999999998,1.1943774999999999,tp,237.49785206356904,5,A_5m_30m_1h,long
-1,2021-06-28 20:30:00,2021-06-28 20:40:00,1.19222,1.1926892857142857,sl,-144.87368975876691,2,A_5m_30m_1h,short
-1,2021-06-28 20:55:00,2021-06-29 00:05:00,1.19248,1.1929117857142857,sl,-143.42495286117924,38,A_5m_30m_1h,short
-1,2021-06-29 00:35:00,2021-06-29 02:45:00,1.19245,1.1928528571428572,sl,-141.99070333256745,26,A_5m_30m_1h,short
-1,2021-06-29 03:05:00,2021-06-29 03:15:00,1.19266,1.1923046428571429,tp,234.2846604987363,2,A_5m_30m_1h,short
-1,2021-06-29 04:15:00,2021-06-29 04:25:00,1.19198,1.1923710714285716,sl,-142.91364290422914,2,A_5m_30m_1h,short
-1,2021-06-29 04:35:00,2021-06-29 05:00:00,1.19215,1.1915196428571428,tp,235.8075107920058,5,A_5m_30m_1h,short
-1,2021-06-29 05:55:00,2021-06-29 08:30:00,1.1913,1.1916321428571428,sl,-143.84258158310692,31,A_5m_30m_1h,short
-1,2021-06-29 11:00:00,2021-06-29 13:45:00,1.19093,1.1898853571428571,tp,237.34025961216005,33,A_5m_30m_1h,short
-1,2021-06-29 14:45:00,2021-06-29 14:55:00,1.19009,1.1890757142857145,tp,241.2959306056976,2,A_5m_30m_1h,short
-1,2021-06-29 17:00:00,2021-06-29 17:55:00,1.1891,1.1898242857142858,sl,-147.19051766945444,11,A_5m_30m_1h,short
-1,2021-06-29 23:35:00,2021-06-29 23:50:00,1.19009,1.1897042857142857,tp,242.86435415459982,3,A_5m_30m_1h,short
-1,2021-06-30 00:35:00,2021-06-30 03:00:00,1.1897900000000001,1.1902260714285715,sl,-148.14725603430585,29,A_5m_30m_1h,short
-1,2021-06-30 03:35:00,2021-06-30 04:15:00,1.1902700000000002,1.1898164285714288,tp,244.4429724566047,8,A_5m_30m_1h,short
-1,2021-06-30 07:35:00,2021-06-30 08:15:00,1.19019,1.1904396428571429,sl,-149.11021319852887,8,A_5m_30m_1h,short
-1,2021-06-30 10:05:00,2021-06-30 10:20:00,1.18974,1.190297142857143,sl,-147.61911106654358,3,A_5m_30m_1h,short
-1,2021-06-30 11:00:00,2021-06-30 11:10:00,1.19001,1.1888885714285715,tp,243.5715332597808,2,A_5m_30m_1h,short
-1,2021-06-30 12:15:00,2021-06-30 12:30:00,1.18889,1.1895907142857143,sl,-148.57863528847594,3,A_5m_30m_1h,short
-1,2021-06-30 12:50:00,2021-06-30 15:05:00,1.18917,1.1881896428571428,tp,245.15474822600387,27,A_5m_30m_1h,short
-1,2021-06-30 15:25:00,2021-06-30 16:10:00,1.18853,1.1873389285714289,tp,249.24066069641873,9,A_5m_30m_1h,short
-1,2021-06-30 17:15:00,2021-06-30 17:50:00,1.18636,1.1871635714285715,sl,-152.0368030248154,7,A_5m_30m_1h,short
-1,2021-06-30 18:00:00,2021-07-01 08:15:00,1.18589,1.1839775000000001,tp,250.86072499097457,171,A_5m_30m_1h,short
-1,2021-07-01 09:10:00,2021-07-01 09:40:00,1.18399,1.184419642857143,sl,-153.02504224447702,6,A_5m_30m_1h,short
-1,2021-07-01 09:55:00,2021-07-01 09:55:00,1.18416,1.1846603571428573,sl,-151.49479182203225,0,A_5m_30m_1h,short
-1,2021-07-01 19:00:00,2021-07-02 05:55:00,1.1855200000000001,1.1840610714285715,tp,249.96640650639128,131,A_5m_30m_1h,short
-1,2021-07-02 06:35:00,2021-07-02 07:35:00,1.18419,1.1844503571428573,sl,-152.47950796887585,12,A_5m_30m_1h,short
-1,2021-07-02 08:00:00,2021-07-02 08:15:00,1.18441,1.1845867857142858,sl,-150.95471288918708,3,A_5m_30m_1h,short
-1,2021-07-02 10:05:00,2021-07-02 13:00:00,1.1830100000000001,1.1821082142857142,tp,249.07527626722,35,A_5m_30m_1h,short
-1,2021-07-02 13:25:00,2021-07-02 13:40:00,1.18248,1.1829032142857143,sl,-151.93591852296743,3,A_5m_30m_1h,short
-1,2021-07-02 14:00:00,2021-07-02 14:00:00,1.18266,1.1830875,sl,-150.41655933773774,0,A_5m_30m_1h,short
1,2021-07-02 22:25:00,2021-07-02 22:35:00,1.18693,1.1865742857142858,sl,-148.91239374436037,2,A_5m_30m_1h,long
-1,2021-07-05 02:50:00,2021-07-05 03:20:00,1.1856900000000001,1.1859460714285717,sl,-147.42326980691675,6,A_5m_30m_1h,short
-1,2021-07-05 04:35:00,2021-07-05 04:55:00,1.1859,1.1862685714285714,sl,-145.9490371088476,4,A_5m_30m_1h,short
-1,2021-07-05 06:35:00,2021-07-05 07:45:00,1.18543,1.1856614285714284,sl,-144.48954673775913,14,A_5m_30m_1h,short
1,2021-07-05 11:45:00,2021-07-05 15:00:00,1.18732,1.1866953571428571,sl,-143.04465127038154,39,A_5m_30m_1h,long
1,2021-07-05 18:55:00,2021-07-05 23:35:00,1.18665,1.1862642857142858,sl,-141.6142047576777,56,A_5m_30m_1h,long
1,2021-07-06 03:10:00,2021-07-06 03:25:00,1.18658,1.1862585714285714,sl,-140.19806271010094,3,A_5m_30m_1h,long
1,2021-07-06 05:55:00,2021-07-06 06:45:00,1.18703,1.1875157142857145,tp,231.3268034717018,10,A_5m_30m_1h,long
1,2021-07-06 07:35:00,2021-07-06 07:35:00,1.1876499999999999,1.1874025,sl,-141.10935011771696,0,A_5m_30m_1h,long
1,2021-07-06 07:55:00,2021-07-06 08:40:00,1.18742,1.1879235714285714,tp,232.83042769430142,9,A_5m_30m_1h,long
1,2021-07-06 09:30:00,2021-07-06 09:50:00,1.18928,1.1888042857142855,sl,-142.0265608934828,4,A_5m_30m_1h,long
1,2021-07-06 10:30:00,2021-07-06 10:35:00,1.1886999999999999,1.1881739285714283,sl,-140.60629528454797,1,A_5m_30m_1h,long
-1,2021-07-06 12:20:00,2021-07-06 16:10:00,1.1838600000000001,1.1823582142857143,tp,232.00038721949272,46,A_5m_30m_1h,short
-1,2021-07-06 17:20:00,2021-07-06 18:15:00,1.18316,1.181692142857143,tp,235.8670603398528,11,A_5m_30m_1h,short
-1,2021-07-06 18:45:00,2021-07-07 08:15:00,1.18195,1.1828864285714287,sl,-143.87890680729595,162,A_5m_30m_1h,short
-1,2021-07-07 11:20:00,2021-07-07 15:15:00,1.1824700000000001,1.1833196428571429,sl,-142.44011773922298,47,A_5m_30m_1h,short
-1,2021-07-07 15:30:00,2021-07-07 15:35:00,1.18272,1.1816985714285715,tp,235.02619426976904,1,A_5m_30m_1h,short
-1,2021-07-07 17:05:00,2021-07-07 17:20:00,1.18008,1.178710357142857,tp,238.9432975075474,3,A_5m_30m_1h,short
-1,2021-07-07 18:25:00,2021-07-07 18:35:00,1.17927,1.1800778571428572,sl,-145.7554114796039,2,A_5m_30m_1h,short
-1,2021-07-07 20:30:00,2021-07-07 20:30:00,1.1801300000000001,1.1805135714285715,sl,-144.29785736480787,0,A_5m_30m_1h,short
-1,2021-07-07 20:45:00,2021-07-07 21:00:00,1.1801000000000001,1.180447142857143,sl,-142.85487879115982,3,A_5m_30m_1h,short
-1,2021-07-07 22:40:00,2021-07-07 22:55:00,1.18039,1.1796989285714286,tp,235.7105500053632,3,A_5m_30m_1h,short
-1,2021-07-07 23:00:00,2021-07-08 04:50:00,1.17948,1.1786960714285715,tp,239.63905917212452,70,A_5m_30m_1h,short
-1,2021-07-08 04:55:00,2021-07-08 05:55:00,1.1786100000000002,1.1790589285714286,sl,-146.1798260950231,12,A_5m_30m_1h,short
-1,2021-07-08 10:25:00,2021-07-08 10:30:00,1.17997,1.1806792857142856,sl,-144.71802783407287,1,A_5m_30m_1h,short
-1,2021-07-08 10:45:00,2021-07-08 10:50:00,1.18032,1.1810614285714285,sl,-143.27084755573213,1,A_5m_30m_1h,short
1,2021-07-08 13:45:00,2021-07-08 14:00:00,1.18319,1.1843899999999998,tp,236.39689846691428,3,A_5m_30m_1h,long
1,2021-07-08 15:10:00,2021-07-08 15:25:00,1.1839199999999999,1.1851717857142856,tp,240.3368467747399,3,A_5m_30m_1h,long
1,2021-07-08 17:15:00,2021-07-08 18:00:00,1.1861599999999999,1.185185,sl,-146.60547653259135,9,A_5m_30m_1h,long
1,2021-07-08 22:55:00,2021-07-09 00:10:00,1.18451,1.1841307142857143,sl,-145.13942176726545,15,A_5m_30m_1h,long
1,2021-07-09 00:25:00,2021-07-09 01:05:00,1.18421,1.18486,tp,239.48004591593337,8,A_5m_30m_1h,long
1,2021-07-09 07:25:00,2021-07-09 07:45:00,1.18376,1.1834707142857142,sl,-146.0828280087521,4,A_5m_30m_1h,long
1,2021-07-09 09:20:00,2021-07-09 09:20:00,1.1835,1.1831689285714286,sl,-144.6219997286646,0,A_5m_30m_1h,long
1,2021-07-09 11:25:00,2021-07-09 11:55:00,1.18403,1.1832489285714285,sl,-143.17577973137796,6,A_5m_30m_1h,long
1,2021-07-09 12:15:00,2021-07-09 12:50:00,1.1836799999999998,1.1848192857142856,tp,236.2400365567429,7,A_5m_30m_1h,long
1,2021-07-09 14:40:00,2021-07-09 14:55:00,1.1861599999999999,1.1856232142857142,sl,-144.1064222996316,3,A_5m_30m_1h,long
1,2021-07-09 15:05:00,2021-07-09 16:00:00,1.18594,1.1869096428571428,tp,237.7755967943558,11,A_5m_30m_1h,long
1,2021-07-09 16:25:00,2021-07-09 16:45:00,1.18671,1.1861828571428572,sl,-145.04311404457883,4,A_5m_30m_1h,long
1,2021-07-09 17:15:00,2021-07-09 18:00:00,1.18668,1.1860971428571427,sl,-143.59268290413306,9,A_5m_30m_1h,long
1,2021-07-09 18:20:00,2021-07-09 18:20:00,1.18654,1.1858960714285713,sl,-142.15675607509172,0,A_5m_30m_1h,long
1,2021-07-09 20:40:00,2021-07-09 21:05:00,1.18703,1.1874942857142858,tp,234.55864752401354,5,A_5m_30m_1h,long
1,2021-07-09 22:30:00,2021-07-12 00:00:00,1.18781,1.18757,sl,-143.08077498958096,17,A_5m_30m_1h,long
1,2021-07-12 02:10:00,2021-07-12 02:15:00,1.1875499999999999,1.1871042857142855,sl,-141.64996723968514,1,A_5m_30m_1h,long
1,2021-07-12 02:55:00,2021-07-12 04:00:00,1.18722,1.1876932142857142,tp,233.7224459453708,13,A_5m_30m_1h,long
1,2021-07-12 07:00:00,2021-07-12 07:00:00,1.18698,1.1867817857142857,sl,-142.570692026742,0,A_5m_30m_1h,long
1,2021-07-12 11:25:00,2021-07-12 11:30:00,1.1879,1.1872539285714285,sl,-141.14498510647456,1,A_5m_30m_1h,long
1,2021-07-12 12:10:00,2021-07-12 12:45:00,1.18732,1.1866889285714286,sl,-139.7335352554098,7,A_5m_30m_1h,long
-1,2021-07-12 14:20:00,2021-07-12 15:05:00,1.1844700000000001,1.1850625000000001,sl,-138.33619990285572,9,A_5m_30m_1h,short
1,2021-07-12 17:45:00,2021-07-12 18:05:00,1.18699,1.1863182142857143,sl,-136.95283790382715,4,A_5m_30m_1h,long
1,2021-07-12 19:00:00,2021-07-12 19:40:00,1.18583,1.1852567857142857,sl,-135.5833095247889,8,A_5m_30m_1h,long
1,2021-07-12 19:50:00,2021-07-13 01:20:00,1.18569,1.1864221428571429,tp,223.7124607159695,66,A_5m_30m_1h,long
1,2021-07-13 01:50:00,2021-07-13 02:15:00,1.18638,1.1861710714285714,sl,-136.46460103670069,5,A_5m_30m_1h,long
1,2021-07-13 04:40:00,2021-07-13 05:35:00,1.1865299999999999,1.1869764285714284,tp,225.1665917105188,11,A_5m_30m_1h,long
-1,2021-07-13 11:35:00,2021-07-13 15:00:00,1.18472,1.183495,tp,228.91936823909242,41,A_5m_30m_1h,short
-1,2021-07-13 15:35:00,2021-07-13 15:40:00,1.18168,1.1826282142857143,sl,-139.64081462582976,1,A_5m_30m_1h,short
-1,2021-07-13 17:15:00,2021-07-13 17:15:00,1.18157,1.1826725,sl,-138.2444064795715,0,A_5m_30m_1h,short
-1,2021-07-13 18:55:00,2021-07-13 20:00:00,1.18136,1.1801921428571427,tp,228.10327069132185,13,A_5m_30m_1h,short
-1,2021-07-13 21:55:00,2021-07-13 22:50:00,1.17829,1.1775739285714286,tp,231.90499186948165,11,A_5m_30m_1h,short
-1,2021-07-13 23:40:00,2021-07-14 04:15:00,1.1777600000000001,1.178114642857143,sl,-141.4620450403838,55,A_5m_30m_1h,short
-1,2021-07-14 04:25:00,2021-07-14 04:30:00,1.17777,1.1780849999999998,sl,-140.04742458997995,1,A_5m_30m_1h,short
-1,2021-07-14 11:40:00,2021-07-14 12:05:00,1.17899,1.177815,tp,231.07825057346693,5,A_5m_30m_1h,short
1,2021-07-14 23:55:00,2021-07-14 23:55:00,1.1838199999999999,1.183600357142857,sl,-140.95773284981485,0,A_5m_30m_1h,long
1,2021-07-15 08:25:00,2021-07-15 08:45:00,1.18357,1.1839896428571428,tp,232.5802592022355,4,A_5m_30m_1h,long
1,2021-07-15 09:40:00,2021-07-15 09:45:00,1.1845999999999999,1.1841424999999999,sl,-141.87395811333906,1,A_5m_30m_1h,long
1,2021-07-15 12:40:00,2021-07-15 12:40:00,1.18491,1.184440714285714,sl,-140.45521853220566,0,A_5m_30m_1h,long
-1,2021-07-15 14:10:00,2021-07-15 15:00:00,1.1818,1.1807517857142857,tp,231.75111057815568,10,A_5m_30m_1h,short
-1,2021-07-15 15:55:00,2021-07-15 16:05:00,1.18079,1.1814060714285715,sl,-141.36817745266515,2,A_5m_30m_1h,short
-1,2021-07-15 16:15:00,2021-07-15 16:30:00,1.18102,1.181700357142857,sl,-139.9544956781385,3,A_5m_30m_1h,short
-1,2021-07-15 16:55:00,2021-07-15 17:00:00,1.1811800000000001,1.181954642857143,sl,-138.5549507213571,1,A_5m_30m_1h,short
-1,2021-07-15 19:35:00,2021-07-15 20:25:00,1.1801300000000001,1.180544642857143,sl,-137.16940121414356,10,A_5m_30m_1h,short
-1,2021-07-15 20:40:00,2021-07-15 21:45:00,1.18019,1.1806228571428572,sl,-135.7977072020021,13,A_5m_30m_1h,short
-1,2021-07-16 02:00:00,2021-07-16 03:05:00,1.1813200000000001,1.1815492857142857,sl,-134.43973012998208,13,A_5m_30m_1h,short
-1,2021-07-16 03:30:00,2021-07-16 03:35:00,1.18117,1.1814453571428571,sl,-133.09533282868227,1,A_5m_30m_1h,short
-1,2021-07-16 05:30:00,2021-07-16 05:40:00,1.18043,1.1807739285714287,sl,-131.76437950039548,2,A_5m_30m_1h,short
-1,2021-07-16 06:20:00,2021-07-16 06:25:00,1.1807100000000001,1.180952142857143,sl,-130.44673570539152,1,A_5m_30m_1h,short
-1,2021-07-16 08:55:00,2021-07-16 09:00:00,1.18097,1.1806164285714287,tp,215.23711391385095,1,A_5m_30m_1h,short
-1,2021-07-16 10:05:00,2021-07-16 10:05:00,1.18062,1.181124642857143,sl,-131.2946394874761,0,A_5m_30m_1h,short
-1,2021-07-16 10:15:00,2021-07-16 10:30:00,1.1808400000000001,1.1798882142857143,tp,216.63615515436928,3,A_5m_30m_1h,short
-1,2021-07-16 14:45:00,2021-07-16 14:50:00,1.18004,1.179422142857143,tp,220.24675774016254,1,A_5m_30m_1h,short
-1,2021-07-16 15:35:00,2021-07-16 16:10:00,1.18001,1.1806271428571429,sl,-134.35052222154667,7,A_5m_30m_1h,short
-1,2021-07-16 17:50:00,2021-07-16 17:55:00,1.17988,1.1806782142857144,sl,-133.0070169993312,1,A_5m_30m_1h,short
-1,2021-07-16 18:15:00,2021-07-16 19:15:00,1.18062,1.1813432142857143,sl,-131.67694682933788,12,A_5m_30m_1h,short
-1,2021-07-16 22:00:00,2021-07-19 02:40:00,1.18085,1.181242142857143,sl,-130.3601773610445,55,A_5m_30m_1h,short
-1,2021-07-19 04:40:00,2021-07-19 07:00:00,1.18025,1.1805660714285715,sl,-129.05657558743405,28,A_5m_30m_1h,short
-1,2021-07-19 11:00:00,2021-07-19 11:50:00,1.17806,1.176917142857143,tp,212.94334971922484,10,A_5m_30m_1h,short
-1,2021-07-19 14:10:00,2021-07-19 14:15:00,1.1773200000000001,1.177879285714286,sl,-129.89544332875195,1,A_5m_30m_1h,short
-1,2021-07-19 14:30:00,2021-07-19 15:05:00,1.17754,1.1766310714285715,tp,214.3274814924582,7,A_5m_30m_1h,short
1,2021-07-19 17:00:00,2021-07-19 17:05:00,1.18215,1.1811728571428572,sl,-130.739763710389,1,A_5m_30m_1h,long
1,2021-07-19 17:50:00,2021-07-19 17:50:00,1.18163,1.1807096428571429,sl,-129.43236607328512,0,A_5m_30m_1h,long
-1,2021-07-19 20:55:00,2021-07-19 21:15:00,1.17947,1.1798942857142858,sl,-128.13804241255227,4,A_5m_30m_1h,short
-1,2021-07-19 21:45:00,2021-07-19 23:40:00,1.17967,1.1800728571428571,sl,-126.85666198842677,23,A_5m_30m_1h,short
-1,2021-07-20 00:00:00,2021-07-20 00:00:00,1.17974,1.18001,sl,-125.5880953685425,0,A_5m_30m_1h,short
-1,2021-07-20 05:10:00,2021-07-20 05:15:00,1.1796,1.1799128571428572,sl,-124.33221441485706,1,A_5m_30m_1h,short
-1,2021-07-20 05:25:00,2021-07-20 05:25:00,1.1797,1.1800117857142856,sl,-123.0888922707085,0,A_5m_30m_1h,short
-1,2021-07-20 07:10:00,2021-07-20 08:15:00,1.17904,1.1785667857142856,tp,203.09667224666902,13,A_5m_30m_1h,short
-1,2021-07-20 09:15:00,2021-07-20 09:15:00,1.17774,1.1781310714285713,sl,-123.88897007046809,0,A_5m_30m_1h,short
-1,2021-07-20 09:40:00,2021-07-20 10:05:00,1.1780000000000002,1.178497142857143,sl,-122.65008036976342,5,A_5m_30m_1h,short
-1,2021-07-20 10:25:00,2021-07-20 11:05:00,1.1780300000000001,1.1788614285714287,sl,-121.42357956606578,8,A_5m_30m_1h,short
-1,2021-07-20 15:10:00,2021-07-20 16:10:00,1.17767,1.176445,tp,200.34890628403278,12,A_5m_30m_1h,short
-1,2021-07-20 16:15:00,2021-07-20 16:45:00,1.17634,1.1771789285714287,sl,-122.21283283324544,6,A_5m_30m_1h,short
-1,2021-07-20 17:05:00,2021-07-20 17:15:00,1.17641,1.1773689285714286,sl,-120.990704504913,2,A_5m_30m_1h,short
-1,2021-07-20 20:50:00,2021-07-20 21:00:00,1.1776900000000001,1.1781517857142858,sl,-119.78079745986386,2,A_5m_30m_1h,short
-1,2021-07-21 03:10:00,2021-07-21 03:10:00,1.17781,1.17802,sl,-118.58298948526523,0,A_5m_30m_1h,short
-1,2021-07-21 03:35:00,2021-07-21 04:05:00,1.17805,1.1776553571428572,tp,195.66193265065093,6,A_5m_30m_1h,short
-1,2021-07-21 06:55:00,2021-07-21 08:45:00,1.17743,1.1770925,tp,198.92296486135731,22,A_5m_30m_1h,short
-1,2021-07-21 09:45:00,2021-07-21 09:55:00,1.17614,1.1765707142857142,sl,-121.34300856553268,2,A_5m_30m_1h,short
-1,2021-07-21 10:10:00,2021-07-21 10:50:00,1.17572,1.1762514285714287,sl,-120.12957847987735,8,A_5m_30m_1h,short
-1,2021-07-21 11:05:00,2021-07-21 11:20:00,1.17571,1.1763657142857142,sl,-118.92828269507858,3,A_5m_30m_1h,short
-1,2021-07-21 14:50:00,2021-07-21 15:35:00,1.17719,1.1764649999999999,tp,196.23166644691972,9,A_5m_30m_1h,short
-1,2021-07-21 16:20:00,2021-07-21 16:35:00,1.1764700000000001,1.1770967857142858,sl,-119.70131653259699,3,A_5m_30m_1h,short
1,2021-07-21 19:00:00,2021-07-21 19:10:00,1.17988,1.179165357142857,sl,-118.50430336727104,2,A_5m_30m_1h,long
1,2021-07-21 19:50:00,2021-07-21 22:10:00,1.1793799999999999,1.180110357142857,tp,195.53210055603682,28,A_5m_30m_1h,long
1,2021-07-21 22:45:00,2021-07-21 22:55:00,1.18027,1.1799410714285714,sl,-119.27458133915867,2,A_5m_30m_1h,long
1,2021-07-22 07:55:00,2021-07-22 07:55:00,1.18004,1.1798514285714286,sl,-118.08183552576708,0,A_5m_30m_1h,long
1,2021-07-22 08:30:00,2021-07-22 08:30:00,1.17974,1.1795085714285716,sl,-116.9010171705094,0,A_5m_30m_1h,long
1,2021-07-22 10:35:00,2021-07-22 10:45:00,1.1799899999999999,1.1794746428571428,sl,-115.73200699880432,2,A_5m_30m_1h,long
1,2021-07-22 15:30:00,2021-07-22 16:00:00,1.17813,1.1805389285714285,tp,190.95781154802125,6,A_5m_30m_1h,long
1,2021-07-22 17:50:00,2021-07-22 18:15:00,1.17934,1.178185,sl,-116.4842650442965,5,A_5m_30m_1h,long
-1,2021-07-22 19:35:00,2021-07-22 21:15:00,1.17612,1.1768067857142857,sl,-115.31942239385353,20,A_5m_30m_1h,short
-1,2021-07-23 00:05:00,2021-07-23 00:10:00,1.17628,1.1766185714285715,sl,-114.16622816991502,1,A_5m_30m_1h,short
-1,2021-07-23 01:30:00,2021-07-23 03:15:00,1.17724,1.1777275,sl,-113.02456588821585,21,A_5m_30m_1h,short
-1,2021-07-23 06:35:00,2021-07-23 07:05:00,1.17724,1.1768703571428571,tp,186.49053371563082,6,A_5m_30m_1h,short
-1,2021-07-23 08:00:00,2021-07-23 08:10:00,1.17672,1.1769364285714286,sl,-113.75922556648997,2,A_5m_30m_1h,short
-1,2021-07-23 08:35:00,2021-07-23 08:55:00,1.1768800000000001,1.1765639285714289,tp,187.7027221846206,4,A_5m_30m_1h,short
-1,2021-07-23 13:15:00,2021-07-23 14:30:00,1.1764700000000001,1.1754789285714287,tp,190.83110088779975,15,A_5m_30m_1h,short
-1,2021-07-23 15:00:00,2021-07-23 15:00:00,1.17608,1.1766532142857145,sl,-116.40697154154928,0,A_5m_30m_1h,short
-1,2021-07-23 17:45:00,2021-07-23 17:45:00,1.1757900000000001,1.1764617857142858,sl,-115.24290182613379,0,A_5m_30m_1h,short
-1,2021-07-23 18:15:00,2021-07-23 19:55:00,1.17612,1.1768025,sl,-114.09047280787244,20,A_5m_30m_1h,short
-1,2021-07-26 00:45:00,2021-07-26 03:35:00,1.17724,1.1765810714285716,tp,188.24928013292612,34,A_5m_30m_1h,short
-1,2021-07-26 05:20:00,2021-07-26 05:35:00,1.1771800000000001,1.1775142857142857,sl,-114.83206088112298,3,A_5m_30m_1h,short
-1,2021-07-26 05:45:00,2021-07-26 05:50:00,1.17729,1.1775375,sl,-113.68374027231175,1,A_5m_30m_1h,short
1,2021-07-26 13:40:00,2021-07-26 13:50:00,1.1797,1.1792692857142857,sl,-112.54690286958864,2,A_5m_30m_1h,long
1,2021-07-26 14:10:00,2021-07-26 15:10:00,1.17935,1.1788989285714284,sl,-111.42143384089275,12,A_5m_30m_1h,long
1,2021-07-26 15:25:00,2021-07-26 15:30:00,1.17917,1.1786578571428572,sl,-110.30721950248382,1,A_5m_30m_1h,long
1,2021-07-26 17:50:00,2021-07-26 17:55:00,1.18159,1.1808625,sl,-109.204147307459,1,A_5m_30m_1h,long
1,2021-07-26 18:20:00,2021-07-26 19:20:00,1.18135,1.1806867857142858,sl,-108.1121058343844,12,A_5m_30m_1h,long
1,2021-07-26 19:35:00,2021-07-26 21:25:00,1.18101,1.1806542857142857,sl,-107.03098477604055,22,A_5m_30m_1h,long
1,2021-07-27 00:30:00,2021-07-27 01:00:00,1.1803599999999999,1.180140357142857,sl,-105.96067492828016,6,A_5m_30m_1h,long
1,2021-07-27 05:05:00,2021-07-27 05:20:00,1.1805999999999999,1.180315,sl,-104.90106817899736,3,A_5m_30m_1h,long
1,2021-07-27 06:30:00,2021-07-27 08:00:00,1.18037,1.1801032142857142,sl,-103.8520574972074,18,A_5m_30m_1h,long
1,2021-07-27 08:15:00,2021-07-27 08:40:00,1.18023,1.1800317857142857,sl,-102.81353692223531,5,A_5m_30m_1h,long
1,2021-07-27 09:00:00,2021-07-27 09:00:00,1.1801599999999999,1.1799264285714284,sl,-101.78540155301296,0,A_5m_30m_1h,long
1,2021-07-27 16:20:00,2021-07-27 16:30:00,1.18254,1.181925,sl,-100.76754753748281,2,A_5m_30m_1h,long
1,2021-07-27 17:05:00,2021-07-27 17:15:00,1.1818,1.180920357142857,sl,-99.75987206210799,2,A_5m_30m_1h,long
1,2021-07-27 18:45:00,2021-07-27 22:00:00,1.18302,1.1821489285714286,sl,-98.7622733414869,39,A_5m_30m_1h,long
1,2021-07-28 01:55:00,2021-07-28 03:00:00,1.1818,1.1822232142857143,tp,162.95775101339643,13,A_5m_30m_1h,long
1,2021-07-28 05:20:00,2021-07-28 06:10:00,1.1821599999999999,1.1826903571428569,tp,165.67371353027397,10,A_5m_30m_1h,long
1,2021-07-28 07:45:00,2021-07-28 07:50:00,1.18234,1.1821557142857142,sl,-101.06096525350874,1,A_5m_30m_1h,long
-1,2021-07-28 16:45:00,2021-07-28 17:40:00,1.17914,1.1797603571428572,sl,-100.05035560097366,11,A_5m_30m_1h,short
1,2021-07-28 19:10:00,2021-07-28 21:00:00,1.18119,1.1806039285714287,sl,-99.04985204496393,22,A_5m_30m_1h,long
1,2021-07-28 22:45:00,2021-07-29 10:10:00,1.1845299999999999,1.1868621428571426,tp,163.43225587418527,137,A_5m_30m_1h,long
1,2021-07-29 12:00:00,2021-07-29 12:15:00,1.18773,1.187142857142857,sl,-99.69367608325614,3,A_5m_30m_1h,long
1,2021-07-29 12:30:00,2021-07-29 12:40:00,1.18753,1.1870360714285715,sl,-98.69673932242358,2,A_5m_30m_1h,long
1,2021-07-29 12:50:00,2021-07-29 15:30:00,1.1873799999999999,1.1881496428571428,tp,162.84961988201457,32,A_5m_30m_1h,long
1,2021-07-29 16:35:00,2021-07-29 22:00:00,1.1880199999999999,1.1892021428571429,tp,165.56378021340726,65,A_5m_30m_1h,long
1,2021-07-29 22:55:00,2021-07-29 22:55:00,1.18916,1.1889060714285715,sl,-100.99390593015356,0,A_5m_30m_1h,long
1,2021-07-29 23:10:00,2021-07-29 23:15:00,1.18889,1.1886414285714286,sl,-99.98396687085202,1,A_5m_30m_1h,long
1,2021-07-30 00:00:00,2021-07-30 00:00:00,1.18864,1.1883657142857142,sl,-98.9841272021435,0,A_5m_30m_1h,long
1,2021-07-30 00:15:00,2021-07-30 01:50:00,1.1885999999999999,1.1890821428571428,tp,163.3238098835117,19,A_5m_30m_1h,long
1,2021-07-30 11:10:00,2021-07-30 12:35:00,1.18991,1.190754642857143,tp,166.0458733815953,17,A_5m_30m_1h,long
-1,2021-07-30 21:55:00,2021-07-30 22:45:00,1.1857900000000001,1.1860953571428572,sl,-101.28798276277314,10,A_5m_30m_1h,short
1,2021-08-02 00:50:00,2021-08-02 05:05:00,1.1865299999999999,1.1859332142857142,sl,-100.27510293514541,51,A_5m_30m_1h,long
1,2021-08-02 07:05:00,2021-08-02 07:35:00,1.18728,1.1871021428571429,sl,-99.27235190579395,6,A_5m_30m_1h,long
1,2021-08-02 08:25:00,2021-08-02 08:45:00,1.18715,1.187517857142857,tp,163.79938064459296,4,A_5m_30m_1h,long
1,2021-08-02 10:00:00,2021-08-02 12:55:00,1.18832,1.1893396428571428,tp,166.52937032193364,35,A_5m_30m_1h,long
1,2021-08-02 13:40:00,2021-08-02 14:45:00,1.1889699999999999,1.188493214285714,sl,-101.58291589640129,13,A_5m_30m_1h,long
-1,2021-08-02 16:20:00,2021-08-02 16:30:00,1.1879,1.1885782142857142,sl,-100.56708673743728,2,A_5m_30m_1h,short
1,2021-08-02 17:40:00,2021-08-02 18:45:00,1.1882,1.1873449999999999,sl,-99.5614158700629,13,A_5m_30m_1h,long
-1,2021-08-02 19:55:00,2021-08-02 21:30:00,1.1867400000000001,1.1872135714285716,sl,-98.56580171136227,19,A_5m_30m_1h,short
-1,2021-08-02 23:25:00,2021-08-02 23:25:00,1.18685,1.1870985714285713,sl,-97.58014369424866,0,A_5m_30m_1h,short
-1,2021-08-02 23:35:00,2021-08-02 23:45:00,1.18696,1.1872278571428572,sl,-96.60434225730616,2,A_5m_30m_1h,short
1,2021-08-03 02:40:00,2021-08-03 02:45:00,1.1874,1.1872317857142858,sl,-95.63829883473309,1,A_5m_30m_1h,long
1,2021-08-03 02:55:00,2021-08-03 02:55:00,1.1875099999999998,1.187315,sl,-94.68191584638578,0,A_5m_30m_1h,long
1,2021-08-03 08:05:00,2021-08-03 08:10:00,1.18817,1.1878432142857143,sl,-93.73509668792192,1,A_5m_30m_1h,long
1,2021-08-03 11:25:00,2021-08-03 13:25:00,1.1879199999999999,1.1889182142857142,tp,154.6629095350941,24,A_5m_30m_1h,long
1,2021-08-03 14:10:00,2021-08-03 15:10:00,1.18888,1.1884267857142856,sl,-94.34437481639365,12,A_5m_30m_1h,long
1,2021-08-03 15:35:00,2021-08-03 15:35:00,1.18857,1.1881125,sl,-93.40093106822971,0,A_5m_30m_1h,long
-1,2021-08-03 17:30:00,2021-08-04 06:05:00,1.18659,1.1874632142857142,sl,-92.46692175754741,151,A_5m_30m_1h,short
-1,2021-08-04 12:40:00,2021-08-04 13:20:00,1.18546,1.1859935714285714,sl,-91.54225253997194,8,A_5m_30m_1h,short
-1,2021-08-04 19:20:00,2021-08-04 20:25:00,1.18358,1.1841360714285714,sl,-90.62683001457222,13,A_5m_30m_1h,short
-1,2021-08-04 20:40:00,2021-08-04 20:50:00,1.18381,1.1841582142857143,sl,-89.7205617144265,2,A_5m_30m_1h,short
-1,2021-08-04 21:30:00,2021-08-04 22:20:00,1.18377,1.1840635714285714,sl,-88.82335609728223,10,A_5m_30m_1h,short
-1,2021-08-04 22:45:00,2021-08-05 00:40:00,1.18384,1.1834275,tp,146.55853756051567,23,A_5m_30m_1h,short
-1,2021-08-05 03:25:00,2021-08-05 03:40:00,1.18364,1.1833846428571428,tp,149.0011798533637,3,A_5m_30m_1h,short
-1,2021-08-05 05:00:00,2021-08-05 09:25:00,1.1835200000000001,1.1838875000000002,sl,-90.8907197104482,53,A_5m_30m_1h,short
-1,2021-08-05 09:35:00,2021-08-05 09:50:00,1.18334,1.1836828571428573,sl,-89.98181251334368,3,A_5m_30m_1h,short
-1,2021-08-05 12:45:00,2021-08-05 12:50:00,1.18384,1.1830489285714285,tp,148.46999064700321,1,A_5m_30m_1h,short
-1,2021-08-05 16:25:00,2021-08-05 16:30:00,1.18368,1.1843764285714287,sl,-90.56669429468029,1,A_5m_30m_1h,short
-1,2021-08-05 16:45:00,2021-08-05 17:10:00,1.18398,1.1847353571428572,sl,-89.66102735173348,5,A_5m_30m_1h,short
-1,2021-08-05 18:40:00,2021-08-06 00:05:00,1.18417,1.1830467857142857,tp,147.94069513036027,65,A_5m_30m_1h,short
-1,2021-08-06 00:55:00,2021-08-06 01:00:00,1.18323,1.1835342857142856,sl,-90.24382402951977,1,A_5m_30m_1h,short
-1,2021-08-06 02:50:00,2021-08-06 02:50:00,1.18321,1.1833107142857144,sl,-89.34138578922457,0,A_5m_30m_1h,short
-1,2021-08-06 03:05:00,2021-08-06 03:25:00,1.18316,1.1829296428571427,tp,147.41328655207846,4,A_5m_30m_1h,short
-1,2021-08-06 04:15:00,2021-08-06 05:35:00,1.1824400000000002,1.182034642857143,tp,149.8701746613945,16,A_5m_30m_1h,short
-1,2021-08-06 08:30:00,2021-08-06 09:00:00,1.18243,1.1826442857142858,sl,-91.42080654346707,6,A_5m_30m_1h,short
-1,2021-08-06 09:55:00,2021-08-06 10:10:00,1.18267,1.182089642857143,tp,150.8443307967014,3,A_5m_30m_1h,short
-1,2021-08-06 12:40:00,2021-08-06 15:25:00,1.18082,1.1800289285714285,tp,153.35840297665132,33,A_5m_30m_1h,short
-1,2021-08-06 16:50:00,2021-08-09 02:05:00,1.17702,1.1750289285714286,tp,155.91437635961566,109,A_5m_30m_1h,short
-1,2021-08-09 03:05:00,2021-08-09 03:30:00,1.1743000000000001,1.1748796428571429,sl,-95.10776957936206,5,A_5m_30m_1h,short
-1,2021-08-09 03:40:00,2021-08-09 03:55:00,1.17455,1.174975357142857,sl,-94.15669188356844,3,A_5m_30m_1h,short
-1,2021-08-09 07:50:00,2021-08-09 07:50:00,1.1758,1.175940357142857,sl,-93.21512496473274,0,A_5m_30m_1h,short
-1,2021-08-09 10:55:00,2021-08-09 11:15:00,1.17607,1.1751360714285715,tp,153.8049561917847,4,A_5m_30m_1h,short
-1,2021-08-09 13:10:00,2021-08-09 14:25:00,1.1757900000000001,1.176407142857143,sl,-93.82102327700328,15,A_5m_30m_1h,short
-1,2021-08-09 14:40:00,2021-08-09 15:00:00,1.17592,1.176394642857143,sl,-92.88281304423325,4,A_5m_30m_1h,short
-1,2021-08-09 15:50:00,2021-08-09 16:15:00,1.1762000000000001,1.1766789285714288,sl,-91.95398491379092,5,A_5m_30m_1h,short
-1,2021-08-09 18:55:00,2021-08-09 20:30:00,1.17483,1.1738889285714287,tp,151.7240751077431,19,A_5m_30m_1h,short
-1,2021-08-09 21:25:00,2021-08-09 21:30:00,1.17428,1.1745617857142858,sl,-92.55168581573044,1,A_5m_30m_1h,short
-1,2021-08-09 23:45:00,2021-08-10 00:40:00,1.17358,1.1737685714285715,sl,-91.62616895757314,11,A_5m_30m_1h,short
-1,2021-08-10 01:10:00,2021-08-10 04:00:00,1.1735900000000001,1.1738525000000002,sl,-90.70990726799741,34,A_5m_30m_1h,short
-1,2021-08-10 04:25:00,2021-08-10 04:55:00,1.1736900000000001,1.1733078571428572,tp,149.67134699228268,6,A_5m_30m_1h,short
-1,2021-08-10 05:40:00,2021-08-10 05:45:00,1.17334,1.1735457142857144,sl,-91.29952166524026,1,A_5m_30m_1h,short
-1,2021-08-10 08:15:00,2021-08-10 08:20:00,1.17374,1.1739092857142857,sl,-90.38652644858787,1,A_5m_30m_1h,short
-1,2021-08-10 10:00:00,2021-08-10 10:30:00,1.1738300000000002,1.172999642857143,tp,149.1377686401434,6,A_5m_30m_1h,short
-1,2021-08-10 11:35:00,2021-08-10 11:40:00,1.17321,1.1737425000000001,sl,-90.9740388705034,1,A_5m_30m_1h,short
-1,2021-08-10 13:30:00,2021-08-10 13:45:00,1.17197,1.1724264285714285,sl,-90.06429848179837,3,A_5m_30m_1h,short
-1,2021-08-10 14:05:00,2021-08-10 16:05:00,1.1723400000000002,1.171559642857143,tp,148.60609249498143,24,A_5m_30m_1h,short
-1,2021-08-10 17:05:00,2021-08-10 17:10:00,1.1712,1.1717292857142858,sl,-90.64971642193021,1,A_5m_30m_1h,short
-1,2021-08-10 17:15:00,2021-08-10 17:20:00,1.17116,1.1717385714285713,sl,-89.7432192577109,1,A_5m_30m_1h,short
-1,2021-08-10 17:40:00,2021-08-10 18:05:00,1.1714,1.1720782142857142,sl,-88.84578706513379,5,A_5m_30m_1h,short
-1,2021-08-11 00:05:00,2021-08-11 00:15:00,1.1716600000000001,1.1718614285714286,sl,-87.95732919448244,2,A_5m_30m_1h,short
-1,2021-08-11 02:05:00,2021-08-11 03:05:00,1.17199,1.1716900000000001,tp,145.12959317082445,12,A_5m_30m_1h,short
-1,2021-08-11 07:50:00,2021-08-11 08:20:00,1.17182,1.1719657142857145,sl,-88.52905183424588,6,A_5m_30m_1h,short
-1,2021-08-11 08:40:00,2021-08-11 08:50:00,1.1719300000000001,1.1716657142857145,tp,146.07293552642386,2,A_5m_30m_1h,short
-1,2021-08-11 10:20:00,2021-08-11 10:30:00,1.17059,1.1710796428571428,sl,-89.10449067116767,2,A_5m_30m_1h,short
-1,2021-08-11 11:25:00,2021-08-11 15:15:00,1.1714200000000001,1.1719567857142859,sl,-88.213445764456,46,A_5m_30m_1h,short
1,2021-08-11 16:20:00,2021-08-12 16:35:00,1.17388,1.1726617857142858,sl,-87.33131130681144,291,A_5m_30m_1h,long
-1,2021-08-12 17:30:00,2021-08-12 18:25:00,1.1727400000000001,1.1733228571428573,sl,-86.45799819374334,11,A_5m_30m_1h,short
1,2021-08-12 20:35:00,2021-08-12 21:00:00,1.1738899999999999,1.173580357142857,sl,-85.5934182118059,5,A_5m_30m_1h,long
-1,2021-08-12 23:00:00,2021-08-12 23:55:00,1.17347,1.1731539285714285,tp,141.22914004951278,11,A_5m_30m_1h,short
-1,2021-08-13 01:00:00,2021-08-13 01:00:00,1.17304,1.1733003571428573,sl,-86.14977543018297,0,A_5m_30m_1h,short
1,2021-08-13 05:50:00,2021-08-13 06:20:00,1.1740899999999999,1.1739132142857143,sl,-85.28827767588113,6,A_5m_30m_1h,long
1,2021-08-13 07:55:00,2021-08-13 07:55:00,1.174,1.1738564285714284,sl,-84.43539489912231,0,A_5m_30m_1h,long
1,2021-08-13 08:20:00,2021-08-13 08:20:00,1.1739199999999999,1.173767857142857,sl,-83.59104095013109,0,A_5m_30m_1h,long
1,2021-08-13 14:00:00,2021-08-13 14:15:00,1.17496,1.1754850000000001,tp,137.92521756771632,3,A_5m_30m_1h,long
1,2021-08-13 15:35:00,2021-08-13 17:05:00,1.17654,1.1773525,tp,140.22397119387045,18,A_5m_30m_1h,long
1,2021-08-13 19:10:00,2021-08-13 21:50:00,1.17981,1.1793128571428573,sl,-85.53662242824565,32,A_5m_30m_1h,long
1,2021-08-13 22:00:00,2021-08-16 00:05:00,1.1796499999999999,1.1793617857142855,sl,-84.68125620396319,23,A_5m_30m_1h,long
1,2021-08-16 00:20:00,2021-08-16 01:00:00,1.17954,1.1799828571428572,tp,139.72407273653926,8,A_5m_30m_1h,long
1,2021-08-16 03:00:00,2021-08-16 03:00:00,1.17947,1.1797449999999998,tp,142.05280728207177,0,A_5m_30m_1h,long
1,2021-08-16 05:05:00,2021-08-16 05:20:00,1.17996,1.1797114285714285,sl,-86.65221244210967,3,A_5m_30m_1h,long
1,2021-08-16 05:50:00,2021-08-16 06:00:00,1.1798199999999999,1.1795628571428571,sl,-85.78569031768859,2,A_5m_30m_1h,long
1,2021-08-16 16:40:00,2021-08-16 16:50:00,1.1782599999999999,1.1777049999999998,sl,-84.92783341451168,2,A_5m_30m_1h,long
1,2021-08-16 18:45:00,2021-08-16 18:50:00,1.17817,1.1776,sl,-84.07855508036656,1,A_5m_30m_1h,long
1,2021-08-16 20:30:00,2021-08-17 00:05:00,1.17767,1.1774096428571428,sl,-83.2377695295629,43,A_5m_30m_1h,long
1,2021-08-17 00:25:00,2021-08-17 02:00:00,1.17754,1.177965,tp,137.3423197236831,19,A_5m_30m_1h,long
1,2021-08-17 12:35:00,2021-08-17 12:55:00,1.1771099999999999,1.17709,flip,-3.134010448725866,4,A_5m_30m_1h,long
-1,2021-08-17 13:00:00,2021-08-17 13:40:00,1.17709,1.17691,flip,28.596698755584786,8,A_5m_30m_1h,short
1,2021-08-17 13:45:00,2021-08-17 14:45:00,1.17689,1.1765,flip,-69.04779425934693,12,A_5m_30m_1h,long
-1,2021-08-17 14:50:00,2021-08-17 15:30:00,1.17649,1.1768735714285714,sl,-83.3429639719792,8,A_5m_30m_1h,short
-1,2021-08-17 17:10:00,2021-08-17 17:30:00,1.17323,1.1721085714285715,tp,137.5158905537566,4,A_5m_30m_1h,short
-1,2021-08-17 18:40:00,2021-08-17 21:00:00,1.17124,1.1719235714285714,sl,-83.88469323779698,28,A_5m_30m_1h,short
-1,2021-08-17 22:25:00,2021-08-17 22:55:00,1.17102,1.1712835714285714,sl,-83.04584630541902,6,A_5m_30m_1h,short
-1,2021-08-17 23:20:00,2021-08-18 00:30:00,1.17101,1.1712242857142858,sl,-82.21538784236483,14,A_5m_30m_1h,short
-1,2021-08-18 00:55:00,2021-08-18 00:55:00,1.17093,1.1711796428571428,sl,-81.39323396394119,0,A_5m_30m_1h,short
-1,2021-08-18 01:05:00,2021-08-18 01:20:00,1.17092,1.1704771428571428,tp,134.29883604050295,3,A_5m_30m_1h,short
-1,2021-08-18 02:00:00,2021-08-18 02:25:00,1.1705400000000001,1.1708453571428572,sl,-81.92228998470681,5,A_5m_30m_1h,short
-1,2021-08-18 04:40:00,2021-08-18 04:50:00,1.1712500000000001,1.1715200000000001,sl,-81.10306708485975,2,A_5m_30m_1h,short
-1,2021-08-18 08:50:00,2021-08-18 09:25:00,1.1715,1.1717367857142857,sl,-80.29203641401115,7,A_5m_30m_1h,short
-1,2021-08-18 10:00:00,2021-08-18 10:10:00,1.17164,1.1720535714285716,sl,-79.48911604987104,2,A_5m_30m_1h,short
-1,2021-08-18 12:55:00,2021-08-18 13:05:00,1.17207,1.1714503571428572,tp,131.15704148225586,2,A_5m_30m_1h,short
-1,2021-08-18 15:35:00,2021-08-18 16:25:00,1.17207,1.1711467857142857,tp,133.3429921736368,10,A_5m_30m_1h,short
-1,2021-08-18 17:25:00,2021-08-18 18:15:00,1.17147,1.170589642857143,tp,135.56537537657488,10,A_5m_30m_1h,short
-1,2021-08-18 19:00:00,2021-08-18 21:00:00,1.17008,1.1707207142857143,sl,-82.69487897969701,24,A_5m_30m_1h,short
-1,2021-08-18 23:05:00,2021-08-19 00:00:00,1.1710500000000001,1.1714860714285715,sl,-81.86793018990004,11,A_5m_30m_1h,short
-1,2021-08-19 00:10:00,2021-08-19 01:20:00,1.1709100000000001,1.1713417857142858,sl,-81.04925088800104,14,A_5m_30m_1h,short
-1,2021-08-19 04:45:00,2021-08-19 05:20:00,1.1687800000000002,1.1681264285714288,tp,133.731263965232,7,A_5m_30m_1h,short
-1,2021-08-19 06:00:00,2021-08-19 06:10:00,1.16761,1.1668135714285714,tp,135.9601183646728,2,A_5m_30m_1h,short
-1,2021-08-19 07:30:00,2021-08-19 08:00:00,1.1675200000000001,1.1677407142857144,sl,-82.93567220242008,6,A_5m_30m_1h,short
-1,2021-08-19 09:45:00,2021-08-19 10:50:00,1.1676,1.1683382142857142,sl,-82.10631548039588,13,A_5m_30m_1h,short
-1,2021-08-19 11:20:00,2021-08-19 11:25:00,1.16823,1.1688,sl,-81.28525232559193,1,A_5m_30m_1h,short
-1,2021-08-19 15:45:00,2021-08-19 17:50:00,1.1697,1.1687017857142858,tp,134.1206663372167,25,A_5m_30m_1h,short
-1,2021-08-19 19:05:00,2021-08-19 20:25:00,1.16907,1.1680307142857145,tp,136.3560107761706,16,A_5m_30m_1h,short
-1,2021-08-19 22:15:00,2021-08-20 03:00:00,1.1676,1.1679460714285714,sl,-83.17716657346988,57,A_5m_30m_1h,short
-1,2021-08-20 10:25:00,2021-08-20 10:30:00,1.16792,1.1684267857142858,sl,-82.34539490773517,1,A_5m_30m_1h,short
-1,2021-08-20 10:45:00,2021-08-20 11:35:00,1.16821,1.167235,tp,135.8699015977424,10,A_5m_30m_1h,short
-1,2021-08-20 12:10:00,2021-08-20 13:25:00,1.16746,1.167930357142857,sl,-82.88063997463526,15,A_5m_30m_1h,short
-1,2021-08-20 13:55:00,2021-08-20 14:40:00,1.1677600000000001,1.1670564285714287,tp,136.75305595813379,9,A_5m_30m_1h,short
-1,2021-08-20 15:20:00,2021-08-20 15:20:00,1.16689,1.1672425,sl,-83.41936413447023,0,A_5m_30m_1h,short
-1,2021-08-20 15:35:00,2021-08-20 15:45:00,1.16679,1.1672164285714286,sl,-82.58517049312553,2,A_5m_30m_1h,short
-1,2021-08-20 16:00:00,2021-08-20 16:05:00,1.16672,1.1672235714285715,sl,-81.75931878819428,1,A_5m_30m_1h,short
-1,2021-08-20 16:50:00,2021-08-20 18:50:00,1.1677600000000001,1.1685442857142858,sl,-80.94172560031234,24,A_5m_30m_1h,short
1,2021-08-20 22:45:00,2021-08-20 23:00:00,1.16991,1.1702635714285714,tp,133.55384724048739,3,A_5m_30m_1h,long
-1,2021-08-23 02:55:00,2021-08-23 02:55:00,1.16947,1.1696296428571429,sl,-81.46784681671409,0,A_5m_30m_1h,short
1,2021-08-23 03:20:00,2021-08-23 03:30:00,1.16978,1.1695453571428571,sl,-80.65316834854696,2,A_5m_30m_1h,long
1,2021-08-23 03:40:00,2021-08-23 03:45:00,1.16974,1.1701828571428572,tp,133.07772777510246,1,A_5m_30m_1h,long
1,2021-08-23 05:30:00,2021-08-23 06:35:00,1.1716199999999999,1.1723575,tp,135.29568990472825,13,A_5m_30m_1h,long
1,2021-08-23 07:50:00,2021-08-23 08:00:00,1.1721,1.1718407142857141,sl,-82.53037084185979,2,A_5m_30m_1h,long
1,2021-08-23 11:45:00,2021-08-23 12:25:00,1.17319,1.1725021428571427,sl,-81.70506713344119,8,A_5m_30m_1h,long
1,2021-08-23 12:55:00,2021-08-23 13:15:00,1.17262,1.172149642857143,sl,-80.88801646210678,4,A_5m_30m_1h,long
1,2021-08-23 15:10:00,2021-08-23 15:30:00,1.17214,1.1729346428571428,tp,133.4652271625135,4,A_5m_30m_1h,long
1,2021-08-23 17:25:00,2021-08-23 21:25:00,1.17329,1.1746346428571428,tp,135.68964761518475,48,A_5m_30m_1h,long
1,2021-08-23 22:05:00,2021-08-23 22:05:00,1.17495,1.1747089285714285,sl,-82.7706850452627,0,A_5m_30m_1h,long
1,2021-08-23 23:00:00,2021-08-23 23:05:00,1.17473,1.1744685714285714,sl,-81.94297819481005,1,A_5m_30m_1h,long
1,2021-08-24 02:15:00,2021-08-24 02:20:00,1.17471,1.174593214285714,sl,-81.12354841286195,1,A_5m_30m_1h,long
1,2021-08-24 09:20:00,2021-08-24 09:45:00,1.17445,1.1741189285714286,sl,-80.31231292873333,5,A_5m_30m_1h,long
1,2021-08-24 09:50:00,2021-08-24 09:55:00,1.17446,1.174045357142857,sl,-79.509189799446,1,A_5m_30m_1h,long
1,2021-08-24 10:05:00,2021-08-24 10:10:00,1.1744999999999999,1.174010357142857,sl,-78.71409790145154,1,A_5m_30m_1h,long
1,2021-08-24 10:25:00,2021-08-24 10:30:00,1.1741,1.17356,sl,-77.92695692243703,1,A_5m_30m_1h,long
1,2021-08-24 10:45:00,2021-08-24 11:25:00,1.17386,1.1732375,sl,-77.14768735321266,8,A_5m_30m_1h,long
1,2021-08-24 15:10:00,2021-08-24 15:40:00,1.174,1.1745839285714286,tp,127.29368413281703,6,A_5m_30m_1h,long
1,2021-08-24 16:20:00,2021-08-24 16:25:00,1.1753,1.1747096428571429,sl,-77.64914732100871,1,A_5m_30m_1h,long
1,2021-08-24 17:00:00,2021-08-24 17:40:00,1.1748699999999999,1.1762485714285713,tp,128.12109307965747,8,A_5m_30m_1h,long
1,2021-08-24 19:35:00,2021-08-24 21:25:00,1.1744999999999999,1.1751339285714284,tp,130.256444630992,22,A_5m_30m_1h,long
1,2021-08-24 22:45:00,2021-08-25 00:00:00,1.17559,1.1753671428571428,sl,-79.45643122490512,15,A_5m_30m_1h,long
1,2021-08-25 00:20:00,2021-08-25 02:40:00,1.17563,1.1753546428571429,sl,-78.66186691265607,28,A_5m_30m_1h,long
1,2021-08-25 03:05:00,2021-08-25 03:05:00,1.17573,1.1755457142857142,sl,-77.8752482435295,0,A_5m_30m_1h,long
1,2021-08-25 12:20:00,2021-08-25 12:55:00,1.17552,1.17483,sl,-77.0964957610942,7,A_5m_30m_1h,long
1,2021-08-25 13:15:00,2021-08-25 13:15:00,1.17508,1.174642857142857,sl,-76.32553080348326,0,A_5m_30m_1h,long
1,2021-08-25 13:25:00,2021-08-25 13:40:00,1.17496,1.1745003571428572,sl,-75.56227549544843,3,A_5m_30m_1h,long
1,2021-08-25 14:00:00,2021-08-25 14:00:00,1.17481,1.1744060714285713,sl,-74.80665274049394,0,A_5m_30m_1h,long
-1,2021-08-25 16:00:00,2021-08-25 16:05:00,1.1731500000000001,1.1737339285714288,sl,-74.05858621308901,1,A_5m_30m_1h,short
1,2021-08-25 18:35:00,2021-08-25 21:10:00,1.1755799999999998,1.1768710714285713,tp,122.19666725158986,31,A_5m_30m_1h,long
1,2021-08-26 00:35:00,2021-08-26 00:40:00,1.17717,1.1768453571428572,sl,-74.53996702347402,1,A_5m_30m_1h,long
1,2021-08-26 02:05:00,2021-08-26 03:20:00,1.17719,1.176977857142857,sl,-73.79456735323929,15,A_5m_30m_1h,long
1,2021-08-26 05:35:00,2021-08-26 06:30:00,1.1765299999999999,1.1762449999999998,sl,-73.0566216797069,11,A_5m_30m_1h,long
1,2021-08-26 07:00:00,2021-08-26 07:35:00,1.1763599999999999,1.1766707142857142,tp,120.54342577154509,7,A_5m_30m_1h,long
1,2021-08-26 08:25:00,2021-08-26 08:40:00,1.1766299999999998,1.1769442857142858,tp,122.55248286779536,3,A_5m_30m_1h,long
1,2021-08-26 13:55:00,2021-08-26 14:30:00,1.17769,1.1772742857142857,sl,-74.75701454930322,7,A_5m_30m_1h,long
1,2021-08-26 14:50:00,2021-08-26 14:55:00,1.17762,1.1771957142857141,sl,-74.00944440381019,1,A_5m_30m_1h,long
1,2021-08-26 15:20:00,2021-08-26 15:35:00,1.17715,1.1765810714285714,sl,-73.26934995977209,3,A_5m_30m_1h,long
1,2021-08-26 19:30:00,2021-08-26 19:55:00,1.1761599999999999,1.1756692857142856,sl,-72.53665646017437,5,A_5m_30m_1h,long
1,2021-08-27 01:35:00,2021-08-27 02:55:00,1.17557,1.1753621428571428,sl,-71.81128989557263,16,A_5m_30m_1h,long
1,2021-08-27 08:30:00,2021-08-27 08:30:00,1.17644,1.1762374999999998,sl,-71.0931769966169,0,A_5m_30m_1h,long
1,2021-08-27 09:05:00,2021-08-27 09:05:00,1.1764599999999998,1.1762382142857142,sl,-70.38224522665074,0,A_5m_30m_1h,long
1,2021-08-27 09:25:00,2021-08-27 09:30:00,1.17624,1.1766882142857142,tp,116.13070462397373,1,A_5m_30m_1h,long
1,2021-08-27 10:55:00,2021-08-27 11:00:00,1.1762599999999999,1.1757982142857142,sl,-70.83972982062396,1,A_5m_30m_1h,long
1,2021-08-27 14:05:00,2021-08-27 15:45:00,1.17603,1.175583214285714,sl,-70.13133252241772,20,A_5m_30m_1h,long
1,2021-08-27 15:55:00,2021-08-27 16:00:00,1.17595,1.1753585714285715,sl,-69.43001919719356,1,A_5m_30m_1h,long
1,2021-08-27 18:50:00,2021-08-31 06:05:00,1.17923,1.1810067857142856,tp,114.55953167535506,422,A_5m_30m_1h,long
1,2021-08-31 08:10:00,2021-08-31 08:35:00,1.18195,1.182419642857143,tp,116.46885720334701,5,A_5m_30m_1h,long
1,2021-08-31 10:10:00,2021-08-31 10:20:00,1.18302,1.1826267857142858,sl,-71.04600289400865,2,A_5m_30m_1h,long
1,2021-08-31 10:45:00,2021-08-31 11:55:00,1.18259,1.182127142857143,sl,-70.33554286506856,14,A_5m_30m_1h,long
1,2021-08-31 12:05:00,2021-08-31 12:35:00,1.18264,1.1821707142857143,sl,-69.63218743641788,6,A_5m_30m_1h,long
1,2021-08-31 14:45:00,2021-08-31 15:10:00,1.18418,1.1835071428571429,sl,-68.93586556205369,5,A_5m_30m_1h,long
1,2021-08-31 15:35:00,2021-08-31 15:35:00,1.1838499999999998,1.1833710714285712,sl,-68.24650690643315,0,A_5m_30m_1h,long
1,2021-08-31 15:50:00,2021-08-31 16:00:00,1.18352,1.182992857142857,sl,-67.56404183736883,2,A_5m_30m_1h,long
1,2021-08-31 22:45:00,2021-09-01 03:35:00,1.18081,1.1804842857142857,sl,-66.88840141899514,58,A_5m_30m_1h,long
-1,2021-09-01 09:15:00,2021-09-01 09:55:00,1.17968,1.1800303571428572,sl,-66.21951740480519,8,A_5m_30m_1h,short
1,2021-09-01 12:15:00,2021-09-01 13:30:00,1.18152,1.1822717857142855,tp,109.26220371789628,15,A_5m_30m_1h,long
1,2021-09-01 14:00:00,2021-09-01 14:25:00,1.18208,1.1816332142857142,sl,-66.64994426793609,5,A_5m_30m_1h,long
1,2021-09-01 16:30:00,2021-09-01 17:05:00,1.1842,1.1835324999999999,sl,-65.98344482525674,7,A_5m_30m_1h,long
1,2021-09-01 17:25:00,2021-09-01 22:50:00,1.18466,1.1840053571428573,sl,-65.32361037700417,65,A_5m_30m_1h,long
1,2021-09-02 02:45:00,2021-09-02 02:55:00,1.18417,1.184032857142857,sl,-64.67037427323413,2,A_5m_30m_1h,long
1,2021-09-02 03:05:00,2021-09-02 03:25:00,1.18447,1.184335,sl,-64.02367053050179,4,A_5m_30m_1h,long
1,2021-09-02 03:55:00,2021-09-02 04:00:00,1.18454,1.1842603571428572,sl,-63.38343382519677,1,A_5m_30m_1h,long
1,2021-09-02 05:15:00,2021-09-02 06:45:00,1.18401,1.1837378571428572,sl,-62.74959948694481,18,A_5m_30m_1h,long
1,2021-09-02 09:50:00,2021-09-02 10:30:00,1.18438,1.1850407142857142,tp,103.53683915343575,8,A_5m_30m_1h,long
1,2021-09-02 11:15:00,2021-09-02 13:10:00,1.1846299999999998,1.1853835714285712,tp,105.26245313932884,23,A_5m_30m_1h,long
1,2021-09-02 13:30:00,2021-09-02 13:45:00,1.18532,1.1849278571428572,sl,-64.210096415003,3,A_5m_30m_1h,long
1,2021-09-02 13:55:00,2021-09-02 14:00:00,1.18542,1.1850235714285713,sl,-63.56799545085297,1,A_5m_30m_1h,long
1,2021-09-02 14:10:00,2021-09-02 14:10:00,1.1853799999999999,1.1849675,sl,-62.93231549634444,0,A_5m_30m_1h,long
1,2021-09-02 15:05:00,2021-09-02 15:20:00,1.185,1.1845135714285715,sl,-62.302992341381,3,A_5m_30m_1h,long
1,2021-09-02 15:55:00,2021-09-02 16:20:00,1.1844299999999999,1.185312142857143,tp,102.79993736328727,5,A_5m_30m_1h,long
1,2021-09-02 17:35:00,2021-09-02 17:55:00,1.18581,1.1867653571428571,tp,104.51326965267488,4,A_5m_30m_1h,long
1,2021-09-02 19:05:00,2021-09-02 20:35:00,1.1861599999999999,1.1869421428571427,tp,106.25515748023149,18,A_5m_30m_1h,long
1,2021-09-02 21:55:00,2021-09-03 00:10:00,1.18725,1.1869864285714284,sl,-64.81564606292913,27,A_5m_30m_1h,long
1,2021-09-03 00:30:00,2021-09-03 00:55:00,1.1875099999999998,1.1872914285714284,sl,-64.16748960229985,5,A_5m_30m_1h,long
1,2021-09-03 01:05:00,2021-09-03 03:30:00,1.1875,1.1879660714285714,tp,105.87635784381158,29,A_5m_30m_1h,long
1,2021-09-03 04:40:00,2021-09-03 05:55:00,1.1882599999999999,1.1879417857142855,sl,-64.58457828471498,15,A_5m_30m_1h,long
1,2021-09-03 06:25:00,2021-09-03 07:35:00,1.18794,1.1876871428571427,sl,-63.938732501867825,14,A_5m_30m_1h,long
1,2021-09-03 07:40:00,2021-09-03 07:40:00,1.18801,1.1878214285714286,sl,-63.299345176849144,0,A_5m_30m_1h,long
1,2021-09-03 08:30:00,2021-09-03 09:00:00,1.18797,1.187769642857143,sl,-62.66635172508066,6,A_5m_30m_1h,long
1,2021-09-03 09:45:00,2021-09-03 09:50:00,1.1878,1.1874667857142858,sl,-62.03968820782985,1,A_5m_30m_1h,long
1,2021-09-03 15:20:00,2021-09-03 15:25:00,1.18757,1.187065357142857,sl,-61.419291325751544,1,A_5m_30m_1h,long
1,2021-09-03 15:35:00,2021-09-03 15:35:00,1.1897,1.1888064285714286,sl,-60.805098412494026,0,A_5m_30m_1h,long
1,2021-09-03 15:50:00,2021-09-03 17:50:00,1.18859,1.1872175,sl,-60.197047428369096,24,A_5m_30m_1h,long
1,2021-09-03 18:00:00,2021-09-06 05:50:00,1.18818,1.1871889285714285,sl,-59.59507695408541,141,A_5m_30m_1h,long
-1,2021-09-06 13:40:00,2021-09-06 14:10:00,1.18624,1.1866546428571427,sl,-58.999126184544565,6,A_5m_30m_1h,short
-1,2021-09-06 14:20:00,2021-09-06 15:50:00,1.18634,1.186715,sl,-58.40913492269912,18,A_5m_30m_1h,short
1,2021-09-06 17:10:00,2021-09-06 17:15:00,1.18712,1.1866935714285713,sl,-57.82504357347212,1,A_5m_30m_1h,long
1,2021-09-06 17:40:00,2021-09-06 17:50:00,1.18669,1.18627,sl,-57.246793137737406,2,A_5m_30m_1h,long
1,2021-09-06 19:40:00,2021-09-06 22:55:00,1.18683,1.18676,flip,-16.984965963983928,39,A_5m_30m_1h,long
-1,2021-09-06 23:00:00,2021-09-06 23:00:00,1.18676,1.1868607142857144,sl,-56.50447554672019,0,A_5m_30m_1h,short
-1,2021-09-06 23:15:00,2021-09-06 23:15:00,1.18673,1.1868339285714287,sl,-55.93943079125298,0,A_5m_30m_1h,short
-1,2021-09-06 23:35:00,2021-09-06 23:50:00,1.18682,1.18692,flip,-40.69923941032823,3,A_5m_30m_1h,short
1,2021-09-06 23:55:00,2021-09-07 00:00:00,1.18692,1.1867721428571427,sl,-54.97304408923717,1,A_5m_30m_1h,long
-1,2021-09-07 00:05:00,2021-09-07 00:05:00,1.18672,1.1869,sl,-54.4233136483448,0,A_5m_30m_1h,short
1,2021-09-07 00:10:00,2021-09-07 00:40:00,1.18692,1.1867539285714286,sl,-53.87908051186136,6,A_5m_30m_1h,long
1,2021-09-07 01:00:00,2021-09-07 03:10:00,1.18718,1.1876442857142855,tp,88.90048284457124,26,A_5m_30m_1h,long
1,2021-09-07 04:25:00,2021-09-07 05:00:00,1.1884299999999999,1.188172857142857,sl,-54.22929453518846,7,A_5m_30m_1h,long
1,2021-09-07 05:45:00,2021-09-07 05:50:00,1.18814,1.1879374999999999,sl,-53.68700158983657,1,A_5m_30m_1h,long
1,2021-09-07 11:40:00,2021-09-07 12:00:00,1.18686,1.1878617857142857,tp,88.5835526232369,4,A_5m_30m_1h,long
-1,2021-09-07 15:35:00,2021-09-07 15:50:00,1.1860600000000001,1.1852314285714287,tp,90.05994516696704,3,A_5m_30m_1h,short
-1,2021-09-07 17:05:00,2021-09-07 17:30:00,1.1851,1.1838142857142857,tp,91.5609442530618,5,A_5m_30m_1h,short
-1,2021-09-07 17:50:00,2021-09-08 09:15:00,1.18458,1.1832567857142857,tp,93.08695999062853,185,A_5m_30m_1h,short
-1,2021-09-08 12:20:00,2021-09-08 14:50:00,1.18171,1.1824278571428573,sl,-56.78304559427715,30,A_5m_30m_1h,short
-1,2021-09-08 15:00:00,2021-09-08 15:00:00,1.18219,1.1826260714285715,sl,-56.21521513833438,0,A_5m_30m_1h,short
-1,2021-09-08 17:25:00,2021-09-08 17:30:00,1.18129,1.1802275,tp,92.7551049782388,1,A_5m_30m_1h,short
-1,2021-09-08 18:45:00,2021-09-08 18:50:00,1.18147,1.1820475,sl,-56.58061403673342,1,A_5m_30m_1h,short
-1,2021-09-08 19:05:00,2021-09-08 19:10:00,1.18165,1.1822275000000002,sl,-56.0148078963661,1,A_5m_30m_1h,short
-1,2021-09-08 20:55:00,2021-09-08 21:05:00,1.18234,1.182742857142857,sl,-55.454659817402444,2,A_5m_30m_1h,short
-1,2021-09-08 21:10:00,2021-09-08 21:15:00,1.18242,1.182842142857143,sl,-54.90011321922841,1,A_5m_30m_1h,short
-1,2021-09-08 23:25:00,2021-09-09 00:00:00,1.18172,1.181334285714286,tp,90.58518681167472,7,A_5m_30m_1h,short
-1,2021-09-09 00:20:00,2021-09-09 00:55:00,1.18146,1.18173,sl,-55.25696395515287,7,A_5m_30m_1h,short
-1,2021-09-09 01:00:00,2021-09-09 01:00:00,1.18144,1.1817592857142858,sl,-54.70439431560134,0,A_5m_30m_1h,short
-1,2021-09-09 01:35:00,2021-09-09 01:45:00,1.18171,1.1819360714285716,sl,-54.15735037244533,2,A_5m_30m_1h,short
-1,2021-09-09 02:50:00,2021-09-09 02:55:00,1.18174,1.1818567857142857,sl,-53.61577686872087,1,A_5m_30m_1h,short
-1,2021-09-09 03:05:00,2021-09-09 03:05:00,1.18146,1.1816164285714286,sl,-53.07961910003366,0,A_5m_30m_1h,short
-1,2021-09-09 04:30:00,2021-09-09 04:35:00,1.1814500000000001,1.1817039285714288,sl,-52.548822909033326,1,A_5m_30m_1h,short
-1,2021-09-09 08:45:00,2021-09-09 09:05:00,1.1813500000000001,1.1816071428571429,sl,-52.02333467994299,4,A_5m_30m_1h,short
-1,2021-09-09 09:45:00,2021-09-09 10:00:00,1.18205,1.1813892857142858,tp,85.8385022218867,3,A_5m_30m_1h,short
-1,2021-09-09 11:00:00,2021-09-09 11:10:00,1.18215,1.1827682142857143,sl,-52.36148635536242,2,A_5m_30m_1h,short
-1,2021-09-09 16:35:00,2021-09-09 20:00:00,1.18187,1.1833517857142857,sl,-51.8378714918088,41,A_5m_30m_1h,short
-1,2021-09-09 22:50:00,2021-09-09 23:30:00,1.1826,1.1821732142857144,tp,85.53248796144003,8,A_5m_30m_1h,short
-1,2021-09-10 00:45:00,2021-09-10 03:05:00,1.18239,1.1826310714285715,sl,-52.17481765650511,28,A_5m_30m_1h,short
-1,2021-09-10 05:10:00,2021-09-10 05:10:00,1.18194,1.1821714285714287,sl,-51.65306947994006,0,A_5m_30m_1h,short
1,2021-09-10 07:20:00,2021-09-10 08:30:00,1.183,1.1833714285714287,tp,85.22756464195206,14,A_5m_30m_1h,long
1,2021-09-10 11:50:00,2021-09-10 12:15:00,1.18492,1.1844046428571429,sl,-51.98881443156018,5,A_5m_30m_1h,long
1,2021-09-10 15:45:00,2021-09-10 15:50:00,1.18376,1.1832510714285713,sl,-51.46892628724458,1,A_5m_30m_1h,long
-1,2021-09-10 19:35:00,2021-09-10 23:40:00,1.18187,1.1810164285714286,tp,84.92372837394619,49,A_5m_30m_1h,short
-1,2021-09-13 00:40:00,2021-09-13 01:20:00,1.18137,1.1809485714285715,tp,86.33912384688298,8,A_5m_30m_1h,short
-1,2021-09-13 02:30:00,2021-09-13 03:00:00,1.18112,1.1812978571428572,sl,-52.666865546580425,6,A_5m_30m_1h,short
-1,2021-09-13 03:10:00,2021-09-13 03:15:00,1.1808,1.180982142857143,sl,-52.14019689111461,1,A_5m_30m_1h,short
-1,2021-09-13 04:30:00,2021-09-13 04:30:00,1.1802300000000001,1.1805010714285715,sl,-51.61879492220347,0,A_5m_30m_1h,short
-1,2021-09-13 04:40:00,2021-09-13 04:45:00,1.18035,1.1806339285714287,sl,-51.10260697298144,1,A_5m_30m_1h,short
-1,2021-09-13 04:55:00,2021-09-13 06:20:00,1.18034,1.1806271428571429,sl,-50.591580903251625,17,A_5m_30m_1h,short
-1,2021-09-13 09:15:00,2021-09-13 09:30:00,1.17893,1.1783478571428572,tp,83.47610849036519,3,A_5m_30m_1h,short
-1,2021-09-13 11:05:00,2021-09-13 11:35:00,1.17833,1.1788796428571429,sl,-50.920426179122764,6,A_5m_30m_1h,short
-1,2021-09-13 11:40:00,2021-09-13 11:50:00,1.17845,1.1789,sl,-50.41122191733153,2,A_5m_30m_1h,short
1,2021-01-20 03:45:00,2021-01-20 08:30:00,1.21418,1.2155853571428572,tp,1666.6666666668423,19,B_15m_1h_4h,long
1,2021-01-21 07:30:00,2021-01-21 09:00:00,1.21335,1.2128174999999999,sl,-1016.6666666666684,6,B_15m_1h_4h,long
1,2021-01-21 17:15:00,2021-01-21 18:15:00,1.2163199999999998,1.2144749999999997,sl,-1006.5000000000018,4,B_15m_1h_4h,long
1,2021-01-21 19:45:00,2021-01-22 02:00:00,1.21452,1.217102142857143,tp,1660.7250000001459,25,B_15m_1h_4h,long
1,2021-01-22 02:15:00,2021-01-22 02:15:00,1.21762,1.2170060714285713,sl,-1013.0422500000033,0,B_15m_1h_4h,long
1,2021-01-22 03:45:00,2021-01-22 08:15:00,1.2172,1.2164810714285714,sl,-1002.9118275000033,18,B_15m_1h_4h,long
1,2021-01-22 20:45:00,2021-01-25 11:15:00,1.21703,1.2159853571428572,sl,-992.8827092250032,58,B_15m_1h_4h,long
-1,2021-01-26 12:45:00,2021-01-26 13:15:00,1.21255,1.2139535714285714,sl,-982.9538821327533,2,B_15m_1h_4h,short
1,2021-01-27 01:15:00,2021-01-27 04:00:00,1.21623,1.2157735714285713,sl,-973.1243433114255,11,B_15m_1h_4h,long
-1,2021-01-27 13:45:00,2021-01-27 16:30:00,1.21175,1.2093125,tp,1605.6551664637548,11,B_15m_1h_4h,short
-1,2021-01-27 21:15:00,2021-01-28 02:15:00,1.21153,1.2091175,tp,1632.4160859048145,20,B_15m_1h_4h,short
-1,2021-01-28 04:45:00,2021-01-28 10:00:00,1.2094500000000001,1.2106210714285717,sl,-995.7738124019971,21,B_15m_1h_4h,short
-1,2021-01-29 02:00:00,2021-01-29 02:45:00,1.21203,1.2108299999999999,tp,1643.0267904632951,3,B_15m_1h_4h,short
-1,2021-01-29 09:30:00,2021-01-29 09:30:00,1.2100300000000002,1.2106728571428573,sl,-1002.24634218261,0,B_15m_1h_4h,short
1,2021-01-29 17:00:00,2021-01-29 17:30:00,1.2147299999999999,1.2130649999999998,sl,-992.2238787607839,2,B_15m_1h_4h,long
1,2021-01-29 18:00:00,2021-01-29 18:15:00,1.21496,1.2129842857142858,sl,-982.3016399731761,1,B_15m_1h_4h,long
1,2021-01-29 18:45:00,2021-02-01 01:00:00,1.21452,1.2124982142857144,sl,-972.4786235734443,25,B_15m_1h_4h,long
-1,2021-02-01 15:00:00,2021-02-01 15:15:00,1.2075,1.2087664285714286,sl,-962.7538373377099,1,B_15m_1h_4h,short
-1,2021-02-01 17:00:00,2021-02-01 19:00:00,1.20861,1.2064546428571428,tp,1588.543831607276,8,B_15m_1h_4h,short
-1,2021-02-01 20:45:00,2021-02-02 03:45:00,1.2068400000000001,1.2081107142857144,sl,-969.0117372804057,28,B_15m_1h_4h,short
-1,2021-02-02 10:00:00,2021-02-02 10:15:00,1.2068100000000002,1.2075600000000002,sl,-959.3216199076015,1,B_15m_1h_4h,short
-1,2021-02-02 16:45:00,2021-02-02 23:15:00,1.20282,1.2041582142857143,sl,-949.7284037085255,26,B_15m_1h_4h,short
-1,2021-02-03 10:45:00,2021-02-03 11:00:00,1.2037,1.2022785714285715,tp,1567.0518661192305,1,B_15m_1h_4h,short
-1,2021-02-03 15:30:00,2021-02-03 16:00:00,1.20132,1.2024964285714286,sl,-955.9016383326327,2,B_15m_1h_4h,short
-1,2021-02-03 17:30:00,2021-02-03 18:30:00,1.2011,1.2025335714285714,sl,-946.3426219493064,4,B_15m_1h_4h,short
-1,2021-02-04 08:15:00,2021-02-04 09:30:00,1.2011100000000001,1.1999725,tp,1561.4653262165584,5,B_15m_1h_4h,short
-1,2021-02-04 10:30:00,2021-02-04 16:45:00,1.19961,1.1976225,tp,1587.4897483200828,25,B_15m_1h_4h,short
-1,2021-02-04 20:45:00,2021-02-05 10:00:00,1.19638,1.1973389285714287,sl,-968.3687464751795,53,B_15m_1h_4h,short
-1,2021-02-05 15:15:00,2021-02-05 15:30:00,1.19819,1.1991178571428571,sl,-958.6850590104277,1,B_15m_1h_4h,short
1,2021-02-05 22:15:00,2021-02-08 00:00:00,1.20441,1.2037435714285714,sl,-949.0982084203233,7,B_15m_1h_4h,long
1,2021-02-08 01:15:00,2021-02-08 02:30:00,1.2048699999999999,1.2041564285714283,sl,-939.6072263361201,5,B_15m_1h_4h,long
1,2021-02-08 08:15:00,2021-02-08 08:30:00,1.20382,1.2033485714285712,sl,-930.211154072759,1,B_15m_1h_4h,long
1,2021-02-08 09:00:00,2021-02-08 09:00:00,1.20396,1.2034532142857142,sl,-920.9090425320313,0,B_15m_1h_4h,long
1,2021-02-08 09:30:00,2021-02-08 10:15:00,1.20387,1.2032582142857142,sl,-911.6999521067108,3,B_15m_1h_4h,long
1,2021-02-08 19:45:00,2021-02-09 04:15:00,1.20519,1.2073007142857142,tp,1504.3049209760204,34,B_15m_1h_4h,long
1,2021-02-09 06:30:00,2021-02-09 10:15:00,1.20798,1.2071925000000001,sl,-917.6260017954041,15,B_15m_1h_4h,long
1,2021-02-09 10:45:00,2021-02-09 11:00:00,1.2086599999999998,1.210285,tp,1514.0829029623478,1,B_15m_1h_4h,long
1,2021-02-09 13:45:00,2021-02-09 15:30:00,1.2106599999999998,1.20928,sl,-923.5905708070734,7,B_15m_1h_4h,long
1,2021-02-09 16:00:00,2021-02-09 16:00:00,1.21025,1.2092053571428572,sl,-914.3546650990028,0,B_15m_1h_4h,long
1,2021-02-09 16:30:00,2021-02-09 21:30:00,1.20987,1.2116146428571428,tp,1508.6851974132906,20,B_15m_1h_4h,long
1,2021-02-10 00:15:00,2021-02-10 02:30:00,1.2118799999999998,1.2112842857142856,sl,-920.2979704221456,9,B_15m_1h_4h,long
1,2021-02-10 03:45:00,2021-02-10 04:30:00,1.2114,1.2122589285714287,tp,1518.491651196802,3,B_15m_1h_4h,long
1,2021-02-10 09:00:00,2021-02-10 09:00:00,1.21281,1.2124167857142856,sl,-926.2799072298922,0,B_15m_1h_4h,long
1,2021-02-10 19:00:00,2021-02-10 23:30:00,1.21316,1.211717857142857,sl,-917.0171081575932,18,B_15m_1h_4h,long
1,2021-02-11 11:15:00,2021-02-11 12:00:00,1.2131399999999999,1.2124157142857142,sl,-907.8469370760173,3,B_15m_1h_4h,long
1,2021-02-11 16:45:00,2021-02-11 16:45:00,1.21441,1.2134521428571428,sl,-898.7684677052571,0,B_15m_1h_4h,long
1,2021-02-11 19:45:00,2021-02-12 09:45:00,1.21281,1.211772857142857,sl,-889.7807830282045,56,B_15m_1h_4h,long
1,2021-02-12 11:30:00,2021-02-12 11:45:00,1.2112,1.2102732142857142,sl,-880.8829751979224,1,B_15m_1h_4h,long
1,2021-02-15 07:30:00,2021-02-15 09:00:00,1.21391,1.2134042857142857,sl,-872.0741454459431,6,B_15m_1h_4h,long
1,2021-02-15 10:15:00,2021-02-15 10:15:00,1.2144899999999998,1.2138449999999998,sl,-863.3534039914837,0,B_15m_1h_4h,long
1,2021-02-15 11:00:00,2021-02-15 12:15:00,1.21404,1.213265357142857,sl,-854.7198699515687,5,B_15m_1h_4h,long
1,2021-02-15 13:15:00,2021-02-15 14:00:00,1.21353,1.2125121428571428,sl,-846.1726712520531,3,B_15m_1h_4h,long
1,2021-02-15 17:45:00,2021-02-16 02:15:00,1.21281,1.2139617857142855,tp,1396.1849075655289,34,B_15m_1h_4h,long
-1,2021-02-16 19:15:00,2021-02-17 09:00:00,1.21061,1.2080724999999999,tp,1419.454656025272,55,B_15m_1h_4h,short
-1,2021-02-17 11:45:00,2021-02-17 15:30:00,1.20644,1.2044560714285715,tp,1443.1122336257347,15,B_15m_1h_4h,short
-1,2021-02-17 20:30:00,2021-02-18 02:15:00,1.20375,1.2047614285714288,sl,-880.2984625116981,23,B_15m_1h_4h,short
-1,2021-02-18 09:15:00,2021-02-18 09:15:00,1.20371,1.2042210714285715,sl,-871.4954778865813,0,B_15m_1h_4h,short
1,2021-02-19 17:00:00,2021-02-19 20:00:00,1.21267,1.2116296428571427,sl,-862.7805231077155,12,B_15m_1h_4h,long
1,2021-02-22 01:45:00,2021-02-22 03:15:00,1.2123599999999999,1.2134367857142856,tp,1423.5878631277303,6,B_15m_1h_4h,long
1,2021-02-22 06:00:00,2021-02-22 09:00:00,1.2120199999999999,1.2112335714285714,sl,-868.3885965079155,12,B_15m_1h_4h,long
1,2021-02-22 10:15:00,2021-02-22 10:15:00,1.21203,1.2112885714285713,sl,-859.7047105428364,0,B_15m_1h_4h,long
1,2021-02-22 15:00:00,2021-02-22 19:00:00,1.2137099999999998,1.2158635714285713,tp,1418.51277239568,16,B_15m_1h_4h,long
1,2021-02-23 04:45:00,2021-02-23 05:00:00,1.21739,1.2167214285714285,sl,-865.2927911613649,1,B_15m_1h_4h,long
1,2021-02-23 06:45:00,2021-02-23 08:15:00,1.2169999999999999,1.2164417857142855,sl,-856.6398632497512,6,B_15m_1h_4h,long
1,2021-02-23 09:00:00,2021-02-23 09:45:00,1.21709,1.2178025,tp,1413.4557743617956,3,B_15m_1h_4h,long
1,2021-02-23 15:30:00,2021-02-23 16:45:00,1.21475,1.2137032142857143,sl,-862.2080223608716,5,B_15m_1h_4h,long
1,2021-02-23 19:30:00,2021-02-24 10:30:00,1.21494,1.21729,tp,1422.6432368953485,60,B_15m_1h_4h,long
1,2021-02-24 13:15:00,2021-02-24 15:00:00,1.2162,1.2149421428571427,sl,-867.8123745062164,7,B_15m_1h_4h,long
1,2021-02-25 01:45:00,2021-02-25 02:45:00,1.2169999999999999,1.2161782142857143,sl,-859.1342507611542,4,B_15m_1h_4h,long
1,2021-02-25 04:30:00,2021-02-25 06:15:00,1.21627,1.2173075,tp,1417.5715137560055,7,B_15m_1h_4h,long
1,2021-02-25 08:30:00,2021-02-25 09:00:00,1.21799,1.2173589285714286,sl,-864.7186233911027,2,B_15m_1h_4h,long
1,2021-02-25 10:00:00,2021-02-25 10:15:00,1.21878,1.2202835714285716,tp,1426.7857285953194,1,B_15m_1h_4h,long
1,2021-02-25 16:30:00,2021-02-25 20:00:00,1.2223,1.220932857142857,sl,-870.3392944431449,14,B_15m_1h_4h,long
-1,2021-02-26 17:00:00,2021-02-26 18:15:00,1.2124300000000001,1.209405,tp,1436.059835831119,5,B_15m_1h_4h,short
-1,2021-02-26 22:15:00,2021-03-01 01:30:00,1.20756,1.2087739285714285,sl,-875.9964998570248,13,B_15m_1h_4h,short
-1,2021-03-01 07:30:00,2021-03-01 07:45:00,1.2077900000000001,1.2084607142857144,sl,-867.2365348584544,1,B_15m_1h_4h,short
-1,2021-03-01 13:00:00,2021-03-01 16:00:00,1.20435,1.2058339285714286,sl,-858.5641695098699,12,B_15m_1h_4h,short
-1,2021-03-01 16:45:00,2021-03-01 16:45:00,1.20422,1.2055292857142859,sl,-849.9785278147713,0,B_15m_1h_4h,short
-1,2021-03-01 18:45:00,2021-03-02 04:45:00,1.2049400000000001,1.2020132142857145,tp,1402.4645708943724,40,B_15m_1h_4h,short
-1,2021-03-02 06:30:00,2021-03-02 09:15:00,1.20215,1.2006214285714287,tp,1425.8389804092096,11,B_15m_1h_4h,short
-1,2021-03-03 19:15:00,2021-03-04 01:15:00,1.20687,1.204439642857143,tp,1449.6029634161873,24,B_15m_1h_4h,short
-1,2021-03-04 03:15:00,2021-03-04 03:45:00,1.20499,1.2059135714285714,sl,-884.2578076838212,2,B_15m_1h_4h,short
-1,2021-03-04 04:30:00,2021-03-04 11:15:00,1.20537,1.2035164285714286,tp,1459.0253826784215,27,B_15m_1h_4h,short
-1,2021-03-04 14:00:00,2021-03-04 18:15:00,1.20341,1.2046442857142858,sl,-890.005483433767,17,B_15m_1h_4h,short
-1,2021-03-04 19:00:00,2021-03-04 19:15:00,1.2043300000000001,1.202119285714286,tp,1468.5090476657158,1,B_15m_1h_4h,short
-1,2021-03-05 01:15:00,2021-03-05 09:00:00,1.1966700000000001,1.1949985714285716,tp,1492.9841984602106,31,B_15m_1h_4h,short
-1,2021-03-05 10:00:00,2021-03-05 10:00:00,1.19496,1.1937849999999999,tp,1517.8672684347682,0,B_15m_1h_4h,short
-1,2021-03-05 13:00:00,2021-03-05 15:30:00,1.19299,1.1902453571428573,tp,1543.165056241686,10,B_15m_1h_4h,short
-1,2021-03-05 16:45:00,2021-03-08 08:45:00,1.19252,1.1891217857142857,tp,1568.8844738457215,64,B_15m_1h_4h,short
-1,2021-03-08 12:30:00,2021-03-08 16:30:00,1.18709,1.1882428571428572,sl,-957.0195290459106,16,B_15m_1h_4h,short
-1,2021-03-08 17:45:00,2021-03-09 02:30:00,1.1867100000000002,1.1842350000000001,tp,1579.0822229258,35,B_15m_1h_4h,short
-1,2021-03-09 17:45:00,2021-03-10 07:45:00,1.18958,1.1873103571428572,tp,1605.4002599744636,56,B_15m_1h_4h,short
-1,2021-03-10 10:15:00,2021-03-10 10:30:00,1.18771,1.1885210714285714,sl,-979.2941585844543,1,B_15m_1h_4h,short
1,2021-03-11 02:15:00,2021-03-11 02:15:00,1.19271,1.1922010714285713,sl,-969.5012169986097,0,B_15m_1h_4h,long
1,2021-03-11 03:30:00,2021-03-11 04:15:00,1.19224,1.1931971428571428,tp,1599.6770080479537,3,B_15m_1h_4h,long
1,2021-03-11 08:00:00,2021-03-11 08:00:00,1.19279,1.192315357142857,sl,-975.8029749091031,0,B_15m_1h_4h,long
1,2021-03-11 08:45:00,2021-03-11 09:00:00,1.1930399999999999,1.192482857142857,sl,-966.044945160012,1,B_15m_1h_4h,long
1,2021-03-11 13:15:00,2021-03-11 14:45:00,1.1965599999999998,1.1954360714285712,sl,-956.3844957084119,6,B_15m_1h_4h,long
1,2021-03-11 15:15:00,2021-03-11 15:15:00,1.19695,1.1957767857142856,sl,-946.8206507513278,0,B_15m_1h_4h,long
1,2021-03-11 16:15:00,2021-03-11 16:30:00,1.19583,1.1942014285714284,sl,-937.3524442438146,1,B_15m_1h_4h,long
1,2021-03-11 22:15:00,2021-03-12 04:15:00,1.19858,1.1975846428571428,sl,-927.9789198013764,24,B_15m_1h_4h,long
-1,2021-03-12 16:00:00,2021-03-12 17:30:00,1.19258,1.19311,flip,-425.1167788634449,6,B_15m_1h_4h,short
1,2021-03-12 17:45:00,2021-03-12 19:15:00,1.19312,1.1955449999999999,tp,1524.0799380245005,6,B_15m_1h_4h,long
1,2021-03-12 22:30:00,2021-03-15 00:00:00,1.19543,1.1947432142857144,sl,-929.6887621949732,6,B_15m_1h_4h,long
1,2021-03-15 01:15:00,2021-03-15 01:30:00,1.19516,1.1944957142857142,sl,-920.3918745730234,1,B_15m_1h_4h,long
1,2021-03-15 05:45:00,2021-03-15 06:45:00,1.19536,1.1944599999999999,sl,-911.1879558272932,4,B_15m_1h_4h,long
-1,2021-03-15 11:45:00,2021-03-16 12:30:00,1.19266,1.1940250000000001,sl,-902.0760762690203,99,B_15m_1h_4h,short
-1,2021-03-16 20:45:00,2021-03-17 11:15:00,1.19017,1.1912521428571428,sl,-893.0553155063301,58,B_15m_1h_4h,short
-1,2021-03-17 16:00:00,2021-03-17 16:15:00,1.19002,1.1911075,sl,-884.1247623512668,1,B_15m_1h_4h,short
-1,2021-03-17 16:45:00,2021-03-17 20:00:00,1.1908100000000001,1.1919275000000003,sl,-875.2835147277542,13,B_15m_1h_4h,short
1,2021-03-18 00:15:00,2021-03-18 03:30:00,1.19847,1.1972025,sl,-866.5306795804769,13,B_15m_1h_4h,long
-1,2021-03-18 18:45:00,2021-03-19 04:15:00,1.19248,1.1901996428571429,tp,1429.7756213077403,38,B_15m_1h_4h,short
-1,2021-03-19 07:15:00,2021-03-19 08:15:00,1.1913500000000001,1.1920378571428574,sl,-872.1631289977494,4,B_15m_1h_4h,short
-1,2021-03-19 14:00:00,2021-03-19 15:30:00,1.1898600000000001,1.1881207142857146,tp,1439.0691628460413,6,B_15m_1h_4h,short
-1,2021-03-22 03:00:00,2021-03-22 05:00:00,1.18844,1.189352857142857,sl,-877.8321893362323,8,B_15m_1h_4h,short
-1,2021-03-22 12:45:00,2021-03-22 13:00:00,1.1903000000000001,1.1915107142857144,sl,-869.0538674428699,1,B_15m_1h_4h,short
1,2021-03-23 02:00:00,2021-03-23 02:15:00,1.19329,1.1928592857142857,sl,-860.3633287684413,1,B_15m_1h_4h,long
-1,2021-03-23 15:30:00,2021-03-23 20:15:00,1.1874,1.1854232142857144,tp,1419.599492467875,19,B_15m_1h_4h,short
-1,2021-03-24 01:00:00,2021-03-24 01:45:00,1.1846700000000001,1.1836235714285717,tp,1443.2594840090596,3,B_15m_1h_4h,short
-1,2021-03-24 04:30:00,2021-03-24 05:45:00,1.1842700000000002,1.1849460714285716,sl,-880.3882852455264,5,B_15m_1h_4h,short
-1,2021-03-24 06:15:00,2021-03-24 08:15:00,1.18463,1.1836103571428571,tp,1452.6406706551186,8,B_15m_1h_4h,short
-1,2021-03-24 09:15:00,2021-03-24 09:15:00,1.18372,1.1825414285714286,tp,1476.851348499556,0,B_15m_1h_4h,short
-1,2021-03-24 12:15:00,2021-03-25 14:30:00,1.18263,1.1798942857142858,tp,1501.4655376410296,105,B_15m_1h_4h,short
-1,2021-03-25 21:15:00,2021-03-26 03:15:00,1.17719,1.17839,sl,-915.893977961028,24,B_15m_1h_4h,short
-1,2021-03-26 08:45:00,2021-03-26 09:45:00,1.1781000000000001,1.1785939285714286,sl,-906.7350381814177,4,B_15m_1h_4h,short
-1,2021-03-26 22:30:00,2021-03-29 03:30:00,1.17934,1.1781578571428573,tp,1496.1128129989647,16,B_15m_1h_4h,short
-1,2021-03-29 06:45:00,2021-03-29 08:45:00,1.1785700000000001,1.1774360714285714,tp,1521.0480265491235,8,B_15m_1h_4h,short
-1,2021-03-29 11:15:00,2021-03-29 15:15:00,1.17772,1.178607142857143,sl,-927.8392961950844,16,B_15m_1h_4h,short
-1,2021-03-29 16:45:00,2021-03-29 17:45:00,1.17812,1.1764039285714285,tp,1530.9348387220873,4,B_15m_1h_4h,short
-1,2021-03-30 02:30:00,2021-03-30 04:45:00,1.1768100000000001,1.1772557142857143,sl,-933.8702516203545,9,B_15m_1h_4h,short
-1,2021-03-30 05:15:00,2021-03-30 09:15:00,1.1768800000000001,1.1760067857142857,tp,1540.8859151734544,16,B_15m_1h_4h,short
-1,2021-03-30 13:00:00,2021-03-30 16:30:00,1.1738600000000001,1.1719189285714287,tp,1566.567347093262,14,B_15m_1h_4h,short
-1,2021-03-30 18:00:00,2021-03-31 10:30:00,1.17243,1.1737296428571429,sl,-955.606081726818,66,B_15m_1h_4h,short
-1,2021-03-31 18:30:00,2021-03-31 19:00:00,1.1735900000000001,1.1750439285714287,sl,-946.05002090955,2,B_15m_1h_4h,short
-1,2021-04-01 01:15:00,2021-04-01 01:30:00,1.17215,1.1728367857142858,sl,-936.5895207004545,1,B_15m_1h_4h,short
-1,2021-04-01 02:00:00,2021-04-01 03:45:00,1.17255,1.1731992857142857,sl,-927.22362549345,7,B_15m_1h_4h,short
-1,2021-04-01 05:30:00,2021-04-01 09:45:00,1.17218,1.1728635714285713,sl,-917.9513892385154,17,B_15m_1h_4h,short
-1,2021-04-01 16:00:00,2021-04-01 16:00:00,1.17445,1.175517142857143,sl,-908.7718753461303,0,B_15m_1h_4h,short
1,2021-04-01 22:45:00,2021-04-02 03:00:00,1.17727,1.1782967857142856,tp,1499.473594320899,17,B_15m_1h_4h,long
1,2021-04-02 03:15:00,2021-04-02 03:30:00,1.17798,1.177539642857143,sl,-914.6788925358779,1,B_15m_1h_4h,long
1,2021-04-02 09:30:00,2021-04-02 09:45:00,1.17811,1.1776717857142858,sl,-905.5321036105191,1,B_15m_1h_4h,long
1,2021-04-02 10:30:00,2021-04-02 11:45:00,1.17766,1.178602857142857,tp,1494.1279709573564,5,B_15m_1h_4h,long
-1,2021-04-02 21:30:00,2021-04-02 22:30:00,1.17601,1.1764117857142857,sl,-911.4180622839874,4,B_15m_1h_4h,short
-1,2021-04-02 22:45:00,2021-04-02 23:30:00,1.17597,1.1763085714285715,sl,-902.3038816611477,3,B_15m_1h_4h,short
1,2021-04-02 23:45:00,2021-04-02 23:45:00,1.17627,1.1759442857142857,sl,-893.280842844536,0,B_15m_1h_4h,long
-1,2021-04-05 03:15:00,2021-04-05 04:15:00,1.17612,1.1767917857142858,sl,-884.3480344160907,4,B_15m_1h_4h,short
1,2021-04-05 06:15:00,2021-04-05 07:15:00,1.17681,1.1762646428571428,sl,-875.5045540719296,4,B_15m_1h_4h,long
-1,2021-04-05 12:30:00,2021-04-05 13:45:00,1.17416,1.1750803571428572,sl,-866.7495085312105,5,B_15m_1h_4h,short
1,2021-04-05 19:30:00,2021-04-06 05:15:00,1.18163,1.1804857142857141,sl,-858.0820134458984,39,B_15m_1h_4h,long
1,2021-04-06 12:00:00,2021-04-06 16:30:00,1.18143,1.1836175,tp,1415.8353221856844,18,B_15m_1h_4h,long
1,2021-04-06 20:00:00,2021-04-06 21:45:00,1.18561,1.1870135714285714,tp,1439.4325775555697,7,B_15m_1h_4h,long
1,2021-04-07 02:30:00,2021-04-07 03:30:00,1.18728,1.1868942857142857,sl,-878.0538723088517,4,B_15m_1h_4h,long
1,2021-04-07 04:00:00,2021-04-07 05:15:00,1.18728,1.1868546428571427,sl,-869.2733335857633,5,B_15m_1h_4h,long
1,2021-04-07 05:45:00,2021-04-07 05:45:00,1.18716,1.1865985714285714,sl,-860.5806002499057,0,B_15m_1h_4h,long
1,2021-04-07 10:15:00,2021-04-07 10:30:00,1.18733,1.1865317857142856,sl,-851.9747942474067,1,B_15m_1h_4h,long
1,2021-04-07 11:45:00,2021-04-07 13:45:00,1.18763,1.1896407142857142,tp,1405.7584105081175,8,B_15m_1h_4h,long
1,2021-04-07 16:30:00,2021-04-07 16:30:00,1.18959,1.1884842857142857,sl,-857.5126304100138,0,B_15m_1h_4h,long
1,2021-04-07 23:00:00,2021-04-08 00:00:00,1.18729,1.1864896428571428,sl,-848.9375041059137,4,B_15m_1h_4h,long
1,2021-04-08 04:45:00,2021-04-08 05:15:00,1.18681,1.1863396428571427,sl,-840.4481290648546,2,B_15m_1h_4h,long
1,2021-04-08 10:00:00,2021-04-08 10:00:00,1.18821,1.1891528571428571,tp,1386.73941295701,0,B_15m_1h_4h,long
1,2021-04-08 11:30:00,2021-04-08 12:00:00,1.18825,1.1872492857142858,sl,-845.9110419037762,2,B_15m_1h_4h,long
1,2021-04-08 18:15:00,2021-04-09 08:45:00,1.19084,1.1893817857142857,sl,-837.4519314847385,58,B_15m_1h_4h,long
1,2021-04-09 14:15:00,2021-04-09 15:15:00,1.18935,1.1882432142857142,sl,-829.077412169891,4,B_15m_1h_4h,long
1,2021-04-09 23:15:00,2021-04-12 00:00:00,1.1904599999999999,1.1899296428571426,sl,-820.7866380481921,3,B_15m_1h_4h,long
1,2021-04-12 00:45:00,2021-04-12 00:45:00,1.19038,1.1897189285714285,sl,-812.5787716677102,0,B_15m_1h_4h,long
1,2021-04-12 01:15:00,2021-04-12 04:30:00,1.18989,1.1890917857142855,sl,-804.4529839510332,13,B_15m_1h_4h,long
1,2021-04-12 17:30:00,2021-04-12 17:45:00,1.19145,1.1903914285714285,sl,-796.4084541115227,1,B_15m_1h_4h,long
1,2021-04-12 18:15:00,2021-04-12 22:15:00,1.19119,1.1900575,sl,-788.4443695704075,16,B_15m_1h_4h,long
1,2021-04-12 22:45:00,2021-04-13 04:00:00,1.19076,1.190124642857143,sl,-780.5599258747034,21,B_15m_1h_4h,long
1,2021-04-13 12:30:00,2021-04-13 13:15:00,1.1902899999999998,1.1891232142857142,sl,-772.7543266159564,3,B_15m_1h_4h,long
1,2021-04-13 14:15:00,2021-04-13 14:15:00,1.1895099999999998,1.1885167857142855,sl,-765.0267833497966,0,B_15m_1h_4h,long
1,2021-04-13 14:45:00,2021-04-13 15:30:00,1.18945,1.1884299999999999,sl,-757.3765155162987,3,B_15m_1h_4h,long
1,2021-04-13 18:45:00,2021-04-14 05:45:00,1.19326,1.1962332142857144,tp,1249.6712506019862,44,B_15m_1h_4h,long
1,2021-04-14 07:45:00,2021-04-14 10:15:00,1.1962,1.1971089285714285,tp,1270.499104778696,10,B_15m_1h_4h,long
1,2021-04-14 11:30:00,2021-04-14 12:15:00,1.19672,1.1957514285714286,sl,-775.0044539149425,3,B_15m_1h_4h,long
1,2021-04-14 13:30:00,2021-04-14 19:15:00,1.19598,1.1978889285714285,tp,1278.7573489597048,23,B_15m_1h_4h,long
1,2021-04-14 22:45:00,2021-04-15 04:00:00,1.19783,1.1989371428571427,tp,1300.0699714420562,21,B_15m_1h_4h,long
1,2021-04-16 00:30:00,2021-04-16 03:15:00,1.19705,1.196440357142857,sl,-793.0426825798106,11,B_15m_1h_4h,long
1,2021-04-16 10:45:00,2021-04-16 10:45:00,1.19705,1.1983928571428573,tp,1308.520426256832,0,B_15m_1h_4h,long
1,2021-04-16 12:30:00,2021-04-19 03:45:00,1.19745,1.1961996428571426,sl,-798.1974600165809,61,B_15m_1h_4h,long
1,2021-04-19 14:00:00,2021-04-19 16:15:00,1.2042199999999998,1.202665357142857,sl,-790.215485416415,9,B_15m_1h_4h,long
1,2021-04-19 17:30:00,2021-04-19 17:45:00,1.20289,1.2017028571428572,sl,-782.3133305622509,1,B_15m_1h_4h,long
1,2021-04-19 18:15:00,2021-04-20 04:30:00,1.20252,1.2047271428571429,tp,1290.8169954277573,41,B_15m_1h_4h,long
1,2021-04-20 09:45:00,2021-04-20 09:45:00,1.20607,1.2073325,tp,1312.3306120181767,0,B_15m_1h_4h,long
1,2021-04-20 14:15:00,2021-04-20 15:15:00,1.20556,1.2044285714285714,sl,-800.5216733310879,4,B_15m_1h_4h,long
1,2021-04-21 02:45:00,2021-04-21 03:30:00,1.2035,1.2042178571428572,tp,1320.8607609964313,3,B_15m_1h_4h,long
1,2021-04-21 06:30:00,2021-04-21 07:30:00,1.20326,1.2024832142857143,sl,-805.7250642077414,4,B_15m_1h_4h,long
1,2021-04-21 20:15:00,2021-04-22 13:00:00,1.2032399999999999,1.2051614285714283,tp,1329.4463559426197,67,B_15m_1h_4h,long
-1,2021-04-22 20:45:00,2021-04-23 03:00:00,1.20093,1.2017799999999998,flip,-582.229327166591,25,B_15m_1h_4h,short
1,2021-04-23 03:15:00,2021-04-23 03:45:00,1.2017799999999998,1.20139,sl,-805.1399838534244,2,B_15m_1h_4h,long
1,2021-04-23 04:00:00,2021-04-23 08:15:00,1.20211,1.2028171428571428,tp,1328.480973357872,17,B_15m_1h_4h,long
1,2021-04-23 09:45:00,2021-04-23 09:45:00,1.20281,1.2036921428571428,tp,1350.6223229138882,0,B_15m_1h_4h,long
1,2021-04-23 14:45:00,2021-04-23 15:30:00,1.2059199999999999,1.2072414285714284,tp,1373.1326949627564,3,B_15m_1h_4h,long
1,2021-04-23 18:30:00,2021-04-23 20:45:00,1.2062899999999999,1.2086399999999997,tp,1396.0182398787254,9,B_15m_1h_4h,long
1,2021-04-26 02:15:00,2021-04-26 03:30:00,1.20939,1.2104525,tp,1419.285210543173,5,B_15m_1h_4h,long
1,2021-04-26 08:45:00,2021-04-26 08:45:00,1.21125,1.2107217857142856,sl,-865.7639784314542,0,B_15m_1h_4h,long
1,2021-04-26 09:15:00,2021-04-26 09:30:00,1.21133,1.2107075,sl,-857.1063386471396,1,B_15m_1h_4h,long
1,2021-04-27 00:45:00,2021-04-27 02:15:00,1.20865,1.2080607142857143,sl,-848.5352752606683,6,B_15m_1h_4h,long
1,2021-04-27 03:15:00,2021-04-27 03:30:00,1.20841,1.2079010714285714,sl,-840.0499225080615,1,B_15m_1h_4h,long
1,2021-04-27 16:15:00,2021-04-27 16:30:00,1.20858,1.2075460714285715,sl,-831.649423282981,1,B_15m_1h_4h,long
1,2021-04-27 17:15:00,2021-04-27 17:45:00,1.20894,1.2077067857142856,sl,-823.3329290501513,2,B_15m_1h_4h,long
1,2021-04-27 18:00:00,2021-04-28 09:15:00,1.20811,1.2068189285714286,sl,-815.0995997596497,61,B_15m_1h_4h,long
1,2021-04-28 14:15:00,2021-04-28 16:30:00,1.2069699999999999,1.205930714285714,sl,-806.9486037620532,9,B_15m_1h_4h,long
1,2021-04-28 21:15:00,2021-04-28 21:30:00,1.2089699999999999,1.211093214285714,tp,1331.4651962073876,1,B_15m_1h_4h,long
1,2021-04-29 21:30:00,2021-04-29 22:45:00,1.21165,1.2129142857142856,tp,1353.656282810527,5,B_15m_1h_4h,long
1,2021-04-30 00:15:00,2021-04-30 05:15:00,1.21237,1.2117153571428572,sl,-825.7303325146117,20,B_15m_1h_4h,long
1,2021-04-30 06:00:00,2021-04-30 06:30:00,1.21211,1.2115935714285715,sl,-817.4730291894656,2,B_15m_1h_4h,long
-1,2021-04-30 17:00:00,2021-04-30 17:45:00,1.20744,1.2054328571428572,tp,1348.8304981625683,3,B_15m_1h_4h,short
-1,2021-04-30 22:00:00,2021-05-03 00:00:00,1.20211,1.2029960714285715,sl,-822.7866038791966,8,B_15m_1h_4h,short
-1,2021-05-03 01:45:00,2021-05-03 03:15:00,1.20258,1.2031307142857144,sl,-814.5587378404047,6,B_15m_1h_4h,short
-1,2021-05-03 08:30:00,2021-05-03 08:45:00,1.2017,1.2021767857142858,sl,-806.4131504620007,1,B_15m_1h_4h,short
-1,2021-05-03 09:15:00,2021-05-03 09:30:00,1.20168,1.2022157142857144,sl,-798.3490189573806,1,B_15m_1h_4h,short
1,2021-05-03 23:45:00,2021-05-04 01:45:00,1.20637,1.205865357142857,sl,-790.3655287678068,8,B_15m_1h_4h,long
1,2021-05-04 03:00:00,2021-05-04 03:00:00,1.20596,1.2056117857142856,sl,-782.4618734801286,0,B_15m_1h_4h,long
1,2021-05-04 03:45:00,2021-05-04 04:15:00,1.20572,1.2052957142857141,sl,-774.6372547453274,2,B_15m_1h_4h,long
-1,2021-05-04 05:00:00,2021-05-04 07:00:00,1.2046000000000001,1.20375,tp,1278.15147032979,8,B_15m_1h_4h,short
-1,2021-05-04 08:15:00,2021-05-04 10:00:00,1.20347,1.2026467857142857,tp,1299.4539948349363,7,B_15m_1h_4h,short
-1,2021-05-04 13:15:00,2021-05-04 14:30:00,1.20054,1.2016928571428571,sl,-792.6669368495214,5,B_15m_1h_4h,short
-1,2021-05-04 16:30:00,2021-05-04 16:45:00,1.20174,1.2028392857142858,sl,-784.7402674810263,1,B_15m_1h_4h,short
-1,2021-05-04 21:30:00,2021-05-05 09:45:00,1.20207,1.1996932142857144,tp,1294.8214413436124,49,B_15m_1h_4h,short
-1,2021-05-05 21:00:00,2021-05-06 01:00:00,1.1998,1.2006346428571428,sl,-789.841079219652,16,B_15m_1h_4h,short
-1,2021-05-06 02:45:00,2021-05-06 03:00:00,1.20051,1.2008453571428572,sl,-781.9426684274555,1,B_15m_1h_4h,short
1,2021-05-06 16:30:00,2021-05-06 16:45:00,1.2054099999999999,1.2070367857142854,tp,1290.205402905243,1,B_15m_1h_4h,long
1,2021-05-06 17:45:00,2021-05-06 18:45:00,1.2062199999999998,1.2049589285714284,sl,-787.0252957722334,4,B_15m_1h_4h,long
1,2021-05-06 20:15:00,2021-05-07 03:00:00,1.20515,1.2068303571428571,tp,1298.5917380243568,27,B_15m_1h_4h,long
1,2021-05-07 04:45:00,2021-05-07 09:00:00,1.2064599999999999,1.2059982142857142,sl,-792.1409601947546,17,B_15m_1h_4h,long
1,2021-05-07 15:45:00,2021-05-07 16:00:00,1.21262,1.2109057142857143,sl,-784.2195505928071,1,B_15m_1h_4h,long
1,2021-05-07 19:30:00,2021-05-10 10:30:00,1.21581,1.2139071428571429,sl,-776.377355086879,60,B_15m_1h_4h,long
1,2021-05-10 11:30:00,2021-05-10 21:30:00,1.21592,1.2146846428571427,sl,-768.6135815360102,40,B_15m_1h_4h,long
1,2021-05-11 08:15:00,2021-05-11 09:00:00,1.21452,1.213967142857143,sl,-760.9274457206501,3,B_15m_1h_4h,long
1,2021-05-11 10:30:00,2021-05-11 11:30:00,1.2137799999999999,1.215272857142857,tp,1255.530285438886,4,B_15m_1h_4h,long
1,2021-05-11 14:30:00,2021-05-11 16:15:00,1.21703,1.2159060714285714,sl,-765.8734741178325,7,B_15m_1h_4h,long
1,2021-05-11 17:00:00,2021-05-11 18:00:00,1.21722,1.2157082142857143,sl,-758.2147393766542,4,B_15m_1h_4h,long
1,2021-05-11 18:30:00,2021-05-11 20:15:00,1.21723,1.2155842857142858,sl,-750.6325919828877,7,B_15m_1h_4h,long
1,2021-05-11 22:30:00,2021-05-11 23:00:00,1.21556,1.2147425,sl,-743.1262660630589,2,B_15m_1h_4h,long
1,2021-05-12 02:00:00,2021-05-12 03:30:00,1.21471,1.214235357142857,sl,-735.6950034024283,6,B_15m_1h_4h,long
1,2021-05-12 12:30:00,2021-05-12 13:45:00,1.21338,1.21224,sl,-728.338053368404,5,B_15m_1h_4h,long
1,2021-05-12 16:00:00,2021-05-12 16:15:00,1.2130699999999999,1.2113782142857141,sl,-721.0546728347198,1,B_15m_1h_4h,long
-1,2021-05-12 22:30:00,2021-05-13 04:30:00,1.2077200000000001,1.2086210714285714,sl,-713.8441261063725,24,B_15m_1h_4h,short
-1,2021-05-13 20:00:00,2021-05-14 08:45:00,1.20791,1.2093328571428572,sl,-706.7056848453088,51,B_15m_1h_4h,short
1,2021-05-14 14:00:00,2021-05-14 15:30:00,1.21143,1.2130282142857143,tp,1166.0643799946517,6,B_15m_1h_4h,long
1,2021-05-14 19:00:00,2021-05-17 08:45:00,1.21406,1.2126724999999998,sl,-711.2992717968024,55,B_15m_1h_4h,long
1,2021-05-17 16:30:00,2021-05-18 04:30:00,1.21469,1.2166828571428572,tp,1173.643798464811,48,B_15m_1h_4h,long
1,2021-05-18 06:45:00,2021-05-18 07:30:00,1.2169299999999998,1.2163910714285713,sl,-715.9227170634824,3,B_15m_1h_4h,long
1,2021-05-18 08:30:00,2021-05-18 09:00:00,1.2167,1.217417857142857,tp,1181.2724831548678,2,B_15m_1h_4h,long
1,2021-05-18 15:00:00,2021-05-18 17:00:00,1.22184,1.2209003571428572,sl,-720.5762147243963,8,B_15m_1h_4h,long
1,2021-05-18 19:15:00,2021-05-18 21:00:00,1.22074,1.2227596428571428,tp,1188.950754295254,7,B_15m_1h_4h,long
1,2021-05-19 01:00:00,2021-05-19 05:00:00,1.2224599999999999,1.2219446428571428,sl,-725.2599601201048,16,B_15m_1h_4h,long
1,2021-05-19 05:45:00,2021-05-19 07:15:00,1.22234,1.22339,tp,1196.6789341983415,6,B_15m_1h_4h,long
1,2021-05-19 20:15:00,2021-05-19 21:00:00,1.2214399999999999,1.2202571428571427,sl,-729.9741498608871,3,B_15m_1h_4h,long
1,2021-05-20 18:45:00,2021-05-21 10:45:00,1.22224,1.2209928571428572,sl,-722.6744083622782,64,B_15m_1h_4h,long
-1,2021-05-21 23:45:00,2021-05-24 03:00:00,1.21802,1.2185407142857145,sl,-715.4476642786555,13,B_15m_1h_4h,short
-1,2021-05-24 03:45:00,2021-05-24 08:15:00,1.21807,1.2187760714285714,sl,-708.2931876358688,18,B_15m_1h_4h,short
1,2021-05-24 12:45:00,2021-05-24 17:15:00,1.22085,1.2229035714285714,tp,1168.6837595991415,18,B_15m_1h_4h,long
1,2021-05-25 00:30:00,2021-05-25 04:00:00,1.2215399999999998,1.2223257142857142,tp,1188.1618222590575,14,B_15m_1h_4h,long
1,2021-05-25 07:15:00,2021-05-25 08:45:00,1.22291,1.2223421428571428,sl,-724.7787115780922,6,B_15m_1h_4h,long
1,2021-05-25 09:30:00,2021-05-25 09:30:00,1.2230699999999999,1.223995,tp,1195.8848741037564,0,B_15m_1h_4h,long
1,2021-05-25 14:30:00,2021-05-25 16:15:00,1.22567,1.2245953571428572,sl,-729.4897732033487,7,B_15m_1h_4h,long
1,2021-05-25 16:45:00,2021-05-25 17:45:00,1.2254399999999999,1.2242667857142857,sl,-722.1948754713153,4,B_15m_1h_4h,long
1,2021-05-26 00:00:00,2021-05-26 04:15:00,1.22497,1.224375357142857,sl,-714.9729267166023,17,B_15m_1h_4h,long
1,2021-05-26 05:15:00,2021-05-26 06:15:00,1.22486,1.2258778571428572,tp,1179.705329082308,4,B_15m_1h_4h,long
-1,2021-05-26 23:45:00,2021-05-27 03:45:00,1.21922,1.218127142857143,tp,1199.367084567099,16,B_15m_1h_4h,short
-1,2021-05-27 06:30:00,2021-05-27 08:45:00,1.2187400000000002,1.2195832142857144,sl,-731.6139215859304,9,B_15m_1h_4h,short
1,2021-05-28 00:45:00,2021-05-28 01:30:00,1.21947,1.21916,flip,-443.0517794906566,3,B_15m_1h_4h,long
-1,2021-05-28 01:45:00,2021-05-28 03:45:00,1.21916,1.2183796428571427,tp,1199.7787742923958,8,B_15m_1h_4h,short
-1,2021-05-28 06:15:00,2021-05-28 06:45:00,1.2182600000000001,1.2188428571428573,sl,-731.8650523180885,2,B_15m_1h_4h,short
-1,2021-05-28 07:45:00,2021-05-28 08:30:00,1.2186000000000001,1.2177660714285716,tp,1207.5773363245246,3,B_15m_1h_4h,short
1,2021-05-28 23:45:00,2021-05-28 23:45:00,1.21942,1.2189132142857142,sl,-736.6221751581528,0,B_15m_1h_4h,long
1,2021-05-31 08:30:00,2021-05-31 08:30:00,1.22016,1.2197924999999998,sl,-729.2559534065714,0,B_15m_1h_4h,long
1,2021-05-31 09:15:00,2021-05-31 09:15:00,1.21972,1.2192710714285713,sl,-721.9633938725057,0,B_15m_1h_4h,long
-1,2021-05-31 11:00:00,2021-05-31 11:45:00,1.21905,1.2198964285714284,sl,-714.7437599337807,3,B_15m_1h_4h,short
1,2021-05-31 14:00:00,2021-05-31 17:30:00,1.21909,1.220684642857143,tp,1179.3272038906832,14,B_15m_1h_4h,long
1,2021-05-31 23:45:00,2021-05-31 23:45:00,1.22274,1.2225342857142856,sl,-719.3895943733497,0,B_15m_1h_4h,long
1,2021-06-01 00:15:00,2021-06-01 00:30:00,1.22265,1.2223799999999998,sl,-712.1956984296161,1,B_15m_1h_4h,long
1,2021-06-01 04:00:00,2021-06-01 07:30:00,1.2230299999999998,1.2225157142857142,sl,-705.07374144532,14,B_15m_1h_4h,long
1,2021-06-01 09:00:00,2021-06-01 09:00:00,1.22254,1.2219967857142857,sl,-698.0230040308669,0,B_15m_1h_4h,long
1,2021-06-02 05:30:00,2021-06-02 07:15:00,1.2225,1.221935357142857,sl,-691.0427739905581,7,B_15m_1h_4h,long
1,2021-06-02 09:30:00,2021-06-02 09:30:00,1.22167,1.2211610714285714,sl,-684.1323462506526,0,B_15m_1h_4h,long
-1,2021-06-02 13:30:00,2021-06-02 15:00:00,1.2173100000000001,1.2185282142857143,sl,-677.291022788146,6,B_15m_1h_4h,short
1,2021-06-02 21:30:00,2021-06-02 21:45:00,1.22142,1.2207492857142856,sl,-670.5181125602646,1,B_15m_1h_4h,long
1,2021-06-02 22:30:00,2021-06-03 00:00:00,1.22119,1.2205878571428572,sl,-663.812931434662,6,B_15m_1h_4h,long
1,2021-06-03 01:00:00,2021-06-03 04:45:00,1.22114,1.2205871428571426,sl,-657.1748021203153,15,B_15m_1h_4h,long
1,2021-06-03 06:30:00,2021-06-03 07:45:00,1.22062,1.220134642857143,sl,-650.6030540991121,5,B_15m_1h_4h,long
-1,2021-06-03 13:45:00,2021-06-03 15:15:00,1.21898,1.2171782142857142,tp,1073.4950392636233,6,B_15m_1h_4h,short
-1,2021-06-03 23:45:00,2021-06-04 03:15:00,1.21271,1.2117867857142857,tp,1091.386623251087,14,B_15m_1h_4h,short
-1,2021-06-04 11:30:00,2021-06-04 14:45:00,1.2110100000000001,1.2118467857142858,sl,-665.7458401832681,13,B_15m_1h_4h,short
-1,2021-06-04 15:30:00,2021-06-04 15:30:00,1.21137,1.2121532142857143,sl,-659.0883817814355,0,B_15m_1h_4h,short
-1,2021-06-07 04:00:00,2021-06-07 08:45:00,1.21668,1.2159585714285714,tp,1087.4958299393686,19,B_15m_1h_4h,short
-1,2021-06-09 02:00:00,2021-06-09 03:00:00,1.21713,1.2174085714285714,sl,-663.3724562630148,4,B_15m_1h_4h,short
1,2021-06-09 15:45:00,2021-06-09 16:15:00,1.21945,1.2206107142857143,tp,1094.5645528340442,2,B_15m_1h_4h,long
-1,2021-06-09 22:15:00,2021-06-10 04:45:00,1.21783,1.2169460714285714,tp,1112.8072953811154,26,B_15m_1h_4h,short
-1,2021-06-10 07:30:00,2021-06-10 09:15:00,1.21648,1.216879642857143,sl,-678.8124501825363,7,B_15m_1h_4h,short
-1,2021-06-10 10:00:00,2021-06-10 10:30:00,1.21669,1.2158364285714285,tp,1120.0405428013792,2,B_15m_1h_4h,short
-1,2021-06-10 12:45:00,2021-06-10 14:15:00,1.21662,1.217582142857143,sl,-683.2247311087247,6,B_15m_1h_4h,short
-1,2021-06-10 15:15:00,2021-06-10 15:30:00,1.2172800000000001,1.2183878571428572,sl,-676.3924837976374,1,B_15m_1h_4h,short
1,2021-06-10 16:45:00,2021-06-10 20:15:00,1.21715,1.21742,flip,78.66964888477227,14,B_15m_1h_4h,long
-1,2021-06-10 20:30:00,2021-06-11 04:45:00,1.21741,1.2186775,sl,-670.4152554485087,33,B_15m_1h_4h,short
1,2021-06-11 07:15:00,2021-06-11 09:30:00,1.2189999999999999,1.2185253571428571,sl,-663.7111028940236,9,B_15m_1h_4h,long
1,2021-06-11 10:15:00,2021-06-11 10:15:00,1.21878,1.218227142857143,sl,-657.0739918650834,0,B_15m_1h_4h,long
-1,2021-06-11 16:45:00,2021-06-11 17:30:00,1.212,1.210192857142857,tp,1084.1720865774764,3,B_15m_1h_4h,short
-1,2021-06-14 05:45:00,2021-06-14 08:45:00,1.2102300000000001,1.2106992857142858,sl,-661.3449728122073,12,B_15m_1h_4h,short
-1,2021-06-14 09:15:00,2021-06-14 09:45:00,1.21009,1.2106353571428572,sl,-654.7315230840852,2,B_15m_1h_4h,short
-1,2021-06-14 23:45:00,2021-06-15 02:00:00,1.21181,1.212149642857143,sl,-648.1842078532444,6,B_15m_1h_4h,short
-1,2021-06-15 03:15:00,2021-06-15 05:15:00,1.21173,1.2121425000000001,sl,-641.702365774712,8,B_15m_1h_4h,short
-1,2021-06-15 06:15:00,2021-06-15 07:00:00,1.2119,1.2124935714285714,sl,-635.2853421169648,3,B_15m_1h_4h,short
-1,2021-06-15 15:45:00,2021-06-15 16:00:00,1.21058,1.2115657142857144,sl,-628.9324886957952,1,B_15m_1h_4h,short
-1,2021-06-15 17:45:00,2021-06-15 18:15:00,1.21184,1.2130625000000002,sl,-622.6431638088372,2,B_15m_1h_4h,short
-1,2021-06-15 23:45:00,2021-06-16 05:15:00,1.21263,1.2119085714285716,tp,1027.3612202845813,22,B_15m_1h_4h,short
-1,2021-06-16 09:15:00,2021-06-16 09:30:00,1.21244,1.2128471428571428,sl,-626.6903443735946,1,B_15m_1h_4h,short
-1,2021-06-16 18:00:00,2021-06-16 21:00:00,1.21176,1.21056,tp,1034.0390682162397,12,B_15m_1h_4h,short
-1,2021-06-17 01:00:00,2021-06-17 10:00:00,1.19927,1.1964682142857144,tp,1051.2730526866185,36,B_15m_1h_4h,short
-1,2021-06-17 13:15:00,2021-06-17 18:45:00,1.19387,1.1908253571428573,tp,1068.794270231401,22,B_15m_1h_4h,short
-1,2021-06-17 22:45:00,2021-06-18 05:30:00,1.1903700000000002,1.1918335714285715,sl,-651.9645048412013,27,B_15m_1h_4h,short
-1,2021-06-18 12:45:00,2021-06-18 15:15:00,1.1913500000000001,1.1886642857142857,tp,1075.7414329880119,10,B_15m_1h_4h,short
-1,2021-06-18 21:15:00,2021-06-21 06:30:00,1.18739,1.1853346428571427,tp,1093.670456871116,37,B_15m_1h_4h,short
-1,2021-06-21 10:15:00,2021-06-21 10:30:00,1.18618,1.1874196428571429,sl,-667.1389786913807,1,B_15m_1h_4h,short
-1,2021-06-22 07:15:00,2021-06-22 08:15:00,1.19092,1.18987,tp,1100.7793148409332,4,B_15m_1h_4h,short
-1,2021-06-22 11:15:00,2021-06-22 16:00:00,1.18931,1.1904628571428573,sl,-671.4753820528763,19,B_15m_1h_4h,short
-1,2021-06-23 10:15:00,2021-06-23 10:30:00,1.19205,1.192869642857143,sl,-664.7606282323476,1,B_15m_1h_4h,short
1,2021-06-23 14:45:00,2021-06-23 14:45:00,1.19511,1.1940910714285713,sl,-658.113021950024,0,B_15m_1h_4h,long
1,2021-06-23 15:15:00,2021-06-23 16:45:00,1.19516,1.1969814285714286,tp,1085.886486217716,6,B_15m_1h_4h,long
-1,2021-06-23 21:45:00,2021-06-24 04:45:00,1.19321,1.1927299999999998,flip,389.4370852410985,28,B_15m_1h_4h,short
1,2021-06-24 05:00:00,2021-06-24 05:15:00,1.19272,1.1921414285714285,sl,-666.2851274451119,1,B_15m_1h_4h,long
-1,2021-06-24 08:30:00,2021-06-24 09:00:00,1.19229,1.1927057142857143,sl,-659.6222761706608,2,B_15m_1h_4h,short
-1,2021-06-24 11:00:00,2021-06-24 11:15:00,1.19314,1.19391,flip,-564.0721839540405,1,B_15m_1h_4h,short
1,2021-06-24 11:30:00,2021-06-24 11:45:00,1.19391,1.1928771428571427,sl,-647.3853315694138,1,B_15m_1h_4h,long
1,2021-06-24 12:45:00,2021-06-24 14:15:00,1.1939899999999999,1.19357,flip,-230.07078706534114,6,B_15m_1h_4h,long
-1,2021-06-24 14:30:00,2021-06-24 14:30:00,1.1935900000000002,1.19397,flip,-227.1754796680798,0,B_15m_1h_4h,short
1,2021-06-24 14:45:00,2021-06-24 17:30:00,1.19398,1.192950357142857,sl,-636.3390155863854,11,B_15m_1h_4h,long
-1,2021-06-24 20:45:00,2021-06-25 01:00:00,1.19283,1.1932399999999999,flip,-266.6710980803407,17,B_15m_1h_4h,short
1,2021-06-25 01:15:00,2021-06-25 01:30:00,1.1932399999999999,1.19309,flip,-229.3035196420306,1,B_15m_1h_4h,long
-1,2021-06-25 01:45:00,2021-06-25 02:30:00,1.19309,1.19305,flip,71.79669587326842,3,B_15m_1h_4h,short
1,2021-06-25 02:45:00,2021-06-25 03:00:00,1.19305,1.1927564285714285,sl,-625.7338462120305,1,B_15m_1h_4h,long
-1,2021-06-25 03:45:00,2021-06-25 04:00:00,1.19299,1.1933017857142858,sl,-619.4765077499101,1,B_15m_1h_4h,short
-1,2021-06-25 05:45:00,2021-06-25 05:45:00,1.19381,1.1942942857142858,sl,-613.281742672411,0,B_15m_1h_4h,short
1,2021-06-25 08:30:00,2021-06-25 09:00:00,1.19393,1.19395,flip,28.765092905224726,2,B_15m_1h_4h,long
-1,2021-06-25 09:15:00,2021-06-25 09:15:00,1.19395,1.1943935714285714,sl,-607.4365761747391,0,B_15m_1h_4h,short
1,2021-06-25 13:00:00,2021-06-25 15:30:00,1.19437,1.195952142857143,tp,1002.2703506884602,10,B_15m_1h_4h,long
-1,2021-06-28 00:00:00,2021-06-28 00:45:00,1.1931,1.1936582142857144,sl,-611.3849139198763,3,B_15m_1h_4h,short
-1,2021-06-28 03:15:00,2021-06-28 03:15:00,1.19327,1.1938199999999999,flip,-516.122613378706,0,B_15m_1h_4h,short
1,2021-06-28 03:30:00,2021-06-28 04:15:00,1.1938199999999999,1.1931685714285714,sl,-600.1098386468905,3,B_15m_1h_4h,long
-1,2021-06-28 07:45:00,2021-06-28 08:30:00,1.19212,1.1927007142857144,sl,-594.1087402604215,3,B_15m_1h_4h,short
-1,2021-06-28 11:15:00,2021-06-28 11:45:00,1.1932,1.1940592857142858,sl,-588.1676528578173,2,B_15m_1h_4h,short
1,2021-06-28 12:00:00,2021-06-28 14:00:00,1.19422,1.193185,sl,-582.2859763292391,8,B_15m_1h_4h,long
-1,2021-06-28 16:30:00,2021-06-28 17:00:00,1.19191,1.1930564285714287,sl,-576.4631165659467,2,B_15m_1h_4h,short
-1,2021-06-28 19:15:00,2021-06-29 06:30:00,1.19323,1.1909103571428572,tp,951.1641423337516,45,B_15m_1h_4h,short
-1,2021-06-29 08:00:00,2021-06-29 08:30:00,1.191,1.1915442857142857,sl,-580.2101268236249,2,B_15m_1h_4h,short
-1,2021-06-29 10:15:00,2021-06-29 11:00:00,1.1913,1.1902357142857143,tp,957.3467092589144,3,B_15m_1h_4h,short
-1,2021-06-29 13:30:00,2021-06-29 15:00:00,1.19035,1.188755357142857,tp,973.3024877465842,6,B_15m_1h_4h,short
-1,2021-06-29 23:45:00,2021-06-30 03:00:00,1.18995,1.1904525000000001,sl,-593.7145175254436,13,B_15m_1h_4h,short
-1,2021-06-30 04:00:00,2021-06-30 04:30:00,1.18995,1.1904385714285715,sl,-587.7773723501892,2,B_15m_1h_4h,short
-1,2021-06-30 10:15:00,2021-06-30 11:15:00,1.1898600000000001,1.188729642857143,tp,969.8326643778756,4,B_15m_1h_4h,short
-1,2021-06-30 15:15:00,2021-06-30 16:30:00,1.18835,1.1865982142857143,tp,985.9965421174435,5,B_15m_1h_4h,short
-1,2021-06-30 19:30:00,2021-07-01 13:45:00,1.1848100000000001,1.186342142857143,sl,-601.4578906916405,73,B_15m_1h_4h,short
-1,2021-07-01 22:45:00,2021-07-01 23:45:00,1.18438,1.1850046428571428,sl,-595.4433117847241,4,B_15m_1h_4h,short
-1,2021-07-02 01:15:00,2021-07-02 09:00:00,1.18475,1.1839642857142856,tp,982.481464445165,31,B_15m_1h_4h,short
-1,2021-07-02 13:00:00,2021-07-02 13:30:00,1.18221,1.1830971428571428,sl,-599.3136933113285,2,B_15m_1h_4h,short
-1,2021-07-02 14:30:00,2021-07-02 15:30:00,1.18263,1.1834882142857144,sl,-593.3205563782152,4,B_15m_1h_4h,short
-1,2021-07-02 16:30:00,2021-07-02 20:15:00,1.1837900000000001,1.1855064285714287,sl,-587.387350814433,15,B_15m_1h_4h,short
-1,2021-07-05 04:00:00,2021-07-05 04:15:00,1.18567,1.1862582142857143,sl,-581.5134773062887,1,B_15m_1h_4h,short
-1,2021-07-05 05:15:00,2021-07-05 09:30:00,1.18574,1.1863357142857143,sl,-575.6983425332259,17,B_15m_1h_4h,short
-1,2021-07-05 10:15:00,2021-07-05 10:30:00,1.18574,1.1863978571428573,sl,-569.9413591078935,1,B_15m_1h_4h,short
-1,2021-07-06 01:30:00,2021-07-06 04:45:00,1.1862000000000001,1.186691785714286,sl,-564.2419455168146,13,B_15m_1h_4h,short
-1,2021-07-06 15:15:00,2021-07-06 17:30:00,1.1837600000000001,1.1821367857142857,tp,930.9992101028714,9,B_15m_1h_4h,short
-1,2021-07-06 20:45:00,2021-07-07 08:30:00,1.18182,1.183247142857143,sl,-567.9095181626752,47,B_15m_1h_4h,short
-1,2021-07-07 13:15:00,2021-07-07 16:30:00,1.18231,1.180015357142857,tp,937.0507049684442,13,B_15m_1h_4h,short
-1,2021-07-07 20:45:00,2021-07-07 21:00:00,1.1801000000000001,1.1811264285714287,sl,-571.6009300307329,1,B_15m_1h_4h,short
-1,2021-07-07 22:00:00,2021-07-08 04:00:00,1.18048,1.1787442857142858,tp,943.1415345505885,24,B_15m_1h_4h,short
-1,2021-07-08 05:00:00,2021-07-08 05:45:00,1.17845,1.1790167857142857,sl,-575.3163360759314,3,B_15m_1h_4h,short
-1,2021-07-09 10:30:00,2021-07-09 10:45:00,1.1830500000000002,1.183757142857143,sl,-569.5631727151721,1,B_15m_1h_4h,short
-1,2021-07-09 12:00:00,2021-07-09 12:30:00,1.18319,1.184225,sl,-563.8675409880204,2,B_15m_1h_4h,short
1,2021-07-09 19:30:00,2021-07-12 09:45:00,1.18682,1.1858471428571429,sl,-558.2288655781402,57,B_15m_1h_4h,long
-1,2021-07-12 18:15:00,2021-07-13 02:45:00,1.18626,1.18635,flip,-43.46658470172603,34,B_15m_1h_4h,short
1,2021-07-13 03:00:00,2021-07-13 04:45:00,1.18638,1.1869496428571429,tp,920.3531851254498,7,B_15m_1h_4h,long
1,2021-07-13 05:30:00,2021-07-13 05:45:00,1.1865299999999999,1.1873675,tp,935.6924048775775,1,B_15m_1h_4h,long
-1,2021-07-13 14:30:00,2021-07-13 15:15:00,1.18401,1.1848864285714287,sl,-570.7723669753718,3,B_15m_1h_4h,short
-1,2021-07-13 15:45:00,2021-07-13 16:15:00,1.18146,1.1792939285714286,tp,941.7744055093957,2,B_15m_1h_4h,short
-1,2021-07-13 18:15:00,2021-07-13 22:45:00,1.18134,1.1777292857142858,tp,957.4706456012261,18,B_15m_1h_4h,short
-1,2021-07-14 00:30:00,2021-07-14 04:15:00,1.17745,1.178089642857143,sl,-584.0570938167244,15,B_15m_1h_4h,short
-1,2021-07-14 05:15:00,2021-07-14 05:45:00,1.17777,1.1782307142857142,sl,-578.2165228785572,2,B_15m_1h_4h,short
-1,2021-07-15 18:30:00,2021-07-16 14:45:00,1.18133,1.1794067857142858,tp,954.0572627495458,81,B_15m_1h_4h,short
-1,2021-07-16 17:00:00,2021-07-16 18:30:00,1.18015,1.181194642857143,sl,-581.9749302772669,6,B_15m_1h_4h,short
-1,2021-07-16 19:30:00,2021-07-19 10:00:00,1.18089,1.1790060714285715,tp,960.2586349574528,58,B_15m_1h_4h,short
-1,2021-07-19 14:45:00,2021-07-19 15:45:00,1.1771800000000001,1.1782460714285714,sl,-585.7577673240688,4,B_15m_1h_4h,short
-1,2021-07-19 21:45:00,2021-07-20 08:15:00,1.17967,1.178202142857143,tp,966.5003160845675,42,B_15m_1h_4h,short
-1,2021-07-20 10:00:00,2021-07-20 10:00:00,1.17777,1.1784364285714286,sl,-589.5651928116739,0,B_15m_1h_4h,short
-1,2021-07-20 10:30:00,2021-07-20 11:00:00,1.17764,1.178572142857143,sl,-583.6695408835571,2,B_15m_1h_4h,short
-1,2021-07-20 13:15:00,2021-07-20 15:15:00,1.17938,1.17728,tp,963.0547424578353,8,B_15m_1h_4h,short
-1,2021-07-20 17:45:00,2021-07-20 20:30:00,1.17652,1.1780178571428572,sl,-587.4633928992998,11,B_15m_1h_4h,short
-1,2021-07-21 01:45:00,2021-07-21 05:00:00,1.17811,1.1773760714285715,tp,969.3145982839426,13,B_15m_1h_4h,short
-1,2021-07-21 07:30:00,2021-07-21 09:00:00,1.17721,1.176490357142857,tp,985.4698415887799,6,B_15m_1h_4h,short
-1,2021-07-21 11:15:00,2021-07-21 11:15:00,1.1755600000000002,1.176439642857143,sl,-601.1366033690341,0,B_15m_1h_4h,short
-1,2021-07-22 06:00:00,2021-07-22 06:15:00,1.17897,1.1794425,sl,-595.1252373353437,1,B_15m_1h_4h,short
-1,2021-07-22 23:00:00,2021-07-23 03:15:00,1.17694,1.1776342857142859,sl,-589.1739849619904,17,B_15m_1h_4h,short
-1,2021-07-23 04:45:00,2021-07-23 06:45:00,1.1776900000000001,1.1769775,tp,972.1370751873851,8,B_15m_1h_4h,short
-1,2021-07-23 09:00:00,2021-07-23 09:00:00,1.17639,1.1768035714285714,sl,-593.0036158642442,0,B_15m_1h_4h,short
-1,2021-07-23 10:30:00,2021-07-23 10:30:00,1.1766100000000002,1.1773064285714288,sl,-587.0735797056018,0,B_15m_1h_4h,short
-1,2021-07-23 12:00:00,2021-07-23 14:30:00,1.1774,1.1755714285714287,tp,968.6714065141254,10,B_15m_1h_4h,short
-1,2021-07-23 16:30:00,2021-07-26 06:30:00,1.17668,1.1777064285714285,sl,-590.8895579736871,56,B_15m_1h_4h,short
-1,2021-07-26 09:15:00,2021-07-26 09:45:00,1.1779300000000001,1.177112142857143,tp,974.9677706567601,2,B_15m_1h_4h,short
1,2021-07-26 20:45:00,2021-07-26 21:15:00,1.1812399999999998,1.1805489285714286,sl,-594.7303401005178,2,B_15m_1h_4h,long
1,2021-07-26 23:00:00,2021-07-27 01:00:00,1.1805999999999999,1.1801457142857141,sl,-588.7830366995126,8,B_15m_1h_4h,long
1,2021-07-27 06:00:00,2021-07-27 06:15:00,1.18066,1.180167142857143,sl,-582.8952063325175,1,B_15m_1h_4h,long
1,2021-07-27 18:00:00,2021-07-28 09:30:00,1.18256,1.1811403571428571,sl,-577.0662542691923,62,B_15m_1h_4h,long
1,2021-07-28 14:45:00,2021-07-28 15:15:00,1.18112,1.179995,sl,-571.2955917265003,2,B_15m_1h_4h,long
1,2021-07-28 21:45:00,2021-07-29 05:30:00,1.18288,1.1856014285714285,tp,942.6377263486744,31,B_15m_1h_4h,long
1,2021-07-29 09:15:00,2021-07-29 09:15:00,1.18627,1.1857492857142855,sl,-575.009013072722,0,B_15m_1h_4h,long
1,2021-07-29 10:15:00,2021-07-29 15:30:00,1.18695,1.188292857142857,tp,948.7648715699393,21,B_15m_1h_4h,long
1,2021-07-29 15:45:00,2021-07-29 15:45:00,1.18839,1.1876025000000001,sl,-578.7465716576943,0,B_15m_1h_4h,long
1,2021-07-29 20:30:00,2021-07-30 06:45:00,1.18864,1.1878460714285712,sl,-572.9591059411174,41,B_15m_1h_4h,long
1,2021-07-30 09:00:00,2021-07-30 09:30:00,1.1879,1.1875175,sl,-567.2295148817062,2,B_15m_1h_4h,long
1,2021-07-30 14:30:00,2021-07-30 14:30:00,1.18997,1.1889489285714285,sl,-561.5572197328892,0,B_15m_1h_4h,long
1,2021-07-30 15:15:00,2021-07-30 15:45:00,1.18912,1.1879575,sl,-555.9416475355603,2,B_15m_1h_4h,long
1,2021-08-02 03:00:00,2021-08-02 05:00:00,1.18668,1.1860167857142856,sl,-550.3822310602046,8,B_15m_1h_4h,long
1,2021-08-02 05:30:00,2021-08-02 09:15:00,1.18666,1.1875742857142857,tp,908.1306812494113,15,B_15m_1h_4h,long
1,2021-08-02 10:00:00,2021-08-02 12:45:00,1.18832,1.1894932142857142,tp,923.2661926034363,11,B_15m_1h_4h,long
1,2021-08-02 13:45:00,2021-08-02 14:45:00,1.18911,1.188213214285714,sl,-563.192377488131,4,B_15m_1h_4h,long
1,2021-08-02 15:00:00,2021-08-02 15:15:00,1.18903,1.1881332142857142,sl,-557.5604537132498,1,B_15m_1h_4h,long
1,2021-08-02 16:45:00,2021-08-02 19:00:00,1.18823,1.1872046428571428,sl,-551.9848491761172,9,B_15m_1h_4h,long
1,2021-08-03 05:00:00,2021-08-03 05:45:00,1.18754,1.1871103571428572,sl,-546.465000684356,3,B_15m_1h_4h,long
1,2021-08-03 09:30:00,2021-08-03 09:45:00,1.1876799999999998,1.1871121428571427,sl,-541.0003506775125,1,B_15m_1h_4h,long
1,2021-08-03 10:30:00,2021-08-03 13:45:00,1.18791,1.1890153571428572,tp,892.6505786178358,13,B_15m_1h_4h,long
1,2021-08-03 15:00:00,2021-08-03 15:00:00,1.18929,1.1884885714285713,sl,-544.5168529569157,0,B_15m_1h_4h,long
1,2021-08-03 18:45:00,2021-08-04 11:15:00,1.18627,1.185112857142857,sl,-539.0716844273467,66,B_15m_1h_4h,long
-1,2021-08-04 15:15:00,2021-08-04 15:15:00,1.18589,1.186627142857143,sl,-533.6809675830732,0,B_15m_1h_4h,short
-1,2021-08-04 21:45:00,2021-08-05 10:15:00,1.18368,1.184355,sl,-528.3441579072424,50,B_15m_1h_4h,short
-1,2021-08-05 21:45:00,2021-08-06 05:00:00,1.18357,1.1823896428571428,tp,871.767860547114,29,B_15m_1h_4h,short
-1,2021-08-06 08:45:00,2021-08-06 09:00:00,1.18222,1.1825960714285715,sl,-531.7783949336412,1,B_15m_1h_4h,short
-1,2021-08-06 09:15:00,2021-08-06 09:45:00,1.1824000000000001,1.1827910714285714,sl,-526.4606109843047,2,B_15m_1h_4h,short
-1,2021-08-06 10:15:00,2021-08-06 10:15:00,1.18218,1.1826664285714286,sl,-521.1960048744616,0,B_15m_1h_4h,short
-1,2021-08-06 15:45:00,2021-08-06 17:15:00,1.17843,1.1767103571428572,tp,859.9734080429356,6,B_15m_1h_4h,short
-1,2021-08-06 20:00:00,2021-08-09 09:00:00,1.17555,1.1765014285714288,sl,-524.5837789061463,52,B_15m_1h_4h,short
-1,2021-08-09 13:15:00,2021-08-09 15:30:00,1.17573,1.1768228571428572,sl,-519.3379411170848,9,B_15m_1h_4h,short
-1,2021-08-09 16:00:00,2021-08-09 17:45:00,1.17602,1.1745610714285715,tp,856.9076028433204,7,B_15m_1h_4h,short
-1,2021-08-09 22:00:00,2021-08-10 10:30:00,1.17397,1.1730307142857141,tp,871.1893962239808,50,B_15m_1h_4h,short
-1,2021-08-10 12:00:00,2021-08-10 13:15:00,1.1731500000000001,1.1717250000000001,tp,885.7092194942655,5,B_15m_1h_4h,short
-1,2021-08-10 14:15:00,2021-08-11 09:30:00,1.17236,1.1708742857142858,tp,900.4710398192608,77,B_15m_1h_4h,short
-1,2021-08-11 11:45:00,2021-08-11 15:00:00,1.1710800000000001,1.1718235714285714,sl,-549.2873342897223,13,B_15m_1h_4h,short
-1,2021-08-12 16:15:00,2021-08-12 19:00:00,1.17303,1.1739985714285714,sl,-543.7944609468251,11,B_15m_1h_4h,short
-1,2021-08-12 20:15:00,2021-08-12 20:30:00,1.1735200000000001,1.1742325000000002,sl,-538.3565163373568,1,B_15m_1h_4h,short
1,2021-08-13 17:15:00,2021-08-13 17:45:00,1.17796,1.1794224999999998,tp,888.2882519565038,2,B_15m_1h_4h,long
1,2021-08-13 23:00:00,2021-08-16 00:00:00,1.17986,1.179407857142857,sl,-541.8558336935482,4,B_15m_1h_4h,long
1,2021-08-16 00:45:00,2021-08-16 06:00:00,1.17954,1.1791446428571428,sl,-536.4372753566129,21,B_15m_1h_4h,long
1,2021-08-16 21:00:00,2021-08-16 23:00:00,1.1778,1.1776,flip,-161.9830204018031,8,B_15m_1h_4h,long
-1,2021-08-16 23:15:00,2021-08-16 23:45:00,1.1776,1.17774,flip,-199.9475957422297,2,B_15m_1h_4h,short
1,2021-08-17 00:00:00,2021-08-17 00:00:00,1.1776799999999998,1.1773810714285713,sl,-527.4535964416064,0,B_15m_1h_4h,long
-1,2021-08-17 09:15:00,2021-08-17 10:00:00,1.1765400000000001,1.1769589285714286,sl,-522.1790604771903,3,B_15m_1h_4h,short
-1,2021-08-17 21:30:00,2021-08-18 06:00:00,1.17118,1.1719610714285715,sl,-516.9572698724185,34,B_15m_1h_4h,short
-1,2021-08-18 06:30:00,2021-08-18 09:45:00,1.1717300000000002,1.1722689285714287,sl,-511.78769717369426,13,B_15m_1h_4h,short
-1,2021-08-18 10:00:00,2021-08-18 10:00:00,1.17164,1.1722121428571428,sl,-506.66982020195735,0,B_15m_1h_4h,short
-1,2021-08-18 16:00:00,2021-08-18 18:15:00,1.1717,1.1701660714285713,tp,836.0052033333103,9,B_15m_1h_4h,short
-1,2021-08-18 22:30:00,2021-08-19 03:15:00,1.17126,1.1692225,tp,849.9386233888158,19,B_15m_1h_4h,short
-1,2021-08-19 09:00:00,2021-08-19 09:30:00,1.16718,1.1679085714285715,sl,-518.4625602671591,2,B_15m_1h_4h,short
-1,2021-08-19 10:30:00,2021-08-19 10:45:00,1.16758,1.1684157142857143,sl,-513.2779346644875,1,B_15m_1h_4h,short
-1,2021-08-19 15:15:00,2021-08-19 18:00:00,1.16955,1.16795,tp,846.9085921963651,11,B_15m_1h_4h,short
-1,2021-08-20 00:00:00,2021-08-20 01:15:00,1.16746,1.1679367857142857,sl,-516.6142412398062,5,B_15m_1h_4h,short
-1,2021-08-20 02:15:00,2021-08-20 03:00:00,1.1676900000000001,1.1679814285714287,sl,-511.44809882740816,3,B_15m_1h_4h,short
-1,2021-08-20 14:15:00,2021-08-20 16:30:00,1.1675,1.1683260714285713,sl,-506.3336178391341,9,B_15m_1h_4h,short
-1,2021-08-20 17:15:00,2021-08-20 17:45:00,1.16719,1.1682582142857143,sl,-501.27028166074274,2,B_15m_1h_4h,short
-1,2021-08-20 18:00:00,2021-08-20 18:45:00,1.16779,1.1689375000000002,sl,-496.25757884413537,3,B_15m_1h_4h,short
1,2021-08-23 14:00:00,2021-08-23 14:45:00,1.1728699999999999,1.1718114285714285,sl,-491.29500305569405,3,B_15m_1h_4h,long
1,2021-08-23 18:45:00,2021-08-24 14:45:00,1.17329,1.17355,flip,106.33217255330803,80,B_15m_1h_4h,long
-1,2021-08-24 15:00:00,2021-08-24 15:15:00,1.17354,1.1742814285714287,sl,-487.44537475067017,1,B_15m_1h_4h,short
1,2021-08-24 17:00:00,2021-08-25 04:30:00,1.1748699999999999,1.1738639285714283,sl,-482.57092100316345,46,B_15m_1h_4h,long
-1,2021-08-25 16:45:00,2021-08-25 16:45:00,1.17357,1.174607142857143,sl,-477.74521179313183,0,B_15m_1h_4h,short
-1,2021-08-25 18:30:00,2021-08-25 19:00:00,1.17483,1.1761425,sl,-472.96775967520057,2,B_15m_1h_4h,short
1,2021-08-25 21:15:00,2021-08-26 04:00:00,1.17736,1.1764482142857142,sl,-468.2380820784485,27,B_15m_1h_4h,long
1,2021-08-27 09:30:00,2021-08-27 10:15:00,1.17664,1.176210357142857,sl,-463.5557012576641,3,B_15m_1h_4h,long
1,2021-08-27 22:30:00,2021-08-30 00:00:00,1.1799,1.1792839285714285,sl,-458.92014424508744,6,B_15m_1h_4h,long
1,2021-08-30 00:45:00,2021-08-30 03:30:00,1.1793799999999999,1.1801835714285713,tp,757.2182380043943,11,B_15m_1h_4h,long
1,2021-08-30 10:00:00,2021-08-30 10:00:00,1.18012,1.1796357142857143,sl,-461.9031251826805,0,B_15m_1h_4h,long
1,2021-08-30 16:30:00,2021-08-30 17:15:00,1.1794,1.1786007142857142,sl,-457.28409393085377,3,B_15m_1h_4h,long
1,2021-08-30 17:45:00,2021-08-31 06:15:00,1.17944,1.1810489285714285,tp,754.5187549858392,50,B_15m_1h_4h,long
1,2021-08-31 08:15:00,2021-08-31 09:15:00,1.18211,1.182985,tp,767.0940675688113,4,B_15m_1h_4h,long
1,2021-08-31 10:15:00,2021-08-31 10:15:00,1.18306,1.1824653571428572,sl,-467.9273812170917,0,B_15m_1h_4h,long
1,2021-08-31 11:45:00,2021-08-31 11:45:00,1.18292,1.182292142857143,sl,-463.24810740492075,0,B_15m_1h_4h,long
1,2021-08-31 12:15:00,2021-08-31 12:30:00,1.18295,1.1822064285714287,sl,-458.6156263308715,1,B_15m_1h_4h,long
1,2021-08-31 13:15:00,2021-08-31 14:00:00,1.18269,1.1840239285714285,tp,756.715783446022,3,B_15m_1h_4h,long
1,2021-08-31 16:00:00,2021-08-31 16:00:00,1.18373,1.1828235714285713,sl,-461.59662790202304,0,B_15m_1h_4h,long
1,2021-08-31 17:15:00,2021-08-31 17:45:00,1.18281,1.1815725,sl,-456.98066162300285,2,B_15m_1h_4h,long
1,2021-09-01 00:45:00,2021-09-01 03:45:00,1.18092,1.1804346428571428,sl,-452.41085500677275,12,B_15m_1h_4h,long
1,2021-09-01 15:30:00,2021-09-01 15:45:00,1.1826699999999999,1.183912857142857,tp,746.477910761086,1,B_15m_1h_4h,long
1,2021-09-01 19:15:00,2021-09-01 20:45:00,1.1855499999999999,1.1844635714285714,sl,-455.3515255643159,6,B_15m_1h_4h,long
1,2021-09-01 22:00:00,2021-09-01 22:45:00,1.18471,1.184122857142857,sl,-450.79801030867276,3,B_15m_1h_4h,long
1,2021-09-02 06:15:00,2021-09-02 07:45:00,1.1839899999999999,1.1835142857142855,sl,-446.290030205586,6,B_15m_1h_4h,long
1,2021-09-02 08:15:00,2021-09-02 08:45:00,1.18381,1.1843225,tp,736.3785498393232,2,B_15m_1h_4h,long
1,2021-09-02 12:45:00,2021-09-02 15:15:00,1.18523,1.18451,sl,-449.1909154019234,10,B_15m_1h_4h,long
1,2021-09-02 16:00:00,2021-09-02 16:45:00,1.18478,1.1861639285714285,tp,741.1650104131342,3,B_15m_1h_4h,long
1,2021-09-02 19:45:00,2021-09-03 03:15:00,1.1864,1.1878571428571427,tp,753.5177605868024,30,B_15m_1h_4h,long
1,2021-09-03 08:30:00,2021-09-03 09:15:00,1.18797,1.187630357142857,sl,-459.6458339579035,3,B_15m_1h_4h,long
1,2021-09-03 14:15:00,2021-09-03 15:30:00,1.1871399999999999,1.1882489285714284,tp,758.4156260304396,5,B_15m_1h_4h,long
1,2021-09-03 18:15:00,2021-09-06 06:30:00,1.18875,1.1865835714285713,sl,-462.63353187862884,49,B_15m_1h_4h,long
1,2021-09-06 23:30:00,2021-09-07 00:00:00,1.187,1.18682,sl,-458.0071965598425,2,B_15m_1h_4h,long
1,2021-09-07 00:45:00,2021-09-07 00:45:00,1.1870399999999999,1.1867946428571428,sl,-453.42712459424416,0,B_15m_1h_4h,long
1,2021-09-07 10:00:00,2021-09-07 10:30:00,1.18718,1.1880817857142856,tp,748.1547555805029,2,B_15m_1h_4h,long
1,2021-09-07 13:45:00,2021-09-07 15:45:00,1.18672,1.1855392857142857,sl,-456.3744009041067,8,B_15m_1h_4h,long
-1,2021-09-07 19:15:00,2021-09-08 11:15:00,1.18431,1.1821117857142858,tp,753.0177614917508,64,B_15m_1h_4h,short
-1,2021-09-08 13:45:00,2021-09-08 15:30:00,1.18188,1.1828839285714285,sl,-459.3408345099832,7,B_15m_1h_4h,short
-1,2021-09-08 16:00:00,2021-09-08 17:15:00,1.18205,1.1807053571428572,tp,757.9123769414724,5,B_15m_1h_4h,short
-1,2021-09-08 20:00:00,2021-09-08 21:15:00,1.18182,1.182894642857143,sl,-462.3265499342981,5,B_15m_1h_4h,short
-1,2021-09-08 22:00:00,2021-09-09 07:30:00,1.18236,1.1811635714285715,tp,762.8388073914975,38,B_15m_1h_4h,short
-1,2021-09-09 11:00:00,2021-09-09 11:00:00,1.18215,1.1828785714285714,sl,-465.3316725088701,0,B_15m_1h_4h,short
1,2021-09-09 15:00:00,2021-09-09 15:15:00,1.18406,1.1832392857142857,sl,-460.67835578378134,1,B_15m_1h_4h,long
1,2021-09-09 16:15:00,2021-09-09 16:45:00,1.18299,1.1816946428571429,sl,-456.0715722259435,2,B_15m_1h_4h,long
1,2021-09-09 18:00:00,2021-09-10 01:15:00,1.1817,1.1822700000000002,flip,144.7882915370935,29,B_15m_1h_4h,long
-1,2021-09-10 01:30:00,2021-09-10 03:00:00,1.18226,1.182652142857143,sl,-452.95873941905506,6,B_15m_1h_4h,short
-1,2021-09-10 04:00:00,2021-09-10 05:15:00,1.18234,1.1826432142857142,sl,-448.42915202486455,5,B_15m_1h_4h,short
1,2021-09-10 10:00:00,2021-09-10 10:15:00,1.18293,1.183687142857143,tp,739.9081008410265,1,B_15m_1h_4h,long
1,2021-09-10 14:30:00,2021-09-10 15:45:00,1.18356,1.1828185714285715,sl,-451.3439415130262,5,B_15m_1h_4h,long
-1,2021-09-10 23:00:00,2021-09-13 04:00:00,1.1812200000000002,1.1804467857142857,tp,744.717503496707,20,B_15m_1h_4h,short
-1,2021-09-13 07:30:00,2021-09-13 07:45:00,1.18035,1.1797285714285715,tp,757.1294618880147,1,B_15m_1h_4h,short
-1,2021-09-13 13:30:00,2021-09-13 14:00:00,1.17858,1.1773889285714285,tp,769.7482862530486,2,B_15m_1h_4h,short
1,2021-09-14 19:00:00,2021-09-14 21:45:00,1.1823299999999999,1.1808814285714284,sl,-469.54645461427356,11,B_15m_1h_4h,long
-1,2021-09-15 00:45:00,2021-09-15 04:00:00,1.18024,1.1808539285714286,sl,-464.8509900681308,13,B_15m_1h_4h,short
-1,2021-09-15 05:15:00,2021-09-15 09:45:00,1.18056,1.1809714285714286,sl,-460.20248016744955,18,B_15m_1h_4h,short
-1,2021-09-15 10:00:00,2021-09-15 10:15:00,1.18068,1.181270357142857,sl,-455.60045536577496,1,B_15m_1h_4h,short
1,2021-09-15 13:45:00,2021-09-15 14:30:00,1.18288,1.1820335714285712,sl,-451.04445081211725,3,B_15m_1h_4h,long
-1,2021-09-16 10:00:00,2021-09-16 10:45:00,1.17913,1.1781192857142857,tp,744.223343840157,3,B_15m_1h_4h,short
-1,2021-09-16 13:15:00,2021-09-17 10:00:00,1.1766,1.1776778571428572,sl,-453.9762397423977,83,B_15m_1h_4h,short
-1,2021-09-17 13:45:00,2021-09-17 16:15:00,1.17801,1.1763867857142856,tp,749.0607955750586,10,B_15m_1h_4h,short
-1,2021-09-17 23:15:00,2021-09-20 04:30:00,1.17276,1.1719617857142859,tp,761.545142167662,21,B_15m_1h_4h,short
-1,2021-09-20 09:30:00,2021-09-20 10:00:00,1.17144,1.171839642857143,sl,-464.54253672240094,2,B_15m_1h_4h,short
-1,2021-09-20 14:15:00,2021-09-20 15:45:00,1.17072,1.1715525,sl,-459.89711135517695,6,B_15m_1h_4h,short
-1,2021-09-20 23:15:00,2021-09-21 04:45:00,1.1725400000000001,1.1731389285714287,sl,-455.2981402416251,22,B_15m_1h_4h,short
-1,2021-09-21 05:45:00,2021-09-21 10:45:00,1.17317,1.1721575000000002,tp,751.2419313987365,20,B_15m_1h_4h,short
-1,2021-09-21 20:45:00,2021-09-21 21:00:00,1.1722000000000001,1.1730025000000002,sl,-458.2575781531962,1,B_15m_1h_4h,short
-1,2021-09-21 21:30:00,2021-09-22 10:30:00,1.1726100000000002,1.1733525000000002,sl,-453.6750023716642,52,B_15m_1h_4h,short
-1,2021-09-22 11:00:00,2021-09-22 12:00:00,1.1727800000000002,1.1735160714285715,sl,-449.13825234794757,4,B_15m_1h_4h,short
-1,2021-09-22 18:00:00,2021-09-22 21:00:00,1.17344,1.174454642857143,sl,-444.64686982446807,12,B_15m_1h_4h,short
-1,2021-09-22 21:45:00,2021-09-23 11:15:00,1.17086,1.1726942857142857,sl,-440.20040112622337,54,B_15m_1h_4h,short
1,2021-09-23 20:00:00,2021-09-24 09:45:00,1.17447,1.1733610714285714,sl,-435.7983971149611,55,B_15m_1h_4h,long
-1,2021-09-24 18:30:00,2021-09-24 19:15:00,1.17093,1.171970357142857,sl,-431.44041314381155,3,B_15m_1h_4h,short
-1,2021-09-24 20:00:00,2021-09-27 00:00:00,1.1715200000000001,1.1725164285714287,sl,-427.1260090123734,16,B_15m_1h_4h,short
-1,2021-09-27 00:15:00,2021-09-27 02:45:00,1.1718,1.1722457142857143,sl,-422.85474892224966,10,B_15m_1h_4h,short
-1,2021-09-27 03:30:00,2021-09-27 10:00:00,1.1719600000000001,1.1709332142857143,tp,697.7103357217622,26,B_15m_1h_4h,short
-1,2021-09-27 14:30:00,2021-09-27 15:30:00,1.16965,1.1705542857142857,sl,-425.6033047902448,4,B_15m_1h_4h,short
-1,2021-09-27 16:15:00,2021-09-28 09:15:00,1.17014,1.1683828571428572,tp,702.2454529039039,68,B_15m_1h_4h,short
-1,2021-09-28 12:30:00,2021-09-28 14:45:00,1.1679000000000002,1.1691032142857145,sl,-428.3697262713813,9,B_15m_1h_4h,short
-1,2021-09-28 15:15:00,2021-09-28 16:00:00,1.1677300000000002,1.1686953571428573,sl,-424.08602900866754,3,B_15m_1h_4h,short
-1,2021-09-28 17:45:00,2021-09-29 10:00:00,1.16852,1.1659789285714286,tp,699.7419478642607,65,B_15m_1h_4h,short
-1,2021-09-29 12:45:00,2021-09-29 14:15:00,1.16628,1.16418,tp,711.404313662014,6,B_15m_1h_4h,short
-1,2021-09-29 15:45:00,2021-09-29 17:00:00,1.16494,1.163009642857143,tp,723.261052223045,5,B_15m_1h_4h,short
-1,2021-09-29 21:00:00,2021-09-29 21:15:00,1.15943,1.1603910714285715,sl,-441.1892418560741,1,B_15m_1h_4h,short
-1,2021-09-29 22:30:00,2021-09-30 03:15:00,1.15941,1.1602639285714287,sl,-436.77734943751335,19,B_15m_1h_4h,short
-1,2021-09-30 03:45:00,2021-09-30 04:00:00,1.15998,1.1603828571428572,sl,-432.4095759431382,1,B_15m_1h_4h,short
-1,2021-09-30 06:45:00,2021-09-30 08:45:00,1.16057,1.1598217857142858,tp,713.4758003060368,8,B_15m_1h_4h,short
-1,2021-09-30 10:15:00,2021-09-30 10:15:00,1.15923,1.1600432142857142,sl,-435.2202381867672,0,B_15m_1h_4h,short
-1,2021-09-30 11:00:00,2021-09-30 13:15:00,1.16038,1.1586710714285715,tp,718.1133930081347,9,B_15m_1h_4h,short
-1,2021-09-30 17:00:00,2021-10-01 14:30:00,1.1585,1.1599517857142858,sl,-438.0491697349808,86,B_15m_1h_4h,short
-1,2021-10-01 21:15:00,2021-10-04 01:15:00,1.1597600000000001,1.1606728571428573,sl,-433.668678037631,16,B_15m_1h_4h,short
-1,2021-10-04 03:00:00,2021-10-04 03:00:00,1.16062,1.1612146428571428,sl,-429.3319912572547,0,B_15m_1h_4h,short
-1,2021-10-04 03:30:00,2021-10-04 04:45:00,1.16074,1.1596257142857143,tp,708.3977855745172,5,B_15m_1h_4h,short
-1,2021-10-05 08:30:00,2021-10-05 09:30:00,1.1594200000000001,1.159804642857143,sl,-432.12264920042736,4,B_15m_1h_4h,short
-1,2021-10-05 12:00:00,2021-10-05 17:00:00,1.15981,1.158529642857143,tp,713.0023711807463,20,B_15m_1h_4h,short
-1,2021-10-05 19:45:00,2021-10-06 07:15:00,1.16029,1.1584810714285716,tp,724.8857440337174,46,B_15m_1h_4h,short
-1,2021-10-06 17:00:00,2021-10-06 17:45:00,1.1542000000000001,1.1551728571428572,sl,-442.1803038605677,3,B_15m_1h_4h,short
-1,2021-10-06 22:00:00,2021-10-06 22:45:00,1.15499,1.1558557142857142,sl,-437.758500821962,3,B_15m_1h_4h,short
-1,2021-10-07 04:15:00,2021-10-07 04:30:00,1.15538,1.1557914285714286,sl,-433.38091581374243,1,B_15m_1h_4h,short
-1,2021-10-07 07:45:00,2021-10-07 09:30:00,1.1555,1.1558642857142858,sl,-429.04710665560503,7,B_15m_1h_4h,short
-1,2021-10-07 15:15:00,2021-10-07 16:15:00,1.15616,1.1548707142857144,tp,707.9277259816669,4,B_15m_1h_4h,short
-1,2021-10-07 18:00:00,2021-10-08 08:45:00,1.1560300000000001,1.1541550000000003,tp,719.7265214146906,59,B_15m_1h_4h,short
-1,2021-10-08 09:00:00,2021-10-08 09:00:00,1.15412,1.1546214285714287,sl,-439.0331780630125,0,B_15m_1h_4h,short
-1,2021-10-08 10:30:00,2021-10-08 11:30:00,1.15457,1.1551957142857143,sl,-434.6428462823823,4,B_15m_1h_4h,short
-1,2021-10-11 22:30:00,2021-10-11 23:00:00,1.1557,1.1549928571428572,tp,717.1606963657807,2,B_15m_1h_4h,short
-1,2021-10-12 00:00:00,2021-10-12 05:30:00,1.15516,1.1555917857142857,sl,-437.4680247832163,22,B_15m_1h_4h,short
-1,2021-10-12 07:30:00,2021-10-12 08:00:00,1.15571,1.156115,sl,-433.0933445353841,2,B_15m_1h_4h,short
-1,2021-10-12 10:15:00,2021-10-12 11:15:00,1.15567,1.1562142857142856,sl,-428.7624110900303,4,B_15m_1h_4h,short
-1,2021-10-12 17:15:00,2021-10-12 17:45:00,1.15335,1.1545007142857144,sl,-424.47478697913,2,B_15m_1h_4h,short
-1,2021-10-12 18:30:00,2021-10-13 05:00:00,1.1541700000000001,1.1554664285714287,sl,-420.2300391093387,42,B_15m_1h_4h,short
-1,2021-10-13 11:00:00,2021-10-13 11:15:00,1.1550200000000002,1.155554642857143,sl,-416.0277387182453,1,B_15m_1h_4h,short
-1,2021-10-13 19:00:00,2021-10-13 20:00:00,1.1567100000000001,1.1582164285714287,sl,-411.8674613310629,4,B_15m_1h_4h,short
1,2021-10-13 21:45:00,2021-10-14 09:30:00,1.15859,1.1601221428571429,tp,679.5813111962865,47,B_15m_1h_4h,long
1,2021-10-14 14:15:00,2021-10-14 14:45:00,1.16153,1.1607221428571428,sl,-414.5445998297151,2,B_15m_1h_4h,long
-1,2021-10-14 20:15:00,2021-10-14 21:45:00,1.15875,1.1594935714285715,sl,-410.39915383141795,6,B_15m_1h_4h,short
1,2021-10-15 01:00:00,2021-10-15 02:30:00,1.15966,1.1591671428571428,sl,-406.2951622931038,6,B_15m_1h_4h,long
1,2021-10-15 04:00:00,2021-10-15 04:30:00,1.15943,1.1601496428571427,tp,670.3870177835522,2,B_15m_1h_4h,long
1,2021-10-15 09:30:00,2021-10-15 11:00:00,1.1609399999999999,1.1615364285714285,tp,681.5601347464266,6,B_15m_1h_4h,long
1,2021-10-15 13:15:00,2021-10-15 15:15:00,1.16079,1.159785,sl,-415.7516821954725,8,B_15m_1h_4h,long
1,2021-10-15 15:45:00,2021-10-15 15:45:00,1.1604299999999999,1.1594807142857142,sl,-411.59416537351774,0,B_15m_1h_4h,long
1,2021-10-18 01:00:00,2021-10-18 03:00:00,1.1599899999999999,1.1593289285714286,sl,-407.47822371978253,8,B_15m_1h_4h,long
-1,2021-10-18 09:30:00,2021-10-18 10:00:00,1.1572900000000002,1.1577700000000002,sl,-403.40344148258475,2,B_15m_1h_4h,short
-1,2021-10-18 11:45:00,2021-10-18 13:45:00,1.15823,1.1591,sl,-399.36940706775886,8,B_15m_1h_4h,short
1,2021-10-18 18:30:00,2021-10-19 04:00:00,1.16052,1.1626075,tp,658.9595216617554,38,B_15m_1h_4h,long
1,2021-10-19 06:45:00,2021-10-19 09:30:00,1.1645999999999999,1.1657535714285712,tp,669.9421803560357,11,B_15m_1h_4h,long
1,2021-10-19 10:30:00,2021-10-19 12:45:00,1.16526,1.166702857142857,tp,681.1078833620986,9,B_15m_1h_4h,long
1,2021-10-19 14:00:00,2021-10-19 15:15:00,1.166,1.1649446428571428,sl,-415.4758088508801,5,B_15m_1h_4h,long
1,2021-10-19 17:00:00,2021-10-19 17:30:00,1.16559,1.1646964285714283,sl,-411.3210507623713,2,B_15m_1h_4h,long
1,2021-10-20 19:30:00,2021-10-21 05:30:00,1.165,1.1664642857142857,tp,678.679733757844,40,B_15m_1h_4h,long
1,2021-10-21 15:45:00,2021-10-21 17:30:00,1.16449,1.16374,sl,-413.9946375923261,7,B_15m_1h_4h,long
1,2021-10-21 17:45:00,2021-10-21 20:00:00,1.16447,1.1634071428571429,sl,-409.8546912164028,9,B_15m_1h_4h,long
1,2021-10-21 20:30:00,2021-10-21 20:45:00,1.16398,1.1630328571428572,sl,-405.7561443042388,1,B_15m_1h_4h,long
1,2021-10-21 23:45:00,2021-10-22 09:15:00,1.16229,1.1633114285714286,tp,669.497638101897,38,B_15m_1h_4h,long
1,2021-10-22 13:30:00,2021-10-22 14:45:00,1.1643,1.1635992857142856,sl,-408.3935592422154,5,B_15m_1h_4h,long
1,2021-10-22 20:00:00,2021-10-25 06:00:00,1.1633,1.1656160714285715,tp,673.849372749634,40,B_15m_1h_4h,long
1,2021-10-25 10:30:00,2021-10-25 11:30:00,1.16533,1.1646485714285715,sl,-411.0481173772896,4,B_15m_1h_4h,long
-1,2021-10-25 18:45:00,2021-10-26 10:15:00,1.16101,1.1594278571428573,tp,678.229393672528,62,B_15m_1h_4h,short
-1,2021-10-26 23:00:00,2021-10-27 00:00:00,1.15977,1.1589717857142858,tp,689.5332169002115,4,B_15m_1h_4h,short
1,2021-10-27 19:15:00,2021-10-28 01:45:00,1.16014,1.16014,flip,0.0,26,B_15m_1h_4h,long
-1,2021-10-28 02:00:00,2021-10-28 03:00:00,1.16016,1.1595135714285716,tp,701.0254371821538,4,B_15m_1h_4h,short
1,2021-10-28 21:15:00,2021-10-29 04:30:00,1.16876,1.167622142857143,sl,-427.6255166810656,29,B_15m_1h_4h,long
-1,2021-10-29 22:30:00,2021-11-01 00:00:00,1.1554600000000002,1.1562903571428573,sl,-423.349261514255,6,B_15m_1h_4h,short
-1,2021-11-01 00:15:00,2021-11-01 06:00:00,1.15594,1.1548810714285715,tp,698.5262814985696,23,B_15m_1h_4h,short
-1,2021-11-01 08:30:00,2021-11-01 08:30:00,1.1554900000000001,1.1560482142857142,sl,-426.10103171409816,0,B_15m_1h_4h,short
-1,2021-11-01 15:30:00,2021-11-01 16:45:00,1.1574600000000002,1.1583139285714288,sl,-421.8400213969572,5,B_15m_1h_4h,short
-1,2021-11-02 20:15:00,2021-11-03 10:15:00,1.1578600000000001,1.1588500000000002,sl,-417.6216211829876,56,B_15m_1h_4h,short
-1,2021-11-03 18:45:00,2021-11-03 20:00:00,1.15781,1.1589971428571428,sl,-413.4454049711577,5,B_15m_1h_4h,short
-1,2021-11-03 20:30:00,2021-11-03 20:45:00,1.1581700000000001,1.1595264285714288,sl,-409.31095092144614,1,B_15m_1h_4h,short
-1,2021-11-04 09:30:00,2021-11-04 10:00:00,1.15754,1.1565292857142857,tp,675.3630690205345,2,B_15m_1h_4h,short
-1,2021-11-04 12:15:00,2021-11-04 14:00:00,1.15464,1.1557478571428572,sl,-411.97147210243696,7,B_15m_1h_4h,short
-1,2021-11-04 16:00:00,2021-11-04 17:15:00,1.15528,1.1532657142857143,tp,679.752928969021,5,B_15m_1h_4h,short
-1,2021-11-05 02:15:00,2021-11-05 04:45:00,1.15494,1.1542328571428573,tp,691.0821444516934,10,B_15m_1h_4h,short
-1,2021-11-05 14:45:00,2021-11-05 15:30:00,1.15238,1.1533957142857143,sl,-421.56010811561976,3,B_15m_1h_4h,short
-1,2021-11-05 16:00:00,2021-11-05 17:00:00,1.15184,1.1532007142857141,sl,-417.34450703446356,4,B_15m_1h_4h,short
-1,2021-11-08 06:00:00,2021-11-08 06:45:00,1.15572,1.15626,sl,-413.17106196411896,3,B_15m_1h_4h,short
-1,2021-11-08 07:45:00,2021-11-08 08:00:00,1.15598,1.1563935714285716,sl,-409.0393513444778,1,B_15m_1h_4h,short
-1,2021-11-08 15:45:00,2021-11-08 17:00:00,1.15708,1.1580217857142858,sl,-404.948957831033,5,B_15m_1h_4h,short
1,2021-11-08 21:15:00,2021-11-09 02:30:00,1.15882,1.1582124999999999,sl,-400.89946825272267,21,B_15m_1h_4h,long
1,2021-11-09 22:45:00,2021-11-10 00:00:00,1.15963,1.1590010714285714,sl,-396.89047357019547,5,B_15m_1h_4h,long
1,2021-11-10 01:15:00,2021-11-10 03:45:00,1.15937,1.1589167857142857,sl,-392.92156883449354,10,B_15m_1h_4h,long
-1,2021-11-10 09:15:00,2021-11-10 09:30:00,1.15733,1.1565032142857143,tp,648.3205885769725,1,B_15m_1h_4h,short
-1,2021-11-10 13:00:00,2021-11-10 13:15:00,1.15714,1.1553292857142858,tp,659.1259317198908,1,B_15m_1h_4h,short
-1,2021-11-10 17:15:00,2021-11-10 17:45:00,1.15429,1.1514257142857143,tp,670.1113639151954,2,B_15m_1h_4h,short
-1,2021-11-10 21:15:00,2021-11-11 09:45:00,1.1492900000000001,1.1464239285714288,tp,681.2798866470802,50,B_15m_1h_4h,short
-1,2021-11-11 12:45:00,2021-11-11 17:45:00,1.1464,1.1476792857142857,sl,-415.58073085473995,20,B_15m_1h_4h,short
-1,2021-11-11 18:00:00,2021-11-11 19:45:00,1.14697,1.1450378571428572,tp,685.7082059103209,7,B_15m_1h_4h,short
-1,2021-11-12 00:30:00,2021-11-12 09:30:00,1.1445,1.1450603571428573,sl,-418.2820056052958,36,B_15m_1h_4h,short
-1,2021-11-12 14:15:00,2021-11-12 17:15:00,1.1447,1.1456364285714287,sl,-414.09918554924286,12,B_15m_1h_4h,short
-1,2021-11-12 18:45:00,2021-11-15 04:00:00,1.14481,1.1461653571428572,sl,-409.95819369375045,37,B_15m_1h_4h,short
-1,2021-11-15 12:00:00,2021-11-15 17:30:00,1.1447800000000001,1.1430853571428572,tp,676.4310195946882,22,B_15m_1h_4h,short
-1,2021-11-15 22:15:00,2021-11-15 22:45:00,1.1381000000000001,1.135994642857143,tp,687.7048699212421,2,B_15m_1h_4h,short
-1,2021-11-16 00:00:00,2021-11-16 02:30:00,1.1366,1.1375364285714287,sl,-419.4999706519722,10,B_15m_1h_4h,short
-1,2021-11-16 03:30:00,2021-11-16 04:15:00,1.1373600000000001,1.138179642857143,sl,-415.30497094545245,3,B_15m_1h_4h,short
-1,2021-11-16 10:15:00,2021-11-16 12:15:00,1.1370500000000001,1.1357160714285717,tp,685.2532020598826,8,B_15m_1h_4h,short
-1,2021-11-16 14:45:00,2021-11-16 15:30:00,1.13632,1.1373367857142858,sl,-418.0044532565968,3,B_15m_1h_4h,short
-1,2021-11-16 16:00:00,2021-11-16 16:00:00,1.13611,1.134202857142857,tp,689.7073478733312,0,B_15m_1h_4h,short
-1,2021-11-16 20:30:00,2021-11-16 23:00:00,1.13306,1.13096,tp,701.2024703379154,10,B_15m_1h_4h,short
-1,2021-11-17 01:15:00,2021-11-17 02:15:00,1.13162,1.1322596428571428,sl,-427.7335069061433,4,B_15m_1h_4h,short
-1,2021-11-17 02:45:00,2021-11-17 03:00:00,1.13176,1.1323985714285714,sl,-423.45617183708185,1,B_15m_1h_4h,short
-1,2021-11-17 10:00:00,2021-11-17 10:15:00,1.13022,1.1312721428571428,sl,-419.22161011871094,1,B_15m_1h_4h,short
-1,2021-11-17 15:00:00,2021-11-17 17:45:00,1.1316300000000001,1.1297585714285716,tp,691.7156566958184,11,B_15m_1h_4h,short
-1,2021-11-17 20:45:00,2021-11-18 04:00:00,1.13171,1.1330835714285714,sl,-421.9465505844821,29,B_15m_1h_4h,short
-1,2021-11-19 14:00:00,2021-11-19 14:45:00,1.12896,1.1256707142857143,tp,696.2118084644111,3,B_15m_1h_4h,short
-1,2021-11-19 18:30:00,2021-11-19 23:30:00,1.13169,1.1282989285714287,tp,707.8153386054381,20,B_15m_1h_4h,short
-1,2021-11-22 01:15:00,2021-11-22 02:00:00,1.12792,1.1284642857142857,sl,-431.76735654933583,3,B_15m_1h_4h,short
-1,2021-11-22 03:45:00,2021-11-22 09:45:00,1.1278000000000001,1.1262571428571428,tp,712.4161383065407,24,B_15m_1h_4h,short
-1,2021-11-22 11:00:00,2021-11-22 11:15:00,1.12646,1.1277060714285714,sl,-434.5738443669078,1,B_15m_1h_4h,short
-1,2021-11-22 13:30:00,2021-11-22 16:00:00,1.12832,1.1262396428571428,tp,717.0468432054488,10,B_15m_1h_4h,short
-1,2021-11-22 19:15:00,2021-11-23 11:00:00,1.12525,1.1271946428571429,sl,-437.3985743552932,63,B_15m_1h_4h,short
-1,2021-11-23 16:30:00,2021-11-23 17:45:00,1.12481,1.1261675,sl,-433.0245886117403,5,B_15m_1h_4h,short
-1,2021-11-23 23:30:00,2021-11-24 04:00:00,1.12474,1.1238703571428572,tp,714.490571209493,18,B_15m_1h_4h,short
-1,2021-11-24 06:00:00,2021-11-24 06:30:00,1.1234600000000001,1.1240492857142859,sl,-435.8392484377178,2,B_15m_1h_4h,short
-1,2021-11-24 08:00:00,2021-11-24 08:00:00,1.12388,1.124495,sl,-431.4808559533406,0,B_15m_1h_4h,short
-1,2021-11-24 08:30:00,2021-11-24 10:00:00,1.1242100000000002,1.1248657142857144,sl,-427.16604739380716,6,B_15m_1h_4h,short
-1,2021-11-24 10:30:00,2021-11-24 10:45:00,1.12402,1.1224592857142859,tp,704.8239781996815,1,B_15m_1h_4h,short
-1,2021-11-24 14:45:00,2021-11-24 16:00:00,1.12104,1.1190685714285715,tp,716.5710445030829,5,B_15m_1h_4h,short
-1,2021-11-24 17:00:00,2021-11-25 10:00:00,1.1203400000000001,1.1220307142857144,sl,-437.10833714689676,68,B_15m_1h_4h,short
-1,2021-11-25 11:15:00,2021-11-25 11:45:00,1.12165,1.122412857142857,sl,-432.73725377542775,2,B_15m_1h_4h,short
-1,2021-11-25 15:45:00,2021-11-25 19:15:00,1.12226,1.1207278571428572,tp,714.0164687294903,14,B_15m_1h_4h,short
-1,2021-11-25 23:00:00,2021-11-25 23:30:00,1.1207200000000002,1.1210703571428573,sl,-435.5500459249684,2,B_15m_1h_4h,short
-1,2021-11-26 00:15:00,2021-11-26 00:30:00,1.12053,1.120917857142857,sl,-431.1945454657187,1,B_15m_1h_4h,short
-1,2021-11-26 00:45:00,2021-11-26 01:00:00,1.12049,1.1209217857142857,sl,-426.8826000110615,1,B_15m_1h_4h,short
-1,2021-11-26 02:00:00,2021-11-26 02:00:00,1.1208200000000001,1.1213632142857144,sl,-422.61377401095086,0,B_15m_1h_4h,short
-1,2021-11-26 03:45:00,2021-11-26 05:00:00,1.12166,1.1224764285714286,sl,-418.3876362708414,5,B_15m_1h_4h,short
1,2021-11-26 12:00:00,2021-11-26 17:15:00,1.1265399999999999,1.130270357142857,tp,690.3395998468884,21,B_15m_1h_4h,long
1,2021-11-26 20:00:00,2021-11-29 01:00:00,1.13045,1.1288171428571427,sl,-421.1071559066019,20,B_15m_1h_4h,long
-1,2021-11-29 18:45:00,2021-11-29 22:00:00,1.12652,1.1279267857142856,sl,-416.8960843475358,13,B_15m_1h_4h,short
1,2021-11-30 03:30:00,2021-11-30 04:30:00,1.12917,1.1303289285714284,tp,687.8785391735221,4,B_15m_1h_4h,long
1,2021-11-30 07:15:00,2021-11-30 07:15:00,1.13019,1.131157857142857,tp,699.3431814928324,0,B_15m_1h_4h,long
1,2021-11-30 12:45:00,2021-11-30 13:30:00,1.1369,1.1354825000000002,sl,-426.59934071072405,3,B_15m_1h_4h,long
1,2021-11-30 15:00:00,2021-11-30 16:30:00,1.1355199999999999,1.1374271428571427,tp,703.8889121726402,6,B_15m_1h_4h,long
1,2021-12-01 03:45:00,2021-12-01 03:45:00,1.13283,1.1319685714285714,sl,-429.3722364253432,0,B_15m_1h_4h,long
1,2021-12-01 10:00:00,2021-12-01 10:00:00,1.13409,1.13574,tp,708.4641901017528,0,B_15m_1h_4h,long
1,2021-12-01 20:00:00,2021-12-01 22:45:00,1.13242,1.1309264285714287,sl,-432.16315596210734,11,B_15m_1h_4h,long
1,2021-12-02 14:30:00,2021-12-02 15:30:00,1.1343999999999999,1.1332932142857142,sl,-427.84152440248624,4,B_15m_1h_4h,long
1,2021-12-02 16:30:00,2021-12-02 17:15:00,1.13404,1.1329535714285712,sl,-423.5631091584614,3,B_15m_1h_4h,long
-1,2021-12-02 23:00:00,2021-12-03 01:30:00,1.12979,1.1305057142857144,sl,-419.3274780668767,10,B_15m_1h_4h,short
-1,2021-12-03 06:45:00,2021-12-03 08:45:00,1.12972,1.1288075,tp,691.890338810515,8,B_15m_1h_4h,short
-1,2021-12-03 10:45:00,2021-12-03 12:00:00,1.129,1.129797142857143,sl,-422.05310667431326,5,B_15m_1h_4h,short
-1,2021-12-06 05:00:00,2021-12-06 09:00:00,1.12908,1.1280139285714286,tp,696.3876260126168,16,B_15m_1h_4h,short
-1,2021-12-06 19:00:00,2021-12-07 08:15:00,1.12811,1.1294664285714286,sl,-424.79645186769625,53,B_15m_1h_4h,short
-1,2021-12-07 15:00:00,2021-12-07 15:30:00,1.1251900000000001,1.1233078571428572,tp,700.9141455817264,2,B_15m_1h_4h,short
-1,2021-12-07 18:15:00,2021-12-07 21:15:00,1.12418,1.1256199999999998,sl,-427.5576288048365,12,B_15m_1h_4h,short
1,2021-12-08 19:15:00,2021-12-09 09:30:00,1.1336199999999999,1.1321767857142857,sl,-423.28205251678816,57,B_15m_1h_4h,long
-1,2021-12-10 15:30:00,2021-12-10 15:30:00,1.12669,1.1276017857142857,sl,-419.0492319916203,0,B_15m_1h_4h,short
1,2021-12-10 22:45:00,2021-12-13 00:00:00,1.1315899999999999,1.1309299999999998,sl,-414.85873967170403,5,B_15m_1h_4h,long
1,2021-12-13 01:15:00,2021-12-13 02:45:00,1.1315199999999999,1.1308846428571429,sl,-410.71015227498697,6,B_15m_1h_4h,long
1,2021-12-13 03:30:00,2021-12-13 03:45:00,1.13111,1.1303803571428572,sl,-406.6030507522371,1,B_15m_1h_4h,long
-1,2021-12-13 15:00:00,2021-12-13 15:30:00,1.12757,1.1285760714285713,sl,-402.53702024471477,2,B_15m_1h_4h,short
-1,2021-12-13 16:00:00,2021-12-13 16:00:00,1.12836,1.1295160714285715,sl,-398.5116500422676,0,B_15m_1h_4h,short
-1,2021-12-14 02:45:00,2021-12-14 04:00:00,1.1279700000000001,1.1283567857142858,sl,-394.5265335418449,5,B_15m_1h_4h,short
-1,2021-12-14 04:45:00,2021-12-14 10:00:00,1.12792,1.1270110714285715,tp,650.9687803440971,21,B_15m_1h_4h,short
-1,2021-12-14 20:30:00,2021-12-15 08:45:00,1.12652,1.1275164285714285,sl,-397.09095600986745,49,B_15m_1h_4h,short
-1,2021-12-15 14:45:00,2021-12-15 15:15:00,1.12696,1.1256439285714284,tp,655.2000774164287,2,B_15m_1h_4h,short
-1,2021-12-15 16:15:00,2021-12-15 21:00:00,1.12629,1.1244882142857142,tp,666.1200787066099,19,B_15m_1h_4h,short
1,2021-12-16 14:15:00,2021-12-16 14:45:00,1.13031,1.1321332142857141,tp,677.2220800182495,2,B_15m_1h_4h,long
1,2021-12-17 01:15:00,2021-12-17 03:15:00,1.13329,1.1325785714285714,sl,-413.1054688111817,8,B_15m_1h_4h,long
1,2021-12-17 14:45:00,2021-12-17 15:45:00,1.13228,1.1312332142857142,sl,-408.97441412306983,4,B_15m_1h_4h,long
-1,2021-12-17 22:00:00,2021-12-17 22:45:00,1.12514,1.1237989285714287,tp,674.8077833029907,3,B_15m_1h_4h,short
-1,2021-12-17 23:45:00,2021-12-20 02:00:00,1.12354,1.1244164285714286,sl,-411.632747814869,9,B_15m_1h_4h,short
-1,2021-12-20 03:15:00,2021-12-20 05:15:00,1.12443,1.1250203571428572,sl,-407.51642033672033,8,B_15m_1h_4h,short
-1,2021-12-20 07:00:00,2021-12-20 07:45:00,1.12487,1.1254517857142858,sl,-403.4412561333532,3,B_15m_1h_4h,short
-1,2021-12-20 08:30:00,2021-12-20 09:30:00,1.1250200000000001,1.1255739285714286,sl,-399.4068435720196,4,B_15m_1h_4h,short
-1,2021-12-21 00:30:00,2021-12-21 03:30:00,1.12755,1.1282614285714285,sl,-395.4127751362995,12,B_15m_1h_4h,short
-1,2021-12-21 19:45:00,2021-12-21 21:30:00,1.12652,1.1278517857142856,sl,-391.4586473849365,7,B_15m_1h_4h,short
-1,2021-12-22 04:00:00,2021-12-22 04:30:00,1.12862,1.1275360714285714,tp,645.9067681851893,2,B_15m_1h_4h,short
-1,2021-12-22 08:00:00,2021-12-22 10:00:00,1.12703,1.1275239285714287,sl,-394.00312859293905,8,B_15m_1h_4h,short
1,2021-12-22 16:00:00,2021-12-22 18:00:00,1.1311799999999999,1.133121071428571,tp,650.1051621783247,8,B_15m_1h_4h,long
1,2021-12-22 19:30:00,2021-12-23 10:45:00,1.13285,1.1314775,sl,-396.56414892879286,61,B_15m_1h_4h,long
1,2021-12-23 21:30:00,2021-12-24 00:00:00,1.1331799999999999,1.1322264285714283,sl,-392.598507439505,10,B_15m_1h_4h,long
1,2021-12-24 00:45:00,2021-12-24 10:45:00,1.13273,1.1340264285714288,tp,647.7875372752571,40,B_15m_1h_4h,long
1,2021-12-24 13:00:00,2021-12-24 13:15:00,1.13416,1.1336660714285716,sl,-395.15039773786253,1,B_15m_1h_4h,long
1,2021-12-24 15:45:00,2021-12-24 17:45:00,1.13245,1.1314728571428572,sl,-391.19889376048394,8,B_15m_1h_4h,long
1,2021-12-27 04:45:00,2021-12-27 07:45:00,1.1320299999999999,1.1314374999999999,sl,-387.2869048228791,12,B_15m_1h_4h,long
1,2021-12-27 08:45:00,2021-12-27 09:45:00,1.13205,1.1327160714285713,tp,639.0233929576084,4,B_15m_1h_4h,long
1,2021-12-27 20:00:00,2021-12-28 04:00:00,1.13275,1.1318221428571427,sl,-389.80426970422633,32,B_15m_1h_4h,long
1,2021-12-28 05:00:00,2021-12-28 09:45:00,1.13238,1.1318517857142856,sl,-385.90622700718404,19,B_15m_1h_4h,long
1,2021-12-28 10:30:00,2021-12-28 10:30:00,1.13261,1.132022857142857,sl,-382.04716473711227,0,B_15m_1h_4h,long
1,2021-12-28 11:00:00,2021-12-28 16:00:00,1.1323999999999999,1.1316810714285712,sl,-378.22669308974116,20,B_15m_1h_4h,long
1,2021-12-28 18:15:00,2021-12-28 19:45:00,1.13085,1.13098,flip,34.65491256598473,6,B_15m_1h_4h,long
-1,2021-12-28 20:00:00,2021-12-29 10:15:00,1.13098,1.1286210714285716,tp,624.651625474212,57,B_15m_1h_4h,short
-1,2021-12-29 14:45:00,2021-12-29 15:15:00,1.12945,1.1305053571428572,sl,-381.03749153924576,2,B_15m_1h_4h,short
1,2021-12-29 20:45:00,2021-12-30 01:45:00,1.1339599999999999,1.1358939285714285,tp,628.7118610397796,20,B_15m_1h_4h,long
1,2021-12-30 09:45:00,2021-12-30 09:45:00,1.13243,1.1318407142857143,sl,-383.5142352342511,0,B_15m_1h_4h,long
-1,2021-12-30 11:30:00,2021-12-30 12:00:00,1.13006,1.1309857142857143,sl,-379.6790928819086,2,B_15m_1h_4h,short
1,2021-12-30 18:00:00,2021-12-30 19:15:00,1.13309,1.1310425,sl,-375.8823019530895,5,B_15m_1h_4h,long
1,2021-12-31 01:15:00,2021-12-31 04:30:00,1.13242,1.1316292857142858,sl,-372.1234789335586,13,B_15m_1h_4h,long
1,2021-12-31 14:30:00,2021-12-31 15:45:00,1.133,1.1351803571428571,tp,614.00374024033,5,B_15m_1h_4h,long
1,2021-12-31 22:15:00,2021-12-31 22:45:00,1.13842,1.1377546428571428,sl,-374.5422815466263,2,B_15m_1h_4h,long
1,2022-01-03 15:00:00,2022-01-03 15:45:00,1.13591,1.1346992857142857,sl,-370.7968587311601,3,B_15m_1h_4h,long
-1,2022-01-03 22:30:00,2022-01-04 02:00:00,1.1296000000000002,1.1303210714285716,sl,-367.0888901438484,14,B_15m_1h_4h,short
-1,2022-01-04 10:30:00,2022-01-04 11:15:00,1.12957,1.1304871428571428,sl,-363.41800124240996,3,B_15m_1h_4h,short
-1,2022-01-04 13:00:00,2022-01-04 14:15:00,1.1294300000000002,1.1273121428571429,tp,599.6397020500393,5,B_15m_1h_4h,short
-1,2022-01-04 15:45:00,2022-01-04 17:00:00,1.12811,1.1293892857142858,sl,-365.7802182504862,5,B_15m_1h_4h,short
-1,2022-01-04 22:30:00,2022-01-05 04:15:00,1.12816,1.1290117857142858,sl,-362.1224160679813,23,B_15m_1h_4h,short
-1,2022-01-05 06:15:00,2022-01-05 08:00:00,1.1289200000000001,1.1294835714285716,sl,-358.50119190730146,7,B_15m_1h_4h,short
1,2022-01-05 19:15:00,2022-01-05 21:00:00,1.1338899999999998,1.132680357142857,sl,-354.91617998822846,7,B_15m_1h_4h,long
-1,2022-01-06 22:00:00,2022-01-06 23:30:00,1.12864,1.129579642857143,sl,-351.3670181883462,6,B_15m_1h_4h,short
-1,2022-01-07 00:30:00,2022-01-07 03:45:00,1.12938,1.1300582142857143,sl,-347.8533480064628,13,B_15m_1h_4h,short
1,2022-01-07 20:00:00,2022-01-10 04:45:00,1.13566,1.1343014285714286,sl,-344.3748145263981,35,B_15m_1h_4h,long
-1,2022-01-10 20:00:00,2022-01-10 21:30:00,1.1327800000000001,1.13269,flip,24.435332402781466,6,B_15m_1h_4h,short
1,2022-01-10 21:45:00,2022-01-11 00:00:00,1.13269,1.1318971428571427,sl,-341.17541970516197,9,B_15m_1h_4h,long
1,2022-01-11 00:45:00,2022-01-11 03:15:00,1.13275,1.1337892857142855,tp,562.9394425134772,10,B_15m_1h_4h,long
1,2022-01-11 05:30:00,2022-01-11 08:30:00,1.13417,1.1335635714285712,sl,-343.3930599332451,12,B_15m_1h_4h,long
1,2022-01-11 09:15:00,2022-01-11 09:30:00,1.13417,1.1336010714285714,sl,-339.9591293339126,1,B_15m_1h_4h,long
1,2022-01-11 10:00:00,2022-01-11 11:45:00,1.13421,1.1335007142857143,sl,-336.55953804057356,7,B_15m_1h_4h,long
1,2022-01-11 13:30:00,2022-01-11 16:00:00,1.13333,1.1322542857142857,sl,-333.1939426601678,10,B_15m_1h_4h,long
1,2022-01-11 17:15:00,2022-01-11 18:00:00,1.13358,1.135674642857143,tp,549.7700053892576,3,B_15m_1h_4h,long
1,2022-01-11 21:45:00,2022-01-12 09:30:00,1.1366399999999999,1.1356907142857142,sl,-335.3597032874587,47,B_15m_1h_4h,long
1,2022-01-12 10:15:00,2022-01-12 10:15:00,1.1364999999999998,1.1358442857142856,sl,-332.0061062545841,0,B_15m_1h_4h,long
1,2022-01-12 21:15:00,2022-01-13 09:30:00,1.14452,1.146145,tp,547.8100753200888,49,B_15m_1h_4h,long
1,2022-01-13 14:30:00,2022-01-13 17:30:00,1.1467399999999999,1.145432857142857,sl,-334.16414594523917,12,B_15m_1h_4h,long
1,2022-01-13 18:30:00,2022-01-13 22:45:00,1.14679,1.1452010714285714,sl,-330.8225044857868,17,B_15m_1h_4h,long
1,2022-01-14 07:45:00,2022-01-14 08:45:00,1.14814,1.1475078571428572,sl,-327.51427944092893,4,B_15m_1h_4h,long
1,2022-01-14 10:15:00,2022-01-14 11:00:00,1.14705,1.1462292857142855,sl,-324.2391366465196,3,B_15m_1h_4h,long
1,2022-01-14 13:15:00,2022-01-14 13:30:00,1.1458899999999999,1.1449010714285712,sl,-320.9967452800544,1,B_15m_1h_4h,long
-1,2022-01-18 09:15:00,2022-01-18 09:30:00,1.1393900000000001,1.1403510714285716,sl,-317.78677782725384,1,B_15m_1h_4h,short
-1,2022-01-18 10:00:00,2022-01-18 15:00:00,1.13967,1.1381217857142856,tp,524.3481834149438,20,B_15m_1h_4h,short
-1,2022-01-18 16:15:00,2022-01-18 17:15:00,1.137,1.1350517857142857,tp,533.0873198051775,4,B_15m_1h_4h,short
-1,2022-01-18 22:30:00,2022-01-19 07:30:00,1.13245,1.1332921428571427,sl,-325.1832650811825,36,B_15m_1h_4h,short
-1,2022-01-19 08:00:00,2022-01-19 08:15:00,1.13294,1.1334007142857143,sl,-321.93143243037076,1,B_15m_1h_4h,short
-1,2022-01-19 15:45:00,2022-01-19 16:45:00,1.1342,1.1351278571428574,sl,-318.712118106067,4,B_15m_1h_4h,short
-1,2022-01-19 17:30:00,2022-01-19 18:15:00,1.13408,1.1354525,sl,-315.52499692500635,3,B_15m_1h_4h,short
-1,2022-01-20 16:45:00,2022-01-20 20:00:00,1.13436,1.1326046428571428,tp,520.6162449263044,13,B_15m_1h_4h,short
-1,2022-01-20 22:45:00,2022-01-21 02:00:00,1.13074,1.1315982142857144,sl,-317.57590940501933,13,B_15m_1h_4h,short
-1,2022-01-21 02:30:00,2022-01-21 03:30:00,1.13057,1.131215,sl,-314.40015031096914,4,B_15m_1h_4h,short
-1,2022-01-24 07:00:00,2022-01-24 07:45:00,1.13287,1.1321521428571428,tp,518.7602480131526,3,B_15m_1h_4h,short
-1,2022-01-24 10:15:00,2022-01-24 10:30:00,1.13185,1.1326225,sl,-316.44375128799095,1,B_15m_1h_4h,short
-1,2022-01-24 11:00:00,2022-01-24 11:15:00,1.13211,1.1331589285714285,sl,-313.27931377511106,1,B_15m_1h_4h,short
-1,2022-01-24 11:45:00,2022-01-24 13:45:00,1.13272,1.1308164285714284,tp,516.9108677289131,8,B_15m_1h_4h,short
-1,2022-01-24 19:00:00,2022-01-24 19:30:00,1.131,1.1324914285714285,sl,-315.3156293146491,2,B_15m_1h_4h,short
-1,2022-01-25 01:15:00,2022-01-25 04:30:00,1.13238,1.131305,tp,520.2707883691351,13,B_15m_1h_4h,short
-1,2022-01-25 06:45:00,2022-01-25 10:30:00,1.13101,1.1300403571428572,tp,528.9419681752426,15,B_15m_1h_4h,short
-1,2022-01-25 10:45:00,2022-01-25 11:30:00,1.1304,1.1287535714285715,tp,537.7576676448864,3,B_15m_1h_4h,short
-1,2022-01-25 15:00:00,2022-01-25 15:15:00,1.12671,1.1276282142857144,sl,-328.0321772633952,1,B_15m_1h_4h,short
-1,2022-01-25 17:45:00,2022-01-25 18:30:00,1.12737,1.1284885714285715,sl,-324.7518554907613,3,B_15m_1h_4h,short
-1,2022-01-26 03:00:00,2022-01-26 04:00:00,1.13025,1.1307492857142858,sl,-321.50433693585364,4,B_15m_1h_4h,short
-1,2022-01-26 05:00:00,2022-01-26 08:45:00,1.1305800000000001,1.129799642857143,tp,530.4821559442089,15,B_15m_1h_4h,short
-1,2022-01-26 17:30:00,2022-01-26 20:00:00,1.1282100000000002,1.1292278571428573,sl,-323.5941151259372,10,B_15m_1h_4h,short
-1,2022-01-26 21:00:00,2022-01-26 21:00:00,1.12837,1.129197142857143,sl,-320.35817397467787,0,B_15m_1h_4h,short
-1,2022-01-26 21:30:00,2022-01-26 21:30:00,1.1287800000000001,1.1270121428571431,tp,528.5909870582185,0,B_15m_1h_4h,short
-1,2022-01-27 02:30:00,2022-01-27 05:00:00,1.12359,1.122522142857143,tp,537.4008368424476,10,B_15m_1h_4h,short
-1,2022-01-27 07:00:00,2022-01-27 09:15:00,1.1221700000000001,1.121145,tp,546.357517456563,9,B_15m_1h_4h,short
-1,2022-01-27 17:30:00,2022-01-27 18:00:00,1.11452,1.1160424999999998,sl,-333.2780856485034,2,B_15m_1h_4h,short
-1,2022-01-27 19:00:00,2022-01-28 15:30:00,1.11418,1.1159092857142856,sl,-329.94530479201836,82,B_15m_1h_4h,short
-1,2022-01-31 00:15:00,2022-01-31 01:45:00,1.1143800000000001,1.1151664285714287,sl,-326.6458517440982,6,B_15m_1h_4h,short
-1,2022-01-31 03:00:00,2022-01-31 03:45:00,1.11445,1.115160357142857,sl,-323.3793932266572,3,B_15m_1h_4h,short
1,2022-02-01 09:15:00,2022-02-01 09:30:00,1.12421,1.1252707142857143,tp,533.5759988239845,1,B_15m_1h_4h,long
1,2022-02-01 13:30:00,2022-02-01 14:45:00,1.12751,1.1262157142857143,sl,-325.4813592826305,5,B_15m_1h_4h,long
1,2022-02-01 16:00:00,2022-02-01 17:00:00,1.1266399999999999,1.1255042857142856,sl,-322.22654568980414,4,B_15m_1h_4h,long
1,2022-02-02 01:15:00,2022-02-02 09:45:00,1.12711,1.1281725000000002,tp,531.673800388214,34,B_15m_1h_4h,long
1,2022-02-03 01:00:00,2022-02-03 01:15:00,1.13036,1.129837142857143,sl,-324.32101823678823,1,B_15m_1h_4h,long
1,2022-02-03 21:15:00,2022-02-03 21:45:00,1.145,1.1431335714285713,sl,-321.07780805442036,2,B_15m_1h_4h,long
1,2022-02-03 23:15:00,2022-02-04 04:30:00,1.14377,1.1456825,tp,529.7783832897527,21,B_15m_1h_4h,long
1,2022-02-04 06:45:00,2022-02-04 07:30:00,1.14715,1.1463024999999998,sl,-323.1648138067737,3,B_15m_1h_4h,long
1,2022-02-04 09:45:00,2022-02-04 10:00:00,1.1457899999999999,1.1449521428571428,sl,-319.93316566870595,1,B_15m_1h_4h,long
1,2022-02-04 16:15:00,2022-02-04 16:30:00,1.14571,1.1436110714285714,sl,-316.7338340120189,1,B_15m_1h_4h,long
1,2022-02-04 17:30:00,2022-02-08 08:00:00,1.144,1.1414242857142856,sl,-313.56649567189874,154,B_15m_1h_4h,long
1,2022-02-08 20:45:00,2022-02-09 09:45:00,1.14163,1.1403871428571428,sl,-310.43083071517975,52,B_15m_1h_4h,long
1,2022-02-09 10:15:00,2022-02-09 12:00:00,1.14166,1.1429349999999998,tp,512.2108706800763,7,B_15m_1h_4h,long
1,2022-02-09 14:15:00,2022-02-09 16:15:00,1.14382,1.1428010714285715,sl,-312.4486311148287,8,B_15m_1h_4h,long
1,2022-02-09 16:45:00,2022-02-09 22:15:00,1.14351,1.1422939285714286,sl,-309.3241448036804,22,B_15m_1h_4h,long
1,2022-02-10 00:45:00,2022-02-10 01:30:00,1.14225,1.14199,flip,-130.83104321766197,3,B_15m_1h_4h,long
-1,2022-02-10 01:45:00,2022-02-10 04:45:00,1.14199,1.1425267857142858,sl,-304.922592923467,12,B_15m_1h_4h,short
1,2022-02-10 08:15:00,2022-02-10 08:15:00,1.14271,1.1422310714285713,sl,-301.8733669942323,0,B_15m_1h_4h,long
1,2022-02-10 09:15:00,2022-02-10 09:15:00,1.1426399999999999,1.1421353571428572,sl,-298.85463332429,0,B_15m_1h_4h,long
1,2022-02-10 09:45:00,2022-02-10 10:30:00,1.14289,1.1422396428571429,sl,-295.8660869910471,3,B_15m_1h_4h,long
1,2022-02-10 14:45:00,2022-02-10 15:30:00,1.14373,1.1427174999999998,sl,-292.90742612113667,3,B_15m_1h_4h,long
-1,2022-02-11 05:30:00,2022-02-11 06:15:00,1.14008,1.1381192857142857,tp,483.2972530998572,3,B_15m_1h_4h,short
-1,2022-02-11 08:00:00,2022-02-11 08:45:00,1.13856,1.1372260714285714,tp,491.3522073182064,3,B_15m_1h_4h,short
-1,2022-02-11 11:15:00,2022-02-11 12:45:00,1.13846,1.1396857142857144,sl,-299.7248464641059,6,B_15m_1h_4h,short
-1,2022-02-14 00:15:00,2022-02-14 01:45:00,1.13391,1.1361525,sl,-296.7275979994649,6,B_15m_1h_4h,short
-1,2022-02-14 08:15:00,2022-02-14 09:45:00,1.1346500000000002,1.133719642857143,tp,489.6005366990781,6,B_15m_1h_4h,short
-1,2022-02-14 13:00:00,2022-02-14 14:30:00,1.1313,1.1329414285714285,sl,-298.656327386461,6,B_15m_1h_4h,short
-1,2022-02-14 16:00:00,2022-02-14 21:15:00,1.1314600000000001,1.128292142857143,tp,492.78294018768366,21,B_15m_1h_4h,short
-1,2022-02-15 00:15:00,2022-02-15 02:15:00,1.12998,1.1312389285714286,sl,-300.59759351447326,8,B_15m_1h_4h,short
1,2022-02-16 13:30:00,2022-02-16 14:45:00,1.13818,1.1367432142857143,sl,-297.5916175793285,5,B_15m_1h_4h,long
1,2022-02-16 22:45:00,2022-02-16 23:15:00,1.13862,1.1374875,sl,-294.6157014035352,2,B_15m_1h_4h,long
1,2022-02-17 22:30:00,2022-02-18 10:30:00,1.13612,1.1373967857142857,tp,486.11590731574864,48,B_15m_1h_4h,long
-1,2022-02-18 22:15:00,2022-02-21 02:45:00,1.13264,1.1335421428571428,sl,-296.53070346265736,18,B_15m_1h_4h,short
-1,2022-02-21 19:45:00,2022-02-21 20:45:00,1.13372,1.1316932142857143,tp,489.27566071340254,4,B_15m_1h_4h,short
-1,2022-02-22 00:00:00,2022-02-22 02:15:00,1.13064,1.13154,sl,-298.4581530351648,9,B_15m_1h_4h,short
-1,2022-02-22 03:15:00,2022-02-22 10:15:00,1.13038,1.1313817857142856,sl,-295.47357150481315,28,B_15m_1h_4h,short
-1,2022-02-22 23:00:00,2022-02-23 02:00:00,1.13232,1.1333807142857142,sl,-292.51883578976503,12,B_15m_1h_4h,short
-1,2022-02-23 03:45:00,2022-02-23 03:45:00,1.13303,1.1335078571428572,sl,-289.5936474318674,0,B_15m_1h_4h,short
-1,2022-02-23 07:30:00,2022-02-23 08:00:00,1.13226,1.1328064285714285,sl,-286.69771095754874,2,B_15m_1h_4h,short
-1,2022-02-23 09:00:00,2022-02-23 09:30:00,1.1321700000000001,1.1326842857142858,sl,-283.8307338479732,2,B_15m_1h_4h,short
-1,2022-02-23 21:45:00,2022-02-24 02:30:00,1.1304,1.1287892857142858,tp,468.32071084913446,19,B_15m_1h_4h,short
-1,2022-02-24 04:15:00,2022-02-24 04:45:00,1.1288,1.1269928571428574,tp,476.1260560299553,2,B_15m_1h_4h,short
-1,2022-02-24 07:15:00,2022-02-24 10:00:00,1.12338,1.1256942857142858,sl,-290.43689417828443,11,B_15m_1h_4h,short
-1,2022-02-24 10:30:00,2022-02-24 11:45:00,1.1252600000000001,1.1218189285714288,tp,479.2208753941383,5,B_15m_1h_4h,short
-1,2022-02-24 14:45:00,2022-02-24 17:45:00,1.11696,1.1124564285714287,tp,487.2078899840716,12,B_15m_1h_4h,short
-1,2022-02-24 22:00:00,2022-02-24 22:15:00,1.11867,1.1213646428571429,sl,-297.19681289028364,1,B_15m_1h_4h,short
-1,2022-02-25 03:30:00,2022-02-25 04:15:00,1.11958,1.120765,sl,-294.22484476138084,3,B_15m_1h_4h,short
-1,2022-02-25 04:45:00,2022-02-25 05:45:00,1.12047,1.1217985714285714,sl,-291.282596313767,4,B_15m_1h_4h,short
-1,2022-02-25 13:15:00,2022-02-25 14:00:00,1.11708,1.1190846428571428,sl,-288.3697703506293,3,B_15m_1h_4h,short
-1,2022-02-25 16:15:00,2022-02-25 16:45:00,1.1221,1.1243264285714287,sl,-285.486072647123,2,B_15m_1h_4h,short
-1,2022-02-25 18:45:00,2022-02-25 22:30:00,1.1246,1.1268757142857142,sl,-282.6312119206518,15,B_15m_1h_4h,short
-1,2022-02-28 10:15:00,2022-02-28 12:00:00,1.11717,1.118904642857143,sl,-279.8048998014453,7,B_15m_1h_4h,short
-1,2022-02-28 17:30:00,2022-02-28 18:00:00,1.12145,1.1236421428571428,sl,-277.00685080343084,2,B_15m_1h_4h,short
-1,2022-02-28 18:15:00,2022-02-28 18:15:00,1.12202,1.1245625,sl,-274.2367822953965,0,B_15m_1h_4h,short
-1,2022-02-28 18:45:00,2022-03-01 12:00:00,1.1227,1.1180142857142856,tp,452.4906907874328,69,B_15m_1h_4h,short
-1,2022-03-01 16:00:00,2022-03-01 17:00:00,1.11598,1.1131496428571428,tp,460.0322023005402,4,B_15m_1h_4h,short
-1,2022-03-01 20:00:00,2022-03-01 21:30:00,1.1108200000000001,1.1131985714285717,sl,-280.61964340332224,6,B_15m_1h_4h,short
-1,2022-03-01 22:30:00,2022-03-02 09:15:00,1.11201,1.108765357142857,tp,463.0224116155029,43,B_15m_1h_4h,short
-1,2022-03-02 11:00:00,2022-03-02 14:00:00,1.10851,1.1103892857142859,sl,-282.44367108544407,12,B_15m_1h_4h,short
-1,2022-03-02 14:45:00,2022-03-02 14:45:00,1.10966,1.1119025000000002,sl,-279.61923437458967,0,B_15m_1h_4h,short
-1,2022-03-02 19:30:00,2022-03-02 20:30:00,1.1084800000000001,1.1117864285714287,sl,-276.82304203084374,4,B_15m_1h_4h,short
-1,2022-03-03 05:45:00,2022-03-03 08:45:00,1.1096000000000001,1.110547142857143,sl,-274.05481161053535,12,B_15m_1h_4h,short
-1,2022-03-03 09:15:00,2022-03-03 10:30:00,1.10999,1.1087542857142858,tp,452.1904391574375,5,B_15m_1h_4h,short
-1,2022-03-03 15:00:00,2022-03-03 16:00:00,1.10751,1.1088064285714285,sl,-275.8361678860044,4,B_15m_1h_4h,short
-1,2022-03-03 17:00:00,2022-03-03 18:00:00,1.10792,1.105152142857143,tp,455.12967701188285,4,B_15m_1h_4h,short
-1,2022-03-03 21:45:00,2022-03-04 02:15:00,1.10579,1.1029257142857143,tp,462.7151716287719,18,B_15m_1h_4h,short
-1,2022-03-04 07:30:00,2022-03-04 09:15:00,1.10311,1.1010671428571428,tp,470.4270911559011,7,B_15m_1h_4h,short
-1,2022-03-04 12:15:00,2022-03-04 13:15:00,1.10086,1.0986367857142856,tp,478.2675426751672,4,B_15m_1h_4h,short
-1,2022-03-04 21:45:00,2022-03-04 23:45:00,1.09257,1.0939392857142858,sl,-291.74320103186153,8,B_15m_1h_4h,short
-1,2022-03-07 08:45:00,2022-03-07 09:15:00,1.08712,1.0889617857142857,sl,-288.8257690215429,2,B_15m_1h_4h,short
-1,2022-03-07 20:00:00,2022-03-07 20:15:00,1.08742,1.0898028571428573,sl,-285.93751133132747,1,B_15m_1h_4h,short
-1,2022-03-07 21:00:00,2022-03-08 10:00:00,1.08793,1.0901489285714285,sl,-283.0781362180142,52,B_15m_1h_4h,short
-1,2022-03-08 11:15:00,2022-03-08 14:00:00,1.08822,1.0910196428571428,sl,-280.2473548558341,11,B_15m_1h_4h,short
-1,2022-03-08 15:15:00,2022-03-08 15:45:00,1.08905,1.0913867857142858,sl,-277.44488130727575,2,B_15m_1h_4h,short
-1,2022-03-09 08:45:00,2022-03-09 10:00:00,1.09164,1.0926675,sl,-274.670432494203,5,B_15m_1h_4h,short
1,2022-03-09 17:45:00,2022-03-09 19:30:00,1.10446,1.109265357142857,tp,453.2062136154279,7,B_15m_1h_4h,long
1,2022-03-09 21:45:00,2022-03-10 02:15:00,1.10792,1.1056485714285715,sl,-276.45579030541523,18,B_15m_1h_4h,long
-1,2022-03-10 23:00:00,2022-03-10 23:30:00,1.09764,1.0986717857142856,sl,-273.69123240236104,2,B_15m_1h_4h,short
1,2022-03-11 04:15:00,2022-03-11 06:45:00,1.09986,1.1000400000000001,flip,35.25974111013252,10,B_15m_1h_4h,long
-1,2022-03-11 07:00:00,2022-03-11 07:30:00,1.10009,1.10023,flip,-36.137380786912466,2,B_15m_1h_4h,short
1,2022-03-11 07:45:00,2022-03-11 09:30:00,1.10023,1.0992710714285714,sl,-270.94554368156963,7,B_15m_1h_4h,long
-1,2022-03-11 14:45:00,2022-03-11 17:00:00,1.1009200000000001,1.0965039285714286,tp,447.0601470745749,9,B_15m_1h_4h,short
-1,2022-03-15 00:45:00,2022-03-15 02:00:00,1.09369,1.0948407142857144,sl,-272.7066897154997,5,B_15m_1h_4h,short
-1,2022-03-15 03:30:00,2022-03-15 04:00:00,1.0946200000000001,1.0956935714285716,sl,-269.97962281834475,2,B_15m_1h_4h,short
-1,2022-03-16 09:15:00,2022-03-16 09:45:00,1.0970900000000001,1.0958328571428573,tp,445.46637765026884,2,B_15m_1h_4h,short
-1,2022-03-16 11:30:00,2022-03-16 12:00:00,1.09844,1.1000910714285714,sl,-271.734490366664,2,B_15m_1h_4h,short
1,2022-03-17 02:00:00,2022-03-17 02:30:00,1.1021699999999999,1.1037271428571427,tp,448.361909104953,2,B_15m_1h_4h,long
1,2022-03-17 05:00:00,2022-03-17 07:15:00,1.10425,1.1028657142857141,sl,-273.50076455404684,9,B_15m_1h_4h,long
1,2022-03-17 13:00:00,2022-03-17 16:15:00,1.10474,1.1076435714285715,tp,451.27626151416575,13,B_15m_1h_4h,long
1,2022-03-18 21:15:00,2022-03-21 01:45:00,1.10557,1.1040646428571428,sl,-275.278519523648,14,B_15m_1h_4h,long
-1,2022-03-22 06:15:00,2022-03-22 08:00:00,1.0993300000000001,1.0975764285714287,tp,454.2095572140384,7,B_15m_1h_4h,short
-1,2022-03-22 21:45:00,2022-03-23 00:15:00,1.1026500000000001,1.1034278571428573,sl,-277.06782990055194,10,B_15m_1h_4h,short
-1,2022-03-23 13:30:00,2022-03-23 17:15:00,1.09799,1.0995382142857142,sl,-274.29715160154643,15,B_15m_1h_4h,short
-1,2022-03-23 19:15:00,2022-03-24 10:00:00,1.09996,1.0973742857142859,tp,452.5903001425775,59,B_15m_1h_4h,short
-1,2022-03-24 11:00:00,2022-03-24 11:00:00,1.09768,1.0990932142857144,sl,-276.08008308695673,0,B_15m_1h_4h,short
-1,2022-03-24 12:00:00,2022-03-24 17:00:00,1.09873,1.1003317857142858,sl,-273.3192822560872,20,B_15m_1h_4h,short
1,2022-03-25 06:15:00,2022-03-25 08:30:00,1.10326,1.1023010714285713,sl,-270.5860894335263,9,B_15m_1h_4h,long
1,2022-03-25 09:00:00,2022-03-25 10:00:00,1.10284,1.1020460714285714,sl,-267.880228539191,4,B_15m_1h_4h,long
-1,2022-03-25 20:30:00,2022-03-28 04:15:00,1.0987200000000001,1.096134285714286,tp,442.00237708962726,27,B_15m_1h_4h,short
-1,2022-03-28 08:15:00,2022-03-28 09:15:00,1.09504,1.0957825,sl,-269.6214500246954,4,B_15m_1h_4h,short
-1,2022-03-28 10:15:00,2022-03-28 10:30:00,1.0949,1.0958053571428572,sl,-266.9252355244484,1,B_15m_1h_4h,short
-1,2022-03-28 11:00:00,2022-03-28 11:15:00,1.09507,1.0960782142857144,sl,-264.2559831692039,1,B_15m_1h_4h,short
-1,2022-03-28 18:15:00,2022-03-28 19:00:00,1.0967500000000001,1.0983389285714287,sl,-261.61342333751185,3,B_15m_1h_4h,short
-1,2022-03-29 02:00:00,2022-03-29 02:00:00,1.09871,1.0994996428571429,sl,-258.9972891041367,0,B_15m_1h_4h,short
1,2022-03-29 21:45:00,2022-03-30 04:15:00,1.10865,1.1110089285714286,tp,427.34552702182566,26,B_15m_1h_4h,long
1,2022-03-30 09:30:00,2022-03-30 09:45:00,1.11167,1.1108021428571428,sl,-260.6807714833136,1,B_15m_1h_4h,long
1,2022-03-30 14:30:00,2022-03-30 15:15:00,1.11399,1.1119489285714286,sl,-258.0739637684805,3,B_15m_1h_4h,long
1,2022-03-30 15:45:00,2022-03-30 16:45:00,1.11304,1.1162239285714286,tp,425.82204021799276,4,B_15m_1h_4h,long
1,2022-03-30 21:30:00,2022-03-31 03:45:00,1.1154,1.1169946428571427,tp,432.9190742215456,25,B_15m_1h_4h,long
1,2022-03-31 08:45:00,2022-03-31 09:30:00,1.1164399999999999,1.1157735714285713,sl,-264.08063527519107,3,B_15m_1h_4h,long
-1,2022-04-01 20:00:00,2022-04-01 23:15:00,1.10396,1.1051953571428572,sl,-261.4398289224392,13,B_15m_1h_4h,short
-1,2022-04-01 23:45:00,2022-04-04 00:00:00,1.1045800000000001,1.103374642857143,tp,431.37571772202466,1,B_15m_1h_4h,short
-1,2022-04-04 16:15:00,2022-04-04 20:15:00,1.0991,1.0971428571428572,tp,438.56531301734196,16,B_15m_1h_4h,short
-1,2022-04-05 00:00:00,2022-04-05 02:30:00,1.0968200000000001,1.0975903571428574,sl,-267.52484094060844,10,B_15m_1h_4h,short
-1,2022-04-05 03:30:00,2022-04-05 03:30:00,1.09725,1.0977117857142857,sl,-264.84959253120235,0,B_15m_1h_4h,short
-1,2022-04-05 07:15:00,2022-04-05 09:30:00,1.09693,1.0974657142857143,sl,-262.20109660589037,9,B_15m_1h_4h,short
-1,2022-04-05 11:30:00,2022-04-05 13:30:00,1.0977000000000001,1.0957339285714287,tp,432.6318093997027,8,B_15m_1h_4h,short
-1,2022-04-05 17:15:00,2022-04-05 18:00:00,1.09514,1.0928560714285713,tp,439.84233955639496,3,B_15m_1h_4h,short
-1,2022-04-05 21:30:00,2022-04-06 04:00:00,1.09087,1.0892628571428573,tp,447.1730452155922,26,B_15m_1h_4h,short
-1,2022-04-06 07:30:00,2022-04-06 08:45:00,1.08956,1.088399285714286,tp,454.62592930252265,5,B_15m_1h_4h,short
-1,2022-04-06 12:30:00,2022-04-06 15:00:00,1.09068,1.0922239285714286,sl,-277.3218168745736,10,B_15m_1h_4h,short
-1,2022-04-07 00:00:00,2022-04-07 03:45:00,1.0895000000000001,1.0911167857142858,sl,-274.5485987058278,15,B_15m_1h_4h,short
-1,2022-04-07 17:00:00,2022-04-07 19:30:00,1.09142,1.0881235714285713,tp,453.00518786461595,10,B_15m_1h_4h,short
-1,2022-04-07 20:45:00,2022-04-08 03:00:00,1.0883800000000001,1.08583,tp,460.5552743290262,25,B_15m_1h_4h,short
-1,2022-04-08 06:00:00,2022-04-08 09:15:00,1.08581,1.0868321428571428,sl,-280.93871734070603,13,B_15m_1h_4h,short
-1,2022-04-08 11:30:00,2022-04-08 12:15:00,1.0866,1.0877775,sl,-278.1293301672989,3,B_15m_1h_4h,short
-1,2022-04-08 12:45:00,2022-04-08 13:15:00,1.08691,1.0882878571428571,sl,-275.34803686562594,2,B_15m_1h_4h,short
-1,2022-04-08 14:15:00,2022-04-08 15:45:00,1.08771,1.0851510714285713,tp,454.32426082830904,6,B_15m_1h_4h,short
-1,2022-04-08 19:45:00,2022-04-11 00:00:00,1.08718,1.0886832142857144,sl,-277.1377991052527,17,B_15m_1h_4h,short
-1,2022-04-11 04:45:00,2022-04-11 10:15:00,1.08857,1.0895353571428572,sl,-274.3664211142002,22,B_15m_1h_4h,short
-1,2022-04-11 17:30:00,2022-04-11 18:00:00,1.08843,1.0898635714285714,sl,-271.62275690305825,2,B_15m_1h_4h,short
-1,2022-04-11 22:30:00,2022-04-12 04:00:00,1.0885200000000002,1.087027142857143,tp,448.1775488900904,22,B_15m_1h_4h,short
-1,2022-04-12 06:00:00,2022-04-12 07:15:00,1.0871,1.0878692857142858,sl,-273.38830482292855,5,B_15m_1h_4h,short
-1,2022-04-12 08:15:00,2022-04-12 09:00:00,1.0877000000000001,1.086694642857143,tp,451.09070295776564,3,B_15m_1h_4h,short
-1,2022-04-12 23:30:00,2022-04-13 03:30:00,1.08273,1.081310357142857,tp,458.60888134043756,16,B_15m_1h_4h,short
-1,2022-04-13 13:15:00,2022-04-13 14:30:00,1.08308,1.08431,sl,-279.7514176176813,5,B_15m_1h_4h,short
-1,2022-04-13 15:00:00,2022-04-13 16:15:00,1.08307,1.081227142857143,tp,461.5898390691556,5,B_15m_1h_4h,short
1,2022-04-13 23:30:00,2022-04-14 00:00:00,1.08894,1.088067857142857,sl,-281.569801832196,2,B_15m_1h_4h,long
1,2022-04-14 00:30:00,2022-04-14 04:45:00,1.0889199999999999,1.0903682142857143,tp,464.590173023076,17,B_15m_1h_4h,long
1,2022-04-14 09:15:00,2022-04-14 10:15:00,1.09174,1.0910039285714286,sl,-283.4000055441048,4,B_15m_1h_4h,long
1,2022-04-14 11:45:00,2022-04-14 14:45:00,1.09117,1.0900182142857142,sl,-280.56600548866373,12,B_15m_1h_4h,long
-1,2022-04-14 22:30:00,2022-04-15 03:45:00,1.0826900000000002,1.0802060714285715,tp,462.9339090563366,21,B_15m_1h_4h,short
-1,2022-04-15 05:00:00,2022-04-15 06:00:00,1.08107,1.079637857142857,tp,470.64947420723405,4,B_15m_1h_4h,short
-1,2022-04-15 07:30:00,2022-04-15 10:45:00,1.0803,1.081052142857143,sl,-287.09617926641283,13,B_15m_1h_4h,short
-1,2022-04-15 12:45:00,2022-04-15 14:15:00,1.08154,1.0805917857142857,tp,473.70869578958116,6,B_15m_1h_4h,short
-1,2022-04-15 19:45:00,2022-04-15 23:30:00,1.08068,1.0812210714285715,sl,-288.9623044316445,15,B_15m_1h_4h,short
-1,2022-04-18 00:15:00,2022-04-18 01:00:00,1.0802500000000002,1.0808585714285717,sl,-286.07268138732803,3,B_15m_1h_4h,short
-1,2022-04-18 10:45:00,2022-04-18 12:00:00,1.07874,1.0795778571428571,sl,-283.21195457345476,5,B_15m_1h_4h,short
-1,2022-04-18 15:15:00,2022-04-18 15:30:00,1.08012,1.0809407142857141,sl,-280.3798350277202,1,B_15m_1h_4h,short
-1,2022-04-18 22:15:00,2022-04-19 05:15:00,1.0781100000000001,1.0768189285714287,tp,462.6267277957118,28,B_15m_1h_4h,short
-1,2022-04-19 08:00:00,2022-04-19 09:30:00,1.0771600000000001,1.0780792857142858,sl,-282.2023039554001,6,B_15m_1h_4h,short
-1,2022-04-19 17:15:00,2022-04-20 06:15:00,1.07992,1.0814060714285714,sl,-279.38028091584613,52,B_15m_1h_4h,short
1,2022-04-20 21:00:00,2022-04-21 03:30:00,1.08523,1.0838778571428571,sl,-276.58647810668765,26,B_15m_1h_4h,long
-1,2022-04-21 21:15:00,2022-04-22 06:30:00,1.08426,1.08415,flip,16.73348192546267,37,B_15m_1h_4h,short
1,2022-04-22 06:45:00,2022-04-22 08:15:00,1.08415,1.08419,flip,12.947953667617025,6,B_15m_1h_4h,long
-1,2022-04-22 08:30:00,2022-04-22 09:00:00,1.0841800000000001,1.0849825000000002,sl,-274.11742768155153,2,B_15m_1h_4h,short
-1,2022-04-22 22:00:00,2022-04-22 22:30:00,1.07856,1.0797589285714284,sl,-271.376253404736,2,B_15m_1h_4h,short
-1,2022-04-22 23:00:00,2022-04-25 00:00:00,1.07928,1.0803621428571428,sl,-268.66249087068866,4,B_15m_1h_4h,short
-1,2022-04-25 03:15:00,2022-04-25 04:45:00,1.0804200000000002,1.0785485714285716,tp,443.29310993660124,6,B_15m_1h_4h,short
-1,2022-04-25 06:45:00,2022-04-25 09:00:00,1.07836,1.0767046428571427,tp,450.6813284355998,9,B_15m_1h_4h,short
-1,2022-04-25 13:00:00,2022-04-25 14:45:00,1.07302,1.0750525,sl,-274.9156103457038,7,B_15m_1h_4h,short
-1,2022-04-25 15:45:00,2022-04-25 17:45:00,1.07388,1.0706710714285714,tp,453.61075707043216,8,B_15m_1h_4h,short
-1,2022-04-25 21:30:00,2022-04-26 03:45:00,1.07143,1.0726417857142858,sl,-276.7025618129511,25,B_15m_1h_4h,short
-1,2022-04-26 14:15:00,2022-04-26 17:30:00,1.06854,1.0660489285714285,tp,456.55922699135573,13,B_15m_1h_4h,short
-1,2022-04-26 17:45:00,2022-04-26 18:00:00,1.0644,1.066172142857143,sl,-278.50112846473513,1,B_15m_1h_4h,short
-1,2022-04-26 19:45:00,2022-04-27 09:00:00,1.06556,1.0625332142857145,tp,459.52686196682424,53,B_15m_1h_4h,short
-1,2022-04-27 09:15:00,2022-04-27 10:15:00,1.06278,1.0608942857142858,tp,467.18564299959337,4,B_15m_1h_4h,short
-1,2022-04-27 13:45:00,2022-04-27 15:30:00,1.06135,1.0570428571428572,tp,474.9720703829199,7,B_15m_1h_4h,short
-1,2022-04-27 21:30:00,2022-04-28 03:45:00,1.05606,1.0535242857142857,tp,482.8882715560109,25,B_15m_1h_4h,short
-1,2022-04-28 05:15:00,2022-04-28 06:15:00,1.05393,1.0521567857142857,tp,490.9364094151945,4,B_15m_1h_4h,short
-1,2022-04-28 08:00:00,2022-04-28 08:30:00,1.05166,1.0490653571428572,tp,499.1186829054744,2,B_15m_1h_4h,short
-1,2022-04-28 11:45:00,2022-04-28 15:00:00,1.0527900000000001,1.0484703571428573,tp,507.4373276205886,13,B_15m_1h_4h,short
-1,2022-04-28 16:00:00,2022-04-28 16:15:00,1.04853,1.0511271428571427,sl,-309.53676984855383,1,B_15m_1h_4h,short
-1,2022-04-28 17:45:00,2022-04-28 17:45:00,1.0488600000000001,1.051839642857143,sl,-306.4414021500683,0,B_15m_1h_4h,short
-1,2022-04-28 18:45:00,2022-04-29 09:15:00,1.05104,1.0542532142857142,sl,-303.37698812856763,58,B_15m_1h_4h,short
-1,2022-04-29 19:15:00,2022-04-29 20:00:00,1.05352,1.0556864285714287,sl,-300.343218247282,3,B_15m_1h_4h,short
-1,2022-05-02 03:00:00,2022-05-02 03:00:00,1.05341,1.0545007142857143,sl,-297.3397860648091,0,B_15m_1h_4h,short
-1,2022-05-02 03:45:00,2022-05-02 08:45:00,1.05331,1.0513832142857142,tp,490.61064700693515,20,B_15m_1h_4h,short
-1,2022-05-02 11:00:00,2022-05-02 16:15:00,1.0531700000000002,1.0504467857142858,tp,498.7874911237038,21,B_15m_1h_4h,short
-1,2022-05-02 18:00:00,2022-05-02 21:00:00,1.0522,1.0491339285714285,tp,507.10061597575464,12,B_15m_1h_4h,short
-1,2022-05-03 00:15:00,2022-05-03 01:00:00,1.0500800000000001,1.0511610714285715,sl,-309.33137574522505,3,B_15m_1h_4h,short
-1,2022-05-03 03:30:00,2022-05-03 03:30:00,1.05098,1.051642142857143,sl,-306.23806198777277,0,B_15m_1h_4h,short
-1,2022-05-03 11:45:00,2022-05-03 13:15:00,1.0506,1.0521278571428572,sl,-303.17568136789504,6,B_15m_1h_4h,short
1,2022-05-03 17:30:00,2022-05-03 17:45:00,1.0557999999999998,1.0537460714285714,sl,-300.1439245542161,1,B_15m_1h_4h,long
-1,2022-05-03 20:30:00,2022-05-04 15:30:00,1.05282,1.0547678571428571,sl,-297.14248530867394,76,B_15m_1h_4h,short
1,2022-05-04 18:00:00,2022-05-04 21:30:00,1.05469,1.0529789285714284,sl,-294.17106045558717,14,B_15m_1h_4h,long
1,2022-05-05 03:00:00,2022-05-05 03:15:00,1.0621,1.0612653571428572,sl,-291.2293498510313,1,B_15m_1h_4h,long
1,2022-05-05 08:30:00,2022-05-05 09:00:00,1.0616999999999999,1.060512857142857,sl,-288.317056352521,2,B_15m_1h_4h,long
-1,2022-05-05 20:00:00,2022-05-05 22:15:00,1.05104,1.0533307142857142,sl,-285.4338857889958,9,B_15m_1h_4h,short
-1,2022-05-06 07:00:00,2022-05-06 09:45:00,1.05322,1.05087,tp,470.96591155181335,11,B_15m_1h_4h,short
-1,2022-05-06 18:45:00,2022-05-09 03:15:00,1.0579100000000001,1.052767142857143,tp,478.81534341102616,34,B_15m_1h_4h,short
-1,2022-05-09 05:15:00,2022-05-09 09:45:00,1.0515,1.0496839285714288,tp,486.7955991345768,18,B_15m_1h_4h,short
-1,2022-05-09 11:00:00,2022-05-09 12:45:00,1.0511300000000001,1.0526814285714288,sl,-296.94531547208,7,B_15m_1h_4h,short
-1,2022-05-10 03:15:00,2022-05-10 03:30:00,1.05558,1.0564071428571429,sl,-293.9758623173592,1,B_15m_1h_4h,short
-1,2022-05-10 03:45:00,2022-05-10 04:15:00,1.05594,1.0567864285714286,sl,-291.0361036941856,2,B_15m_1h_4h,short
-1,2022-05-10 04:30:00,2022-05-10 05:15:00,1.05626,1.0571975,sl,-288.12574265724373,3,B_15m_1h_4h,short
-1,2022-05-10 07:30:00,2022-05-10 08:30:00,1.0573700000000001,1.058452142857143,sl,-285.2444852306713,4,B_15m_1h_4h,short
-1,2022-05-10 16:30:00,2022-05-10 17:45:00,1.0559,1.0531642857142858,tp,470.65340063060756,5,B_15m_1h_4h,short
-1,2022-05-10 20:00:00,2022-05-11 10:00:00,1.05332,1.0555303571428571,sl,-287.0985743846706,56,B_15m_1h_4h,short
-1,2022-05-11 18:00:00,2022-05-12 09:00:00,1.05481,1.0495885714285715,tp,473.71264773471324,60,B_15m_1h_4h,short
-1,2022-05-12 14:30:00,2022-05-12 14:45:00,1.04216,1.0389778571428572,tp,481.6078585302738,1,B_15m_1h_4h,short
-1,2022-05-12 16:45:00,2022-05-12 19:00:00,1.04054,1.03679,tp,489.6346561724273,9,B_15m_1h_4h,short
-1,2022-05-13 00:15:00,2022-05-13 04:00:00,1.0374700000000001,1.0384353571428573,sl,-298.67714026519803,15,B_15m_1h_4h,short
-1,2022-05-13 04:30:00,2022-05-13 05:15:00,1.03804,1.0387760714285714,sl,-295.69036886254605,3,B_15m_1h_4h,short
-1,2022-05-16 00:15:00,2022-05-16 01:15:00,1.03997,1.0409407142857143,sl,-292.7334651739206,4,B_15m_1h_4h,short
-1,2022-05-16 01:45:00,2022-05-16 03:45:00,1.03987,1.0408139285714286,sl,-289.8061305221814,8,B_15m_1h_4h,short
-1,2022-05-16 04:45:00,2022-05-16 10:15:00,1.04027,1.0413082142857144,sl,-286.9080692169596,22,B_15m_1h_4h,short
1,2022-05-17 13:30:00,2022-05-17 14:45:00,1.05179,1.055465,tp,473.3983142079928,5,B_15m_1h_4h,long
1,2022-05-17 18:30:00,2022-05-18 09:45:00,1.05357,1.0518717857142856,sl,-288.7729716668699,61,B_15m_1h_4h,long
1,2022-05-18 18:00:00,2022-05-18 18:15:00,1.0512,1.049487857142857,sl,-285.8852419502012,1,B_15m_1h_4h,long
1,2022-05-18 18:45:00,2022-05-18 18:45:00,1.05103,1.0491239285714284,sl,-283.0263895306992,0,B_15m_1h_4h,long
1,2022-05-19 05:45:00,2022-05-19 08:45:00,1.0496699999999999,1.0485717857142856,sl,-280.1961256353922,12,B_15m_1h_4h,long
1,2022-05-19 18:00:00,2022-05-20 05:00:00,1.05886,1.056352857142857,sl,-277.3941643790383,44,B_15m_1h_4h,long
1,2022-05-20 11:45:00,2022-05-20 15:45:00,1.0576699999999999,1.0561474999999998,sl,-274.62022273524786,16,B_15m_1h_4h,long
1,2022-05-20 21:45:00,2022-05-23 01:00:00,1.05432,1.0569253571428572,tp,453.12336751318475,13,B_15m_1h_4h,long
1,2022-05-23 03:15:00,2022-05-23 03:30:00,1.0575999999999999,1.0588892857142855,tp,460.67542363832587,1,B_15m_1h_4h,long
1,2022-05-23 06:15:00,2022-05-23 08:45:00,1.0591599999999999,1.0607367857142855,tp,468.3533473656842,10,B_15m_1h_4h,long
1,2022-05-23 10:30:00,2022-05-23 10:30:00,1.0605799999999999,1.0594571428571427,sl,-285.69554189306734,0,B_15m_1h_4h,long
1,2022-05-23 11:00:00,2022-05-23 11:15:00,1.0601,1.0623017857142856,tp,471.3976441235294,1,B_15m_1h_4h,long
1,2022-05-23 23:15:00,2022-05-24 01:15:00,1.06914,1.0681264285714287,sl,-287.552562915372,8,B_15m_1h_4h,long
1,2022-05-24 02:30:00,2022-05-24 03:15:00,1.0683799999999999,1.0676482142857142,sl,-284.67703728621825,3,B_15m_1h_4h,long
1,2022-05-24 05:45:00,2022-05-24 09:45:00,1.0667799999999998,1.0682924999999999,tp,469.71711152223713,16,B_15m_1h_4h,long
1,2022-05-24 12:15:00,2022-05-25 09:15:00,1.07157,1.0693885714285714,sl,-286.52743802857844,84,B_15m_1h_4h,long
1,2022-05-26 00:30:00,2022-05-26 03:30:00,1.06802,1.070200357142857,tp,472.77027274712236,12,B_15m_1h_4h,long
1,2022-05-26 06:00:00,2022-05-26 07:45:00,1.0697699999999999,1.0687392857142857,sl,-288.3898663757639,7,B_15m_1h_4h,long
1,2022-05-26 10:00:00,2022-05-26 12:45:00,1.0677699999999999,1.0697735714285712,tp,475.8432795199576,11,B_15m_1h_4h,long
1,2022-05-26 16:30:00,2022-05-26 18:00:00,1.07002,1.0723396428571428,tp,483.7740008453122,6,B_15m_1h_4h,long
1,2022-05-26 20:45:00,2022-05-27 04:30:00,1.07171,1.074090357142857,tp,491.8369008594316,31,B_15m_1h_4h,long
1,2022-05-27 07:15:00,2022-05-27 08:45:00,1.0757299999999999,1.0747121428571427,sl,-300.02050952425327,6,B_15m_1h_4h,long
1,2022-05-27 10:15:00,2022-05-27 10:45:00,1.07501,1.0740414285714286,sl,-297.0203044290107,2,B_15m_1h_4h,long
1,2022-05-30 00:45:00,2022-05-30 02:15:00,1.07333,1.0725885714285714,sl,-294.0501013847206,6,B_15m_1h_4h,long
1,2022-05-30 03:00:00,2022-05-30 04:30:00,1.07297,1.0739575,tp,485.18266728475265,6,B_15m_1h_4h,long
1,2022-05-30 07:30:00,2022-05-30 09:00:00,1.07474,1.0762382142857143,tp,493.26904507279517,6,B_15m_1h_4h,long
1,2022-05-30 10:45:00,2022-05-30 10:45:00,1.07579,1.0745,sl,-300.8941174944489,0,B_15m_1h_4h,long
1,2022-05-30 11:45:00,2022-05-30 17:45:00,1.07557,1.0782057142857142,tp,496.4752938658267,24,B_15m_1h_4h,long
1,2022-05-30 20:30:00,2022-05-31 00:00:00,1.07842,1.0775575,sl,-302.8499292581627,14,B_15m_1h_4h,long
1,2022-05-31 01:15:00,2022-05-31 02:15:00,1.07781,1.077275357142857,sl,-299.8214299655811,4,B_15m_1h_4h,long
1,2022-05-31 10:15:00,2022-05-31 11:45:00,1.0742,1.073080357142857,sl,-296.82321566592526,6,B_15m_1h_4h,long
1,2022-05-31 22:45:00,2022-06-01 03:00:00,1.07378,1.072739642857143,sl,-293.85498350926605,17,B_15m_1h_4h,long
-1,2022-06-01 07:15:00,2022-06-01 09:45:00,1.07129,1.0723453571428572,sl,-290.91643367417333,10,B_15m_1h_4h,short
-1,2022-06-01 22:45:00,2022-06-02 09:15:00,1.06549,1.0665742857142857,sl,-288.0072693374316,42,B_15m_1h_4h,short
1,2022-06-02 13:45:00,2022-06-02 15:45:00,1.06944,1.0714632142857141,tp,475.2119944067448,8,B_15m_1h_4h,long
1,2022-06-02 17:15:00,2022-06-02 17:15:00,1.07168,1.0699839285714285,sl,-289.87931658812477,0,B_15m_1h_4h,long
1,2022-06-02 17:45:00,2022-06-02 23:00:00,1.07168,1.0749192857142857,tp,478.3008723704277,21,B_15m_1h_4h,long
1,2022-06-03 00:45:00,2022-06-03 03:30:00,1.07472,1.0759039285714285,tp,486.2725535766404,11,B_15m_1h_4h,long
1,2022-06-03 08:30:00,2022-06-03 10:00:00,1.07548,1.0748092857142857,sl,-296.62625768171415,6,B_15m_1h_4h,long
1,2022-06-03 14:30:00,2022-06-03 14:45:00,1.07453,1.0734371428571428,sl,-293.659995104897,1,B_15m_1h_4h,long
1,2022-06-06 00:45:00,2022-06-06 00:45:00,1.07203,1.0715467857142857,sl,-290.72339515384806,0,B_15m_1h_4h,long
1,2022-06-06 01:30:00,2022-06-06 02:45:00,1.07188,1.0728942857142858,tp,479.6936020038494,5,B_15m_1h_4h,long
1,2022-06-06 09:45:00,2022-06-06 11:00:00,1.0729,1.0742571428571428,tp,487.6884953706067,5,B_15m_1h_4h,long
1,2022-06-06 15:00:00,2022-06-06 15:15:00,1.07317,1.0721232142857142,sl,-297.4899821760541,1,B_15m_1h_4h,long
1,2022-06-06 16:00:00,2022-06-06 16:15:00,1.07236,1.0712821428571428,sl,-294.5150823542936,1,B_15m_1h_4h,long
1,2022-06-06 18:00:00,2022-06-06 18:00:00,1.07184,1.0704589285714285,sl,-291.56993153075064,0,B_15m_1h_4h,long
-1,2022-06-06 19:15:00,2022-06-07 09:00:00,1.06962,1.0667717857142858,tp,481.09038702570115,55,B_15m_1h_4h,short
1,2022-06-07 21:15:00,2022-06-08 00:00:00,1.07053,1.0693942857142857,sl,-293.4651360857002,11,B_15m_1h_4h,long
1,2022-06-08 00:45:00,2022-06-08 02:45:00,1.0706,1.0698596428571427,sl,-290.5304847248432,8,B_15m_1h_4h,long
-1,2022-06-08 06:15:00,2022-06-08 09:00:00,1.06824,1.0691335714285715,sl,-287.62517987759475,11,B_15m_1h_4h,short
-1,2022-06-08 10:00:00,2022-06-08 12:00:00,1.0687200000000001,1.0673485714285715,tp,474.5815467979801,8,B_15m_1h_4h,short
1,2022-06-08 16:45:00,2022-06-08 17:45:00,1.07466,1.0729039285714286,sl,-289.4947435467986,4,B_15m_1h_4h,long
1,2022-06-08 18:15:00,2022-06-08 20:00:00,1.07395,1.0724125,sl,-286.59979611133065,7,B_15m_1h_4h,long
1,2022-06-09 04:45:00,2022-06-09 05:45:00,1.07137,1.07227,tp,472.88966358377326,4,B_15m_1h_4h,long
1,2022-06-09 11:45:00,2022-06-09 14:30:00,1.07081,1.0726260714285714,tp,480.7711579767781,11,B_15m_1h_4h,long
-1,2022-06-09 20:15:00,2022-06-10 11:15:00,1.06457,1.0609807142857144,tp,488.78401060969463,60,B_15m_1h_4h,short
-1,2022-06-10 15:45:00,2022-06-10 15:45:00,1.0558100000000001,1.0524207142857145,tp,496.9304107865004,0,B_15m_1h_4h,short
-1,2022-06-10 19:15:00,2022-06-13 09:45:00,1.05163,1.0475585714285716,tp,505.21258429962296,58,B_15m_1h_4h,short
-1,2022-06-13 12:45:00,2022-06-13 17:00:00,1.04657,1.0433039285714285,tp,513.6327940379683,17,B_15m_1h_4h,short
-1,2022-06-13 20:30:00,2022-06-13 20:45:00,1.04386,1.0454007142857142,sl,-313.3160043631607,1,B_15m_1h_4h,short
-1,2022-06-13 21:15:00,2022-06-13 22:15:00,1.04416,1.0417439285714285,tp,516.9714071992152,4,B_15m_1h_4h,short
-1,2022-06-14 04:15:00,2022-06-14 06:00:00,1.04124,1.0423360714285714,sl,-315.35255839152126,7,B_15m_1h_4h,short
-1,2022-06-14 07:45:00,2022-06-14 08:45:00,1.04241,1.0436475,sl,-312.19903280760605,4,B_15m_1h_4h,short
-1,2022-06-14 12:00:00,2022-06-14 13:15:00,1.0464900000000001,1.0432685714285714,tp,515.1284041325617,5,B_15m_1h_4h,short
-1,2022-06-14 16:00:00,2022-06-14 17:15:00,1.04484,1.042020357142857,tp,523.7138775347731,5,B_15m_1h_4h,short
-1,2022-06-14 21:00:00,2022-06-15 02:30:00,1.04182,1.0434839285714286,sl,-319.4654652962033,22,B_15m_1h_4h,short
-1,2022-06-15 18:45:00,2022-06-15 21:00:00,1.03924,1.0415371428571427,sl,-316.2708106432413,9,B_15m_1h_4h,short
-1,2022-06-15 21:15:00,2022-06-15 21:15:00,1.03766,1.0398767857142857,sl,-313.10810253680893,0,B_15m_1h_4h,short
-1,2022-06-16 04:00:00,2022-06-16 04:45:00,1.0452000000000001,1.043544642857143,tp,516.6283691856886,3,B_15m_1h_4h,short
-1,2022-06-16 13:15:00,2022-06-16 15:45:00,1.04013,1.0426189285714285,sl,-315.1433052032977,10,B_15m_1h_4h,short
-1,2022-06-16 17:15:00,2022-06-16 17:15:00,1.04363,1.0466439285714286,sl,-311.9918721512647,0,B_15m_1h_4h,short
1,2022-06-17 00:45:00,2022-06-17 03:30:00,1.0552599999999999,1.0539946428571427,sl,-308.87195342975207,11,B_15m_1h_4h,long
-1,2022-06-17 18:30:00,2022-06-17 20:30:00,1.04627,1.0485403571428573,sl,-305.78323389545454,8,B_15m_1h_4h,short
-1,2022-06-17 22:00:00,2022-06-17 23:15:00,1.04909,1.04979,flip,-136.11878574229465,5,B_15m_1h_4h,short
1,2022-06-17 23:30:00,2022-06-20 00:00:00,1.04979,1.0483714285714285,sl,-301.364213699077,2,B_15m_1h_4h,long
1,2022-06-20 01:45:00,2022-06-20 02:45:00,1.04894,1.0488600000000001,flip,-19.10535392504109,4,B_15m_1h_4h,long
-1,2022-06-20 03:00:00,2022-06-20 05:00:00,1.04892,1.0500825,sl,-298.15951802283587,8,B_15m_1h_4h,short
1,2022-06-20 08:15:00,2022-06-20 10:15:00,1.05286,1.0517135714285712,sl,-295.1779228426075,8,B_15m_1h_4h,long
1,2022-06-20 12:00:00,2022-06-20 13:00:00,1.05251,1.05268,flip,37.422556997675805,4,B_15m_1h_4h,long
-1,2022-06-20 13:15:00,2022-06-20 17:45:00,1.05268,1.0541778571428573,sl,-292.6003691841582,18,B_15m_1h_4h,short
-1,2022-06-20 19:15:00,2022-06-20 20:45:00,1.05294,1.0506757142857142,tp,482.79060915392415,6,B_15m_1h_4h,short
-1,2022-06-21 00:30:00,2022-06-21 01:30:00,1.05081,1.0514903571428573,sl,-294.5022715838558,4,B_15m_1h_4h,short
1,2022-06-21 05:45:00,2022-06-21 06:00:00,1.0534999999999999,1.052438214285714,sl,-291.55724886801727,1,B_15m_1h_4h,long
1,2022-06-21 09:30:00,2022-06-21 10:00:00,1.05208,1.0534335714285714,tp,481.06946063228105,2,B_15m_1h_4h,long
-1,2022-06-21 23:00:00,2022-06-22 03:45:00,1.0531000000000001,1.051201785714286,tp,489.08728497611884,19,B_15m_1h_4h,short
-1,2022-06-22 07:45:00,2022-06-22 08:45:00,1.05021,1.0486939285714287,tp,497.23873972565315,4,B_15m_1h_4h,short
-1,2022-06-22 09:45:00,2022-06-22 10:00:00,1.0489300000000001,1.0469746428571431,tp,505.5260520543861,1,B_15m_1h_4h,short
-1,2022-06-22 14:45:00,2022-06-22 15:45:00,1.05173,1.0533082142857144,sl,-308.37089175322143,4,B_15m_1h_4h,short
1,2022-06-22 21:15:00,2022-06-22 21:45:00,1.05836,1.0569146428571428,sl,-305.28718283568924,2,B_15m_1h_4h,long
1,2022-06-23 10:00:00,2022-06-23 10:00:00,1.05783,1.0566867857142856,sl,-302.23431100733245,0,B_15m_1h_4h,long
-1,2022-06-23 13:15:00,2022-06-23 16:45:00,1.05082,1.0533839285714286,sl,-299.21196789725906,14,B_15m_1h_4h,short
-1,2022-06-23 17:30:00,2022-06-24 08:30:00,1.05202,1.0545271428571428,sl,-296.2198482182865,60,B_15m_1h_4h,short
1,2022-06-27 01:00:00,2022-06-27 02:00:00,1.0552,1.0565642857142856,tp,488.7627495600931,4,B_15m_1h_4h,long
1,2022-06-27 05:45:00,2022-06-27 06:15:00,1.05625,1.0552289285714285,sl,-298.14527723170454,2,B_15m_1h_4h,long
1,2022-06-27 07:00:00,2022-06-27 10:00:00,1.05571,1.0572671428571427,tp,491.93970743226566,12,B_15m_1h_4h,long
1,2022-06-27 13:45:00,2022-06-27 14:45:00,1.05857,1.0571171428571429,sl,-300.0832215337101,4,B_15m_1h_4h,long
1,2022-06-27 20:00:00,2022-06-27 20:00:00,1.05982,1.058305,sl,-297.08238931837303,0,B_15m_1h_4h,long
1,2022-06-27 21:30:00,2022-06-27 21:45:00,1.05921,1.05801,sl,-294.1115654251893,1,B_15m_1h_4h,long
1,2022-06-27 22:15:00,2022-06-27 23:00:00,1.0589199999999999,1.0578196428571427,sl,-291.1704497709374,3,B_15m_1h_4h,long
1,2022-06-28 00:00:00,2022-06-28 03:45:00,1.05823,1.0573417857142857,sl,-288.25874527322804,15,B_15m_1h_4h,long
1,2022-06-28 08:15:00,2022-06-28 08:45:00,1.0577699999999999,1.0570617857142854,sl,-285.37615782049573,2,B_15m_1h_4h,long
1,2022-06-28 13:00:00,2022-06-28 14:45:00,1.0586799999999998,1.0570760714285714,sl,-282.5223962422908,7,B_15m_1h_4h,long
-1,2022-06-28 20:00:00,2022-06-29 09:00:00,1.05227,1.0492414285714287,tp,466.1619537997457,52,B_15m_1h_4h,short
-1,2022-06-29 10:30:00,2022-06-29 10:45:00,1.0498100000000001,1.0514750000000002,sl,-284.3587918178654,1,B_15m_1h_4h,short
-1,2022-06-29 12:30:00,2022-06-29 14:00:00,1.05133,1.0531932142857143,sl,-281.51520389968675,6,B_15m_1h_4h,short
-1,2022-06-29 14:45:00,2022-06-29 16:15:00,1.0519800000000001,1.049206785714286,tp,464.50008643445835,6,B_15m_1h_4h,short
-1,2022-06-29 23:15:00,2022-06-30 05:15:00,1.044,1.0448485714285713,sl,-283.34505272503446,24,B_15m_1h_4h,short
-1,2022-06-30 08:30:00,2022-06-30 09:00:00,1.04536,1.0461089285714287,sl,-280.51160219778416,2,B_15m_1h_4h,short
-1,2022-06-30 10:00:00,2022-06-30 10:30:00,1.04399,1.0450346428571429,sl,-277.7064861758063,2,B_15m_1h_4h,short
-1,2022-07-01 00:45:00,2022-07-01 03:30:00,1.04802,1.0467396428571427,tp,458.21570219018633,11,B_15m_1h_4h,short
-1,2022-07-01 05:30:00,2022-07-01 06:45:00,1.0468300000000001,1.0455460714285716,tp,465.8526305598631,5,B_15m_1h_4h,short
-1,2022-07-01 09:30:00,2022-07-01 10:15:00,1.04559,1.0437882142857144,tp,473.6168410692284,3,B_15m_1h_4h,short
-1,2022-07-01 13:00:00,2022-07-01 15:00:00,1.04555,1.0423125,tp,481.51045508707944,8,B_15m_1h_4h,short
-1,2022-07-01 20:00:00,2022-07-01 21:30:00,1.0400500000000001,1.0425035714285715,sl,-293.7213776031118,6,B_15m_1h_4h,short
-1,2022-07-04 02:45:00,2022-07-04 03:00:00,1.04295,1.0438435714285714,sl,-290.7841638270807,1,B_15m_1h_4h,short
-1,2022-07-04 03:45:00,2022-07-04 12:30:00,1.04346,1.0443964285714287,sl,-287.8763221888099,35,B_15m_1h_4h,short
-1,2022-07-04 22:15:00,2022-07-05 00:00:00,1.04217,1.0411807142857143,tp,474.9959316115364,7,B_15m_1h_4h,short
-1,2022-07-05 03:30:00,2022-07-05 04:30:00,1.0429300000000001,1.0437667857142858,sl,-289.74751828303715,4,B_15m_1h_4h,short
-1,2022-07-05 16:15:00,2022-07-05 17:30:00,1.02823,1.0250710714285713,tp,478.0834051670448,5,B_15m_1h_4h,short
-1,2022-07-05 19:15:00,2022-07-05 21:15:00,1.0241500000000001,1.0263475000000002,sl,-291.6308771518772,8,B_15m_1h_4h,short
-1,2022-07-06 01:30:00,2022-07-06 03:00:00,1.02664,1.0253685714285714,tp,481.1909473006534,6,B_15m_1h_4h,short
-1,2022-07-06 04:30:00,2022-07-06 04:45:00,1.0255400000000001,1.026545,sl,-293.52647785336495,1,B_15m_1h_4h,short
-1,2022-07-06 05:30:00,2022-07-06 07:45:00,1.0263600000000002,1.0245064285714287,tp,484.3186884580909,9,B_15m_1h_4h,short
-1,2022-07-06 10:45:00,2022-07-06 11:45:00,1.02583,1.0229675,tp,492.39066659900766,4,B_15m_1h_4h,short
-1,2022-07-06 17:15:00,2022-07-06 17:45:00,1.0173400000000001,1.0196167857142857,sl,-300.3583066254023,2,B_15m_1h_4h,short
-1,2022-07-06 18:30:00,2022-07-06 21:00:00,1.0173400000000001,1.019794642857143,sl,-297.3547235591483,10,B_15m_1h_4h,short
-1,2022-07-07 02:15:00,2022-07-07 03:30:00,1.0180500000000001,1.0187453571428573,sl,-294.3811763235568,5,B_15m_1h_4h,short
-1,2022-07-07 13:45:00,2022-07-07 18:30:00,1.0194400000000001,1.0154382142857143,tp,485.72894093388663,19,B_15m_1h_4h,short
-1,2022-07-07 22:15:00,2022-07-08 01:00:00,1.01554,1.0167067857142857,sl,-296.2946539696601,11,B_15m_1h_4h,short
-1,2022-07-08 01:30:00,2022-07-08 03:00:00,1.01613,1.0168789285714286,sl,-293.3317074299635,6,B_15m_1h_4h,short
-1,2022-07-08 10:15:00,2022-07-08 10:15:00,1.01485,1.0124642857142858,tp,483.99731725943985,0,B_15m_1h_4h,short
-1,2022-07-11 00:15:00,2022-07-11 02:45:00,1.01781,1.0165814285714287,tp,492.0639392137934,10,B_15m_1h_4h,short
-1,2022-07-11 08:00:00,2022-07-11 09:15:00,1.0150700000000001,1.0135414285714286,tp,500.26500486737547,5,B_15m_1h_4h,short
-1,2022-07-11 12:45:00,2022-07-11 15:30:00,1.01064,1.0075828571428571,tp,508.60275494846223,11,B_15m_1h_4h,short
-1,2022-07-11 19:15:00,2022-07-11 22:45:00,1.0076800000000001,1.0038210714285716,tp,517.0794675309243,14,B_15m_1h_4h,short
-1,2022-07-12 03:30:00,2022-07-12 03:45:00,1.00384,1.004715357142857,sl,-315.4184751938638,1,B_15m_1h_4h,short
-1,2022-07-12 07:15:00,2022-07-12 09:30:00,1.00194,1.0035278571428572,sl,-312.26429044192514,9,B_15m_1h_4h,short
-1,2022-07-12 10:15:00,2022-07-12 13:00:00,1.00106,1.0026607142857142,sl,-309.1416475375059,11,B_15m_1h_4h,short
-1,2022-07-12 15:30:00,2022-07-12 17:30:00,1.0038,1.0059385714285713,sl,-306.0502310621309,8,B_15m_1h_4h,short
-1,2022-07-13 01:15:00,2022-07-13 03:00:00,1.00269,1.0036639285714286,sl,-302.9897287515095,7,B_15m_1h_4h,short
-1,2022-07-13 03:30:00,2022-07-13 04:00:00,1.00285,1.0036417857142859,sl,-299.9598314639945,2,B_15m_1h_4h,short
-1,2022-07-13 04:30:00,2022-07-13 05:45:00,1.00279,1.0037575,sl,-296.9602331493545,5,B_15m_1h_4h,short
-1,2022-07-13 07:15:00,2022-07-13 09:00:00,1.00335,1.0045082142857142,sl,-293.99063081786096,7,B_15m_1h_4h,short
-1,2022-07-13 10:00:00,2022-07-13 10:00:00,1.00329,1.0044835714285714,sl,-291.0507245096823,0,B_15m_1h_4h,short
-1,2022-07-13 12:30:00,2022-07-13 13:15:00,1.00337,1.0056789285714287,sl,-288.14021726458554,3,B_15m_1h_4h,short
-1,2022-07-14 01:45:00,2022-07-14 02:30:00,1.00508,1.0037514285714284,tp,475.4313584865661,3,B_15m_1h_4h,short
-1,2022-07-14 04:45:00,2022-07-14 05:30:00,1.00154,1.002817142857143,sl,-290.0131286768053,3,B_15m_1h_4h,short
-1,2022-07-14 07:45:00,2022-07-14 09:45:00,1.00265,1.000719642857143,tp,478.52166231671043,8,B_15m_1h_4h,short
-1,2022-07-14 11:30:00,2022-07-14 12:45:00,1.00206,1.0037989285714284,sl,-291.8982140132044,5,B_15m_1h_4h,short
-1,2022-07-14 19:30:00,2022-07-15 13:30:00,1.00137,1.0048810714285716,sl,-288.97923187307237,72,B_15m_1h_4h,short
1,2022-07-15 19:45:00,2022-07-18 10:00:00,1.00795,1.0118196428571429,tp,476.8157325905968,57,B_15m_1h_4h,long
1,2022-07-18 16:15:00,2022-07-18 17:00:00,1.01355,1.0166107142857144,tp,484.7626614671144,3,B_15m_1h_4h,long
1,2022-07-18 20:15:00,2022-07-18 20:45:00,1.01753,1.0157075,sl,-295.7052234949187,2,B_15m_1h_4h,long
-1,2022-07-19 05:30:00,2022-07-19 07:45:00,1.01288,1.0138967857142855,sl,-292.7481712599695,9,B_15m_1h_4h,short
-1,2022-07-19 08:00:00,2022-07-19 08:00:00,1.01274,1.0140257142857143,sl,-289.82068954736985,0,B_15m_1h_4h,short
1,2022-07-19 14:00:00,2022-07-19 15:15:00,1.0265,1.02317,sl,-286.92248265189613,5,B_15m_1h_4h,long
1,2022-07-19 16:45:00,2022-07-19 17:30:00,1.02483,1.0228939285714285,sl,-284.0532578253772,3,B_15m_1h_4h,long
1,2022-07-19 20:00:00,2022-07-20 13:30:00,1.02412,1.0216889285714286,sl,-281.21272524712344,70,B_15m_1h_4h,long
1,2022-07-20 19:00:00,2022-07-20 19:30:00,1.0215699999999999,1.0194110714285713,sl,-278.40059799465223,2,B_15m_1h_4h,long
1,2022-07-21 08:45:00,2022-07-21 09:30:00,1.02251,1.0213271428571429,sl,-275.6165920147057,3,B_15m_1h_4h,long
1,2022-07-21 12:00:00,2022-07-21 12:30:00,1.0191999999999999,1.0169253571428571,sl,-272.8604260945586,2,B_15m_1h_4h,long
1,2022-07-21 17:00:00,2022-07-22 10:30:00,1.0212999999999999,1.0167432142857142,sl,-270.13182183361306,70,B_15m_1h_4h,long
1,2022-07-22 19:00:00,2022-07-22 21:30:00,1.02275,1.0201903571428572,sl,-267.4305036152769,10,B_15m_1h_4h,long
1,2022-07-25 14:00:00,2022-07-25 17:30:00,1.02353,1.021255357142857,sl,-264.75619857912415,14,B_15m_1h_4h,long
-1,2022-07-26 17:15:00,2022-07-26 17:30:00,1.01225,1.0144678571428574,sl,-262.1086365933329,1,B_15m_1h_4h,short
-1,2022-07-26 17:45:00,2022-07-27 14:00:00,1.0136800000000001,1.015992142857143,sl,-259.48755022739954,81,B_15m_1h_4h,short
-1,2022-07-27 18:45:00,2022-07-27 21:00:00,1.01252,1.0145289285714285,sl,-256.8926747251256,9,B_15m_1h_4h,short
1,2022-07-28 08:30:00,2022-07-28 09:00:00,1.02074,1.0226560714285713,tp,423.87291329640806,2,B_15m_1h_4h,long
1,2022-07-28 11:00:00,2022-07-28 12:30:00,1.02108,1.0189789285714286,sl,-258.56247711083836,6,B_15m_1h_4h,long
-1,2022-07-28 17:00:00,2022-07-28 17:45:00,1.0139200000000002,1.0165782142857145,sl,-255.97685233973,3,B_15m_1h_4h,short
1,2022-07-29 03:45:00,2022-07-29 06:45:00,1.0197699999999998,1.020955714285714,tp,422.36180636055457,12,B_15m_1h_4h,long
1,2022-07-29 09:15:00,2022-07-29 09:15:00,1.02249,1.0248060714285714,tp,429.4011697998834,0,B_15m_1h_4h,long
1,2022-07-29 11:00:00,2022-07-29 11:15:00,1.02366,1.0215610714285714,sl,-261.9347135779371,1,B_15m_1h_4h,long
1,2022-07-29 13:15:00,2022-07-29 15:15:00,1.02168,1.0190292857142857,sl,-259.3153664421577,8,B_15m_1h_4h,long
1,2022-08-01 02:15:00,2022-08-01 02:30:00,1.02166,1.020685,sl,-256.72221277773616,1,B_15m_1h_4h,long
1,2022-08-01 20:00:00,2022-08-01 20:15:00,1.02748,1.0259296428571427,sl,-254.1549906499588,1,B_15m_1h_4h,long
1,2022-08-02 03:30:00,2022-08-02 03:30:00,1.02718,1.0285692857142856,tp,419.35573457240963,0,B_15m_1h_4h,long
1,2022-08-02 04:30:00,2022-08-02 05:00:00,1.02737,1.0260832142857141,sl,-255.80699808918328,2,B_15m_1h_4h,long
1,2022-08-02 05:45:00,2022-08-02 09:15:00,1.02701,1.0254371428571427,sl,-253.2489281082914,14,B_15m_1h_4h,long
-1,2022-08-03 02:15:00,2022-08-03 03:15:00,1.01628,1.0151389285714285,tp,417.8607313787893,4,B_15m_1h_4h,short
-1,2022-08-03 11:00:00,2022-08-03 12:00:00,1.01776,1.0193157142857143,sl,-254.8950461409964,4,B_15m_1h_4h,short
-1,2022-08-03 14:45:00,2022-08-03 17:00:00,1.01882,1.0158539285714285,tp,420.57682613266513,9,B_15m_1h_4h,short
-1,2022-08-03 21:15:00,2022-08-03 22:30:00,1.01545,1.016932857142857,sl,-256.55186394091317,5,B_15m_1h_4h,short
-1,2022-08-04 00:00:00,2022-08-04 10:00:00,1.0166600000000001,1.0176489285714287,sl,-253.986345301504,40,B_15m_1h_4h,short
1,2022-08-05 01:00:00,2022-08-05 03:00:00,1.0246,1.0239110714285715,sl,-251.446481848489,8,B_15m_1h_4h,long
1,2022-08-05 08:45:00,2022-08-05 08:45:00,1.02346,1.0228825,sl,-248.93201703000412,0,B_15m_1h_4h,long
1,2022-08-05 12:15:00,2022-08-05 15:30:00,1.0229899999999998,1.0217471428571427,sl,-246.44269685970406,13,B_15m_1h_4h,long
-1,2022-08-05 21:15:00,2022-08-08 10:15:00,1.0176100000000001,1.0191003571428572,sl,-243.978269891107,52,B_15m_1h_4h,short
1,2022-08-09 10:30:00,2022-08-09 10:45:00,1.02023,1.0214532142857142,tp,402.56414532022916,1,B_15m_1h_4h,long
1,2022-08-09 15:15:00,2022-08-09 17:45:00,1.02349,1.0222096428571428,sl,-245.56412864539826,10,B_15m_1h_4h,long
1,2022-08-09 19:15:00,2022-08-09 20:30:00,1.0227,1.0214057142857143,sl,-243.10848735894427,5,B_15m_1h_4h,long
1,2022-08-09 22:30:00,2022-08-10 03:30:00,1.02111,1.0203149999999999,sl,-240.67740248535483,20,B_15m_1h_4h,long
1,2022-08-10 15:45:00,2022-08-10 16:00:00,1.03379,1.031345,sl,-238.27062846050129,1,B_15m_1h_4h,long
1,2022-08-11 03:45:00,2022-08-11 04:00:00,1.0301099999999999,1.029498214285714,sl,-235.88792217589628,1,B_15m_1h_4h,long
1,2022-08-11 08:45:00,2022-08-11 09:15:00,1.0285199999999999,1.0297414285714286,tp,389.2150715902996,2,B_15m_1h_4h,long
1,2022-08-11 13:15:00,2022-08-11 14:45:00,1.0340099999999999,1.0323449999999998,sl,-237.4211936700403,6,B_15m_1h_4h,long
1,2022-08-11 15:15:00,2022-08-11 16:45:00,1.03385,1.0363857142857142,tp,391.7449695555436,6,B_15m_1h_4h,long
1,2022-08-11 18:00:00,2022-08-11 20:15:00,1.0345199999999999,1.032320357142857,sl,-238.96443142889532,9,B_15m_1h_4h,long
1,2022-08-11 22:00:00,2022-08-11 22:45:00,1.03251,1.0312478571428572,sl,-236.57478711460638,3,B_15m_1h_4h,long
1,2022-08-12 03:00:00,2022-08-12 03:00:00,1.03219,1.0316264285714285,sl,-234.20903924346032,0,B_15m_1h_4h,long
1,2022-08-12 04:30:00,2022-08-12 04:45:00,1.03152,1.0307785714285713,sl,-231.8669488510257,1,B_15m_1h_4h,long
1,2022-08-12 09:15:00,2022-08-12 09:15:00,1.03234,1.0315717857142856,sl,-229.54827936251544,0,B_15m_1h_4h,long
-1,2022-08-15 15:15:00,2022-08-15 15:30:00,1.0194100000000001,1.0209657142857145,sl,-227.25279656889026,1,B_15m_1h_4h,short
-1,2022-08-15 16:45:00,2022-08-15 19:00:00,1.0205600000000001,1.0176546428571431,tp,374.9671143386404,9,B_15m_1h_4h,short
-1,2022-08-16 00:15:00,2022-08-16 01:00:00,1.01573,1.0164328571428571,sl,-228.7299397465878,3,B_15m_1h_4h,short
-1,2022-08-16 01:30:00,2022-08-16 01:30:00,1.0153100000000002,1.0160632142857144,sl,-226.44264034912197,0,B_15m_1h_4h,short
-1,2022-08-16 02:15:00,2022-08-16 05:45:00,1.01594,1.016789642857143,sl,-224.1782139456307,14,B_15m_1h_4h,short
-1,2022-08-16 06:45:00,2022-08-16 10:00:00,1.01628,1.0148335714285714,tp,369.8940530103285,13,B_15m_1h_4h,short
-1,2022-08-16 11:15:00,2022-08-16 12:00:00,1.01493,1.01268,tp,376.0589538938209,3,B_15m_1h_4h,short
-1,2022-08-16 13:30:00,2022-08-16 16:00:00,1.01323,1.0150332142857144,sl,-229.3959618752159,10,B_15m_1h_4h,short
-1,2022-08-16 21:45:00,2022-08-17 04:15:00,1.01664,1.0176439285714287,sl,-227.10200225646375,26,B_15m_1h_4h,short
-1,2022-08-17 04:45:00,2022-08-17 05:00:00,1.01688,1.0175046428571428,sl,-224.83098223389914,1,B_15m_1h_4h,short
-1,2022-08-17 05:30:00,2022-08-17 07:45:00,1.01735,1.0180914285714286,sl,-222.58267241156014,9,B_15m_1h_4h,short
-1,2022-08-17 18:00:00,2022-08-17 21:00:00,1.01617,1.0182110714285715,sl,-220.35684568744452,12,B_15m_1h_4h,short
-1,2022-08-17 22:30:00,2022-08-18 09:15:00,1.0183900000000001,1.0160042857142857,tp,363.58879538431734,43,B_15m_1h_4h,short
-1,2022-08-18 09:45:00,2022-08-18 10:15:00,1.01624,1.0147578571428573,tp,369.6486086406702,2,B_15m_1h_4h,short
-1,2022-08-18 12:00:00,2022-08-18 14:30:00,1.01667,1.0182107142857142,sl,-225.48565127081991,10,B_15m_1h_4h,short
-1,2022-08-18 23:45:00,2022-08-19 04:30:00,1.0086600000000001,1.0073814285714286,tp,372.05132459680976,19,B_15m_1h_4h,short
-1,2022-08-19 05:30:00,2022-08-19 05:45:00,1.00777,1.0086014285714286,sl,-226.95130800407983,1,B_15m_1h_4h,short
-1,2022-08-19 06:45:00,2022-08-19 09:30:00,1.00787,1.0087517857142858,sl,-224.681794924039,11,B_15m_1h_4h,short
-1,2022-08-19 10:30:00,2022-08-19 10:45:00,1.00824,1.0093285714285716,sl,-222.4349769747986,1,B_15m_1h_4h,short
-1,2022-08-19 11:15:00,2022-08-19 13:00:00,1.00827,1.0062414285714285,tp,367.0177120084445,7,B_15m_1h_4h,short
-1,2022-08-19 17:15:00,2022-08-22 10:00:00,1.00454,1.0020935714285715,tp,373.13467387519125,67,B_15m_1h_4h,short
-1,2022-08-22 13:45:00,2022-08-22 16:45:00,1.0004300000000002,0.9979103571428573,tp,379.3535851064951,12,B_15m_1h_4h,short
-1,2022-08-22 21:00:00,2022-08-22 22:15:00,0.9927,0.9944121428571429,sl,-231.40568691495193,5,B_15m_1h_4h,short
-1,2022-08-23 00:00:00,2022-08-23 08:15:00,0.99417,0.992714642857143,tp,381.8193834096416,33,B_15m_1h_4h,short
-1,2022-08-23 12:30:00,2022-08-23 16:15:00,0.99233,0.9946250000000001,sl,-232.90982387989882,15,B_15m_1h_4h,short
-1,2022-08-24 01:00:00,2022-08-24 01:45:00,0.9966900000000001,0.9972975000000001,sl,-230.58072564109986,3,B_15m_1h_4h,short
-1,2022-08-24 02:15:00,2022-08-24 03:15:00,0.99692,0.9960289285714287,tp,380.45819730776736,4,B_15m_1h_4h,short
-1,2022-08-24 08:45:00,2022-08-24 09:00:00,0.9949800000000001,0.9937585714285715,tp,386.7991672629208,1,B_15m_1h_4h,short
-1,2022-08-24 12:30:00,2022-08-24 13:30:00,0.99519,0.9928453571428572,tp,393.2458200506472,4,B_15m_1h_4h,short
-1,2022-08-24 22:30:00,2022-08-24 22:45:00,0.9962000000000001,0.9973314285714286,sl,-239.8799502309022,1,B_15m_1h_4h,short
-1,2022-08-24 23:45:00,2022-08-25 03:00:00,0.99653,0.9975178571428572,sl,-237.4811507285932,13,B_15m_1h_4h,short
-1,2022-08-25 18:30:00,2022-08-26 11:45:00,0.9967900000000001,0.9987260714285715,sl,-235.10633922130728,69,B_15m_1h_4h,short
1,2022-08-26 16:00:00,2022-08-26 16:15:00,1.00335,1.0064857142857142,tp,387.92545971514784,1,B_15m_1h_4h,long
-1,2022-08-26 21:30:00,2022-08-29 03:45:00,0.99661,0.9930242857142858,tp,394.39088404373064,25,B_15m_1h_4h,short
-1,2022-08-29 06:15:00,2022-08-29 09:30:00,0.9924400000000001,0.9936207142857144,sl,-240.57843926668298,13,B_15m_1h_4h,short
1,2022-08-29 15:30:00,2022-08-29 16:15:00,1.0019799999999999,0.9996357142857141,sl,-238.17265487401616,3,B_15m_1h_4h,long
1,2022-08-29 16:45:00,2022-08-29 17:45:00,1.0009299999999999,0.9985310714285712,sl,-235.790928325276,4,B_15m_1h_4h,long
1,2022-08-29 19:15:00,2022-08-30 00:30:00,0.9999699999999999,0.9995700000000001,flip,-45.69917520135688,21,B_15m_1h_4h,long
-1,2022-08-30 00:45:00,2022-08-30 02:30:00,0.99973,1.0006042857142858,sl,-232.97602729000965,7,B_15m_1h_4h,short
1,2022-08-30 04:00:00,2022-08-30 04:30:00,1.00063,0.9998842857142857,sl,-230.64626701710958,2,B_15m_1h_4h,long
-1,2022-08-30 08:30:00,2022-08-30 10:00:00,0.9998900000000001,0.9984632142857143,tp,380.5663405782802,6,B_15m_1h_4h,short
1,2022-08-30 15:15:00,2022-08-30 15:30:00,1.00348,1.0015160714285714,sl,-232.1454677527213,1,B_15m_1h_4h,long
1,2022-08-30 16:15:00,2022-08-30 17:00:00,1.00307,1.0010085714285715,sl,-229.82401307519405,3,B_15m_1h_4h,long
1,2022-08-30 23:15:00,2022-08-31 01:45:00,1.0022,1.00164,flip,-97.39568986535475,10,B_15m_1h_4h,long
-1,2022-08-31 02:00:00,2022-08-31 02:00:00,1.0016500000000002,1.002199642857143,sl,-226.55181604578854,0,B_15m_1h_4h,short
-1,2022-08-31 04:30:00,2022-08-31 05:45:00,1.00271,1.00261,flip,30.25056040841872,5,B_15m_1h_4h,short
1,2022-08-31 06:00:00,2022-08-31 07:30:00,1.00261,1.0040992857142859,tp,374.3146724824139,6,B_15m_1h_4h,long
-1,2022-08-31 13:00:00,2022-08-31 14:30:00,0.99797,1.0000978571428571,sl,-228.33195021423901,6,B_15m_1h_4h,short
-1,2022-08-31 16:30:00,2022-08-31 17:15:00,1.00005,1.0021960714285716,sl,-226.0486307120966,3,B_15m_1h_4h,short
1,2022-08-31 21:15:00,2022-09-01 02:45:00,1.00561,1.0036364285714285,sl,-223.78814440497564,22,B_15m_1h_4h,long
-1,2022-09-01 06:00:00,2022-09-01 10:15:00,1.0021900000000001,1.0031275000000002,sl,-221.55026296092592,17,B_15m_1h_4h,short
-1,2022-09-01 21:45:00,2022-09-02 07:15:00,0.9951300000000001,0.9965335714285715,sl,-219.33476033131666,38,B_15m_1h_4h,short
-1,2022-09-02 09:15:00,2022-09-02 09:45:00,0.99677,0.9974985714285715,sl,-217.14141272800353,2,B_15m_1h_4h,short
-1,2022-09-02 23:15:00,2022-09-05 00:00:00,0.99533,0.9930710714285714,tp,358.28333100120574,3,B_15m_1h_4h,short
-1,2022-09-05 00:15:00,2022-09-05 01:15:00,0.9925900000000001,0.9903953571428572,tp,364.25471985122584,4,B_15m_1h_4h,short
-1,2022-09-05 05:00:00,2022-09-05 08:00:00,0.9919,0.9895464285714286,tp,370.32563184874044,12,B_15m_1h_4h,short
-1,2022-09-05 11:45:00,2022-09-05 13:00:00,0.99082,0.9928975,sl,-225.89863542773517,5,B_15m_1h_4h,short
-1,2022-09-05 18:00:00,2022-09-05 18:45:00,0.99195,0.9932110714285715,sl,-223.6396490734578,3,B_15m_1h_4h,short
-1,2022-09-05 19:45:00,2022-09-06 01:00:00,0.9927900000000001,0.9938035714285715,sl,-221.4032525827232,21,B_15m_1h_4h,short
-1,2022-09-06 09:15:00,2022-09-06 09:45:00,0.9953200000000001,0.9963978571428572,sl,-219.18922005689598,2,B_15m_1h_4h,short
-1,2022-09-06 11:15:00,2022-09-06 13:30:00,0.99611,0.9931707142857144,tp,361.6622130938784,9,B_15m_1h_4h,short
-1,2022-09-06 19:45:00,2022-09-07 17:15:00,0.9909,0.9931607142857143,sl,-220.6139499872658,86,B_15m_1h_4h,short
1,2022-09-07 22:45:00,2022-09-08 00:00:00,1.00054,0.9990378571428572,sl,-218.4078104873931,5,B_15m_1h_4h,long
1,2022-09-08 01:15:00,2022-09-08 02:00:00,1.00117,1.0001532142857141,sl,-216.22373238251924,3,B_15m_1h_4h,long
1,2022-09-09 01:15:00,2022-09-09 03:00:00,1.00007,1.0010360714285715,tp,356.76915843119775,7,B_15m_1h_4h,long
1,2022-09-09 06:30:00,2022-09-09 06:30:00,1.00833,1.0069317857142857,sl,-217.62918664300605,0,B_15m_1h_4h,long
1,2022-09-09 09:45:00,2022-09-09 10:00:00,1.00685,1.0090392857142858,tp,359.0881579609599,1,B_15m_1h_4h,long
1,2022-09-09 15:45:00,2022-09-09 16:00:00,1.0059799999999999,1.0038467857142856,sl,-219.04377635618556,1,B_15m_1h_4h,long
1,2022-09-09 22:00:00,2022-09-12 00:00:00,1.00446,1.006495714285714,tp,361.42223098770614,8,B_15m_1h_4h,long
1,2022-09-12 03:30:00,2022-09-12 09:30:00,1.0067,1.0096857142857143,tp,367.44593483749213,24,B_15m_1h_4h,long
1,2022-09-12 14:45:00,2022-09-12 16:15:00,1.0142499999999999,1.0124135714285714,sl,-224.1420202508757,6,B_15m_1h_4h,long
1,2022-09-12 22:45:00,2022-09-13 03:00:00,1.01196,1.0139028571428572,tp,369.83433341398717,17,B_15m_1h_4h,long
1,2022-09-13 05:00:00,2022-09-13 05:15:00,1.01358,1.0126682142857142,sl,-225.5989433825068,1,B_15m_1h_4h,long
1,2022-09-13 05:45:00,2022-09-13 07:30:00,1.01335,1.0123032142857142,sl,-223.34295394868175,7,B_15m_1h_4h,long
1,2022-09-13 08:00:00,2022-09-13 09:00:00,1.01288,1.0142782142857143,tp,368.51587401534437,4,B_15m_1h_4h,long
1,2022-09-13 10:30:00,2022-09-13 11:15:00,1.0147,1.0132610714285715,sl,-224.7946831493484,3,B_15m_1h_4h,long
1,2022-09-13 11:45:00,2022-09-13 13:45:00,1.01495,1.0177321428571429,tp,370.9112271964248,8,B_15m_1h_4h,long
-1,2022-09-13 20:45:00,2022-09-14 11:00:00,0.99851,1.0003560714285715,sl,-226.25584858981915,57,B_15m_1h_4h,short
-1,2022-09-14 12:00:00,2022-09-14 12:30:00,0.9990600000000001,1.0011428571428573,sl,-223.99329010392097,2,B_15m_1h_4h,short
-1,2022-09-14 18:30:00,2022-09-15 15:45:00,0.9991800000000001,1.0013882142857145,sl,-221.75335720288174,85,B_15m_1h_4h,short
-1,2022-09-16 01:00:00,2022-09-16 03:15:00,0.99934,1.0000321428571428,sl,-219.53582363085292,9,B_15m_1h_4h,short
-1,2022-09-16 10:30:00,2022-09-16 10:45:00,0.99843,0.9965317857142858,tp,362.2341089908862,1,B_15m_1h_4h,short
-1,2022-09-16 13:00:00,2022-09-16 13:45:00,0.9967400000000001,0.9987875,sl,-220.9628064844533,3,B_15m_1h_4h,short
-1,2022-09-16 14:45:00,2022-09-16 17:00:00,0.9974500000000001,0.9991664285714287,sl,-218.75317841960873,9,B_15m_1h_4h,short
-1,2022-09-16 18:45:00,2022-09-19 02:30:00,1.0000900000000001,1.0025007142857145,sl,-216.5656466354127,31,B_15m_1h_4h,short
-1,2022-09-19 12:30:00,2022-09-19 13:45:00,0.99736,0.9988117857142857,sl,-214.39999016905858,5,B_15m_1h_4h,short
1,2022-09-19 22:00:00,2022-09-19 23:00:00,1.00126,1.0025903571428572,tp,353.7599837789072,4,B_15m_1h_4h,long
1,2022-09-20 02:15:00,2022-09-20 03:00:00,1.00278,1.0037978571428572,tp,359.6559835085689,3,B_15m_1h_4h,long
1,2022-09-20 04:15:00,2022-09-20 04:30:00,1.0036699999999998,1.0026382142857142,sl,-219.3901499402427,1,B_15m_1h_4h,long
1,2022-09-20 06:00:00,2022-09-20 07:30:00,1.00341,1.0022132142857143,sl,-217.1962484408403,6,B_15m_1h_4h,long
-1,2022-09-21 00:00:00,2022-09-21 08:45:00,0.9969100000000001,0.995292142857143,tp,358.3738099273865,35,B_15m_1h_4h,short
-1,2022-09-21 14:00:00,2022-09-21 17:30:00,0.99209,0.9892721428571429,tp,364.34670675949525,14,B_15m_1h_4h,short
-1,2022-09-21 21:15:00,2022-09-21 21:15:00,0.98316,0.9851753571428572,sl,-222.2514911233007,0,B_15m_1h_4h,short
-1,2022-09-21 22:30:00,2022-09-22 11:30:00,0.9865200000000001,0.9902239285714286,sl,-220.02897621206768,52,B_15m_1h_4h,short
-1,2022-09-22 20:45:00,2022-09-23 09:45:00,0.9841700000000001,0.9810967857142858,tp,363.04781074991166,52,B_15m_1h_4h,short
-1,2022-09-23 14:45:00,2022-09-23 15:15:00,0.97394,0.9762757142857144,sl,-221.45916455744614,2,B_15m_1h_4h,short
-1,2022-09-23 15:45:00,2022-09-23 17:30:00,0.9755600000000001,0.9713421428571429,tp,365.4076215197893,7,B_15m_1h_4h,short
-1,2022-09-26 00:00:00,2022-09-26 00:00:00,0.96708,0.9687267857142857,sl,-222.89864912706952,0,B_15m_1h_4h,short
-1,2022-09-26 02:15:00,2022-09-26 03:45:00,0.9692900000000001,0.9664596428571429,tp,367.78277105967436,6,B_15m_1h_4h,short
-1,2022-09-26 06:15:00,2022-09-26 10:15:00,0.9650000000000001,0.9691935714285715,sl,-224.3474903463956,16,B_15m_1h_4h,short
-1,2022-09-26 16:45:00,2022-09-26 19:15:00,0.96535,0.9608089285714286,tp,370.1733590715437,10,B_15m_1h_4h,short
-1,2022-09-26 21:30:00,2022-09-26 22:45:00,0.9600700000000001,0.9624550000000001,sl,-225.80574903364712,5,B_15m_1h_4h,short
-1,2022-09-26 23:00:00,2022-09-27 03:00:00,0.96084,0.9627214285714286,sl,-223.54769154331066,16,B_15m_1h_4h,short
-1,2022-09-27 09:45:00,2022-09-27 10:30:00,0.9649800000000001,0.9662957142857144,sl,-221.31221462787752,3,B_15m_1h_4h,short
-1,2022-09-27 14:00:00,2022-09-27 14:45:00,0.96267,0.9650175000000001,sl,-219.09909248159877,3,B_15m_1h_4h,short
-1,2022-09-27 15:45:00,2022-09-27 17:00:00,0.9640700000000001,0.9606253571428572,tp,361.51350259463015,5,B_15m_1h_4h,short
-1,2022-09-27 23:15:00,2022-09-28 03:45:00,0.9592,0.9569267857142858,tp,367.53872763788775,18,B_15m_1h_4h,short
-1,2022-09-28 07:45:00,2022-09-28 09:00:00,0.9550900000000001,0.9564935714285715,sl,-224.19862385910798,5,B_15m_1h_4h,short
-1,2022-09-28 09:45:00,2022-09-28 09:45:00,0.9557100000000001,0.9536617857142858,tp,369.9277293675281,0,B_15m_1h_4h,short
-1,2022-09-28 11:30:00,2022-09-28 13:00:00,0.9566100000000001,0.9587089285714286,sl,-225.65591491419215,6,B_15m_1h_4h,short
1,2022-09-28 21:45:00,2022-09-29 02:30:00,0.9738,0.9710775,sl,-223.39935576505025,19,B_15m_1h_4h,long
1,2022-09-29 16:30:00,2022-09-29 18:00:00,0.97329,0.9785417857142857,tp,368.60893701233806,6,B_15m_1h_4h,long
1,2022-09-29 21:30:00,2022-09-30 01:00:00,0.9787699999999999,0.9824307142857142,tp,374.75241929587185,14,B_15m_1h_4h,long
1,2022-09-30 02:45:00,2022-09-30 03:15:00,0.9833799999999999,0.9820074999999999,sl,-228.59897577048184,2,B_15m_1h_4h,long
1,2022-09-30 04:00:00,2022-09-30 04:30:00,0.98256,0.9811039285714286,sl,-226.31298601277703,2,B_15m_1h_4h,long
1,2022-09-30 06:45:00,2022-09-30 09:00:00,0.9805699999999999,0.9828985714285714,tp,373.41642692108206,9,B_15m_1h_4h,long
-1,2022-09-30 19:00:00,2022-09-30 19:15:00,0.9782000000000001,0.9782,flip,7.180762392447979e-12,1,B_15m_1h_4h,short
1,2022-09-30 19:30:00,2022-09-30 22:00:00,0.97822,0.97987,flip,121.42173466586156,10,B_15m_1h_4h,long
-1,2022-09-30 22:15:00,2022-10-03 01:00:00,0.97987,0.9797899999999999,flip,11.002918331230942,11,B_15m_1h_4h,short
1,2022-10-03 01:15:00,2022-10-03 01:45:00,0.9797399999999999,0.9800000000000001,flip,38.9334309853,2,B_15m_1h_4h,long
-1,2022-10-03 02:00:00,2022-10-03 03:15:00,0.9800000000000001,0.9796499999999999,flip,53.51121799585482,5,B_15m_1h_4h,short
1,2022-10-03 03:30:00,2022-10-03 04:45:00,0.9796499999999999,0.9822535714285713,tp,383.38785573606566,5,B_15m_1h_4h,long
-1,2022-10-03 09:45:00,2022-10-03 10:15:00,0.97957,0.98128,sl,-233.86659199900333,2,B_15m_1h_4h,short
-1,2022-10-03 16:45:00,2022-10-03 17:00:00,0.97638,0.9784285714285714,sl,-231.5279260790133,1,B_15m_1h_4h,short
1,2022-10-03 21:30:00,2022-10-04 06:30:00,0.98105,0.9842714285714285,tp,382.02107803035443,36,B_15m_1h_4h,long
1,2022-10-04 13:00:00,2022-10-04 15:15:00,0.9879699999999999,0.991537857142857,tp,388.38809599754455,9,B_15m_1h_4h,long
1,2022-10-04 21:30:00,2022-10-05 10:15:00,0.9976999999999999,0.9958999999999999,sl,-236.91673855850212,51,B_15m_1h_4h,long
1,2022-10-05 15:15:00,2022-10-05 15:45:00,0.9914599999999999,0.9898110714285713,sl,-234.5475711729171,2,B_15m_1h_4h,long
1,2022-10-06 06:00:00,2022-10-06 09:45:00,0.99157,0.9901728571428571,sl,-232.20209546118798,15,B_15m_1h_4h,long
-1,2022-10-06 21:30:00,2022-10-07 09:15:00,0.9806600000000001,0.9774975000000001,tp,383.1334575109557,47,B_15m_1h_4h,short
-1,2022-10-07 12:00:00,2022-10-07 15:30:00,0.98011,0.9772135714285715,tp,389.51901513614774,14,B_15m_1h_4h,short
-1,2022-10-07 15:45:00,2022-10-07 17:15:00,0.9752900000000001,0.9772517857142858,sl,-237.60659923304712,6,B_15m_1h_4h,short
-1,2022-10-07 19:15:00,2022-10-07 21:45:00,0.9779000000000001,0.9735267857142859,tp,392.0508887345244,10,B_15m_1h_4h,short
-1,2022-10-10 01:30:00,2022-10-10 03:45:00,0.9732200000000001,0.9740385714285715,sl,-239.15104212806193,9,B_15m_1h_4h,short
-1,2022-10-10 10:30:00,2022-10-10 11:00:00,0.9722200000000001,0.9698646428571429,tp,394.5992195113083,2,B_15m_1h_4h,short
-1,2022-10-10 12:30:00,2022-10-10 15:30:00,0.96957,0.9715317857142858,sl,-240.70552390189434,12,B_15m_1h_4h,short
-1,2022-10-10 16:30:00,2022-10-10 17:30:00,0.9701000000000001,0.9717960714285715,sl,-238.2984686628754,4,B_15m_1h_4h,short
-1,2022-10-10 22:00:00,2022-10-11 03:15:00,0.97031,0.9718775,sl,-235.9154839762466,21,B_15m_1h_4h,short
-1,2022-10-11 11:00:00,2022-10-11 11:00:00,0.96986,0.9715657142857144,sl,-233.55632913648418,0,B_15m_1h_4h,short
-1,2022-10-11 11:30:00,2022-10-11 14:15:00,0.9706100000000001,0.972517142857143,sl,-231.22076584511933,11,B_15m_1h_4h,short
-1,2022-10-12 02:30:00,2022-10-12 04:15:00,0.9702400000000001,0.9710896428571429,sl,-228.9085581866681,7,B_15m_1h_4h,short
-1,2022-10-12 08:30:00,2022-10-12 08:45:00,0.9707800000000001,0.972177142857143,sl,-226.61947260480144,1,B_15m_1h_4h,short
-1,2022-10-12 14:15:00,2022-10-12 17:30:00,0.97089,0.96789,tp,373.92212979791776,13,B_15m_1h_4h,short
-1,2022-10-12 19:15:00,2022-10-12 21:00:00,0.9686600000000001,0.9708682142857143,sl,-228.09249917673262,7,B_15m_1h_4h,short
-1,2022-10-12 22:00:00,2022-10-13 03:30:00,0.9697100000000001,0.9713492857142858,sl,-225.81157418496528,22,B_15m_1h_4h,short
-1,2022-10-13 04:30:00,2022-10-13 09:45:00,0.9703900000000001,0.9690400000000001,tp,372.5890974051927,21,B_15m_1h_4h,short
-1,2022-10-13 11:15:00,2022-10-13 12:00:00,0.97011,0.9714417857142857,sl,-227.2793494171676,3,B_15m_1h_4h,short
1,2022-10-13 23:45:00,2022-10-14 03:00:00,0.9780399999999999,0.9765903571428571,sl,-225.0065559229959,13,B_15m_1h_4h,long
1,2022-10-14 09:15:00,2022-10-14 10:00:00,0.9784799999999999,0.9773175,sl,-222.75649036376595,3,B_15m_1h_4h,long
1,2022-10-14 19:30:00,2022-10-17 16:30:00,0.9735999999999999,0.9790553571428571,tp,367.54820910021886,84,B_15m_1h_4h,long
1,2022-10-17 22:00:00,2022-10-18 04:30:00,0.9847499999999999,0.9831321428571428,sl,-224.20440755113052,26,B_15m_1h_4h,long
1,2022-10-18 12:15:00,2022-10-18 13:30:00,0.9847499999999999,0.9824774999999999,sl,-221.9623634756192,5,B_15m_1h_4h,long
1,2022-10-18 14:30:00,2022-10-18 16:30:00,0.98363,0.9869496428571428,tp,366.2378997347676,8,B_15m_1h_4h,long
1,2022-10-18 19:00:00,2022-10-19 09:45:00,0.9842,0.9820710714285714,sl,-223.40511883821065,59,B_15m_1h_4h,long
-1,2022-10-19 22:00:00,2022-10-20 07:15:00,0.97663,0.9780571428571428,sl,-221.17106764982853,37,B_15m_1h_4h,short
-1,2022-10-21 06:45:00,2022-10-21 09:00:00,0.9767600000000001,0.9776964285714287,sl,-218.95935697333024,9,B_15m_1h_4h,short
-1,2022-10-21 15:15:00,2022-10-21 15:45:00,0.97291,0.974937142857143,sl,-216.76976340359695,2,B_15m_1h_4h,short
1,2022-10-21 21:45:00,2022-10-24 01:00:00,0.98469,0.9898078571428571,tp,357.6701096159402,13,B_15m_1h_4h,long
1,2022-10-24 02:45:00,2022-10-24 02:45:00,0.9882799999999999,0.9859367857142857,sl,-218.1787668657204,0,B_15m_1h_4h,long
1,2022-10-24 12:00:00,2022-10-24 12:15:00,0.98356,0.9813539285714286,sl,-215.99697919706318,1,B_15m_1h_4h,long
1,2022-10-24 13:00:00,2022-10-24 16:45:00,0.9834099999999999,0.9872867857142856,tp,356.3950156751543,15,B_15m_1h_4h,long
1,2022-10-24 19:00:00,2022-10-25 16:15:00,0.9874499999999999,0.9921446428571428,tp,362.33493260306204,85,B_15m_1h_4h,long
1,2022-10-25 21:00:00,2022-10-26 03:45:00,0.9964999999999999,0.9947407142857142,sl,-221.02430888787472,27,B_15m_1h_4h,long
1,2022-10-26 08:30:00,2022-10-26 09:00:00,0.99625,0.9976107142857142,tp,364.69010966502304,2,B_15m_1h_4h,long
1,2022-10-26 14:15:00,2022-10-26 15:15:00,1.00309,1.0010607142857144,sl,-222.4609668956462,4,B_15m_1h_4h,long
1,2022-10-26 16:45:00,2022-10-26 18:00:00,1.0019799999999999,1.005140714285714,tp,367.06059537778185,5,B_15m_1h_4h,long
1,2022-10-26 20:45:00,2022-10-27 09:30:00,1.0078099999999999,1.0058374999999997,sl,-223.90696318046753,51,B_15m_1h_4h,long
1,2022-10-27 10:15:00,2022-10-27 12:00:00,1.00661,1.005299642857143,sl,-221.66789354866285,7,B_15m_1h_4h,long
1,2022-10-31 01:45:00,2022-10-31 03:30:00,0.99584,0.9948349999999999,sl,-219.45121461317623,7,B_15m_1h_4h,long
1,2022-10-31 09:00:00,2022-10-31 09:00:00,0.9952799999999999,0.9943446428571427,sl,-217.2567024670445,0,B_15m_1h_4h,long
-1,2022-10-31 13:15:00,2022-10-31 14:45:00,0.99338,0.9907603571428572,tp,358.4735590706233,6,B_15m_1h_4h,short
-1,2022-10-31 19:00:00,2022-10-31 20:00:00,0.98751,0.9894407142857143,sl,-218.66887103308025,4,B_15m_1h_4h,short
-1,2022-10-31 21:15:00,2022-11-01 03:30:00,0.9880500000000001,0.9893860714285715,sl,-216.48218232274942,25,B_15m_1h_4h,short
1,2022-11-01 10:15:00,2022-11-01 10:30:00,0.9944799999999999,0.9928985714285713,sl,-214.3173604995219,1,B_15m_1h_4h,long
1,2022-11-01 11:45:00,2022-11-01 16:00:00,0.99271,0.9909560714285714,sl,-212.1741868945267,17,B_15m_1h_4h,long
-1,2022-11-01 21:30:00,2022-11-02 04:45:00,0.9878,0.9893471428571429,sl,-210.05244502558145,29,B_15m_1h_4h,short
1,2022-11-02 14:00:00,2022-11-02 14:15:00,0.9898399999999999,0.9885114285714285,sl,-207.95192057532563,1,B_15m_1h_4h,long
1,2022-11-02 15:00:00,2022-11-02 15:30:00,0.99066,0.9890967857142857,sl,-205.87240136957243,2,B_15m_1h_4h,long
1,2022-11-02 16:00:00,2022-11-02 16:30:00,0.98949,0.9878442857142857,sl,-203.81367735587668,2,B_15m_1h_4h,long
1,2022-11-02 19:30:00,2022-11-02 19:45:00,0.98676,0.9891064285714285,tp,336.2925676372071,1,B_15m_1h_4h,long
-1,2022-11-02 21:00:00,2022-11-02 21:15:00,0.9884000000000001,0.982407142857143,tp,341.8974437644791,1,B_15m_1h_4h,short
-1,2022-11-03 01:15:00,2022-11-03 02:45:00,0.98116,0.9822560714285714,sl,-208.5574406963348,6,B_15m_1h_4h,short
-1,2022-11-03 04:45:00,2022-11-03 08:45:00,0.9828800000000001,0.9811639285714286,tp,344.11977714897466,16,B_15m_1h_4h,short
-1,2022-11-03 16:00:00,2022-11-03 16:15:00,0.9744600000000001,0.9765332142857144,sl,-209.9130640608612,1,B_15m_1h_4h,short
-1,2022-11-03 17:30:00,2022-11-04 08:30:00,0.97685,0.9794439285714286,sl,-207.81393342025262,60,B_15m_1h_4h,short
-1,2022-11-04 12:00:00,2022-11-04 12:30:00,0.9774900000000001,0.9794239285714287,sl,-205.73579408605005,2,B_15m_1h_4h,short
-1,2022-11-04 14:15:00,2022-11-04 14:30:00,0.97924,0.9809135714285714,sl,-203.67843614518955,1,B_15m_1h_4h,short
1,2022-11-04 19:00:00,2022-11-07 10:30:00,0.9915799999999999,0.997047857142857,tp,336.06941963956046,58,B_15m_1h_4h,long
1,2022-11-07 15:00:00,2022-11-07 19:00:00,0.9987999999999999,1.0015160714285714,tp,341.67057663356,16,B_15m_1h_4h,long
1,2022-11-07 22:15:00,2022-11-08 00:00:00,1.00308,1.0018371428571429,sl,-208.41905174646888,7,B_15m_1h_4h,long
1,2022-11-08 01:00:00,2022-11-08 02:30:00,1.00186,1.0030778571428571,tp,343.8914353816945,6,B_15m_1h_4h,long
1,2022-11-08 08:15:00,2022-11-08 08:45:00,1.0004899999999999,0.9996949999999999,sl,-209.7737755828211,2,B_15m_1h_4h,long
1,2022-11-08 14:45:00,2022-11-08 17:00:00,0.9997699999999999,1.0021021428571428,tp,346.12672971166035,9,B_15m_1h_4h,long
1,2022-11-08 22:15:00,2022-11-09 08:00:00,1.0075699999999999,1.0058482142857141,sl,-211.13730512410953,39,B_15m_1h_4h,long
1,2022-11-09 09:15:00,2022-11-09 11:00:00,1.00683,1.0056407142857142,sl,-209.02593207286841,7,B_15m_1h_4h,long
1,2022-11-09 13:15:00,2022-11-09 15:00:00,1.0058099999999999,1.003698214285714,sl,-206.93567275213974,7,B_15m_1h_4h,long
1,2022-11-09 22:15:00,2022-11-10 07:00:00,1.0008599999999999,1.0034599999999998,tp,341.44386004102086,35,B_15m_1h_4h,long
1,2022-11-10 08:45:00,2022-11-10 08:45:00,1.0041,1.0031217857142858,sl,-208.28075462502852,0,B_15m_1h_4h,long
1,2022-11-10 21:00:00,2022-11-10 23:00:00,1.0159,1.020194642857143,tp,343.66324513129115,8,B_15m_1h_4h,long
1,2022-11-11 04:15:00,2022-11-11 07:15:00,1.01819,1.0207346428571429,tp,349.39096588348525,12,B_15m_1h_4h,long
1,2022-11-11 10:30:00,2022-11-11 13:30:00,1.0245199999999999,1.0280824999999998,tp,355.2141486482174,12,B_15m_1h_4h,long
1,2022-11-11 18:00:00,2022-11-14 07:30:00,1.0327,1.0298178571428571,sl,-216.68063067540817,54,B_15m_1h_4h,long
1,2022-11-14 08:15:00,2022-11-14 10:00:00,1.0310899999999998,1.0331596428571426,tp,357.52304061441066,7,B_15m_1h_4h,long
1,2022-11-14 20:15:00,2022-11-15 01:15:00,1.03396,1.0318996428571428,sl,-218.0890547747982,20,B_15m_1h_4h,long
1,2022-11-15 12:45:00,2022-11-15 14:00:00,1.04314,1.0404689285714286,sl,-215.90816422705024,5,B_15m_1h_4h,long
1,2022-11-15 15:45:00,2022-11-15 15:45:00,1.04435,1.0416821428571428,sl,-213.74908258477973,0,B_15m_1h_4h,long
1,2022-11-15 17:30:00,2022-11-15 17:45:00,1.04005,1.0365796428571428,sl,-211.61159175893195,1,B_15m_1h_4h,long
1,2022-11-16 01:15:00,2022-11-16 03:30:00,1.03464,1.0331025,sl,-209.4954758413426,9,B_15m_1h_4h,long
1,2022-11-16 07:15:00,2022-11-16 09:00:00,1.03607,1.0393985714285714,tp,345.6675351382153,7,B_15m_1h_4h,long
1,2022-11-16 16:15:00,2022-11-16 16:45:00,1.04037,1.0382625,sl,-210.85719643431133,2,B_15m_1h_4h,long
1,2022-11-16 17:45:00,2022-11-16 20:30:00,1.03857,1.035945,sl,-208.74862446996823,11,B_15m_1h_4h,long
1,2022-11-17 02:15:00,2022-11-17 02:30:00,1.03954,1.0388307142857143,sl,-206.66113822526853,1,B_15m_1h_4h,long
1,2022-11-17 09:45:00,2022-11-17 11:30:00,1.0387199999999999,1.0374160714285714,sl,-204.5945268430159,7,B_15m_1h_4h,long
1,2022-11-17 14:00:00,2022-11-17 14:45:00,1.03474,1.0325767857142858,sl,-202.54858157458574,3,B_15m_1h_4h,long
-1,2022-11-17 16:00:00,2022-11-17 16:30:00,1.03118,1.0338339285714286,sl,-200.52309575883987,2,B_15m_1h_4h,short
-1,2022-11-17 18:00:00,2022-11-17 19:45:00,1.03284,1.0354435714285715,sl,-198.5178648012515,7,B_15m_1h_4h,short
1,2022-11-18 01:15:00,2022-11-18 02:00:00,1.03653,1.0357617857142856,sl,-196.53268615323898,3,B_15m_1h_4h,long
1,2022-11-18 02:15:00,2022-11-18 03:00:00,1.0364,1.0374678571428573,tp,324.2789321528668,3,B_15m_1h_4h,long
1,2022-11-18 05:00:00,2022-11-18 05:45:00,1.0368199999999999,1.0386396428571427,tp,329.68358102203194,3,B_15m_1h_4h,long
1,2022-11-18 08:00:00,2022-11-18 08:30:00,1.03725,1.0361078571428572,sl,-201.10698442345554,2,B_15m_1h_4h,long
1,2022-11-18 09:00:00,2022-11-18 10:00:00,1.03764,1.036415357142857,sl,-199.09591457922102,4,B_15m_1h_4h,long
1,2022-11-18 15:15:00,2022-11-18 16:30:00,1.03664,1.0346417857142858,sl,-197.1049554334288,5,B_15m_1h_4h,long
1,2022-11-18 17:30:00,2022-11-18 20:00:00,1.03524,1.032992142857143,sl,-195.13390587909453,10,B_15m_1h_4h,long
-1,2022-11-18 23:00:00,2022-11-21 03:15:00,1.03243,1.0305532142857141,tp,321.97094470051866,17,B_15m_1h_4h,short
-1,2022-11-21 06:30:00,2022-11-21 08:45:00,1.02899,1.0264864285714286,tp,327.33712711218124,9,B_15m_1h_4h,short
-1,2022-11-21 10:45:00,2022-11-21 11:45:00,1.02579,1.0228239285714285,tp,332.7927458974009,4,B_15m_1h_4h,short
-1,2022-11-21 14:15:00,2022-11-21 15:15:00,1.0232400000000001,1.024974642857143,sl,-203.00357499740457,4,B_15m_1h_4h,short
-1,2022-11-21 16:15:00,2022-11-21 17:00:00,1.0243200000000001,1.0258692857142857,sl,-200.97353924743052,3,B_15m_1h_4h,short
-1,2022-11-21 20:30:00,2022-11-22 02:00:00,1.02359,1.0252121428571428,sl,-198.9638038549562,22,B_15m_1h_4h,short
1,2022-11-22 13:30:00,2022-11-22 13:45:00,1.0287,1.0266342857142856,sl,-196.97416581640664,1,B_15m_1h_4h,long
1,2022-11-22 15:00:00,2022-11-22 20:45:00,1.0272,1.030317857142857,tp,325.0073735970941,23,B_15m_1h_4h,long
1,2022-11-22 22:00:00,2022-11-23 02:00:00,1.0295999999999998,1.031542857142857,tp,330.4241631569974,16,B_15m_1h_4h,long
1,2022-11-23 04:00:00,2022-11-23 07:15:00,1.03115,1.0326535714285714,tp,335.9312325430056,13,B_15m_1h_4h,long
1,2022-11-23 12:00:00,2022-11-23 12:00:00,1.03257,1.0308,sl,-204.91805185121356,0,B_15m_1h_4h,long
1,2022-11-23 19:45:00,2022-11-24 01:15:00,1.0370599999999999,1.0409617857142854,tp,338.1147855544895,22,B_15m_1h_4h,long
1,2022-11-24 08:45:00,2022-11-24 09:30:00,1.0437999999999998,1.0426417857142856,sl,-206.2500191882463,3,B_15m_1h_4h,long
1,2022-11-24 11:15:00,2022-11-24 12:30:00,1.04186,1.0401692857142857,sl,-204.18751899636385,5,B_15m_1h_4h,long
1,2022-11-24 17:45:00,2022-11-24 17:45:00,1.04223,1.0407717857142857,sl,-202.1456438064002,0,B_15m_1h_4h,long
1,2022-11-24 19:45:00,2022-11-25 11:45:00,1.04068,1.0392571428571429,sl,-200.12418736833618,64,B_15m_1h_4h,long
1,2022-11-25 12:30:00,2022-11-25 13:00:00,1.0420399999999999,1.0402807142857142,sl,-198.1229454946528,2,B_15m_1h_4h,long
1,2022-11-25 21:30:00,2022-11-25 23:30:00,1.04073,1.0395675,sl,-196.1417160397063,8,B_15m_1h_4h,long
-1,2022-11-28 23:00:00,2022-11-29 02:15:00,1.0335100000000002,1.0348203571428571,sl,-194.18029887930922,13,B_15m_1h_4h,short
-1,2022-11-29 02:45:00,2022-11-29 03:15:00,1.03447,1.0334646428571428,tp,320.39749315093104,2,B_15m_1h_4h,short
1,2022-11-29 10:00:00,2022-11-29 10:00:00,1.03815,1.0364410714285714,sl,-195.44247082202543,0,B_15m_1h_4h,long
1,2022-11-29 10:30:00,2022-11-29 12:15:00,1.03676,1.0376,flip,83.02935312164767,7,B_15m_1h_4h,long
-1,2022-11-29 12:30:00,2022-11-29 14:45:00,1.03759,1.03758,flip,0.8419859966103572,9,B_15m_1h_4h,short
1,2022-11-29 15:00:00,2022-11-29 15:30:00,1.0375999999999999,1.035685357142857,sl,-194.32675950498776,2,B_15m_1h_4h,long
-1,2022-11-29 18:15:00,2022-11-30 05:30:00,1.03406,1.03495,flip,-62.20574306988547,45,B_15m_1h_4h,short
1,2022-11-30 05:45:00,2022-11-30 08:30:00,1.03494,1.0338171428571428,sl,-191.76143447923903,11,B_15m_1h_4h,long
1,2022-11-30 09:15:00,2022-11-30 10:30:00,1.0355699999999999,1.034448214285714,sl,-189.84382013444667,5,B_15m_1h_4h,long
1,2022-11-30 14:00:00,2022-11-30 15:15:00,1.036,1.0390142857142857,tp,313.242303221837,5,B_15m_1h_4h,long
1,2022-11-30 16:15:00,2022-11-30 17:00:00,1.03796,1.0361192857142858,sl,-191.07780496532055,3,B_15m_1h_4h,long
1,2022-12-01 01:15:00,2022-12-01 03:00:00,1.04181,1.0443707142857142,tp,315.2783781927789,7,B_15m_1h_4h,long
1,2022-12-01 05:45:00,2022-12-01 07:30:00,1.04305,1.0451392857142858,tp,320.5330178293139,7,B_15m_1h_4h,long
1,2022-12-01 11:00:00,2022-12-01 12:45:00,1.04446,1.0418810714285713,sl,-195.5251408758883,7,B_15m_1h_4h,long
1,2022-12-01 13:15:00,2022-12-01 15:30:00,1.04297,1.0478075,tp,322.61648244521564,9,B_15m_1h_4h,long
1,2022-12-01 19:30:00,2022-12-02 15:30:00,1.05002,1.0467199999999999,sl,-196.79605429158158,80,B_15m_1h_4h,long
1,2022-12-02 17:45:00,2022-12-02 21:45:00,1.04741,1.0534921428571429,tp,324.7134895811254,16,B_15m_1h_4h,long
1,2022-12-02 22:00:00,2022-12-05 03:30:00,1.05369,1.0565560714285713,tp,330.12538107411126,22,B_15m_1h_4h,long
1,2022-12-06 06:30:00,2022-12-06 07:30:00,1.04968,1.0484071428571426,sl,-201.3764824552181,4,B_15m_1h_4h,long
1,2022-12-06 08:00:00,2022-12-06 08:00:00,1.04946,1.04832,sl,-199.36271763066594,0,B_15m_1h_4h,long
1,2022-12-06 17:45:00,2022-12-06 19:00:00,1.05051,1.0486350000000002,sl,-197.36909045435928,5,B_15m_1h_4h,long
-1,2022-12-07 01:45:00,2022-12-07 03:45:00,1.04648,1.0471025,sl,-195.39539954981572,8,B_15m_1h_4h,short
-1,2022-12-07 05:00:00,2022-12-07 08:30:00,1.0464900000000001,1.0448650000000002,tp,322.40240925713715,14,B_15m_1h_4h,short
-1,2022-12-07 10:00:00,2022-12-07 10:45:00,1.04592,1.047245357142857,sl,-196.66546964688894,3,B_15m_1h_4h,short
1,2022-12-07 14:15:00,2022-12-07 14:45:00,1.04969,1.0529042857142856,tp,324.4980249173443,2,B_15m_1h_4h,long
1,2022-12-07 19:00:00,2022-12-08 17:15:00,1.0504499999999999,1.0545107142857142,tp,329.9063253326438,89,B_15m_1h_4h,long
1,2022-12-08 20:45:00,2022-12-09 03:30:00,1.05585,1.0584678571428572,tp,335.40476408822826,27,B_15m_1h_4h,long
1,2022-12-09 07:15:00,2022-12-09 09:15:00,1.05801,1.0570724999999999,sl,-204.59690609380218,8,B_15m_1h_4h,long
1,2022-12-09 09:45:00,2022-12-09 10:00:00,1.0574,1.0563982142857142,sl,-202.55093703286417,1,B_15m_1h_4h,long
1,2022-12-09 10:45:00,2022-12-09 11:00:00,1.05723,1.0560685714285714,sl,-200.52542766253552,1,B_15m_1h_4h,long
1,2022-12-09 17:45:00,2022-12-12 02:45:00,1.05386,1.0509939285714285,sl,-198.52017338591017,36,B_15m_1h_4h,long
1,2022-12-12 16:00:00,2022-12-12 16:30:00,1.05723,1.0558060714285713,sl,-196.5349716520511,2,B_15m_1h_4h,long
1,2022-12-12 17:15:00,2022-12-12 17:15:00,1.0574599999999998,1.0557585714285713,sl,-194.56962193553056,0,B_15m_1h_4h,long
1,2022-12-13 04:45:00,2022-12-13 05:00:00,1.0551899999999999,1.0544174999999998,sl,-192.62392571617525,1,B_15m_1h_4h,long
1,2022-12-13 07:00:00,2022-12-13 08:15:00,1.05418,1.055485357142857,tp,317.82947743170723,5,B_15m_1h_4h,long
1,2022-12-13 12:00:00,2022-12-13 15:30:00,1.05437,1.0570521428571429,tp,323.1266353888754,14,B_15m_1h_4h,long
1,2022-12-13 18:15:00,2022-12-13 19:15:00,1.06564,1.0620410714285713,sl,-197.10724758721932,4,B_15m_1h_4h,long
1,2022-12-14 02:15:00,2022-12-14 06:15:00,1.06322,1.0622835714285717,sl,-195.13617511134711,16,B_15m_1h_4h,long
1,2022-12-14 07:00:00,2022-12-14 08:15:00,1.06247,1.0635735714285715,tp,321.9746889337875,5,B_15m_1h_4h,long
1,2022-12-14 15:15:00,2022-12-14 16:30:00,1.06489,1.063345,sl,-196.40456024957152,5,B_15m_1h_4h,long
1,2022-12-14 16:45:00,2022-12-14 20:30:00,1.0649499999999998,1.0672678571428569,tp,324.067524411762,15,B_15m_1h_4h,long
1,2022-12-14 22:00:00,2022-12-15 10:15:00,1.06643,1.0636110714285714,sl,-197.68118989119344,49,B_15m_1h_4h,long
1,2022-12-16 00:30:00,2022-12-16 03:00:00,1.0625799999999999,1.0643389285714284,tp,326.1739633204828,10,B_15m_1h_4h,long
1,2022-12-16 08:00:00,2022-12-16 08:30:00,1.0646,1.0659517857142857,tp,331.6101960424953,2,B_15m_1h_4h,long
1,2022-12-16 10:45:00,2022-12-16 11:15:00,1.06432,1.0628671428571428,sl,-202.28221958591126,2,B_15m_1h_4h,long
1,2022-12-16 16:30:00,2022-12-16 16:45:00,1.06225,1.0647446428571428,tp,333.7656623167833,1,B_15m_1h_4h,long
-1,2022-12-19 01:30:00,2022-12-19 02:15:00,1.05878,1.0597839285714286,sl,-203.59705401321997,3,B_15m_1h_4h,short
1,2022-12-19 08:00:00,2022-12-19 08:30:00,1.0608199999999999,1.0620110714285713,tp,335.9351391217713,2,B_15m_1h_4h,long
1,2022-12-19 14:45:00,2022-12-19 17:30:00,1.06105,1.05978,flip,-145.36147344455983,11,B_15m_1h_4h,long
-1,2022-12-19 17:45:00,2022-12-19 18:15:00,1.05978,1.0611514285714285,sl,-203.46682012985994,2,B_15m_1h_4h,short
1,2022-12-19 22:30:00,2022-12-20 00:15:00,1.06087,1.06041,flip,-85.28751205915623,7,B_15m_1h_4h,long
-1,2022-12-20 00:30:00,2022-12-20 01:15:00,1.06041,1.0611128571428572,sl,-200.57927680796976,3,B_15m_1h_4h,short
-1,2022-12-20 02:15:00,2022-12-20 02:15:00,1.06026,1.06056,flip,-101.46090425394036,0,B_15m_1h_4h,short
1,2022-12-20 02:30:00,2022-12-20 02:30:00,1.0605499999999999,1.0599467857142855,sl,-197.55887499735064,0,B_15m_1h_4h,long
-1,2022-12-20 10:30:00,2022-12-20 10:30:00,1.06055,1.0623628571428572,sl,-195.58328624737715,0,B_15m_1h_4h,short
1,2022-12-20 13:45:00,2022-12-20 14:30:00,1.06432,1.0626785714285714,sl,-193.6274533849034,3,B_15m_1h_4h,long
1,2022-12-20 16:00:00,2022-12-20 16:00:00,1.06161,1.0598978571428572,sl,-191.69117885105436,0,B_15m_1h_4h,long
-1,2022-12-21 00:00:00,2022-12-21 01:45:00,1.06226,1.06254,flip,-48.1031443184826,7,B_15m_1h_4h,short
1,2022-12-21 02:00:00,2022-12-21 03:00:00,1.06254,1.0616935714285716,sl,-189.29323561935897,4,B_15m_1h_4h,long
1,2022-12-21 04:00:00,2022-12-21 05:00:00,1.06203,1.0613346428571429,sl,-187.4003032631654,4,B_15m_1h_4h,long
1,2022-12-21 12:30:00,2022-12-21 13:00:00,1.06286,1.061222857142857,sl,-185.5263002305337,2,B_15m_1h_4h,long
1,2022-12-21 14:30:00,2022-12-21 15:15:00,1.062,1.0644803571428572,tp,306.1183953803441,3,B_15m_1h_4h,long
1,2022-12-22 01:15:00,2022-12-22 01:45:00,1.06063,1.0606900000000001,flip,17.99828637904318,2,B_15m_1h_4h,long
-1,2022-12-22 02:00:00,2022-12-22 02:45:00,1.0606900000000001,1.0612707142857145,sl,-186.91220404582225,3,B_15m_1h_4h,short
1,2022-12-22 07:30:00,2022-12-22 07:45:00,1.06478,1.063955,sl,-185.04308200536406,1,B_15m_1h_4h,long
1,2022-12-22 08:45:00,2022-12-22 09:00:00,1.06493,1.0640771428571427,sl,-183.19265118531044,1,B_15m_1h_4h,long
1,2022-12-22 10:30:00,2022-12-22 10:30:00,1.06484,1.0637846428571427,sl,-181.36072467345733,0,B_15m_1h_4h,long
1,2022-12-22 11:00:00,2022-12-22 13:00:00,1.06369,1.0623775,sl,-179.54711742672276,8,B_15m_1h_4h,long
-1,2022-12-22 21:30:00,2022-12-22 21:45:00,1.0574700000000001,1.058544642857143,sl,-177.75164625245554,1,B_15m_1h_4h,short
-1,2022-12-22 23:30:00,2022-12-23 02:15:00,1.05918,1.060400357142857,sl,-175.974129789931,11,B_15m_1h_4h,short
-1,2022-12-23 02:30:00,2022-12-23 03:00:00,1.05979,1.058834642857143,tp,290.35731415340865,2,B_15m_1h_4h,short
1,2022-12-23 07:45:00,2022-12-23 07:45:00,1.0610199999999999,1.060447857142857,sl,-177.11796163356576,0,B_15m_1h_4h,long
1,2022-12-23 08:30:00,2022-12-23 09:00:00,1.0605799999999999,1.0615907142857142,tp,292.2446366953407,2,B_15m_1h_4h,long
1,2022-12-23 11:45:00,2022-12-23 15:30:00,1.06069,1.0629989285714285,tp,297.1153806403344,15,B_15m_1h_4h,long
1,2022-12-23 15:45:00,2022-12-23 15:45:00,1.0629,1.06128,sl,-181.24038219058687,0,B_15m_1h_4h,long
1,2022-12-23 17:00:00,2022-12-27 03:00:00,1.0613,1.0648124999999997,tp,299.04663061446206,100,B_15m_1h_4h,long
1,2022-12-27 04:00:00,2022-12-27 05:00:00,1.06523,1.0643096428571428,sl,-182.41844467482562,4,B_15m_1h_4h,long
1,2022-12-27 06:30:00,2022-12-27 08:00:00,1.06449,1.0659257142857144,tp,300.9904337134933,6,B_15m_1h_4h,long
1,2022-12-27 11:30:00,2022-12-27 14:45:00,1.0653,1.0640003571428571,sl,-183.60416456521233,13,B_15m_1h_4h,long
1,2022-12-27 20:45:00,2022-12-27 23:45:00,1.06481,1.0636100000000002,sl,-181.76812291956017,12,B_15m_1h_4h,long
1,2022-12-28 00:15:00,2022-12-28 01:00:00,1.06419,1.0634217857142856,sl,-179.9504416903646,3,B_15m_1h_4h,long
1,2022-12-28 01:30:00,2022-12-28 02:15:00,1.0637699999999999,1.063092857142857,sl,-178.15093727346095,3,B_15m_1h_4h,long
1,2022-12-28 03:15:00,2022-12-28 07:15:00,1.06325,1.0645017857142858,tp,293.94904650121055,16,B_15m_1h_4h,long
1,2022-12-28 11:45:00,2022-12-28 14:45:00,1.06388,1.0655139285714286,tp,298.8481972762713,12,B_15m_1h_4h,long
1,2022-12-28 15:30:00,2022-12-28 16:30:00,1.0642099999999999,1.0665421428571427,tp,303.82900056415895,4,B_15m_1h_4h,long
1,2022-12-29 07:00:00,2022-12-29 08:15:00,1.06257,1.0619528571428571,sl,-185.3356903441427,5,B_15m_1h_4h,long
1,2022-12-29 09:45:00,2022-12-29 10:00:00,1.06185,1.0631517857142856,tp,305.8038890678181,1,B_15m_1h_4h,long
1,2022-12-29 14:15:00,2022-12-29 15:30:00,1.06412,1.0662342857142857,tp,310.90062055231,5,B_15m_1h_4h,long
1,2022-12-29 17:45:00,2022-12-30 08:00:00,1.06601,1.0641639285714284,sl,-189.6493785369026,57,B_15m_1h_4h,long
1,2022-12-30 14:15:00,2022-12-30 15:15:00,1.06782,1.0661924999999999,sl,-187.75288475153357,4,B_15m_1h_4h,long
1,2022-12-30 16:30:00,2022-12-30 20:30:00,1.06768,1.0711514285714285,tp,309.7922598400436,16,B_15m_1h_4h,long
1,2022-12-30 21:45:00,2022-12-30 22:00:00,1.07062,1.0693139285714284,sl,-188.97327850241865,1,B_15m_1h_4h,long
1,2022-12-30 22:45:00,2023-01-02 07:00:00,1.0702399999999999,1.069120357142857,sl,-187.08354571739446,5,B_15m_1h_4h,long
1,2023-01-02 10:45:00,2023-01-02 17:15:00,1.0681,1.0668121428571429,sl,-185.21271026022052,26,B_15m_1h_4h,long
1,2023-01-03 01:45:00,2023-01-03 03:00:00,1.06708,1.0659914285714285,sl,-183.36058315761832,5,B_15m_1h_4h,long
-1,2023-01-03 22:30:00,2023-01-04 01:15:00,1.0560800000000001,1.0542264285714287,tp,302.5449622100944,11,B_15m_1h_4h,short
-1,2023-01-04 04:45:00,2023-01-04 06:45:00,1.0564,1.0573332142857144,sl,-184.55242694814308,8,B_15m_1h_4h,short
-1,2023-01-04 23:45:00,2023-01-05 02:15:00,1.0604200000000001,1.061569642857143,sl,-182.70690267866163,10,B_15m_1h_4h,short
-1,2023-01-05 21:30:00,2023-01-06 09:30:00,1.05311,1.050852857142857,tp,301.4663894198214,48,B_15m_1h_4h,short
-1,2023-01-06 10:00:00,2023-01-06 10:00:00,1.05122,1.0522903571428572,sl,-183.8944975460732,0,B_15m_1h_4h,short
-1,2023-01-06 11:15:00,2023-01-06 14:00:00,1.0514700000000001,1.0491985714285716,tp,303.42592095099116,11,B_15m_1h_4h,short
-1,2023-01-06 15:30:00,2023-01-06 15:30:00,1.0485900000000001,1.0499432142857146,sl,-185.0898117801224,0,B_15m_1h_4h,short
-1,2023-01-06 16:45:00,2023-01-06 17:00:00,1.05028,1.0525203571428572,sl,-183.23891366232118,1,B_15m_1h_4h,short
1,2023-01-09 01:15:00,2023-01-09 01:30:00,1.0647199999999999,1.0657182142857142,tp,302.3442075428748,1,B_15m_1h_4h,long
1,2023-01-09 05:30:00,2023-01-09 09:15:00,1.06725,1.0690982142857144,tp,307.3832776685692,15,B_15m_1h_4h,long
1,2023-01-09 10:15:00,2023-01-09 11:00:00,1.06928,1.0679610714285714,sl,-187.5037993778124,3,B_15m_1h_4h,long
1,2023-01-09 12:45:00,2023-01-09 15:15:00,1.0673599999999999,1.070565357142857,tp,309.3812689733762,10,B_15m_1h_4h,long
1,2023-01-09 21:30:00,2023-01-09 22:45:00,1.07494,1.073662857142857,sl,-188.72257407376804,5,B_15m_1h_4h,long
1,2023-01-10 03:00:00,2023-01-10 04:00:00,1.0728,1.0741803571428572,tp,311.3922472217173,4,B_15m_1h_4h,long
1,2023-01-10 09:45:00,2023-01-10 11:30:00,1.07351,1.0751671428571428,tp,316.5821180087318,7,B_15m_1h_4h,long
1,2023-01-10 13:30:00,2023-01-10 14:15:00,1.07411,1.0726175,sl,-193.11509198533489,3,B_15m_1h_4h,long
1,2023-01-10 16:00:00,2023-01-10 16:00:00,1.07225,1.0741589285714284,tp,318.6399017758149,0,B_15m_1h_4h,long
1,2023-01-10 20:45:00,2023-01-11 07:45:00,1.0732,1.0755392857142856,tp,323.9505668053995,44,B_15m_1h_4h,long
1,2023-01-11 09:15:00,2023-01-11 10:00:00,1.07493,1.0740857142857143,sl,-197.6098457512937,3,B_15m_1h_4h,long
1,2023-01-11 11:30:00,2023-01-11 14:15:00,1.07472,1.0732489285714284,sl,-195.63374729378077,11,B_15m_1h_4h,long
1,2023-01-11 15:15:00,2023-01-11 16:15:00,1.07474,1.0766757142857142,tp,322.7956830347259,4,B_15m_1h_4h,long
1,2023-01-11 20:00:00,2023-01-12 07:15:00,1.07473,1.0774871428571429,tp,328.1756110852994,45,B_15m_1h_4h,long
1,2023-01-12 15:00:00,2023-01-12 15:15:00,1.0763399999999999,1.0782542857142856,tp,333.64520460339236,1,B_15m_1h_4h,long
1,2023-01-12 17:15:00,2023-01-16 04:15:00,1.07943,1.0873014285714284,tp,339.20595801346826,140,B_15m_1h_4h,long
1,2023-01-16 07:45:00,2023-01-16 08:15:00,1.08594,1.0851396428571427,sl,-206.91563438821177,2,B_15m_1h_4h,long
1,2023-01-17 00:45:00,2023-01-17 01:00:00,1.08223,1.0829192857142858,tp,341.41079674062274,1,B_15m_1h_4h,long
1,2023-01-17 04:15:00,2023-01-17 04:15:00,1.0828799999999998,1.0817721428571427,sl,-208.26058601173588,0,B_15m_1h_4h,long
1,2023-01-17 09:45:00,2023-01-17 11:30:00,1.08264,1.081524642857143,sl,-206.1779801516185,7,B_15m_1h_4h,long
-1,2023-01-17 22:15:00,2023-01-18 04:45:00,1.07918,1.0771157142857144,tp,340.1936672501584,26,B_15m_1h_4h,short
1,2023-01-18 15:15:00,2023-01-18 16:15:00,1.08391,1.0870707142857141,tp,345.86356170434794,4,B_15m_1h_4h,long
-1,2023-01-18 21:15:00,2023-01-19 03:00:00,1.07912,1.0792199999999998,flip,-11.118670494817836,23,B_15m_1h_4h,short
1,2023-01-19 03:15:00,2023-01-19 03:45:00,1.07921,1.0784675,sl,-210.8655859346992,2,B_15m_1h_4h,long
1,2023-01-19 04:30:00,2023-01-19 05:30:00,1.0789,1.0803464285714286,tp,347.9282167922893,4,B_15m_1h_4h,long
1,2023-01-19 08:15:00,2023-01-19 08:45:00,1.07978,1.07905,flip,-193.57912441997433,2,B_15m_1h_4h,long
-1,2023-01-19 09:00:00,2023-01-19 09:00:00,1.07908,1.07933,flip,-57.124677803367625,0,B_15m_1h_4h,short
1,2023-01-19 09:15:00,2023-01-19 09:15:00,1.07932,1.0784103571428572,sl,-209.7291742210417,0,B_15m_1h_4h,long
1,2023-01-19 15:30:00,2023-01-19 15:30:00,1.08194,1.0803692857142857,sl,-207.63188247883127,0,B_15m_1h_4h,long
1,2023-01-19 16:30:00,2023-01-19 16:45:00,1.0822,1.0804492857142858,sl,-205.55556365404297,1,B_15m_1h_4h,long
1,2023-01-20 00:45:00,2023-01-20 08:45:00,1.0831899999999999,1.0824110714285713,sl,-203.50000801750255,32,B_15m_1h_4h,long
1,2023-01-20 09:15:00,2023-01-20 10:00:00,1.08344,1.0848310714285714,tp,335.77501322887923,3,B_15m_1h_4h,long
1,2023-01-20 13:00:00,2023-01-20 14:00:00,1.0839299999999998,1.0823325,sl,-204.82275806961633,4,B_15m_1h_4h,long
1,2023-01-20 15:15:00,2023-01-20 15:45:00,1.08267,1.0812771428571428,sl,-202.77453048892013,2,B_15m_1h_4h,long
1,2023-01-23 00:15:00,2023-01-23 02:45:00,1.08653,1.0876585714285714,tp,334.5779753067182,10,B_15m_1h_4h,long
1,2023-01-23 05:15:00,2023-01-23 06:15:00,1.09019,1.0890842857142857,sl,-204.09256493709813,4,B_15m_1h_4h,long
1,2023-01-23 07:30:00,2023-01-23 08:15:00,1.08972,1.0888939285714285,sl,-202.05163928772717,3,B_15m_1h_4h,long
1,2023-01-23 08:45:00,2023-01-23 08:45:00,1.08941,1.0907635714285713,tp,333.3852048247316,0,B_15m_1h_4h,long
1,2023-01-23 17:00:00,2023-01-24 08:45:00,1.08626,1.0890421428571428,tp,338.941624905162,63,B_15m_1h_4h,long
1,2023-01-24 12:45:00,2023-01-24 16:45:00,1.0864399999999999,1.0848060714285712,sl,-206.7543911921488,16,B_15m_1h_4h,long
1,2023-01-24 22:00:00,2023-01-25 04:30:00,1.08848,1.0901121428571428,tp,341.14474546707646,26,B_15m_1h_4h,long
1,2023-01-25 08:30:00,2023-01-25 08:45:00,1.0907499999999999,1.0900642857142857,sl,-208.09829473489808,1,B_15m_1h_4h,long
1,2023-01-25 19:00:00,2023-01-26 15:30:00,1.09012,1.0877864285714285,sl,-206.01731178754912,82,B_15m_1h_4h,long
1,2023-01-26 17:15:00,2023-01-26 17:30:00,1.08917,1.0872392857142856,sl,-203.95713866967364,1,B_15m_1h_4h,long
1,2023-01-27 01:15:00,2023-01-27 03:15:00,1.08952,1.0888567857142857,sl,-201.9175672829769,8,B_15m_1h_4h,long
-1,2023-01-27 10:00:00,2023-01-27 10:30:00,1.08731,1.0879625,sl,-199.89839161014712,2,B_15m_1h_4h,short
-1,2023-01-27 18:00:00,2023-01-27 18:30:00,1.08379,1.0859714285714286,sl,-197.89940769404566,2,B_15m_1h_4h,short
-1,2023-01-27 19:00:00,2023-01-30 01:00:00,1.08559,1.08687,flip,-107.7622410073115,24,B_15m_1h_4h,short
1,2023-01-30 01:15:00,2023-01-30 03:30:00,1.08689,1.0863232142857142,sl,-194.84279120703206,9,B_15m_1h_4h,long
1,2023-01-30 04:30:00,2023-01-30 08:45:00,1.08701,1.0862492857142858,sl,-192.89436329496175,17,B_15m_1h_4h,long
1,2023-01-30 15:00:00,2023-01-30 15:30:00,1.09046,1.0892835714285714,sl,-190.9654196620121,2,B_15m_1h_4h,long
1,2023-01-30 16:45:00,2023-01-30 17:15:00,1.0897999999999999,1.0884489285714285,sl,-189.055765465392,2,B_15m_1h_4h,long
-1,2023-01-30 21:15:00,2023-01-30 22:30:00,1.08426,1.0854482142857143,sl,-187.16520781073808,5,B_15m_1h_4h,short
-1,2023-01-31 00:15:00,2023-01-31 02:30:00,1.0847200000000001,1.0854560714285715,sl,-185.2935557326307,9,B_15m_1h_4h,short
-1,2023-01-31 04:30:00,2023-01-31 06:00:00,1.08535,1.0843821428571427,tp,305.73436695884067,6,B_15m_1h_4h,short
-1,2023-01-31 10:15:00,2023-01-31 10:15:00,1.08138,1.0825253571428572,sl,-186.4979638448928,0,B_15m_1h_4h,short
-1,2023-01-31 14:45:00,2023-01-31 15:30:00,1.08295,1.0841264285714287,sl,-184.63298420644387,3,B_15m_1h_4h,short
1,2023-01-31 23:00:00,2023-01-31 23:45:00,1.0872899999999999,1.0864874999999998,sl,-182.78665436437944,3,B_15m_1h_4h,long
1,2023-02-01 01:15:00,2023-02-01 04:00:00,1.08635,1.0856364285714286,sl,-180.95878782073564,11,B_15m_1h_4h,long
1,2023-02-01 09:30:00,2023-02-01 09:30:00,1.08784,1.0871157142857142,sl,-179.1491999425283,0,B_15m_1h_4h,long
1,2023-02-01 10:00:00,2023-02-01 10:15:00,1.08808,1.0871285714285714,sl,-177.357707943103,1,B_15m_1h_4h,long
1,2023-02-01 10:30:00,2023-02-01 15:15:00,1.08796,1.0897992857142857,tp,292.6402181061201,19,B_15m_1h_4h,long
1,2023-02-01 15:30:00,2023-02-01 17:00:00,1.0901399999999999,1.0890974999999998,sl,-178.5105330447332,6,B_15m_1h_4h,long
1,2023-02-01 17:30:00,2023-02-01 21:00:00,1.0905099999999999,1.0892585714285714,sl,-176.72542771428584,14,B_15m_1h_4h,long
1,2023-02-01 21:45:00,2023-02-02 01:00:00,1.09735,1.100882142857143,tp,291.5969557285656,13,B_15m_1h_4h,long
1,2023-02-02 04:30:00,2023-02-02 09:15:00,1.10187,1.1002521428571428,sl,-177.87414299442867,19,B_15m_1h_4h,long
1,2023-02-02 10:15:00,2023-02-02 10:45:00,1.10058,1.0994742857142856,sl,-176.09540156448438,2,B_15m_1h_4h,long
1,2023-02-02 15:15:00,2023-02-02 15:15:00,1.09952,1.0980542857142859,sl,-174.33444754883953,0,B_15m_1h_4h,long
1,2023-02-03 14:45:00,2023-02-03 15:15:00,1.09357,1.0925146428571428,sl,-172.59110307335112,2,B_15m_1h_4h,long
-1,2023-02-03 23:45:00,2023-02-06 00:00:00,1.07935,1.0779999999999998,tp,284.7753200710762,1,B_15m_1h_4h,short
-1,2023-02-06 02:15:00,2023-02-06 04:30:00,1.07863,1.0796307142857142,sl,-173.71294524332836,9,B_15m_1h_4h,short
-1,2023-02-06 04:45:00,2023-02-06 06:15:00,1.07883,1.079855357142857,sl,-171.97581579089507,6,B_15m_1h_4h,short
-1,2023-02-06 07:00:00,2023-02-06 09:45:00,1.07956,1.0780742857142858,tp,283.760096054991,11,B_15m_1h_4h,short
-1,2023-02-06 15:30:00,2023-02-06 16:00:00,1.07705,1.0751642857142858,tp,288.4894309892267,2,B_15m_1h_4h,short
-1,2023-02-06 22:30:00,2023-02-07 03:00:00,1.07271,1.073715,sl,-175.9785529034283,18,B_15m_1h_4h,short
-1,2023-02-07 13:00:00,2023-02-07 16:45:00,1.0713000000000001,1.0681125,tp,290.3646122906702,15,B_15m_1h_4h,short
-1,2023-02-08 00:15:00,2023-02-08 03:00:00,1.07221,1.0734700000000001,sl,-177.1224134973007,11,B_15m_1h_4h,short
-1,2023-02-08 05:15:00,2023-02-08 08:45:00,1.07305,1.0737592857142857,sl,-175.3511893623277,14,B_15m_1h_4h,short
-1,2023-02-08 09:00:00,2023-02-08 09:15:00,1.07266,1.0733157142857142,sl,-173.5976774687044,1,B_15m_1h_4h,short
-1,2023-02-08 16:30:00,2023-02-09 08:15:00,1.0730300000000002,1.0744142857142858,sl,-171.86170069401734,63,B_15m_1h_4h,short
-1,2023-02-09 22:00:00,2023-02-10 10:00:00,1.07366,1.0749317857142857,sl,-170.1430836870772,48,B_15m_1h_4h,short
-1,2023-02-10 15:45:00,2023-02-10 16:30:00,1.06866,1.0700003571428571,sl,-168.44165285020637,3,B_15m_1h_4h,short
-1,2023-02-10 16:45:00,2023-02-10 16:45:00,1.06878,1.0701728571428573,sl,-166.7572363217043,0,B_15m_1h_4h,short
-1,2023-02-10 17:45:00,2023-02-13 16:45:00,1.06851,1.070357142857143,sl,-165.08966395848725,92,B_15m_1h_4h,short
1,2023-02-14 08:45:00,2023-02-14 09:00:00,1.07409,1.0735778571428571,sl,-163.43876731890236,1,B_15m_1h_4h,long
1,2023-02-14 14:30:00,2023-02-14 15:30:00,1.07602,1.074694642857143,sl,-161.80437964571334,4,B_15m_1h_4h,long
1,2023-02-14 17:00:00,2023-02-14 17:45:00,1.0752899999999999,1.0719792857142856,sl,-160.1863358492562,3,B_15m_1h_4h,long
-1,2023-02-14 20:45:00,2023-02-15 00:15:00,1.07304,1.07359,flip,-41.344182772271665,14,B_15m_1h_4h,short
1,2023-02-15 00:30:00,2023-02-15 01:45:00,1.07359,1.07345,flip,-31.220062447085823,5,B_15m_1h_4h,long
-1,2023-02-15 02:00:00,2023-02-15 02:45:00,1.07346,1.073957142857143,sl,-157.8588300385701,3,B_15m_1h_4h,short
-1,2023-02-15 04:00:00,2023-02-15 04:15:00,1.0739100000000001,1.0729635714285715,tp,260.4670695636813,1,B_15m_1h_4h,short
-1,2023-02-15 08:45:00,2023-02-15 09:00:00,1.07054,1.0712557142857144,sl,-158.8849124338212,1,B_15m_1h_4h,short
-1,2023-02-15 10:00:00,2023-02-15 10:15:00,1.07078,1.0717453571428572,sl,-157.29606330948297,1,B_15m_1h_4h,short
-1,2023-02-15 12:30:00,2023-02-15 15:15:00,1.07217,1.0696825,tp,259.53850446062376,11,B_15m_1h_4h,short
-1,2023-02-15 19:30:00,2023-02-15 21:15:00,1.0666,1.0683614285714287,sl,-158.3184877209944,7,B_15m_1h_4h,short
-1,2023-02-16 02:30:00,2023-02-16 03:15:00,1.06899,1.0695535714285715,sl,-156.7353028437844,3,B_15m_1h_4h,short
-1,2023-02-16 10:45:00,2023-02-16 11:45:00,1.07082,1.0690575,tp,258.61324969227695,4,B_15m_1h_4h,short
-1,2023-02-16 14:30:00,2023-02-16 15:30:00,1.06968,1.0676371428571427,tp,262.9234705204394,4,B_15m_1h_4h,short
-1,2023-02-16 20:30:00,2023-02-16 21:15:00,1.0683500000000001,1.0697310714285715,sl,-160.38331701747376,3,B_15m_1h_4h,short
-1,2023-02-17 02:15:00,2023-02-17 03:45:00,1.06634,1.0654185714285715,tp,264.632473078768,6,B_15m_1h_4h,short
-1,2023-02-17 04:00:00,2023-02-17 06:30:00,1.06528,1.0641907142857143,tp,269.0430142968294,10,B_15m_1h_4h,short
-1,2023-02-17 10:45:00,2023-02-17 10:45:00,1.06344,1.0644975,sl,-164.11623872105503,0,B_15m_1h_4h,short
-1,2023-02-20 03:45:00,2023-02-20 04:45:00,1.06775,1.0685139285714285,sl,-162.47507633384447,4,B_15m_1h_4h,short
-1,2023-02-20 07:30:00,2023-02-20 07:45:00,1.06854,1.0691464285714287,sl,-160.85032557050602,1,B_15m_1h_4h,short
-1,2023-02-20 14:00:00,2023-02-21 04:45:00,1.06851,1.0665475000000002,tp,265.4030371913049,59,B_15m_1h_4h,short
-1,2023-02-21 06:15:00,2023-02-21 07:45:00,1.06637,1.0671307142857143,sl,-161.89585268671402,6,B_15m_1h_4h,short
-1,2023-02-21 08:45:00,2023-02-21 10:00:00,1.06677,1.0673614285714286,sl,-160.27689415984688,5,B_15m_1h_4h,short
-1,2023-02-21 15:45:00,2023-02-21 16:30:00,1.0657400000000001,1.066979642857143,sl,-158.6741252182484,3,B_15m_1h_4h,short
-1,2023-02-21 17:00:00,2023-02-21 17:00:00,1.06482,1.0662953571428573,sl,-157.08738396606591,0,B_15m_1h_4h,short
-1,2023-02-21 18:15:00,2023-02-22 12:00:00,1.06705,1.0635464285714287,tp,259.1941835440088,71,B_15m_1h_4h,short
-1,2023-02-22 16:15:00,2023-02-22 16:30:00,1.06424,1.0656317857142859,sl,-158.10845196184536,1,B_15m_1h_4h,short
-1,2023-02-22 17:00:00,2023-02-22 17:45:00,1.06492,1.0626432142857145,tp,260.87894573701936,3,B_15m_1h_4h,short
-1,2023-02-23 09:00:00,2023-02-23 09:15:00,1.06217,1.0612628571428573,tp,265.22692816599516,1,B_15m_1h_4h,short
-1,2023-02-23 13:30:00,2023-02-23 13:45:00,1.05922,1.0604382142857143,sl,-161.78842618125705,1,B_15m_1h_4h,short
-1,2023-02-23 15:45:00,2023-02-23 16:15:00,1.06012,1.0614571428571429,sl,-160.17054191944447,2,B_15m_1h_4h,short
-1,2023-02-23 20:30:00,2023-02-23 21:15:00,1.0584200000000001,1.0596789285714288,sl,-158.56883650025003,3,B_15m_1h_4h,short
-1,2023-02-23 23:15:00,2023-02-24 02:45:00,1.0597400000000001,1.0605467857142858,sl,-156.98314813524752,14,B_15m_1h_4h,short
-1,2023-02-24 03:30:00,2023-02-24 10:00:00,1.05999,1.0587114285714285,tp,259.02219442312844,26,B_15m_1h_4h,short
-1,2023-02-24 13:00:00,2023-02-24 14:45:00,1.0586,1.0568071428571428,tp,263.33923099687723,7,B_15m_1h_4h,short
-1,2023-02-24 18:00:00,2023-02-27 12:30:00,1.05417,1.0563932142857144,sl,-160.6369309080951,74,B_15m_1h_4h,short
1,2023-02-28 13:45:00,2023-02-28 16:00:00,1.06159,1.063932857142857,tp,265.05093599834856,9,B_15m_1h_4h,long
-1,2023-03-01 00:00:00,2023-03-01 03:45:00,1.05745,1.0581646428571427,sl,-161.68107095899765,15,B_15m_1h_4h,short
1,2023-03-01 12:30:00,2023-03-01 17:00:00,1.06618,1.0643467857142856,sl,-160.06426024940768,18,B_15m_1h_4h,long
1,2023-03-01 17:45:00,2023-03-01 20:45:00,1.06715,1.0651464285714287,sl,-158.4636176469136,12,B_15m_1h_4h,long
1,2023-03-02 02:30:00,2023-03-02 02:45:00,1.0669499999999998,1.0664260714285714,sl,-156.87898147044444,1,B_15m_1h_4h,long
-1,2023-03-02 14:00:00,2023-03-02 15:30:00,1.06247,1.0600932142857142,tp,258.8503194262414,6,B_15m_1h_4h,short
-1,2023-03-02 18:30:00,2023-03-03 04:15:00,1.05965,1.0614425,sl,-157.8986948500024,39,B_15m_1h_4h,short
-1,2023-03-03 08:00:00,2023-03-03 08:00:00,1.0608600000000001,1.0613657142857145,sl,-156.3197079015024,0,B_15m_1h_4h,short
-1,2023-03-03 13:00:00,2023-03-03 15:45:00,1.06161,1.062939642857143,sl,-154.75651082248737,11,B_15m_1h_4h,short
-1,2023-03-03 16:30:00,2023-03-03 17:00:00,1.0615,1.0595,tp,255.34824285708524,2,B_15m_1h_4h,short
1,2023-03-03 23:00:00,2023-03-06 00:00:00,1.0635599999999998,1.0628014285714285,sl,-155.76242814283336,4,B_15m_1h_4h,long
1,2023-03-06 07:30:00,2023-03-06 08:15:00,1.06464,1.0639092857142858,sl,-154.20480386140503,3,B_15m_1h_4h,long
1,2023-03-06 09:15:00,2023-03-06 10:30:00,1.0649499999999998,1.064265357142857,sl,-152.66275582279098,5,B_15m_1h_4h,long
1,2023-03-06 22:00:00,2023-03-07 04:00:00,1.06762,1.0691950000000001,tp,251.89354710762876,24,B_15m_1h_4h,long
1,2023-03-07 09:15:00,2023-03-07 10:00:00,1.0684099999999999,1.067785357142857,sl,-153.65506373563937,3,B_15m_1h_4h,long
-1,2023-03-07 20:00:00,2023-03-10 02:15:00,1.05668,1.0594410714285716,sl,-152.11851309828296,217,B_15m_1h_4h,short
1,2023-03-13 04:30:00,2023-03-13 05:00:00,1.06981,1.0731671428571428,tp,250.99554661216138,2,B_15m_1h_4h,long
1,2023-03-13 08:15:00,2023-03-13 08:30:00,1.0728199999999999,1.071365,sl,-153.10728343342174,1,B_15m_1h_4h,long
1,2023-03-13 09:30:00,2023-03-13 10:30:00,1.07245,1.0712157142857142,sl,-151.57621059908755,4,B_15m_1h_4h,long
1,2023-03-13 18:30:00,2023-03-14 03:00:00,1.07384,1.071077857142857,sl,-150.06044849309666,34,B_15m_1h_4h,long
1,2023-03-14 17:15:00,2023-03-15 11:30:00,1.0724099999999999,1.0697796428571427,sl,-148.5598440081657,73,B_15m_1h_4h,long
-1,2023-03-15 17:30:00,2023-03-15 20:15:00,1.05335,1.0566167857142856,sl,-147.07424556808405,11,B_15m_1h_4h,short
-1,2023-03-16 02:00:00,2023-03-16 02:45:00,1.0581,1.0586957142857143,sl,-145.6035031124032,3,B_15m_1h_4h,short
-1,2023-03-16 14:45:00,2023-03-16 15:15:00,1.0587,1.0606039285714286,sl,-144.14746808127916,2,B_15m_1h_4h,short
-1,2023-03-16 16:15:00,2023-03-17 04:15:00,1.05995,1.0633121428571428,sl,-142.70599340046638,48,B_15m_1h_4h,short
1,2023-03-17 09:00:00,2023-03-17 10:15:00,1.0663399999999998,1.0655160714285712,sl,-141.27893346646172,5,B_15m_1h_4h,long
-1,2023-03-17 14:30:00,2023-03-17 15:00:00,1.06152,1.0631635714285714,sl,-139.8661441317971,2,B_15m_1h_4h,short
1,2023-03-20 00:15:00,2023-03-20 00:30:00,1.0677699999999999,1.0665892857142856,sl,-138.46748269047913,1,B_15m_1h_4h,long
1,2023-03-20 06:15:00,2023-03-20 08:30:00,1.0673599999999999,1.0661235714285713,sl,-137.08280786357435,9,B_15m_1h_4h,long
1,2023-03-20 09:30:00,2023-03-20 09:45:00,1.0668199999999999,1.0654560714285712,sl,-135.7119797849386,1,B_15m_1h_4h,long
1,2023-03-20 10:45:00,2023-03-20 12:00:00,1.0649899999999999,1.0681792857142856,tp,223.9247666451487,5,B_15m_1h_4h,long
1,2023-03-20 15:15:00,2023-03-21 11:45:00,1.07171,1.0744671428571426,tp,227.6568460892345,82,B_15m_1h_4h,long
1,2023-03-21 17:15:00,2023-03-21 17:45:00,1.07808,1.0767407142857142,sl,-138.87067611443302,2,B_15m_1h_4h,long
1,2023-03-21 18:30:00,2023-03-21 19:30:00,1.07782,1.0762525,sl,-137.4819693532887,4,B_15m_1h_4h,long
1,2023-03-21 20:00:00,2023-03-22 11:00:00,1.0765099999999999,1.0787492857142855,tp,226.84524943291885,60,B_15m_1h_4h,long
1,2023-03-22 16:30:00,2023-03-22 20:00:00,1.0784799999999999,1.0802389285714287,tp,230.62600359018052,14,B_15m_1h_4h,long
1,2023-03-23 00:15:00,2023-03-23 04:30:00,1.08625,1.0892660714285713,tp,234.46977031665045,17,B_15m_1h_4h,long
1,2023-03-23 07:30:00,2023-03-23 08:15:00,1.09106,1.0925189285714285,tp,238.37759982189806,3,B_15m_1h_4h,long
1,2023-03-23 09:15:00,2023-03-23 09:30:00,1.09205,1.0908992857142856,sl,-145.41033589137234,1,B_15m_1h_4h,long
1,2023-03-23 18:15:00,2023-03-23 19:15:00,1.08933,1.0877175,sl,-143.9562325324586,4,B_15m_1h_4h,long
-1,2023-03-24 18:15:00,2023-03-27 01:15:00,1.07586,1.0778292857142857,sl,-142.516670207134,24,B_15m_1h_4h,short
-1,2023-03-27 12:15:00,2023-03-27 14:15:00,1.07585,1.0774946428571428,sl,-141.09150350506266,8,B_15m_1h_4h,short
-1,2023-03-27 15:45:00,2023-03-27 16:15:00,1.0773700000000002,1.0785753571428573,sl,-139.68058847001205,2,B_15m_1h_4h,short
1,2023-03-27 18:45:00,2023-03-28 03:30:00,1.07867,1.0811110714285714,tp,230.47297097549895,35,B_15m_1h_4h,long
1,2023-03-28 05:00:00,2023-03-28 08:15:00,1.08155,1.0808567857142857,sl,-140.58851229506692,13,B_15m_1h_4h,long
1,2023-03-28 08:45:00,2023-03-28 10:15:00,1.0812199999999998,1.0822110714285713,tp,231.97104528687774,6,B_15m_1h_4h,long
1,2023-03-28 12:30:00,2023-03-28 15:00:00,1.08161,1.0838153571428573,tp,235.83722937499883,10,B_15m_1h_4h,long
1,2023-03-28 17:45:00,2023-03-29 10:00:00,1.08334,1.08193,sl,-143.860709918735,65,B_15m_1h_4h,long
1,2023-03-29 10:30:00,2023-03-29 12:30:00,1.08333,1.084947857142857,tp,237.37017136591277,8,B_15m_1h_4h,long
1,2023-03-29 17:00:00,2023-03-29 17:45:00,1.08474,1.0832164285714285,sl,-144.7958045332068,3,B_15m_1h_4h,long
1,2023-03-29 19:15:00,2023-03-30 11:00:00,1.08344,1.0861221428571428,tp,238.9130774797846,63,B_15m_1h_4h,long
1,2023-03-30 13:45:00,2023-03-30 15:30:00,1.08833,1.0910371428571428,tp,242.89496210446092,7,B_15m_1h_4h,long
1,2023-03-30 20:00:00,2023-03-30 20:15:00,1.09056,1.0895882142857143,sl,-148.16592688371716,1,B_15m_1h_4h,long
1,2023-03-31 00:30:00,2023-03-31 02:00:00,1.0906,1.0901617857142858,sl,-146.68426761487999,6,B_15m_1h_4h,long
1,2023-03-31 02:15:00,2023-03-31 03:15:00,1.09043,1.0909657142857143,tp,242.029041564552,4,B_15m_1h_4h,long
1,2023-03-31 07:00:00,2023-03-31 08:15:00,1.09073,1.08986,sl,-147.6377153543767,5,B_15m_1h_4h,long
1,2023-03-31 09:45:00,2023-03-31 10:15:00,1.09006,1.0893035714285715,sl,-146.16133820083294,2,B_15m_1h_4h,long
1,2023-03-31 15:15:00,2023-03-31 17:00:00,1.08757,1.0900146428571427,tp,241.16620803134518,7,B_15m_1h_4h,long
1,2023-03-31 20:00:00,2023-03-31 20:30:00,1.087,1.0853007142857143,sl,-147.11138689913807,2,B_15m_1h_4h,long
-1,2023-04-03 05:15:00,2023-04-03 09:45:00,1.08036,1.0814967857142856,sl,-145.6402730301467,18,B_15m_1h_4h,short
1,2023-04-03 15:00:00,2023-04-03 15:30:00,1.08772,1.0862992857142857,sl,-144.1838702998452,2,B_15m_1h_4h,long
1,2023-04-03 16:30:00,2023-04-03 17:00:00,1.08771,1.090067142857143,tp,237.90338599473714,2,B_15m_1h_4h,long
1,2023-04-03 18:45:00,2023-04-04 10:45:00,1.08909,1.0923221428571428,tp,241.86844242799577,64,B_15m_1h_4h,long
1,2023-04-04 13:30:00,2023-04-04 14:00:00,1.09292,1.0912314285714284,sl,-147.53974988107413,2,B_15m_1h_4h,long
1,2023-04-04 21:00:00,2023-04-05 03:00:00,1.0949,1.096830357142857,tp,243.44058730376292,24,B_15m_1h_4h,long
1,2023-04-05 04:15:00,2023-04-05 04:30:00,1.0963,1.0956710714285716,sl,-148.498758255301,1,B_15m_1h_4h,long
1,2023-04-05 05:45:00,2023-04-05 06:45:00,1.0964,1.0956885714285716,sl,-147.013770672748,4,B_15m_1h_4h,long
1,2023-04-05 08:45:00,2023-04-05 09:30:00,1.09552,1.0949875,sl,-145.54363296602057,3,B_15m_1h_4h,long
1,2023-04-07 09:30:00,2023-04-07 10:45:00,1.09195,1.0915696428571429,sl,-144.08819663636032,5,B_15m_1h_4h,long
1,2023-04-07 12:45:00,2023-04-07 13:00:00,1.09157,1.0911039285714286,sl,-142.64731466999672,1,B_15m_1h_4h,long
1,2023-04-07 13:15:00,2023-04-07 13:45:00,1.09147,1.092150357142857,tp,235.36806920549458,2,B_15m_1h_4h,long
1,2023-04-07 21:30:00,2023-04-07 21:30:00,1.0910199999999999,1.0905217857142857,sl,-143.5745222153517,0,B_15m_1h_4h,long
1,2023-04-07 22:30:00,2023-04-07 22:30:00,1.09082,1.0903635714285713,sl,-142.1387769931982,0,B_15m_1h_4h,long
1,2023-04-07 23:30:00,2023-04-07 23:30:00,1.0905,1.0902,flip,-69.36772708187443,0,B_15m_1h_4h,long
-1,2023-04-07 23:45:00,2023-04-10 01:00:00,1.09019,1.0908607142857143,sl,-140.02371195244746,5,B_15m_1h_4h,short
1,2023-04-10 07:45:00,2023-04-10 07:45:00,1.08998,1.08958,flip,-105.18854458863808,0,B_15m_1h_4h,long
-1,2023-04-10 08:00:00,2023-04-10 09:00:00,1.08958,1.0900889285714286,sl,-137.5715893870366,4,B_15m_1h_4h,short
-1,2023-04-10 21:45:00,2023-04-10 22:30:00,1.08541,1.0860914285714285,sl,-136.19587349316623,3,B_15m_1h_4h,short
-1,2023-04-10 23:30:00,2023-04-11 00:15:00,1.0858700000000001,1.084952142857143,tp,224.72319126377863,3,B_15m_1h_4h,short
1,2023-04-11 05:15:00,2023-04-11 09:00:00,1.0884,1.0895714285714286,tp,228.46857778480165,15,B_15m_1h_4h,long
1,2023-04-11 10:15:00,2023-04-11 11:45:00,1.08958,1.0909210714285713,tp,232.27638741450824,6,B_15m_1h_4h,long
1,2023-04-11 16:00:00,2023-04-11 19:15:00,1.09127,1.0900957142857144,sl,-141.6885963228654,13,B_15m_1h_4h,long
1,2023-04-12 00:45:00,2023-04-12 03:45:00,1.0912899999999999,1.0921685714285712,tp,233.78618393274763,12,B_15m_1h_4h,long
1,2023-04-12 05:45:00,2023-04-12 05:45:00,1.09248,1.09191,sl,-142.60957219896423,0,B_15m_1h_4h,long
1,2023-04-12 06:45:00,2023-04-12 09:00:00,1.0925799999999999,1.0937157142857141,tp,235.3057941283063,9,B_15m_1h_4h,long
1,2023-04-12 10:00:00,2023-04-12 10:30:00,1.09273,1.0920046428571428,sl,-143.53653441825765,2,B_15m_1h_4h,long
1,2023-04-12 10:45:00,2023-04-12 15:30:00,1.09259,1.0940524999999999,tp,236.8352817900892,19,B_15m_1h_4h,long
1,2023-04-12 19:00:00,2023-04-13 12:30:00,1.09873,1.1031210714285715,tp,240.7825364866307,70,B_15m_1h_4h,long
1,2023-04-13 15:15:00,2023-04-13 15:30:00,1.10169,1.1034417857142857,tp,244.7955787614038,1,B_15m_1h_4h,long
1,2023-04-13 18:15:00,2023-04-14 15:30:00,1.1052499999999998,1.1033782142857143,sl,-149.32530304445632,85,B_15m_1h_4h,long
-1,2023-04-18 04:00:00,2023-04-18 04:30:00,1.09246,1.0929153571428571,sl,-147.83205001401177,2,B_15m_1h_4h,short
1,2023-04-18 14:00:00,2023-04-18 14:45:00,1.0979299999999999,1.0968210714285713,sl,-146.35372951387168,3,B_15m_1h_4h,long
-1,2023-04-18 18:15:00,2023-04-19 00:45:00,1.0960400000000001,1.0971199999999999,flip,-104.8451642185478,26,B_15m_1h_4h,short
1,2023-04-19 01:00:00,2023-04-19 03:45:00,1.09713,1.0981228571428572,tp,239.73623429428147,11,B_15m_1h_4h,long
1,2023-04-19 06:30:00,2023-04-19 07:45:00,1.09743,1.0967496428571428,sl,-146.23910291949025,5,B_15m_1h_4h,long
-1,2023-04-19 11:45:00,2023-04-19 12:30:00,1.09547,1.0930449999999998,tp,241.29451981717366,3,B_15m_1h_4h,short
1,2023-04-19 15:00:00,2023-04-19 16:00:00,1.09318,1.0956264285714286,tp,245.31609514742289,4,B_15m_1h_4h,long
1,2023-04-19 19:45:00,2023-04-20 00:00:00,1.09647,1.09525,flip,-138.41859367030608,17,B_15m_1h_4h,long
-1,2023-04-20 00:15:00,2023-04-20 00:15:00,1.09534,1.0954899999999999,flip,-42.35960917230901,0,B_15m_1h_4h,short
1,2023-04-20 00:30:00,2023-04-20 01:30:00,1.09551,1.09544,flip,-19.050405692482048,4,B_15m_1h_4h,long
-1,2023-04-20 01:45:00,2023-04-20 02:30:00,1.0954300000000001,1.0947192857142858,tp,246.07421992431728,3,B_15m_1h_4h,short
-1,2023-04-20 04:15:00,2023-04-20 04:30:00,1.0951600000000001,1.0957064285714286,sl,-150.10527415383353,1,B_15m_1h_4h,short
1,2023-04-20 08:00:00,2023-04-20 09:00:00,1.09598,1.096947857142857,tp,247.6737023537685,4,B_15m_1h_4h,long
1,2023-04-20 11:00:00,2023-04-20 11:45:00,1.09619,1.0977864285714287,tp,251.80159739305483,3,B_15m_1h_4h,long
1,2023-04-20 12:45:00,2023-04-20 15:00:00,1.09647,1.09512,sl,-153.59897440976343,9,B_15m_1h_4h,long
1,2023-04-20 15:45:00,2023-04-21 09:15:00,1.09693,1.095484642857143,sl,-152.0629846656658,70,B_15m_1h_4h,long
1,2023-04-21 16:45:00,2023-04-21 16:45:00,1.09896,1.0976860714285714,sl,-150.54235481900912,0,B_15m_1h_4h,long
1,2023-04-21 18:15:00,2023-04-24 11:45:00,1.09754,1.1009007142857143,tp,248.39488545137056,70,B_15m_1h_4h,long
1,2023-04-24 15:30:00,2023-04-24 17:30:00,1.10096,1.1031635714285715,tp,252.53480020890487,8,B_15m_1h_4h,long
1,2023-04-24 19:15:00,2023-04-25 02:30:00,1.1030799999999998,1.1054192857142855,tp,256.74371354570303,29,B_15m_1h_4h,long
1,2023-04-25 07:15:00,2023-04-25 08:00:00,1.10561,1.1049692857142859,sl,-156.6136652628788,3,B_15m_1h_4h,long
1,2023-04-25 11:45:00,2023-04-25 13:45:00,1.1038,1.1024307142857142,sl,-155.04752861025003,8,B_15m_1h_4h,long
1,2023-04-25 15:15:00,2023-04-25 16:00:00,1.10235,1.1012710714285714,sl,-153.49705332414754,3,B_15m_1h_4h,long
-1,2023-04-25 20:45:00,2023-04-26 01:15:00,1.09668,1.0978414285714286,sl,-151.96208279090607,18,B_15m_1h_4h,short
1,2023-04-26 11:30:00,2023-04-26 13:30:00,1.10371,1.1057724999999998,tp,250.73743660497703,8,B_15m_1h_4h,long
1,2023-04-26 13:45:00,2023-04-26 14:00:00,1.10575,1.104145,sl,-152.94983632904678,1,B_15m_1h_4h,long
1,2023-04-26 15:30:00,2023-04-26 16:15:00,1.10499,1.1081417857142857,tp,252.36722994293902,3,B_15m_1h_4h,long
1,2023-04-27 01:30:00,2023-04-27 05:30:00,1.1040999999999999,1.1052624999999998,tp,256.5733504419598,16,B_15m_1h_4h,long
1,2023-04-27 07:15:00,2023-04-27 08:30:00,1.10491,1.1059510714285714,tp,260.84957294934213,5,B_15m_1h_4h,long
1,2023-04-27 11:30:00,2023-04-27 12:45:00,1.10516,1.1039599999999998,sl,-159.11823949909873,5,B_15m_1h_4h,long
1,2023-04-28 01:15:00,2023-04-28 03:45:00,1.10275,1.103730357142857,tp,262.5450951734732,10,B_15m_1h_4h,long
-1,2023-04-28 14:00:00,2023-04-28 16:00:00,1.09834,1.099924642857143,sl,-160.15250805584245,8,B_15m_1h_4h,short
1,2023-04-28 22:30:00,2023-05-01 00:00:00,1.10212,1.1013164285714285,sl,-158.55098297528403,6,B_15m_1h_4h,long
-1,2023-05-01 05:00:00,2023-05-01 06:00:00,1.10033,1.1008710714285714,sl,-156.96547314553118,4,B_15m_1h_4h,short
1,2023-05-01 08:45:00,2023-05-01 09:00:00,1.1008099999999998,1.1001949999999998,sl,-155.39581841407588,1,B_15m_1h_4h,long
-1,2023-05-01 11:15:00,2023-05-01 13:45:00,1.0998700000000001,1.1008010714285716,sl,-153.84186022993512,10,B_15m_1h_4h,short
-1,2023-05-01 22:15:00,2023-05-01 23:15:00,1.09678,1.097467857142857,sl,-152.30344162763578,4,B_15m_1h_4h,short
-1,2023-05-02 00:15:00,2023-05-02 03:45:00,1.0972,1.0978921428571429,sl,-150.78040721135943,14,B_15m_1h_4h,short
-1,2023-05-02 09:45:00,2023-05-02 09:45:00,1.09871,1.0994653571428572,sl,-149.27260313924583,0,B_15m_1h_4h,short
-1,2023-05-02 16:00:00,2023-05-02 17:00:00,1.09548,1.0968289285714286,sl,-147.77987710785337,4,B_15m_1h_4h,short
1,2023-05-03 09:45:00,2023-05-03 10:15:00,1.10284,1.10399,tp,243.83679722792664,2,B_15m_1h_4h,long
1,2023-05-03 14:30:00,2023-05-03 15:15:00,1.10392,1.1028217857142857,sl,-148.74044630905408,3,B_15m_1h_4h,long
1,2023-05-03 16:00:00,2023-05-03 21:00:00,1.1039299999999999,1.1059889285714286,tp,245.42173640995685,20,B_15m_1h_4h,long
1,2023-05-03 21:15:00,2023-05-03 21:30:00,1.1069799999999999,1.1055421428571428,sl,-149.7072592100631,1,B_15m_1h_4h,long
1,2023-05-03 22:30:00,2023-05-04 09:00:00,1.10552,1.1089146428571428,tp,247.01697769658796,42,B_15m_1h_4h,long
1,2023-05-05 10:00:00,2023-05-05 10:00:00,1.1046,1.1038392857142858,sl,-150.68035639492837,0,B_15m_1h_4h,long
1,2023-05-05 10:30:00,2023-05-05 10:45:00,1.10379,1.1028589285714285,sl,-149.17355283097908,1,B_15m_1h_4h,long
1,2023-05-05 11:45:00,2023-05-05 14:30:00,1.10303,1.1018546428571427,sl,-147.6818173026693,11,B_15m_1h_4h,long
1,2023-05-05 22:00:00,2023-05-08 00:00:00,1.1027099999999999,1.1015957142857142,sl,-146.2049991296426,8,B_15m_1h_4h,long
1,2023-05-08 09:15:00,2023-05-08 10:30:00,1.10469,1.1041692857142857,sl,-144.74294913834618,5,B_15m_1h_4h,long
1,2023-05-08 11:00:00,2023-05-08 11:45:00,1.10499,1.1042367857142856,sl,-143.2955196469627,3,B_15m_1h_4h,long
1,2023-05-08 13:15:00,2023-05-08 14:45:00,1.10443,1.103232142857143,sl,-141.8625644504931,6,B_15m_1h_4h,long
1,2023-05-08 16:15:00,2023-05-08 17:00:00,1.1042399999999999,1.1032082142857143,sl,-140.44393880598815,3,B_15m_1h_4h,long
-1,2023-05-09 00:15:00,2023-05-09 03:00:00,1.10012,1.0990860714285713,tp,231.73249902991367,11,B_15m_1h_4h,short
-1,2023-05-09 04:45:00,2023-05-09 07:00:00,1.09885,1.0994489285714286,sl,-141.3568244082274,9,B_15m_1h_4h,short
-1,2023-05-09 08:00:00,2023-05-09 08:30:00,1.09881,1.0993082142857142,sl,-139.94325616414514,2,B_15m_1h_4h,short
-1,2023-05-09 10:00:00,2023-05-09 10:15:00,1.09937,1.0982110714285713,tp,230.9063726708395,1,B_15m_1h_4h,short
-1,2023-05-09 13:45:00,2023-05-09 14:45:00,1.09792,1.0962967857142858,tp,234.75481221535344,4,B_15m_1h_4h,short
-1,2023-05-09 18:45:00,2023-05-09 21:15:00,1.09548,1.0967539285714285,sl,-143.20043545136562,10,B_15m_1h_4h,short
-1,2023-05-09 22:30:00,2023-05-10 00:45:00,1.09661,1.0952832142857143,tp,236.28071849474006,9,B_15m_1h_4h,short
-1,2023-05-10 03:00:00,2023-05-10 03:15:00,1.0964,1.0971392857142857,sl,-144.13123828179934,1,B_15m_1h_4h,short
-1,2023-05-10 04:45:00,2023-05-10 04:45:00,1.0969200000000001,1.0973935714285716,sl,-142.68992589898136,0,B_15m_1h_4h,short
-1,2023-05-11 02:45:00,2023-05-11 03:15:00,1.09825,1.098643214285714,sl,-141.26302663999152,2,B_15m_1h_4h,short
-1,2023-05-11 09:15:00,2023-05-11 09:30:00,1.09734,1.0964007142857142,tp,233.0839939560044,1,B_15m_1h_4h,short
-1,2023-05-11 13:15:00,2023-05-11 14:30:00,1.09217,1.0936775,sl,-142.18123631315166,5,B_15m_1h_4h,short
-1,2023-05-11 16:15:00,2023-05-11 16:45:00,1.09249,1.090159642857143,tp,234.5990399166853,2,B_15m_1h_4h,short
-1,2023-05-11 20:15:00,2023-05-12 08:30:00,1.09182,1.092915,sl,-143.105414349187,49,B_15m_1h_4h,short
-1,2023-05-12 17:30:00,2023-05-12 18:15:00,1.08805,1.0858732142857142,tp,236.12393367615053,3,B_15m_1h_4h,short
-1,2023-05-12 21:45:00,2023-05-15 04:00:00,1.08491,1.0855882142857143,sl,-144.03559954245662,25,B_15m_1h_4h,short
-1,2023-05-15 05:15:00,2023-05-15 06:30:00,1.08562,1.0862157142857143,sl,-142.59524354703206,5,B_15m_1h_4h,short
-1,2023-05-15 09:30:00,2023-05-15 10:00:00,1.08649,1.0870439285714286,sl,-141.16929111156173,2,B_15m_1h_4h,short
-1,2023-05-15 21:30:00,2023-05-16 03:45:00,1.0874700000000002,1.088117142857143,sl,-139.75759820044613,25,B_15m_1h_4h,short
-1,2023-05-16 20:15:00,2023-05-17 10:15:00,1.08629,1.0840292857142857,tp,230.6000370307512,56,B_15m_1h_4h,short
-1,2023-05-17 10:30:00,2023-05-17 11:45:00,1.08436,1.0827260714285716,tp,234.44337098124868,5,B_15m_1h_4h,short
-1,2023-05-17 13:45:00,2023-05-17 14:30:00,1.0826900000000002,1.0840400000000001,sl,-143.01045629856168,3,B_15m_1h_4h,short
-1,2023-05-17 15:00:00,2023-05-17 16:00:00,1.0824500000000001,1.0835942857142857,sl,-141.58035173557607,4,B_15m_1h_4h,short
-1,2023-05-17 16:30:00,2023-05-17 19:45:00,1.08302,1.0842778571428573,sl,-140.1645482182203,13,B_15m_1h_4h,short
-1,2023-05-17 21:15:00,2023-05-18 09:45:00,1.0841,1.082544642857143,tp,231.27150456003045,50,B_15m_1h_4h,short
-1,2023-05-18 10:00:00,2023-05-18 10:45:00,1.08254,1.0813114285714287,tp,235.12602963607813,3,B_15m_1h_4h,short
-1,2023-05-18 11:00:00,2023-05-18 15:30:00,1.0815700000000001,1.0798860714285716,tp,239.04479679668626,18,B_15m_1h_4h,short
-1,2023-05-18 19:45:00,2023-05-19 03:00:00,1.07656,1.0776775,sl,-145.81732604596604,29,B_15m_1h_4h,short
-1,2023-05-19 03:45:00,2023-05-19 04:15:00,1.07759,1.0768828571428573,tp,240.5985879757936,2,B_15m_1h_4h,short
-1,2023-05-19 06:15:00,2023-05-19 09:00:00,1.07688,1.0776203571428573,sl,-146.76513866526432,11,B_15m_1h_4h,short
-1,2023-05-19 10:30:00,2023-05-19 11:30:00,1.0778,1.078709642857143,sl,-145.29748727861167,4,B_15m_1h_4h,short
-1,2023-05-22 01:00:00,2023-05-22 01:00:00,1.08044,1.08101,sl,-143.84451240582555,0,B_15m_1h_4h,short
-1,2023-05-23 02:00:00,2023-05-23 03:00:00,1.08122,1.0816882142857143,sl,-142.4060672817673,4,B_15m_1h_4h,short
-1,2023-05-23 04:00:00,2023-05-23 08:30:00,1.0811,1.0801875,tp,234.97001101491605,18,B_15m_1h_4h,short
-1,2023-05-23 10:00:00,2023-05-23 10:00:00,1.0808600000000002,1.0797617857142858,tp,238.88617786513248,0,B_15m_1h_4h,short
-1,2023-05-23 15:45:00,2023-05-23 17:00:00,1.07743,1.0785432142857145,sl,-145.72056849775012,5,B_15m_1h_4h,short
-1,2023-05-23 17:45:00,2023-05-24 13:15:00,1.07805,1.0755214285714285,tp,240.43893802126658,78,B_15m_1h_4h,short
-1,2023-05-24 22:00:00,2023-05-25 09:00:00,1.0750300000000002,1.0731264285714288,tp,244.446253654985,44,B_15m_1h_4h,short
-1,2023-05-25 09:15:00,2023-05-25 09:15:00,1.07297,1.0735217857142856,sl,-149.11221472953514,0,B_15m_1h_4h,short
-1,2023-05-25 10:15:00,2023-05-25 11:00:00,1.07186,1.0727032142857142,sl,-147.62109258223978,3,B_15m_1h_4h,short
-1,2023-05-25 12:00:00,2023-05-25 12:30:00,1.07223,1.0735532142857143,sl,-146.1448816564174,2,B_15m_1h_4h,short
-1,2023-05-25 17:30:00,2023-05-26 05:00:00,1.07236,1.0737110714285714,sl,-144.68343283985323,46,B_15m_1h_4h,short
-1,2023-05-26 12:45:00,2023-05-26 13:45:00,1.0733300000000001,1.0745289285714288,sl,-143.2365985114547,4,B_15m_1h_4h,short
-1,2023-05-26 15:45:00,2023-05-26 16:00:00,1.07301,1.0743032142857143,sl,-141.80423252634014,1,B_15m_1h_4h,short
-1,2023-05-26 22:30:00,2023-05-29 05:00:00,1.0727,1.0734071428571428,sl,-140.38619020107674,26,B_15m_1h_4h,short
-1,2023-05-29 15:00:00,2023-05-30 03:00:00,1.071,1.0716824999999999,sl,-138.98232829906598,48,B_15m_1h_4h,short
-1,2023-05-30 10:15:00,2023-05-30 11:15:00,1.06844,1.0694203571428573,sl,-137.59250501607534,4,B_15m_1h_4h,short
-1,2023-05-31 10:15:00,2023-05-31 11:45:00,1.06769,1.065984642857143,tp,227.0276332765243,6,B_15m_1h_4h,short
-1,2023-06-01 10:30:00,2023-06-01 11:45:00,1.06718,1.0681657142857144,sl,-138.4868562986798,5,B_15m_1h_4h,short
1,2023-06-01 21:00:00,2023-06-02 15:30:00,1.0764799999999999,1.075375357142857,sl,-137.10198773569303,74,B_15m_1h_4h,long
-1,2023-06-02 20:45:00,2023-06-05 10:00:00,1.0707200000000001,1.0687057142857144,tp,226.21827976389343,53,B_15m_1h_4h,short
-1,2023-06-05 11:30:00,2023-06-05 17:00:00,1.06887,1.0699146428571429,sl,-137.99315065597503,22,B_15m_1h_4h,short
-1,2023-06-06 02:15:00,2023-06-06 03:00:00,1.07087,1.0712782142857142,sl,-136.61321914941527,3,B_15m_1h_4h,short
-1,2023-06-06 04:45:00,2023-06-06 05:00:00,1.07132,1.0717453571428572,sl,-135.24708695792114,1,B_15m_1h_4h,short
-1,2023-06-06 15:00:00,2023-06-06 17:45:00,1.0676400000000001,1.068767142857143,sl,-133.89461608834193,11,B_15m_1h_4h,short
-1,2023-06-06 19:30:00,2023-06-07 03:00:00,1.0688900000000001,1.070064285714286,sl,-132.5556699274585,30,B_15m_1h_4h,short
-1,2023-06-07 07:45:00,2023-06-07 09:00:00,1.06915,1.0682642857142859,tp,218.71685538025167,5,B_15m_1h_4h,short
-1,2023-06-07 22:45:00,2023-06-08 02:45:00,1.07002,1.0706628571428571,sl,-133.41728178198642,16,B_15m_1h_4h,short
1,2023-06-08 19:00:00,2023-06-09 11:00:00,1.07796,1.0764525,sl,-132.08310896416654,64,B_15m_1h_4h,long
1,2023-06-12 10:30:00,2023-06-12 10:45:00,1.0754,1.0765017857142858,tp,217.93712979087476,1,B_15m_1h_4h,long
1,2023-06-12 16:00:00,2023-06-12 16:30:00,1.0766799999999999,1.0755839285714284,sl,-132.94164917243364,2,B_15m_1h_4h,long
1,2023-06-13 01:15:00,2023-06-13 04:30:00,1.07601,1.0768046428571427,tp,219.35372113447463,13,B_15m_1h_4h,long
1,2023-06-13 10:30:00,2023-06-13 15:30:00,1.07971,1.0787671428571428,sl,-133.80576989205403,20,B_15m_1h_4h,long
1,2023-06-13 15:45:00,2023-06-13 16:00:00,1.08151,1.0803764285714286,sl,-132.46771219313348,1,B_15m_1h_4h,long
1,2023-06-13 22:00:00,2023-06-14 08:15:00,1.07908,1.0782250000000002,sl,-131.14303507120215,41,B_15m_1h_4h,long
1,2023-06-14 15:15:00,2023-06-14 15:30:00,1.08134,1.0826614285714284,tp,216.3860078674351,1,B_15m_1h_4h,long
1,2023-06-14 19:30:00,2023-06-14 20:30:00,1.0862699999999998,1.0853592857142855,sl,-131.9954647991645,4,B_15m_1h_4h,long
1,2023-06-15 15:30:00,2023-06-15 15:30:00,1.08435,1.0866625,tp,217.79251691862137,0,B_15m_1h_4h,long
1,2023-06-15 20:30:00,2023-06-16 15:00:00,1.09446,1.0965832142857144,tp,221.42239220058303,74,B_15m_1h_4h,long
1,2023-06-16 16:30:00,2023-06-16 17:15:00,1.09538,1.0941392857142858,sl,-135.06765924236487,3,B_15m_1h_4h,long
1,2023-06-19 00:00:00,2023-06-19 00:30:00,1.09279,1.0938239285714284,tp,222.86163774988609,2,B_15m_1h_4h,long
1,2023-06-19 05:15:00,2023-06-19 08:00:00,1.09377,1.0932042857142856,sl,-135.9455990274401,11,B_15m_1h_4h,long
1,2023-06-19 10:45:00,2023-06-19 12:15:00,1.09327,1.0924717857142856,sl,-134.5861430371657,6,B_15m_1h_4h,long
1,2023-06-19 21:15:00,2023-06-20 04:30:00,1.09199,1.0913803571428573,sl,-133.24028160679404,29,B_15m_1h_4h,long
1,2023-06-20 13:45:00,2023-06-20 15:30:00,1.09328,1.092107857142857,sl,-131.9078787907261,7,B_15m_1h_4h,long
1,2023-06-20 22:45:00,2023-06-21 09:00:00,1.0916,1.0909282142857142,sl,-130.58880000281886,41,B_15m_1h_4h,long
1,2023-06-21 09:30:00,2023-06-21 09:30:00,1.09144,1.0908903571428572,sl,-129.28291200279065,0,B_15m_1h_4h,long
1,2023-06-21 10:15:00,2023-06-21 11:15:00,1.09138,1.0925049999999998,tp,213.31680480457652,4,B_15m_1h_4h,long
1,2023-06-21 14:45:00,2023-06-21 15:30:00,1.09211,1.0910910714285713,sl,-130.12325093080852,3,B_15m_1h_4h,long
1,2023-06-21 16:00:00,2023-06-21 16:30:00,1.09256,1.0914414285714285,sl,-128.82201842150045,2,B_15m_1h_4h,long
1,2023-06-21 17:00:00,2023-06-21 17:30:00,1.09272,1.094912857142857,tp,212.55633039546854,2,B_15m_1h_4h,long
1,2023-06-22 01:15:00,2023-06-22 09:00:00,1.09889,1.098362857142857,sl,-129.65936154124012,31,B_15m_1h_4h,long
1,2023-06-22 10:15:00,2023-06-22 10:30:00,1.0987799999999999,1.0998907142857142,tp,213.93794654303193,1,B_15m_1h_4h,long
1,2023-06-23 02:15:00,2023-06-23 04:30:00,1.09557,1.0951971428571428,sl,-130.50214739125803,9,B_15m_1h_4h,long
-1,2023-06-23 10:15:00,2023-06-23 10:15:00,1.09203,1.0907389285714286,tp,215.32854319556336,0,B_15m_1h_4h,short
-1,2023-06-26 09:00:00,2023-06-26 10:30:00,1.09061,1.089729642857143,tp,218.9173522488719,6,B_15m_1h_4h,short
1,2023-06-26 18:15:00,2023-06-26 19:30:00,1.09118,1.0902328571428572,sl,-133.5395848717898,5,B_15m_1h_4h,long
1,2023-06-26 20:00:00,2023-06-26 20:45:00,1.09094,1.09095,flip,1.36645156613888,3,B_15m_1h_4h,long
-1,2023-06-26 21:00:00,2023-06-27 04:15:00,1.09094,1.0910199999999999,flip,-12.263684965889887,29,B_15m_1h_4h,short
1,2023-06-27 04:30:00,2023-06-27 04:30:00,1.09101,1.0918135714285713,tp,220.1586944817298,0,B_15m_1h_4h,long
1,2023-06-27 09:30:00,2023-06-27 10:00:00,1.0927099999999998,1.0937689285714285,tp,223.8280060564705,2,B_15m_1h_4h,long
1,2023-06-27 13:00:00,2023-06-27 15:30:00,1.09416,1.0959707142857142,tp,227.55847282410332,10,B_15m_1h_4h,long
1,2023-06-27 18:45:00,2023-06-28 05:15:00,1.09613,1.0942582142857142,sl,-138.81066842269743,42,B_15m_1h_4h,long
1,2023-06-28 10:15:00,2023-06-28 11:15:00,1.09459,1.0957882142857143,tp,229.03760289750736,4,B_15m_1h_4h,long
1,2023-06-28 14:30:00,2023-06-28 14:45:00,1.09524,1.093940357142857,sl,-139.71293776744554,1,B_15m_1h_4h,long
-1,2023-06-28 18:45:00,2023-06-29 13:15:00,1.0906,1.0924375,sl,-138.31580838977106,74,B_15m_1h_4h,short
-1,2023-06-29 23:30:00,2023-06-30 03:45:00,1.0864500000000001,1.0870007142857143,sl,-136.93265030587335,17,B_15m_1h_4h,short
-1,2023-06-30 09:00:00,2023-06-30 09:15:00,1.0868900000000001,1.0858864285714287,tp,225.9388730047244,1,B_15m_1h_4h,short
-1,2023-06-30 13:00:00,2023-06-30 14:45:00,1.0845200000000002,1.0856878571428572,sl,-137.82271253286189,7,B_15m_1h_4h,short
1,2023-06-30 22:45:00,2023-06-30 23:30:00,1.09137,1.0907796428571428,sl,-136.44448540753328,3,B_15m_1h_4h,long
-1,2023-07-03 12:45:00,2023-07-03 12:45:00,1.08779,1.0887875,sl,-135.08004055345793,0,B_15m_1h_4h,short
-1,2023-07-03 13:30:00,2023-07-03 14:00:00,1.08849,1.0896471428571428,sl,-133.72924014792335,2,B_15m_1h_4h,short
-1,2023-07-05 01:30:00,2023-07-05 02:30:00,1.0878,1.0882971428571429,sl,-132.39194774644415,4,B_15m_1h_4h,short
-1,2023-07-05 09:30:00,2023-07-05 09:30:00,1.08738,1.0879832142857144,sl,-131.0680282689797,0,B_15m_1h_4h,short
-1,2023-07-05 11:00:00,2023-07-05 15:30:00,1.08859,1.089762142857143,sl,-129.7573479862899,18,B_15m_1h_4h,short
-1,2023-07-05 21:30:00,2023-07-06 06:45:00,1.0854000000000001,1.0840875000000003,tp,214.09962417736628,37,B_15m_1h_4h,short
-1,2023-07-06 15:30:00,2023-07-06 17:00:00,1.08783,1.0852353571428572,tp,217.6679512469949,6,B_15m_1h_4h,short
-1,2023-07-06 20:00:00,2023-07-07 02:15:00,1.08717,1.0894607142857142,sl,-132.7774502606706,25,B_15m_1h_4h,short
-1,2023-07-07 15:00:00,2023-07-07 15:30:00,1.0887200000000001,1.0898632142857143,sl,-131.4496757580639,2,B_15m_1h_4h,short
1,2023-07-10 00:00:00,2023-07-10 01:15:00,1.09596,1.0969064285714285,tp,216.8919650007885,5,B_15m_1h_4h,long
1,2023-07-10 02:45:00,2023-07-10 03:00:00,1.0965799999999999,1.0960335714285714,sl,-132.30409865049117,1,B_15m_1h_4h,long
1,2023-07-10 06:00:00,2023-07-10 06:30:00,1.09612,1.0953721428571428,sl,-130.98105766398626,2,B_15m_1h_4h,long
1,2023-07-10 14:45:00,2023-07-10 15:15:00,1.09604,1.0951560714285713,sl,-129.6712470873464,2,B_15m_1h_4h,long
1,2023-07-10 16:15:00,2023-07-10 16:45:00,1.0955,1.096967857142857,tp,213.9575576940892,2,B_15m_1h_4h,long
1,2023-07-10 22:00:00,2023-07-11 04:15:00,1.09997,1.1010503571428572,tp,217.52351698905284,25,B_15m_1h_4h,long
1,2023-07-11 05:45:00,2023-07-11 08:45:00,1.10148,1.1009142857142857,sl,-132.68934536330434,12,B_15m_1h_4h,long
1,2023-07-11 09:30:00,2023-07-11 09:45:00,1.10241,1.1015796428571427,sl,-131.3624519096713,1,B_15m_1h_4h,long
1,2023-07-11 10:00:00,2023-07-11 10:00:00,1.1021999999999998,1.1012924999999998,sl,-130.0488273905746,0,B_15m_1h_4h,long
1,2023-07-11 10:30:00,2023-07-11 11:45:00,1.10147,1.1004671428571429,sl,-128.74833911666886,5,B_15m_1h_4h,long
1,2023-07-11 22:30:00,2023-07-12 00:00:00,1.10042,1.0998232142857143,sl,-127.46085572550214,6,B_15m_1h_4h,long
1,2023-07-12 00:30:00,2023-07-12 03:15:00,1.1006099999999999,1.1015242857142855,tp,210.3104119470956,11,B_15m_1h_4h,long
1,2023-07-12 07:30:00,2023-07-12 08:45:00,1.1033,1.1025907142857143,sl,-128.2893512877181,5,B_15m_1h_4h,long
1,2023-07-12 10:30:00,2023-07-12 12:00:00,1.10284,1.1020642857142857,sl,-127.00645777484092,6,B_15m_1h_4h,long
1,2023-07-12 14:00:00,2023-07-12 14:45:00,1.10229,1.1014757142857143,sl,-125.7363931970925,3,B_15m_1h_4h,long
1,2023-07-12 15:15:00,2023-07-12 15:30:00,1.10252,1.1039967857142858,tp,207.4650487752234,1,B_15m_1h_4h,long
1,2023-07-12 21:30:00,2023-07-13 10:00:00,1.11336,1.115090357142857,tp,210.92279958814106,50,B_15m_1h_4h,long
1,2023-07-13 14:00:00,2023-07-13 18:00:00,1.11721,1.1196332142857142,tp,214.4381795812456,16,B_15m_1h_4h,long
1,2023-07-13 18:45:00,2023-07-13 21:30:00,1.11911,1.1218689285714287,tp,218.0121492409695,11,B_15m_1h_4h,long
1,2023-07-14 01:15:00,2023-07-14 02:45:00,1.12292,1.122167857142857,sl,-132.98741103697736,6,B_15m_1h_4h,long
1,2023-07-14 04:00:00,2023-07-14 05:00:00,1.12233,1.1234728571428572,tp,219.42922821097005,4,B_15m_1h_4h,long
1,2023-07-14 16:00:00,2023-07-17 11:30:00,1.1226399999999999,1.1247757142857142,tp,223.08638201455983,71,B_15m_1h_4h,long
1,2023-07-17 13:00:00,2023-07-17 14:00:00,1.12439,1.1230475,sl,-136.08269302886293,4,B_15m_1h_4h,long
1,2023-07-17 16:00:00,2023-07-17 16:15:00,1.1236199999999998,1.1225442857142856,sl,-134.7218660985743,1,B_15m_1h_4h,long
1,2023-07-18 01:15:00,2023-07-18 04:15:00,1.12397,1.1249985714285713,tp,222.29107906263158,12,B_15m_1h_4h,long
1,2023-07-18 10:00:00,2023-07-18 10:00:00,1.12568,1.1269478571428573,tp,225.9959303803317,0,B_15m_1h_4h,long
1,2023-07-18 17:15:00,2023-07-18 19:45:00,1.1234199999999999,1.121190357142857,sl,-137.8575175320182,10,B_15m_1h_4h,long
1,2023-07-19 01:15:00,2023-07-19 02:15:00,1.12321,1.122672142857143,sl,-136.478942356698,4,B_15m_1h_4h,long
1,2023-07-19 03:00:00,2023-07-19 04:15:00,1.12285,1.122345357142857,sl,-135.11415293313104,5,B_15m_1h_4h,long
1,2023-07-19 04:45:00,2023-07-19 05:00:00,1.12296,1.1223664285714285,sl,-133.7630114037997,1,B_15m_1h_4h,long
1,2023-07-19 08:15:00,2023-07-19 08:45:00,1.1223999999999998,1.1233696428571427,tp,220.70896881623585,2,B_15m_1h_4h,long
1,2023-07-19 15:15:00,2023-07-19 15:30:00,1.12204,1.1209289285714286,sl,-134.63247097792407,1,B_15m_1h_4h,long
-1,2023-07-19 22:45:00,2023-07-20 03:00:00,1.11984,1.120580357142857,sl,-133.28614626814485,17,B_15m_1h_4h,short
-1,2023-07-20 10:30:00,2023-07-20 10:30:00,1.12139,1.1199953571428574,tp,219.92214134242732,0,B_15m_1h_4h,short
-1,2023-07-20 11:45:00,2023-07-20 13:30:00,1.12028,1.1214810714285715,sl,-134.15250621888768,7,B_15m_1h_4h,short
-1,2023-07-20 14:00:00,2023-07-20 15:30:00,1.12035,1.1184392857142857,tp,221.3516352611389,6,B_15m_1h_4h,short
-1,2023-07-20 23:15:00,2023-07-21 01:00:00,1.11283,1.1134899999999999,sl,-135.02449750931018,7,B_15m_1h_4h,short
-1,2023-07-21 01:45:00,2023-07-21 02:45:00,1.1131900000000001,1.1137171428571428,sl,-133.67425253421706,4,B_15m_1h_4h,short
-1,2023-07-21 14:00:00,2023-07-21 16:15:00,1.11249,1.1135614285714286,sl,-132.3375100088749,9,B_15m_1h_4h,short
-1,2023-07-21 16:45:00,2023-07-24 05:00:00,1.11257,1.1125,flip,8.052295529046422,49,B_15m_1h_4h,short
1,2023-07-24 05:15:00,2023-07-24 07:30:00,1.1125,1.1118742857142858,sl,-131.09465786407662,9,B_15m_1h_4h,long
1,2023-07-24 08:15:00,2023-07-24 08:15:00,1.11265,1.1120400000000001,flip,-137.8548376090716,0,B_15m_1h_4h,long
-1,2023-07-24 08:30:00,2023-07-24 08:45:00,1.1120400000000001,1.1126078571428573,sl,-128.40516290934514,1,B_15m_1h_4h,short
-1,2023-07-24 15:15:00,2023-07-24 17:15:00,1.10934,1.1072025,tp,211.86851880039748,8,B_15m_1h_4h,short
-1,2023-07-24 19:15:00,2023-07-25 12:30:00,1.1077700000000001,1.1048717857142858,tp,215.39966078042062,69,B_15m_1h_4h,short
-1,2023-07-25 16:15:00,2023-07-25 16:30:00,1.10283,1.1037460714285714,sl,-131.3937930760599,1,B_15m_1h_4h,short
-1,2023-07-25 20:00:00,2023-07-25 23:45:00,1.10416,1.1055132142857145,sl,-130.0798551452993,15,B_15m_1h_4h,short
-1,2023-07-26 08:00:00,2023-07-26 08:30:00,1.1047500000000001,1.1052760714285716,sl,-128.7790565938463,2,B_15m_1h_4h,short
-1,2023-07-26 18:00:00,2023-07-26 18:15:00,1.1063100000000001,1.1074478571428572,sl,-127.49126602790783,1,B_15m_1h_4h,short
1,2023-07-27 13:00:00,2023-07-27 15:00:00,1.11402,1.1127417857142858,sl,-126.21635336762874,8,B_15m_1h_4h,long
-1,2023-07-27 21:30:00,2023-07-28 08:30:00,1.09805,1.0955535714285713,tp,208.25698305658128,44,B_15m_1h_4h,short
-1,2023-07-28 23:15:00,2023-07-31 10:30:00,1.1019700000000001,1.1028410714285715,sl,-127.03675966451827,45,B_15m_1h_4h,short
-1,2023-07-31 11:30:00,2023-07-31 11:45:00,1.1018400000000002,1.1028953571428572,sl,-125.7663920678731,1,B_15m_1h_4h,short
-1,2023-08-01 02:30:00,2023-08-01 03:45:00,1.0998,1.0991125000000002,tp,207.51454691201295,5,B_15m_1h_4h,short
-1,2023-08-01 14:45:00,2023-08-01 15:15:00,1.09764,1.0959507142857141,tp,210.97312269385748,2,B_15m_1h_4h,short
-1,2023-08-01 16:45:00,2023-08-01 17:00:00,1.0969600000000002,1.0981889285714288,sl,-128.69360484325304,1,B_15m_1h_4h,short
-1,2023-08-01 18:15:00,2023-08-02 00:15:00,1.0969,1.0986260714285714,sl,-127.40666879482053,24,B_15m_1h_4h,short
-1,2023-08-02 09:15:00,2023-08-02 09:30:00,1.09827,1.099144285714286,sl,-126.13260210687231,1,B_15m_1h_4h,short
-1,2023-08-02 15:30:00,2023-08-02 16:45:00,1.0969600000000002,1.095242142857143,tp,208.11879347634832,5,B_15m_1h_4h,short
-1,2023-08-02 21:00:00,2023-08-03 07:30:00,1.0945500000000001,1.0923875000000003,tp,211.58744003427122,42,B_15m_1h_4h,short
-1,2023-08-03 10:00:00,2023-08-03 12:00:00,1.09213,1.0931542857142857,sl,-129.06833842090978,8,B_15m_1h_4h,short
-1,2023-08-03 13:15:00,2023-08-03 14:00:00,1.0922800000000001,1.0936514285714287,sl,-127.7776550367007,3,B_15m_1h_4h,short
-1,2023-08-03 14:15:00,2023-08-03 14:30:00,1.09308,1.094387142857143,sl,-126.4998784863337,1,B_15m_1h_4h,short
-1,2023-08-03 15:00:00,2023-08-03 15:30:00,1.09344,1.0949464285714285,sl,-125.23487970147036,2,B_15m_1h_4h,short
-1,2023-08-03 16:00:00,2023-08-03 19:30:00,1.09375,1.095592857142857,sl,-123.98253090445567,14,B_15m_1h_4h,short
-1,2023-08-04 00:15:00,2023-08-04 01:00:00,1.09407,1.0948832142857143,sl,-122.7427055954111,3,B_15m_1h_4h,short
-1,2023-08-04 09:00:00,2023-08-04 09:00:00,1.09515,1.0957135714285715,sl,-121.515278539457,0,B_15m_1h_4h,short
-1,2023-08-04 13:15:00,2023-08-04 15:15:00,1.09408,1.0949617857142857,sl,-120.30012575406244,8,B_15m_1h_4h,short
-1,2023-08-07 17:00:00,2023-08-07 17:15:00,1.0992300000000002,1.1003367857142858,sl,-119.09712449652181,1,B_15m_1h_4h,short
1,2023-08-07 18:45:00,2023-08-07 22:15:00,1.10028,1.1002800000000001,flip,1.9331537607469876e-11,14,B_15m_1h_4h,long
-1,2023-08-07 22:30:00,2023-08-08 00:15:00,1.1002800000000001,1.10038,flip,-18.04028574336732,7,B_15m_1h_4h,short
1,2023-08-08 00:30:00,2023-08-08 01:45:00,1.10046,1.10009,flip,-94.98744346441426,5,B_15m_1h_4h,long
-1,2023-08-08 02:00:00,2023-08-08 03:00:00,1.10009,1.100482142857143,sl,-116.77587595947897,4,B_15m_1h_4h,short
-1,2023-08-08 07:00:00,2023-08-08 07:30:00,1.0981100000000001,1.0988428571428572,sl,-115.60811719988422,2,B_15m_1h_4h,short
-1,2023-08-08 10:00:00,2023-08-08 10:15:00,1.09969,1.098222142857143,tp,190.75339337978008,1,B_15m_1h_4h,short
-1,2023-08-08 19:45:00,2023-08-09 03:15:00,1.09512,1.0962835714285715,sl,-116.35956996168316,30,B_15m_1h_4h,short
-1,2023-08-09 04:00:00,2023-08-09 04:00:00,1.09571,1.0961760714285713,sl,-115.19597426206633,0,B_15m_1h_4h,short
-1,2023-08-09 17:30:00,2023-08-10 09:15:00,1.09815,1.0994539285714284,sl,-114.04401451944565,63,B_15m_1h_4h,short
1,2023-08-10 13:45:00,2023-08-10 14:45:00,1.10265,1.1017478571428572,sl,-112.9035743742512,4,B_15m_1h_4h,long
1,2023-08-10 15:30:00,2023-08-10 15:30:00,1.103,1.1021964285714285,sl,-111.77453863050869,0,B_15m_1h_4h,long
1,2023-08-10 16:00:00,2023-08-10 16:00:00,1.10419,1.1025485714285714,sl,-110.6567932442036,0,B_15m_1h_4h,long
1,2023-08-10 16:45:00,2023-08-10 20:15:00,1.10289,1.1006282142857142,sl,-109.55022531176157,14,B_15m_1h_4h,long
-1,2023-08-11 03:00:00,2023-08-11 03:15:00,1.0981100000000001,1.0985428571428573,sl,-108.45472305864396,1,B_15m_1h_4h,short
-1,2023-08-11 05:30:00,2023-08-11 08:45:00,1.09869,1.0992439285714286,sl,-107.37017582805753,13,B_15m_1h_4h,short
-1,2023-08-11 10:00:00,2023-08-11 10:30:00,1.099,1.0996964285714286,sl,-106.29647406977696,2,B_15m_1h_4h,short
-1,2023-08-11 19:30:00,2023-08-14 06:45:00,1.09597,1.0929253571428572,tp,175.389182215132,45,B_15m_1h_4h,short
-1,2023-08-14 09:15:00,2023-08-14 09:15:00,1.09284,1.093427142857143,sl,-106.98740115123051,0,B_15m_1h_4h,short
-1,2023-08-14 12:00:00,2023-08-14 15:15:00,1.09457,1.0925271428571428,tp,176.52921189952394,13,B_15m_1h_4h,short
-1,2023-08-15 02:15:00,2023-08-15 04:15:00,1.09044,1.0909489285714287,sl,-107.68281925871345,8,B_15m_1h_4h,short
-1,2023-08-15 04:45:00,2023-08-15 04:45:00,1.09061,1.0912067857142858,sl,-106.60599106612632,0,B_15m_1h_4h,short
-1,2023-08-15 06:00:00,2023-08-15 06:15:00,1.0908900000000001,1.0916635714285716,sl,-105.53993115546506,1,B_15m_1h_4h,short
-1,2023-08-15 06:45:00,2023-08-15 09:15:00,1.09128,1.0921060714285715,sl,-104.48453184391042,10,B_15m_1h_4h,short
-1,2023-08-15 10:30:00,2023-08-15 10:45:00,1.0919100000000002,1.092821785714286,sl,-103.4396865254713,1,B_15m_1h_4h,short
-1,2023-08-15 17:15:00,2023-08-15 17:45:00,1.0924800000000001,1.0943035714285716,sl,-102.40528966021658,2,B_15m_1h_4h,short
-1,2023-08-15 23:15:00,2023-08-16 04:45:00,1.09036,1.0910660714285714,sl,-101.38123676361442,22,B_15m_1h_4h,short
-1,2023-08-16 05:00:00,2023-08-16 05:15:00,1.09049,1.0910021428571428,sl,-100.36742439597828,1,B_15m_1h_4h,short
-1,2023-08-16 05:30:00,2023-08-16 07:45:00,1.09063,1.0912021428571428,sl,-99.3637501520185,9,B_15m_1h_4h,short
-1,2023-08-16 18:00:00,2023-08-16 21:00:00,1.0906,1.087767857142857,tp,163.95018775083906,12,B_15m_1h_4h,short
-1,2023-08-16 22:00:00,2023-08-17 14:45:00,1.08802,1.0893164285714285,sl,-100.00961452800671,67,B_15m_1h_4h,short
-1,2023-08-18 00:15:00,2023-08-18 01:15:00,1.08661,1.0873857142857144,sl,-99.00951838272664,4,B_15m_1h_4h,short
-1,2023-08-18 03:15:00,2023-08-18 03:30:00,1.08719,1.0877814285714287,sl,-98.01942319889937,1,B_15m_1h_4h,short
-1,2023-08-18 09:30:00,2023-08-18 10:00:00,1.08817,1.0870771428571429,tp,161.73204827816207,2,B_15m_1h_4h,short
-1,2023-08-18 13:45:00,2023-08-18 15:30:00,1.08658,1.0849710714285716,tp,164.4275824161382,7,B_15m_1h_4h,short
-1,2023-08-18 16:30:00,2023-08-18 16:45:00,1.08599,1.0871728571428572,sl,-100.30082527385338,1,B_15m_1h_4h,short
-1,2023-08-18 18:30:00,2023-08-21 10:15:00,1.0873300000000001,1.0888192857142858,sl,-99.29781702111485,63,B_15m_1h_4h,short
1,2023-08-22 09:15:00,2023-08-22 10:15:00,1.09151,1.0925314285714285,tp,163.84139808481575,4,B_15m_1h_4h,long
-1,2023-08-22 22:00:00,2023-08-23 00:00:00,1.08518,1.084099642857143,tp,166.57208805290833,8,B_15m_1h_4h,short
-1,2023-08-23 03:00:00,2023-08-23 03:00:00,1.0845500000000001,1.0848992857142858,sl,-101.60897371228093,0,B_15m_1h_4h,short
-1,2023-08-23 03:45:00,2023-08-23 04:15:00,1.08478,1.0851817857142858,sl,-100.59288397515813,2,B_15m_1h_4h,short
-1,2023-08-23 05:30:00,2023-08-23 06:30:00,1.0852300000000001,1.0857828571428574,sl,-99.58695513540655,4,B_15m_1h_4h,short
-1,2023-08-23 09:15:00,2023-08-23 09:45:00,1.08555,1.086077142857143,sl,-98.5910855840525,2,B_15m_1h_4h,short
-1,2023-08-23 16:00:00,2023-08-23 16:00:00,1.08037,1.0813460714285714,sl,-97.60517472821198,0,B_15m_1h_4h,short
-1,2023-08-24 12:15:00,2023-08-24 14:45:00,1.08586,1.0842903571428573,tp,161.04853830154215,10,B_15m_1h_4h,short
-1,2023-08-24 18:15:00,2023-08-24 22:00:00,1.08351,1.080777857142857,tp,163.73268060657986,15,B_15m_1h_4h,short
-1,2023-08-24 22:45:00,2023-08-25 00:45:00,1.0805500000000001,1.0813085714285715,sl,-99.87693517001105,8,B_15m_1h_4h,short
-1,2023-08-25 01:45:00,2023-08-25 02:00:00,1.08078,1.079999642857143,tp,164.7969430305339,1,B_15m_1h_4h,short
-1,2023-08-25 10:00:00,2023-08-25 10:00:00,1.0780100000000001,1.0787032142857145,sl,-100.52613524861631,0,B_15m_1h_4h,short
-1,2023-08-25 10:30:00,2023-08-25 10:45:00,1.07843,1.0770675,tp,165.8681231602259,1,B_15m_1h_4h,short
-1,2023-08-28 02:45:00,2023-08-28 03:00:00,1.07953,1.0800367857142859,sl,-101.1795551277324,1,B_15m_1h_4h,short
-1,2023-08-28 05:00:00,2023-08-28 05:30:00,1.0801800000000001,1.080814285714286,sl,-100.16775957645508,2,B_15m_1h_4h,short
-1,2023-08-28 09:00:00,2023-08-28 09:00:00,1.08097,1.0813964285714286,sl,-99.16608198069052,0,B_15m_1h_4h,short
-1,2023-08-28 14:15:00,2023-08-28 22:45:00,1.081,1.0819685714285714,sl,-98.17442116088361,34,B_15m_1h_4h,short
-1,2023-08-29 15:00:00,2023-08-29 15:15:00,1.08036,1.078804642857143,tp,161.98779491543482,1,B_15m_1h_4h,short
1,2023-08-29 22:15:00,2023-08-30 00:00:00,1.0881699999999999,1.0870364285714285,sl,-98.81255489842911,7,B_15m_1h_4h,long
1,2023-08-30 01:15:00,2023-08-30 02:15:00,1.08826,1.0874242857142857,sl,-97.82442934944481,4,B_15m_1h_4h,long
1,2023-08-30 04:30:00,2023-08-30 05:30:00,1.08711,1.0865089285714287,sl,-96.84618505595037,4,B_15m_1h_4h,long
1,2023-08-30 15:30:00,2023-08-30 15:30:00,1.08941,1.091635,tp,159.79620534232873,0,B_15m_1h_4h,long
1,2023-08-30 20:15:00,2023-08-30 21:00:00,1.09306,1.091737857142857,sl,-97.47568525881414,3,B_15m_1h_4h,long
1,2023-08-30 22:00:00,2023-08-31 04:30:00,1.0924099999999999,1.0937671428571427,tp,160.83488067705213,26,B_15m_1h_4h,long
1,2023-08-31 07:15:00,2023-08-31 08:00:00,1.09229,1.0917039285714285,sl,-98.10927721299653,3,B_15m_1h_4h,long
-1,2023-08-31 22:00:00,2023-09-01 09:30:00,1.08453,1.0829657142857143,tp,161.88030740143662,46,B_15m_1h_4h,short
-1,2023-09-01 21:30:00,2023-09-04 05:30:00,1.0777,1.0785003571428573,sl,-98.74698751488093,32,B_15m_1h_4h,short
-1,2023-09-04 09:00:00,2023-09-04 09:00:00,1.0786200000000001,1.079034642857143,sl,-97.75951763973211,0,B_15m_1h_4h,short
-1,2023-09-04 11:00:00,2023-09-04 13:15:00,1.07946,1.080234642857143,sl,-96.7819224633348,9,B_15m_1h_4h,short
-1,2023-09-04 15:00:00,2023-09-04 17:00:00,1.07996,1.0787814285714286,tp,159.69017206452247,8,B_15m_1h_4h,short
-1,2023-09-04 21:00:00,2023-09-05 00:00:00,1.07944,1.0785792857142857,tp,162.35167493224446,12,B_15m_1h_4h,short
-1,2023-09-05 01:45:00,2023-09-05 04:45:00,1.07942,1.0786842857142858,tp,165.05753618114838,12,B_15m_1h_4h,short
-1,2023-09-05 07:15:00,2023-09-05 07:30:00,1.07867,1.0793,sl,-100.6850970704806,1,B_15m_1h_4h,short
-1,2023-09-05 08:30:00,2023-09-05 09:15:00,1.0787,1.0777625000000002,tp,166.13041016625363,3,B_15m_1h_4h,short
-1,2023-09-05 12:00:00,2023-09-05 15:15:00,1.07477,1.072495,tp,168.89925033572507,13,B_15m_1h_4h,short
-1,2023-09-05 17:15:00,2023-09-06 08:00:00,1.07193,1.0736432142857144,sl,-103.02854270479558,59,B_15m_1h_4h,short
-1,2023-09-06 19:00:00,2023-09-06 20:00:00,1.07124,1.0727132142857143,sl,-101.99825727774764,4,B_15m_1h_4h,short
-1,2023-09-06 21:30:00,2023-09-07 06:30:00,1.07234,1.0731489285714286,sl,-100.97827470497016,36,B_15m_1h_4h,short
-1,2023-09-07 12:45:00,2023-09-07 15:30:00,1.07129,1.0696060714285716,tp,166.6141532632154,11,B_15m_1h_4h,short
-1,2023-09-07 17:00:00,2023-09-07 17:30:00,1.0691000000000002,1.070219642857143,sl,-101.6346334905526,2,B_15m_1h_4h,short
-1,2023-09-07 19:45:00,2023-09-08 04:30:00,1.07056,1.0718382142857141,sl,-100.61828715564708,35,B_15m_1h_4h,short
-1,2023-09-08 14:30:00,2023-09-08 15:30:00,1.0698100000000001,1.0706532142857144,sl,-99.61210428409062,4,B_15m_1h_4h,short
-1,2023-09-11 00:00:00,2023-09-11 00:00:00,1.07141,1.0706635714285715,tp,164.3599720687006,0,B_15m_1h_4h,short
-1,2023-09-11 06:30:00,2023-09-11 07:00:00,1.072,1.0726310714285716,sl,-100.2595829619367,2,B_15m_1h_4h,short
1,2023-09-11 19:15:00,2023-09-12 00:00:00,1.07561,1.0742782142857144,sl,-99.25698713231735,19,B_15m_1h_4h,long
1,2023-09-12 00:30:00,2023-09-12 04:00:00,1.07473,1.0757585714285713,tp,163.7740287683118,14,B_15m_1h_4h,long
1,2023-09-12 04:15:00,2023-09-12 04:15:00,1.07551,1.0749057142857141,sl,-99.90215754867728,0,B_15m_1h_4h,long
-1,2023-09-12 13:45:00,2023-09-12 18:00:00,1.07131,1.0722925,sl,-98.90313597319052,17,B_15m_1h_4h,short
-1,2023-09-12 19:45:00,2023-09-12 23:15:00,1.07246,1.0735057142857143,sl,-97.9141046134586,14,B_15m_1h_4h,short
1,2023-09-12 23:30:00,2023-09-12 23:45:00,1.0742099999999999,1.0754242857142855,tp,161.55827261219684,1,B_15m_1h_4h,long
1,2023-09-13 03:15:00,2023-09-13 05:00:00,1.07619,1.0754314285714286,sl,-98.55054629344599,7,B_15m_1h_4h,long
-1,2023-09-13 08:30:00,2023-09-13 09:15:00,1.0746200000000001,1.0736110714285716,tp,162.60840138420974,3,B_15m_1h_4h,short
-1,2023-09-13 11:15:00,2023-09-13 15:30:00,1.07403,1.074927857142857,sl,-99.19112484435364,17,B_15m_1h_4h,short
-1,2023-09-13 16:15:00,2023-09-13 16:30:00,1.0733700000000002,1.075234285714286,sl,-98.1992135959101,1,B_15m_1h_4h,short
-1,2023-09-13 17:00:00,2023-09-13 17:30:00,1.07383,1.07409,flip,-11.402309847402474,2,B_15m_1h_4h,short
1,2023-09-13 17:45:00,2023-09-13 19:30:00,1.07409,1.07396,flip,-5.434434840647106,7,B_15m_1h_4h,long
-1,2023-09-13 19:45:00,2023-09-14 05:15:00,1.07395,1.07378,flip,11.380944693328804,38,B_15m_1h_4h,short
1,2023-09-14 05:30:00,2023-09-14 07:00:00,1.07378,1.074772857142857,tp,161.93777243332755,6,B_15m_1h_4h,long
-1,2023-09-14 14:45:00,2023-09-14 15:15:00,1.07318,1.0739364285714286,sl,-98.78204118433707,2,B_15m_1h_4h,short
-1,2023-09-14 19:00:00,2023-09-15 17:00:00,1.06582,1.0683978571428572,sl,-97.7942207724937,88,B_15m_1h_4h,short
-1,2023-09-15 18:00:00,2023-09-15 19:00:00,1.06637,1.0678507142857143,sl,-96.81627856476877,4,B_15m_1h_4h,short
-1,2023-09-18 09:00:00,2023-09-18 09:00:00,1.06683,1.0672489285714284,sl,-95.84811577912107,0,B_15m_1h_4h,short
-1,2023-09-18 09:30:00,2023-09-18 09:45:00,1.06691,1.0660582142857145,tp,158.14939103552229,1,B_15m_1h_4h,short
-1,2023-09-18 17:00:00,2023-09-18 17:30:00,1.0661800000000001,1.0671228571428573,sl,-96.47112853168508,2,B_15m_1h_4h,short
-1,2023-09-19 10:00:00,2023-09-19 10:00:00,1.0678100000000001,1.0683039285714286,sl,-95.50641724636824,0,B_15m_1h_4h,short
-1,2023-09-19 11:45:00,2023-09-19 13:15:00,1.06855,1.0693857142857144,sl,-94.55135307390456,6,B_15m_1h_4h,short
-1,2023-09-19 21:15:00,2023-09-20 05:00:00,1.0680800000000001,1.0688610714285716,sl,-93.60583954316552,31,B_15m_1h_4h,short
-1,2023-09-20 05:30:00,2023-09-20 09:00:00,1.0685200000000001,1.0677164285714287,tp,154.44963524622312,14,B_15m_1h_4h,short
-1,2023-09-20 10:00:00,2023-09-20 10:30:00,1.06814,1.0688214285714286,sl,-94.2142775001961,2,B_15m_1h_4h,short
-1,2023-09-20 14:15:00,2023-09-20 14:30:00,1.06986,1.07029,flip,-57.149949215836344,1,B_15m_1h_4h,short
1,2023-09-20 14:45:00,2023-09-20 15:30:00,1.07029,1.0696107142857143,sl,-92.70063523303577,3,B_15m_1h_4h,long
1,2023-09-20 16:15:00,2023-09-20 17:00:00,1.07098,1.0724139285714287,tp,152.95604813451692,3,B_15m_1h_4h,long
1,2023-09-20 19:15:00,2023-09-20 21:00:00,1.07263,1.0714107142857143,sl,-93.30318936205059,7,B_15m_1h_4h,long
-1,2023-09-21 01:30:00,2023-09-21 03:15:00,1.06563,1.0640639285714288,tp,153.95026244736164,7,B_15m_1h_4h,short
-1,2023-09-21 05:45:00,2023-09-21 06:00:00,1.0619,1.0627957142857143,sl,-93.90966009290369,1,B_15m_1h_4h,short
-1,2023-09-21 08:30:00,2023-09-21 09:00:00,1.0634700000000001,1.064237142857143,sl,-92.97056349197464,2,B_15m_1h_4h,short
-1,2023-09-21 10:15:00,2023-09-21 10:30:00,1.06407,1.0648403571428573,sl,-92.0408578570549,1,B_15m_1h_4h,short
-1,2023-09-21 11:45:00,2023-09-21 15:15:00,1.0652700000000002,1.0632432142857144,tp,151.86741546414615,14,B_15m_1h_4h,short
-1,2023-09-21 17:00:00,2023-09-21 17:15:00,1.06399,1.0655767857142857,sl,-92.63912343312583,1,B_15m_1h_4h,short
-1,2023-09-21 20:45:00,2023-09-22 04:30:00,1.0665200000000001,1.0642592857142859,tp,152.85455366466763,31,B_15m_1h_4h,short
-1,2023-09-22 10:30:00,2023-09-22 10:30:00,1.06221,1.063494642857143,sl,-93.24127773544124,0,B_15m_1h_4h,short
-1,2023-09-22 15:00:00,2023-09-22 15:00:00,1.06358,1.0645164285714286,sl,-92.30886495808682,0,B_15m_1h_4h,short
-1,2023-09-22 16:30:00,2023-09-22 16:45:00,1.0648,1.0659089285714285,sl,-91.38577630850594,1,B_15m_1h_4h,short
-1,2023-09-22 18:00:00,2023-09-25 10:45:00,1.06575,1.0634410714285714,tp,150.78653090902517,67,B_15m_1h_4h,short
-1,2023-09-25 14:30:00,2023-09-25 15:45:00,1.0636,1.0620500000000002,tp,153.2996397575332,5,B_15m_1h_4h,short
-1,2023-09-25 20:45:00,2023-09-26 09:45:00,1.05914,1.05734,tp,155.85463375348388,52,B_15m_1h_4h,short
-1,2023-09-26 21:30:00,2023-09-26 22:00:00,1.05629,1.0571707142857143,sl,-95.07132658962134,2,B_15m_1h_4h,short
-1,2023-09-27 00:15:00,2023-09-27 08:15:00,1.0567,1.0555160714285714,tp,156.86768887284578,32,B_15m_1h_4h,short
-1,2023-09-27 09:00:00,2023-09-27 09:00:00,1.05595,1.0564546428571429,sl,-95.68929021245359,0,B_15m_1h_4h,short
-1,2023-09-27 16:30:00,2023-09-27 17:00:00,1.0529600000000001,1.0510064285714287,tp,157.88732885053645,2,B_15m_1h_4h,short
-1,2023-09-27 19:00:00,2023-09-28 12:15:00,1.0508,1.0524553571428572,sl,-96.31127059883443,69,B_15m_1h_4h,short
-1,2023-09-28 19:15:00,2023-09-29 08:45:00,1.05653,1.0585035714285713,sl,-95.34815789284606,54,B_15m_1h_4h,short
1,2023-09-29 15:30:00,2023-09-29 15:30:00,1.0601099999999999,1.059035357142857,sl,-94.39467631391761,0,B_15m_1h_4h,long
-1,2023-10-02 05:30:00,2023-10-02 09:30:00,1.05673,1.0572517857142856,sl,-93.45072955077843,16,B_15m_1h_4h,short
-1,2023-10-02 10:45:00,2023-10-02 11:45:00,1.05758,1.0560817857142857,tp,154.19370375879964,4,B_15m_1h_4h,short
-1,2023-10-02 15:00:00,2023-10-02 17:00:00,1.05308,1.0511960714285715,tp,156.76359882142492,8,B_15m_1h_4h,short
-1,2023-10-02 17:45:00,2023-10-02 18:15:00,1.04963,1.0512532142857143,sl,-95.62579528107288,2,B_15m_1h_4h,short
-1,2023-10-02 19:00:00,2023-10-03 03:00:00,1.04984,1.0470239285714287,tp,157.7825622137661,32,B_15m_1h_4h,short
-1,2023-10-03 03:15:00,2023-10-03 07:15:00,1.04726,1.0462242857142858,tp,160.41227158399968,16,B_15m_1h_4h,short
-1,2023-10-03 17:30:00,2023-10-04 10:30:00,1.04653,1.0483021428571428,sl,-97.85148566623982,68,B_15m_1h_4h,short
-1,2023-10-05 12:45:00,2023-10-05 13:45:00,1.0510300000000001,1.0521903571428572,sl,-96.87297080957742,4,B_15m_1h_4h,short
-1,2023-10-05 14:15:00,2023-10-05 15:00:00,1.05143,1.0525539285714287,sl,-95.90424110148165,3,B_15m_1h_4h,short
-1,2023-10-05 15:30:00,2023-10-05 16:30:00,1.05173,1.0528592857142858,sl,-94.94519869046682,4,B_15m_1h_4h,short
1,2023-10-06 01:45:00,2023-10-06 03:15:00,1.05495,1.0544035714285716,sl,-93.99574670356216,6,B_15m_1h_4h,long
1,2023-10-06 07:30:00,2023-10-06 07:45:00,1.05449,1.0540325,sl,-93.05578923652655,1,B_15m_1h_4h,long
1,2023-10-06 15:00:00,2023-10-06 15:15:00,1.05667,1.0556660714285715,sl,-92.12523134416128,1,B_15m_1h_4h,long
1,2023-10-06 21:00:00,2023-10-09 00:00:00,1.05888,1.0566717857142858,sl,-91.20397903071965,12,B_15m_1h_4h,long
-1,2023-10-09 09:30:00,2023-10-09 09:45:00,1.0544200000000001,1.053371785714286,tp,150.48656540069808,1,B_15m_1h_4h,short
-1,2023-10-09 13:15:00,2023-10-09 16:00:00,1.05289,1.05409,sl,-91.79680489441945,11,B_15m_1h_4h,short
-1,2023-10-09 17:45:00,2023-10-09 20:30:00,1.05451,1.0559146428571429,sl,-90.87883684547525,11,B_15m_1h_4h,short
1,2023-10-10 01:15:00,2023-10-10 02:45:00,1.05697,1.0579682142857143,tp,149.95008079505638,6,B_15m_1h_4h,long
1,2023-10-10 04:30:00,2023-10-10 04:45:00,1.05782,1.057150357142857,sl,-91.4695492849711,1,B_15m_1h_4h,long
1,2023-10-10 05:15:00,2023-10-10 05:45:00,1.05754,1.0568082142857143,sl,-90.55485379212136,2,B_15m_1h_4h,long
1,2023-10-10 15:45:00,2023-10-10 18:30:00,1.05876,1.060865357142857,tp,149.415508756995,11,B_15m_1h_4h,long
1,2023-10-11 02:00:00,2023-10-11 09:00:00,1.06059,1.0600371428571427,sl,-91.14346034177008,28,B_15m_1h_4h,long
1,2023-10-11 13:30:00,2023-10-11 15:30:00,1.06019,1.0585421428571429,sl,-90.23202573835239,8,B_15m_1h_4h,long
1,2023-10-12 02:15:00,2023-10-12 09:00:00,1.0624099999999999,1.0634974999999998,tp,148.8828424682814,27,B_15m_1h_4h,long
1,2023-10-12 09:45:00,2023-10-12 10:00:00,1.0639399999999999,1.063232857142857,sl,-90.81853390565168,1,B_15m_1h_4h,long
1,2023-10-12 12:00:00,2023-10-12 12:30:00,1.0627,1.0617817857142857,sl,-89.91034856659518,2,B_15m_1h_4h,long
1,2023-10-12 14:30:00,2023-10-12 15:30:00,1.06199,1.0612025,sl,-89.01124508092923,4,B_15m_1h_4h,long
-1,2023-10-12 20:00:00,2023-10-13 13:15:00,1.0548,1.0521,tp,146.86855438353322,69,B_15m_1h_4h,short
-1,2023-10-13 16:30:00,2023-10-13 18:00:00,1.05207,1.0498146428571429,tp,149.31636362326856,6,B_15m_1h_4h,short
-1,2023-10-13 20:15:00,2023-10-13 22:30:00,1.0501800000000001,1.0514914285714287,sl,-91.08298181018797,9,B_15m_1h_4h,short
-1,2023-10-13 23:15:00,2023-10-16 00:30:00,1.0509,1.0518032142857143,sl,-90.17215199208607,5,B_15m_1h_4h,short
-1,2023-10-16 02:15:00,2023-10-16 08:30:00,1.05182,1.0528175,sl,-89.27043047216522,25,B_15m_1h_4h,short
-1,2023-10-16 08:45:00,2023-10-16 08:45:00,1.0525,1.0528996428571427,sl,-88.37772616744357,0,B_15m_1h_4h,short
-1,2023-10-16 09:30:00,2023-10-16 09:30:00,1.0527,1.0532207142857142,sl,-87.49394890576912,0,B_15m_1h_4h,short
1,2023-10-17 22:15:00,2023-10-18 00:00:00,1.05778,1.0567749999999998,sl,-86.61900941671144,7,B_15m_1h_4h,long
1,2023-10-18 11:45:00,2023-10-18 12:45:00,1.0583799999999999,1.0573085714285713,sl,-85.75281932254431,4,B_15m_1h_4h,long
1,2023-10-19 16:45:00,2023-10-19 19:00:00,1.05765,1.0564242857142856,sl,-84.89529112931886,9,B_15m_1h_4h,long
1,2023-10-19 19:15:00,2023-10-19 19:30:00,1.05966,1.0577142857142856,sl,-84.04633821802568,1,B_15m_1h_4h,long
1,2023-10-19 20:00:00,2023-10-20 04:00:00,1.05968,1.0570421428571428,sl,-83.20587483584542,32,B_15m_1h_4h,long
1,2023-10-20 10:00:00,2023-10-20 10:30:00,1.05745,1.0569110714285714,sl,-82.37381608748697,2,B_15m_1h_4h,long
1,2023-10-20 16:45:00,2023-10-20 17:00:00,1.0586499999999999,1.057440357142857,sl,-81.55007792661209,1,B_15m_1h_4h,long
1,2023-10-20 17:30:00,2023-10-23 11:00:00,1.05829,1.0607614285714286,tp,134.55762857891804,70,B_15m_1h_4h,long
1,2023-10-23 14:15:00,2023-10-23 15:00:00,1.0608499999999998,1.059625357142857,sl,-82.08015343313517,3,B_15m_1h_4h,long
1,2023-10-23 15:30:00,2023-10-23 16:15:00,1.06147,1.0602442857142858,sl,-81.25935189880381,3,B_15m_1h_4h,long
1,2023-10-23 17:00:00,2023-10-23 17:15:00,1.0605799999999999,1.0627139285714284,tp,134.07793063304024,1,B_15m_1h_4h,long
1,2023-10-24 00:00:00,2023-10-24 00:00:00,1.0669199999999999,1.0662139285714285,sl,-81.78753768614618,0,B_15m_1h_4h,long
1,2023-10-24 00:30:00,2023-10-24 05:15:00,1.06681,1.067977857142857,tp,134.94943718213264,19,B_15m_1h_4h,long
1,2023-10-24 07:45:00,2023-10-24 10:15:00,1.06822,1.0693592857142857,tp,137.19859446853678,10,B_15m_1h_4h,long
-1,2023-10-25 15:00:00,2023-10-25 16:00:00,1.05721,1.05823,sl,-83.69114262579141,4,B_15m_1h_4h,short
-1,2023-10-25 16:30:00,2023-10-25 17:30:00,1.05711,1.0581032142857143,sl,-82.85423119953349,4,B_15m_1h_4h,short
-1,2023-10-25 19:00:00,2023-10-26 00:00:00,1.0582200000000002,1.0558985714285716,tp,136.7094814792259,20,B_15m_1h_4h,short
-1,2023-10-26 01:15:00,2023-10-26 04:15:00,1.0564900000000002,1.0556239285714286,tp,138.98797283725298,12,B_15m_1h_4h,short
-1,2023-10-26 08:30:00,2023-10-26 08:30:00,1.05428,1.0549014285714287,sl,-84.78266343070293,0,B_15m_1h_4h,short
-1,2023-10-26 09:00:00,2023-10-26 10:45:00,1.05421,1.0548089285714286,sl,-83.9348367963959,7,B_15m_1h_4h,short
-1,2023-10-26 12:15:00,2023-10-26 12:15:00,1.05399,1.054965,sl,-83.09548842843195,0,B_15m_1h_4h,short
-1,2023-10-26 12:45:00,2023-10-26 15:30:00,1.0543900000000002,1.0526507142857144,tp,137.10755590693608,11,B_15m_1h_4h,short
-1,2023-10-27 13:30:00,2023-10-27 14:30:00,1.0557400000000001,1.0543560714285716,tp,139.39268183868754,4,B_15m_1h_4h,short
-1,2023-10-30 02:00:00,2023-10-30 09:00:00,1.05612,1.0566985714285715,sl,-85.02953592160388,28,B_15m_1h_4h,short
1,2023-10-30 17:15:00,2023-10-30 19:00:00,1.06203,1.060329642857143,sl,-84.17924056238785,7,B_15m_1h_4h,long
1,2023-10-30 19:30:00,2023-10-31 05:00:00,1.06115,1.0597121428571428,sl,-83.33744815676397,38,B_15m_1h_4h,long
1,2023-10-31 12:45:00,2023-10-31 14:30:00,1.06625,1.0645667857142858,sl,-82.50407367519632,7,B_15m_1h_4h,long
-1,2023-11-01 15:00:00,2023-11-01 15:30:00,1.05379,1.0521775,tp,136.13172156407393,2,B_15m_1h_4h,short
-1,2023-11-01 17:30:00,2023-11-01 21:00:00,1.0540800000000001,1.0559485714285715,sl,-83.0403501540851,14,B_15m_1h_4h,short
1,2023-11-02 05:30:00,2023-11-02 08:30:00,1.0600399999999999,1.0594078571428571,sl,-82.20994665254425,12,B_15m_1h_4h,long
1,2023-11-02 09:00:00,2023-11-02 09:30:00,1.06005,1.0609499999999998,tp,135.64641197668686,2,B_15m_1h_4h,long
1,2023-11-02 10:45:00,2023-11-02 11:45:00,1.06069,1.0622810714285713,tp,137.90718550962353,4,B_15m_1h_4h,long
1,2023-11-02 19:15:00,2023-11-03 11:45:00,1.06216,1.0645314285714285,tp,140.2056386014611,66,B_15m_1h_4h,long
1,2023-11-03 17:00:00,2023-11-07 09:00:00,1.07203,1.0695475,sl,-85.52543954689651,156,B_15m_1h_4h,long
1,2023-11-08 21:15:00,2023-11-09 10:15:00,1.07097,1.0698342857142857,sl,-84.67018515142753,52,B_15m_1h_4h,long
1,2023-11-09 10:45:00,2023-11-09 11:00:00,1.0703799999999999,1.0696471428571428,sl,-83.82348329991326,1,B_15m_1h_4h,long
-1,2023-11-09 14:15:00,2023-11-09 15:15:00,1.06875,1.0697410714285716,sl,-82.98524846691413,4,B_15m_1h_4h,short
-1,2023-11-09 23:30:00,2023-11-10 12:45:00,1.06667,1.0682482142857144,sl,-82.155395982245,53,B_15m_1h_4h,short
1,2023-11-10 16:45:00,2023-11-10 16:45:00,1.0684,1.067197857142857,sl,-81.33384202242254,0,B_15m_1h_4h,long
1,2023-11-10 19:00:00,2023-11-13 09:00:00,1.06698,1.0694960714285715,tp,134.20083933700113,56,B_15m_1h_4h,long
1,2023-11-13 10:30:00,2023-11-13 10:30:00,1.06935,1.0687628571428571,sl,-81.86251199556834,0,B_15m_1h_4h,long
1,2023-11-13 11:30:00,2023-11-13 11:45:00,1.06983,1.069007142857143,sl,-81.04388687561264,1,B_15m_1h_4h,long
1,2023-11-13 12:15:00,2023-11-13 14:00:00,1.06921,1.0682800000000001,sl,-80.23344800685652,7,B_15m_1h_4h,long
-1,2023-11-13 16:45:00,2023-11-13 16:45:00,1.06688,1.067789642857143,sl,-79.43111352678795,0,B_15m_1h_4h,short
1,2023-11-13 21:00:00,2023-11-14 12:00:00,1.07022,1.0720271428571428,tp,131.06133731921085,60,B_15m_1h_4h,long
1,2023-11-14 15:30:00,2023-11-14 15:30:00,1.07242,1.0741325000000002,tp,133.24569294121,0,B_15m_1h_4h,long
1,2023-11-14 20:00:00,2023-11-15 11:15:00,1.08734,1.0854617857142856,sl,-81.27987269412428,61,B_15m_1h_4h,long
1,2023-11-15 16:00:00,2023-11-15 16:15:00,1.08595,1.0844167857142857,sl,-80.46707396718304,1,B_15m_1h_4h,long
1,2023-11-15 21:30:00,2023-11-16 04:30:00,1.08473,1.0837142857142856,sl,-79.6624032275112,28,B_15m_1h_4h,long
1,2023-11-16 13:30:00,2023-11-16 14:00:00,1.08576,1.0848128571428572,sl,-78.86577919523609,2,B_15m_1h_4h,long
1,2023-11-16 20:00:00,2023-11-16 22:45:00,1.08604,1.0845014285714285,sl,-78.07712140328373,11,B_15m_1h_4h,long
1,2023-11-17 05:00:00,2023-11-17 06:45:00,1.08557,1.0850139285714284,sl,-77.29635018925089,7,B_15m_1h_4h,long
1,2023-11-17 08:00:00,2023-11-17 09:00:00,1.08538,1.0848785714285714,sl,-76.52338668735838,4,B_15m_1h_4h,long
1,2023-11-17 15:15:00,2023-11-17 15:30:00,1.08768,1.0864060714285715,sl,-75.7581528204848,1,B_15m_1h_4h,long
1,2023-11-17 16:00:00,2023-11-17 20:15:00,1.08714,1.089457857142857,tp,125.00095215380789,17,B_15m_1h_4h,long
1,2023-11-17 23:30:00,2023-11-20 00:00:00,1.09097,1.0902939285714286,sl,-76.25058081381802,2,B_15m_1h_4h,long
1,2023-11-20 03:15:00,2023-11-20 04:15:00,1.0905399999999998,1.091782857142857,tp,125.81345834278476,4,B_15m_1h_4h,long
1,2023-11-20 14:45:00,2023-11-20 16:00:00,1.0929799999999998,1.0921057142857142,sl,-76.74620958910769,5,B_15m_1h_4h,long
1,2023-11-20 16:45:00,2023-11-20 17:15:00,1.09384,1.092840357142857,sl,-75.97874749321662,2,B_15m_1h_4h,long
1,2023-11-20 20:15:00,2023-11-21 00:00:00,1.09489,1.0938292857142857,sl,-75.21896001828445,15,B_15m_1h_4h,long
1,2023-11-21 01:00:00,2023-11-21 02:45:00,1.0940999999999999,1.0950321428571428,tp,124.11128403016933,7,B_15m_1h_4h,long
1,2023-11-21 09:00:00,2023-11-21 09:45:00,1.0958999999999999,1.0952464285714285,sl,-75.7078832584033,3,B_15m_1h_4h,long
1,2023-11-21 12:15:00,2023-11-21 17:15:00,1.09492,1.0938774999999998,sl,-74.95080442581927,20,B_15m_1h_4h,long
1,2023-11-22 04:00:00,2023-11-22 07:15:00,1.0913899999999999,1.0906989285714284,sl,-74.20129638156108,13,B_15m_1h_4h,long
-1,2023-11-22 21:45:00,2023-11-23 02:45:00,1.08813,1.0890246428571428,sl,-73.45928341774547,20,B_15m_1h_4h,short
1,2023-11-23 09:30:00,2023-11-23 10:15:00,1.09126,1.0906749999999998,sl,-72.724690583568,3,B_15m_1h_4h,long
1,2023-11-23 10:45:00,2023-11-23 11:00:00,1.09221,1.0911246428571428,sl,-71.99744367773233,1,B_15m_1h_4h,long
1,2023-11-23 11:45:00,2023-11-23 14:15:00,1.0917999999999999,1.0904521428571428,sl,-71.27746924095501,10,B_15m_1h_4h,long
1,2023-11-23 21:15:00,2023-11-24 00:00:00,1.0906,1.0901467857142857,sl,-70.56469454854546,11,B_15m_1h_4h,long
1,2023-11-24 00:30:00,2023-11-24 04:15:00,1.0904099999999999,1.0900307142857142,sl,-69.85904760306,15,B_15m_1h_4h,long
1,2023-11-24 09:45:00,2023-11-24 10:45:00,1.09094,1.0917757142857143,tp,115.2674285450286,4,B_15m_1h_4h,long
1,2023-11-24 13:00:00,2023-11-24 14:15:00,1.0910199999999999,1.0926307142857141,tp,117.18855235412745,5,B_15m_1h_4h,long
1,2023-11-24 15:45:00,2023-11-24 16:45:00,1.09182,1.0931985714285715,tp,119.14169489336187,4,B_15m_1h_4h,long
1,2023-11-24 20:00:00,2023-11-27 02:30:00,1.09411,1.0930503571428571,sl,-72.67643388495459,26,B_15m_1h_4h,long
1,2023-11-27 11:15:00,2023-11-27 16:00:00,1.0948799999999999,1.0939414285714284,sl,-71.94966954610504,19,B_15m_1h_4h,long
1,2023-11-28 01:15:00,2023-11-28 07:00:00,1.0957,1.0951460714285712,sl,-71.230172850644,23,B_15m_1h_4h,long
1,2023-11-28 14:15:00,2023-11-28 14:45:00,1.09592,1.0949964285714286,sl,-70.51787112213756,2,B_15m_1h_4h,long
1,2023-11-28 15:30:00,2023-11-28 16:15:00,1.09604,1.0979025,tp,116.35448735152235,3,B_15m_1h_4h,long
1,2023-11-28 21:15:00,2023-11-29 03:00:00,1.0986799999999999,1.101265714285714,tp,118.29372880739244,23,B_15m_1h_4h,long
1,2023-11-29 06:45:00,2023-11-29 09:00:00,1.10023,1.0995485714285715,sl,-72.15917457250532,9,B_15m_1h_4h,long
1,2023-11-29 10:15:00,2023-11-29 11:00:00,1.0994199999999998,1.0984546428571427,sl,-71.43758282678027,3,B_15m_1h_4h,long
1,2023-11-29 16:30:00,2023-11-29 17:00:00,1.0980699999999999,1.0967542857142856,sl,-70.72320699851247,2,B_15m_1h_4h,long
1,2023-11-29 18:00:00,2023-11-30 09:30:00,1.09751,1.0957625,sl,-70.01597492852736,62,B_15m_1h_4h,long
-1,2023-11-30 13:00:00,2023-11-30 15:00:00,1.0917400000000002,1.093444642857143,sl,-69.31581517924208,8,B_15m_1h_4h,short
-1,2023-11-30 16:00:00,2023-11-30 19:45:00,1.09151,1.088977857142857,tp,114.37109504576279,15,B_15m_1h_4h,short
-1,2023-11-30 22:00:00,2023-12-01 02:15:00,1.08892,1.0900257142857144,sl,-69.76636797790728,17,B_15m_1h_4h,short
-1,2023-12-01 12:00:00,2023-12-01 14:45:00,1.08973,1.0877460714285716,tp,115.11450716354702,11,B_15m_1h_4h,short
-1,2023-12-04 06:00:00,2023-12-04 09:00:00,1.08796,1.0866082142857143,tp,117.03308228294587,12,B_15m_1h_4h,short
-1,2023-12-04 11:00:00,2023-12-04 11:15:00,1.08633,1.0873467857142858,sl,-71.39018019259314,1,B_15m_1h_4h,short
-1,2023-12-04 12:15:00,2023-12-04 13:15:00,1.08631,1.087572142857143,sl,-70.6762783906672,4,B_15m_1h_4h,short
-1,2023-12-04 20:30:00,2023-12-04 21:45:00,1.08152,1.0827639285714286,sl,-69.96951560676054,5,B_15m_1h_4h,short
-1,2023-12-05 16:15:00,2023-12-05 16:45:00,1.08213,1.0803853571428572,tp,115.44970075114996,2,B_15m_1h_4h,short
-1,2023-12-05 17:30:00,2023-12-05 18:15:00,1.08203,1.0795925,tp,117.37386243035141,3,B_15m_1h_4h,short
-1,2023-12-05 21:45:00,2023-12-05 22:15:00,1.07814,1.079222142857143,sl,-71.59805608250794,2,B_15m_1h_4h,short
-1,2023-12-06 00:15:00,2023-12-06 06:15:00,1.07927,1.0799739285714285,sl,-70.88207552168285,24,B_15m_1h_4h,short
-1,2023-12-06 06:45:00,2023-12-06 07:30:00,1.07948,1.0800135714285712,sl,-70.17325476646603,3,B_15m_1h_4h,short
-1,2023-12-06 08:15:00,2023-12-06 09:00:00,1.07922,1.0783039285714286,tp,115.78587036468765,3,B_15m_1h_4h,short
-1,2023-12-06 12:30:00,2023-12-06 16:00:00,1.07888,1.0800510714285716,sl,-70.62938092244825,14,B_15m_1h_4h,short
-1,2023-12-07 00:30:00,2023-12-07 00:45:00,1.0762,1.0767914285714286,sl,-69.92308711322377,1,B_15m_1h_4h,short
-1,2023-12-07 03:30:00,2023-12-07 03:30:00,1.07646,1.0769560714285713,sl,-69.22385624209153,0,B_15m_1h_4h,short
-1,2023-12-07 16:45:00,2023-12-07 17:30:00,1.07734,1.0789042857142856,sl,-68.5316176796706,3,B_15m_1h_4h,short
-1,2023-12-08 03:30:00,2023-12-08 09:30:00,1.0789,1.0775017857142857,tp,113.07716917146247,24,B_15m_1h_4h,short
-1,2023-12-08 11:15:00,2023-12-08 12:15:00,1.07797,1.0788357142857143,sl,-68.97707319458853,4,B_15m_1h_4h,short
-1,2023-12-08 12:45:00,2023-12-08 15:30:00,1.07853,1.0768425,tp,113.81217077106609,11,B_15m_1h_4h,short
-1,2023-12-08 18:30:00,2023-12-11 12:15:00,1.0753700000000002,1.0778557142857144,sl,-69.42542417035331,71,B_15m_1h_4h,short
-1,2023-12-11 13:30:00,2023-12-11 15:00:00,1.07691,1.0752707142857143,tp,114.5519498810726,6,B_15m_1h_4h,short
-1,2023-12-11 17:30:00,2023-12-11 20:30:00,1.0745200000000001,1.0759150000000002,sl,-69.8766894274605,12,B_15m_1h_4h,short
-1,2023-12-12 01:45:00,2023-12-12 03:00:00,1.07632,1.076730357142857,sl,-69.1779225331859,5,B_15m_1h_4h,short
-1,2023-12-12 04:00:00,2023-12-12 04:00:00,1.07641,1.0767807142857144,sl,-68.48614330785405,0,B_15m_1h_4h,short
-1,2023-12-12 04:45:00,2023-12-12 07:30:00,1.07665,1.0770646428571429,sl,-67.80128187477551,11,B_15m_1h_4h,short
1,2023-12-12 11:30:00,2023-12-12 12:15:00,1.07887,1.0802485714285714,tp,111.87211509337358,3,B_15m_1h_4h,long
1,2023-12-12 14:30:00,2023-12-12 15:30:00,1.08033,1.0794375,sl,-68.24199020696149,4,B_15m_1h_4h,long
-1,2023-12-12 19:45:00,2023-12-12 22:00:00,1.07887,1.07948,flip,-26.711052333509443,9,B_15m_1h_4h,short
1,2023-12-12 22:15:00,2023-12-13 04:30:00,1.0794899999999998,1.078587857142857,sl,-67.29245978155677,25,B_15m_1h_4h,long
-1,2023-12-13 15:00:00,2023-12-13 15:30:00,1.07813,1.0790246428571428,sl,-66.6195351837412,2,B_15m_1h_4h,short
1,2023-12-13 17:45:00,2023-12-13 20:00:00,1.07947,1.078215357142857,sl,-65.95333983190379,9,B_15m_1h_4h,long
1,2023-12-14 01:15:00,2023-12-14 04:45:00,1.08806,1.0903653571428573,tp,108.82301072265524,14,B_15m_1h_4h,long
1,2023-12-14 08:15:00,2023-12-14 09:15:00,1.0902699999999999,1.0894717857142855,sl,-66.38203654081131,4,B_15m_1h_4h,long
1,2023-12-14 16:00:00,2023-12-14 16:00:00,1.09438,1.0974942857142855,tp,109.53036029234127,0,B_15m_1h_4h,long
1,2023-12-14 22:00:00,2023-12-15 02:30:00,1.0992899999999999,1.0980160714285714,sl,-66.81351977832662,18,B_15m_1h_4h,long
1,2023-12-15 03:30:00,2023-12-15 04:30:00,1.0986799999999999,1.0998496428571427,tp,110.24230763423893,4,B_15m_1h_4h,long
1,2023-12-18 08:00:00,2023-12-18 09:30:00,1.09158,1.0924371428571429,tp,112.07967942815257,6,B_15m_1h_4h,long
1,2023-12-18 11:15:00,2023-12-18 11:45:00,1.0928,1.0919385714285714,sl,-68.36860445116727,2,B_15m_1h_4h,long
1,2023-12-18 18:30:00,2023-12-19 11:15:00,1.09225,1.0946160714285715,tp,112.80819734442952,67,B_15m_1h_4h,long
1,2023-12-19 14:15:00,2023-12-19 14:45:00,1.09477,1.0963574999999999,tp,114.68833396683316,2,B_15m_1h_4h,long
1,2023-12-19 18:00:00,2023-12-20 03:30:00,1.09863,1.0968342857142857,sl,-69.95988371976823,38,B_15m_1h_4h,long
1,2023-12-20 20:15:00,2023-12-20 21:45:00,1.09606,1.0948203571428572,sl,-69.26028488257055,6,B_15m_1h_4h,long
1,2023-12-21 05:45:00,2023-12-21 08:00:00,1.0950199999999999,1.0945196428571426,sl,-68.56768203374483,9,B_15m_1h_4h,long
1,2023-12-21 09:30:00,2023-12-21 10:45:00,1.09496,1.0943782142857144,sl,-67.88200521340738,5,B_15m_1h_4h,long
1,2023-12-21 19:00:00,2023-12-22 12:15:00,1.09903,1.1020514285714285,tp,112.00530860212493,69,B_15m_1h_4h,long
1,2023-12-22 16:15:00,2023-12-22 17:45:00,1.10317,1.101720357142857,sl,-68.32323824729457,6,B_15m_1h_4h,long
1,2023-12-22 21:45:00,2023-12-26 05:15:00,1.10096,1.1028207142857143,tp,112.73334310804951,38,B_15m_1h_4h,long
1,2023-12-26 08:00:00,2023-12-26 08:00:00,1.10272,1.102345,sl,-68.76733929590212,0,B_15m_1h_4h,long
1,2023-12-26 20:15:00,2023-12-27 05:00:00,1.10369,1.10291,sl,-68.0796659029431,35,B_15m_1h_4h,long
1,2023-12-27 10:15:00,2023-12-27 12:30:00,1.10455,1.105705357142857,tp,112.33144873984172,9,B_15m_1h_4h,long
1,2023-12-27 13:45:00,2023-12-27 14:45:00,1.10585,1.1050849999999999,sl,-68.5221837313121,4,B_15m_1h_4h,long
1,2023-12-27 15:00:00,2023-12-27 16:30:00,1.10687,1.1084842857142858,tp,113.06160315667015,6,B_15m_1h_4h,long
1,2023-12-27 21:30:00,2023-12-28 09:30:00,1.11062,1.1125164285714286,tp,114.94596320928959,48,B_15m_1h_4h,long
-1,2024-01-02 03:45:00,2024-01-02 04:15:00,1.1037700000000001,1.1029914285714286,tp,116.86172926274209,2,B_15m_1h_4h,short
-1,2024-01-02 09:00:00,2024-01-02 09:15:00,1.1028,1.1034117857142858,sl,-71.285654850286,1,B_15m_1h_4h,short
-1,2024-01-02 09:45:00,2024-01-02 09:45:00,1.10295,1.1016303571428572,tp,117.6213305029587,0,B_15m_1h_4h,short
-1,2024-01-02 16:00:00,2024-01-02 17:00:00,1.09521,1.096682142857143,sl,-71.74901160681272,4,B_15m_1h_4h,short
-1,2024-01-02 18:00:00,2024-01-02 18:15:00,1.09432,1.0959817857142857,sl,-71.0315214907446,1,B_15m_1h_4h,short
-1,2024-01-02 18:45:00,2024-01-03 10:00:00,1.09459,1.0963771428571427,sl,-70.32120627583714,61,B_15m_1h_4h,short
-1,2024-01-03 16:15:00,2024-01-03 17:00:00,1.09144,1.0926892857142856,sl,-69.61799421307876,3,B_15m_1h_4h,short
-1,2024-01-03 18:45:00,2024-01-04 05:30:00,1.09111,1.092835,sl,-68.92181427094798,43,B_15m_1h_4h,short
-1,2024-01-04 18:45:00,2024-01-05 08:15:00,1.09549,1.0929167857142859,tp,113.72099354706744,54,B_15m_1h_4h,short
-1,2024-01-05 09:45:00,2024-01-05 10:30:00,1.09237,1.0913342857142858,tp,115.61634343951529,3,B_15m_1h_4h,short
-1,2024-01-05 12:15:00,2024-01-05 15:00:00,1.09097,1.0921496428571429,sl,-70.52596949810433,11,B_15m_1h_4h,short
-1,2024-01-05 15:45:00,2024-01-05 16:00:00,1.09162,1.0929357142857143,sl,-69.8207098031233,1,B_15m_1h_4h,short
-1,2024-01-09 14:45:00,2024-01-09 15:00:00,1.09319,1.094251785714286,sl,-69.12250270509206,1,B_15m_1h_4h,short
-1,2024-01-09 15:30:00,2024-01-09 16:30:00,1.0935700000000002,1.094839642857143,sl,-68.43127767804114,4,B_15m_1h_4h,short
-1,2024-01-09 17:15:00,2024-01-09 17:45:00,1.09407,1.0917610714285715,tp,112.91160816877873,2,B_15m_1h_4h,short
-1,2024-01-09 20:30:00,2024-01-10 09:45:00,1.09274,1.0941060714285715,sl,-68.87608098294852,53,B_15m_1h_4h,short
-1,2024-01-10 10:00:00,2024-01-10 10:15:00,1.09257,1.0934335714285714,sl,-68.18732017311903,1,B_15m_1h_4h,short
-1,2024-01-10 12:45:00,2024-01-10 17:30:00,1.09477,1.0959753571428572,sl,-67.50544697138784,19,B_15m_1h_4h,short
1,2024-01-10 23:30:00,2024-01-11 04:15:00,1.09694,1.0982810714285713,tp,111.38398750277766,19,B_15m_1h_4h,long
1,2024-01-11 06:00:00,2024-01-11 07:00:00,1.09809,1.0976239285714287,sl,-67.94423237670175,4,B_15m_1h_4h,long
1,2024-01-11 07:15:00,2024-01-11 08:00:00,1.09818,1.097679642857143,sl,-67.26479005293474,3,B_15m_1h_4h,long
1,2024-01-11 08:15:00,2024-01-11 08:30:00,1.09797,1.0987396428571428,tp,110.98690358735298,1,B_15m_1h_4h,long
1,2024-01-11 10:30:00,2024-01-11 10:45:00,1.0980999999999999,1.097407857142857,sl,-67.70201118827892,1,B_15m_1h_4h,long
-1,2024-01-11 19:30:00,2024-01-11 21:00:00,1.09453,1.09693,sl,-67.02499107639612,6,B_15m_1h_4h,short
-1,2024-01-11 22:15:00,2024-01-11 22:45:00,1.09653,1.09711,flip,-26.066787530960116,2,B_15m_1h_4h,short
1,2024-01-11 23:00:00,2024-01-12 12:00:00,1.0971199999999999,1.0957860714285712,sl,-66.09407329032256,52,B_15m_1h_4h,long
-1,2024-01-12 17:45:00,2024-01-15 00:00:00,1.09729,1.094309642857143,tp,109.05522092902137,25,B_15m_1h_4h,short
-1,2024-01-15 01:30:00,2024-01-15 02:45:00,1.09461,1.0951317857142857,sl,-66.52368476670955,5,B_15m_1h_4h,short
-1,2024-01-15 15:15:00,2024-01-16 02:45:00,1.09453,1.0927317857142858,tp,109.76407986507077,46,B_15m_1h_4h,short
-1,2024-01-16 05:15:00,2024-01-16 10:30:00,1.09216,1.0906510714285715,tp,111.59348119613885,21,B_15m_1h_4h,short
-1,2024-01-16 15:15:00,2024-01-16 15:30:00,1.08771,1.0887910714285713,sl,-68.07202352965456,1,B_15m_1h_4h,short
-1,2024-01-16 16:00:00,2024-01-16 16:15:00,1.08737,1.0887928571428571,sl,-67.39130329435801,1,B_15m_1h_4h,short
-1,2024-01-16 18:15:00,2024-01-17 16:45:00,1.0880400000000001,1.0847882142857144,tp,111.19565043568564,90,B_15m_1h_4h,short
-1,2024-01-17 18:30:00,2024-01-17 21:00:00,1.08521,1.0871032142857142,sl,-67.82934676577128,10,B_15m_1h_4h,short
-1,2024-01-18 02:15:00,2024-01-18 02:45:00,1.08824,1.088639642857143,sl,-67.15105329811357,2,B_15m_1h_4h,short
-1,2024-01-18 13:15:00,2024-01-18 15:15:00,1.0887200000000001,1.0867557142857145,tp,110.79923794187904,8,B_15m_1h_4h,short
-1,2024-01-18 18:00:00,2024-01-18 23:00:00,1.0851600000000001,1.087022142857143,sl,-67.58753514455123,20,B_15m_1h_4h,short
-1,2024-01-19 00:15:00,2024-01-19 01:00:00,1.08684,1.0877078571428571,sl,-66.91165979310571,3,B_15m_1h_4h,short
-1,2024-01-19 10:00:00,2024-01-19 13:00:00,1.08789,1.0885660714285714,sl,-66.24254319517465,12,B_15m_1h_4h,short
-1,2024-01-19 14:15:00,2024-01-19 19:30:00,1.0882800000000001,1.0893364285714286,sl,-65.5801177632229,21,B_15m_1h_4h,short
-1,2024-01-19 21:30:00,2024-01-22 01:00:00,1.0888900000000001,1.089777142857143,sl,-64.92431658559067,14,B_15m_1h_4h,short
1,2024-01-22 07:15:00,2024-01-22 07:45:00,1.0904,1.0898835714285715,sl,-64.27507341973477,2,B_15m_1h_4h,long
1,2024-01-22 08:00:00,2024-01-22 10:00:00,1.09021,1.0897235714285713,sl,-63.63232268553743,8,B_15m_1h_4h,long
1,2024-01-22 10:30:00,2024-01-22 10:30:00,1.0899699999999999,1.0891471428571426,sl,-62.99599945868206,0,B_15m_1h_4h,long
1,2024-01-22 21:00:00,2024-01-22 21:15:00,1.0890499999999999,1.088168214285714,sl,-62.36603946409522,1,B_15m_1h_4h,long
-1,2024-01-23 01:00:00,2024-01-23 03:45:00,1.0881,1.0886025000000001,sl,-61.74237906945427,11,B_15m_1h_4h,short
-1,2024-01-23 16:30:00,2024-01-23 17:00:00,1.08639,1.084570357142857,tp,101.87492546459127,2,B_15m_1h_4h,short
-1,2024-01-23 19:45:00,2024-01-23 21:30:00,1.08275,1.0842960714285717,sl,-62.143704533405646,7,B_15m_1h_4h,short
-1,2024-01-24 00:15:00,2024-01-24 01:00:00,1.08477,1.0855585714285714,sl,-61.522267488071584,3,B_15m_1h_4h,short
-1,2024-01-24 06:00:00,2024-01-24 06:30:00,1.08583,1.0863175,sl,-60.90704481319087,2,B_15m_1h_4h,short
1,2024-01-24 15:15:00,2024-01-24 15:45:00,1.09065,1.0924375,tp,100.49662394176494,2,B_15m_1h_4h,long
1,2024-01-24 19:00:00,2024-01-24 21:15:00,1.0900999999999998,1.0884092857142855,sl,-61.30294060447661,9,B_15m_1h_4h,long
-1,2024-01-25 01:45:00,2024-01-25 02:15:00,1.08815,1.0873392857142856,tp,101.14985199739563,2,B_15m_1h_4h,short
-1,2024-01-25 06:00:00,2024-01-25 08:30:00,1.0877400000000002,1.0882757142857145,sl,-61.701409718405785,10,B_15m_1h_4h,short
1,2024-01-25 12:15:00,2024-01-25 13:15:00,1.0898299999999999,1.0889332142857142,sl,-61.08439562122174,4,B_15m_1h_4h,long
1,2024-01-25 14:00:00,2024-01-25 14:15:00,1.08955,1.0887132142857143,sl,-60.473551665009516,1,B_15m_1h_4h,long
1,2024-01-25 14:45:00,2024-01-25 15:15:00,1.08925,1.0884442857142858,sl,-59.86881614835942,2,B_15m_1h_4h,long
-1,2024-01-25 21:00:00,2024-01-25 23:15:00,1.08293,1.0842960714285714,sl,-59.27012798687581,9,B_15m_1h_4h,short
-1,2024-01-26 05:00:00,2024-01-26 08:30:00,1.0843500000000001,1.083351785714286,tp,97.79571117833785,14,B_15m_1h_4h,short
-1,2024-01-26 19:30:00,2024-01-29 00:00:00,1.08643,1.0843335714285716,tp,99.42563969799109,18,B_15m_1h_4h,short
-1,2024-01-29 02:45:00,2024-01-29 03:30:00,1.08419,1.084844642857143,sl,-60.649640215770354,3,B_15m_1h_4h,short
-1,2024-01-29 04:15:00,2024-01-29 06:30:00,1.08415,1.0847285714285715,sl,-60.04314381361265,9,B_15m_1h_4h,short
-1,2024-01-29 07:00:00,2024-01-29 09:30:00,1.08443,1.0849271428571428,sl,-59.442712375476525,10,B_15m_1h_4h,short
-1,2024-01-29 10:00:00,2024-01-29 11:30:00,1.08366,1.0825028571428572,tp,98.08047541952999,6,B_15m_1h_4h,short
-1,2024-01-29 15:15:00,2024-01-29 17:15:00,1.08192,1.0802485714285714,tp,99.71515000986616,8,B_15m_1h_4h,short
-1,2024-01-30 03:15:00,2024-01-30 06:45:00,1.08363,1.0826282142857144,tp,101.37706917670035,14,B_15m_1h_4h,short
-1,2024-01-30 11:30:00,2024-01-30 12:15:00,1.08203,1.082975,sl,-61.84001219778272,3,B_15m_1h_4h,short
-1,2024-01-30 19:30:00,2024-01-31 04:30:00,1.08424,1.0817864285714287,tp,102.03602012633533,36,B_15m_1h_4h,short
-1,2024-01-31 08:15:00,2024-01-31 09:45:00,1.08179,1.0811275,tp,103.73662046176882,6,B_15m_1h_4h,short
-1,2024-01-31 11:00:00,2024-01-31 11:00:00,1.0818400000000001,1.0827807142857144,sl,-63.27933848168594,0,B_15m_1h_4h,short
-1,2024-01-31 12:00:00,2024-01-31 13:15:00,1.08217,1.08346,sl,-62.646545096869076,5,B_15m_1h_4h,short
1,2024-01-31 19:45:00,2024-01-31 21:00:00,1.08513,1.0833621428571427,sl,-62.02007964590039,5,B_15m_1h_4h,long
-1,2024-02-01 01:00:00,2024-02-01 18:00:00,1.08131,1.0835192857142857,sl,-61.399878849441386,68,B_15m_1h_4h,short
1,2024-02-01 20:45:00,2024-02-02 11:15:00,1.08694,1.0894239285714287,tp,101.30980010157224,58,B_15m_1h_4h,long
1,2024-02-02 14:30:00,2024-02-02 15:30:00,1.08826,1.0873032142857144,sl,-61.7989780619627,4,B_15m_1h_4h,long
-1,2024-02-02 19:45:00,2024-02-05 11:45:00,1.0782500000000002,1.0756232142857145,tp,101.96831380222982,64,B_15m_1h_4h,short
-1,2024-02-05 15:00:00,2024-02-05 17:00:00,1.07488,1.07318,tp,103.66778569894228,8,B_15m_1h_4h,short
-1,2024-02-05 21:45:00,2024-02-06 06:15:00,1.0742800000000001,1.074985,sl,-63.2373492763548,34,B_15m_1h_4h,short
-1,2024-02-06 15:30:00,2024-02-06 16:45:00,1.07311,1.0742178571428571,sl,-62.60497578359126,5,B_15m_1h_4h,short
1,2024-02-08 22:30:00,2024-02-09 00:00:00,1.07792,1.0773371428571428,sl,-61.97892602575535,6,B_15m_1h_4h,long
1,2024-02-09 00:45:00,2024-02-09 02:30:00,1.07774,1.07738,flip,-44.9164922727778,7,B_15m_1h_4h,long
-1,2024-02-09 02:45:00,2024-02-09 03:00:00,1.07739,1.07771,flip,-43.94149337446593,1,B_15m_1h_4h,short
1,2024-02-09 03:15:00,2024-02-09 03:15:00,1.07771,1.07754,flip,-21.51269438616848,0,B_15m_1h_4h,long
-1,2024-02-09 03:30:00,2024-02-09 09:30:00,1.07755,1.0780342857142857,sl,-60.25542996516367,24,B_15m_1h_4h,short
-1,2024-02-09 10:15:00,2024-02-09 10:15:00,1.07741,1.0779071428571427,sl,-59.65287566551203,0,B_15m_1h_4h,short
1,2024-02-09 11:30:00,2024-02-09 11:30:00,1.0775599999999999,1.0768024999999999,sl,-59.05634690885692,0,B_15m_1h_4h,long
-1,2024-02-09 14:45:00,2024-02-09 15:00:00,1.07646,1.0772925,sl,-58.46578343976836,1,B_15m_1h_4h,short
-1,2024-02-09 15:30:00,2024-02-09 15:30:00,1.0771,1.077937857142857,sl,-57.88112560537067,0,B_15m_1h_4h,short
-1,2024-02-09 16:30:00,2024-02-09 19:30:00,1.07769,1.07836,flip,-28.17063462245916,12,B_15m_1h_4h,short
1,2024-02-09 19:45:00,2024-02-12 03:00:00,1.07837,1.07946,flip,58.773014395627996,29,B_15m_1h_4h,long
-1,2024-02-12 03:15:00,2024-02-12 04:30:00,1.07945,1.07978,flip,-34.121861825549516,5,B_15m_1h_4h,short
1,2024-02-12 04:45:00,2024-02-12 05:15:00,1.07978,1.0793567857142856,sl,-57.267119528793145,2,B_15m_1h_4h,long
-1,2024-02-12 14:45:00,2024-02-12 18:15:00,1.07658,1.0774435714285715,sl,-56.694448333505214,14,B_15m_1h_4h,short
-1,2024-02-13 02:15:00,2024-02-13 03:00:00,1.0769600000000001,1.0774378571428573,sl,-56.127503850170164,3,B_15m_1h_4h,short
-1,2024-02-13 03:15:00,2024-02-13 05:00:00,1.0770300000000002,1.0761782142857144,tp,92.61038135278882,7,B_15m_1h_4h,short
-1,2024-02-13 13:45:00,2024-02-13 14:15:00,1.0773300000000001,1.0782975000000001,sl,-56.492332625196354,2,B_15m_1h_4h,short
-1,2024-02-13 15:45:00,2024-02-14 18:45:00,1.07169,1.0734546428571428,sl,-55.92740929894438,108,B_15m_1h_4h,short
-1,2024-02-15 00:45:00,2024-02-15 01:00:00,1.07257,1.0729867857142859,sl,-55.36813520595494,1,B_15m_1h_4h,short
-1,2024-02-15 03:15:00,2024-02-15 08:30:00,1.07287,1.0733189285714286,sl,-54.814453853895394,21,B_15m_1h_4h,short
1,2024-02-16 00:00:00,2024-02-16 00:00:00,1.07711,1.076647142857143,sl,-54.26630931535644,0,B_15m_1h_4h,long
1,2024-02-16 01:00:00,2024-02-16 02:15:00,1.0772899999999999,1.076867857142857,sl,-53.72364622220288,5,B_15m_1h_4h,long
1,2024-02-16 04:30:00,2024-02-16 05:45:00,1.0764,1.0759017857142856,sl,-53.186409759980855,5,B_15m_1h_4h,long
1,2024-02-16 12:45:00,2024-02-16 15:15:00,1.077,1.0762339285714286,sl,-52.65454566238105,10,B_15m_1h_4h,long
-1,2024-02-16 19:00:00,2024-02-16 20:45:00,1.07677,1.0783535714285715,sl,-52.12800020575724,7,B_15m_1h_4h,short
1,2024-02-16 23:30:00,2024-02-19 00:15:00,1.0776999999999999,1.0770785714285713,sl,-51.60672020369966,3,B_15m_1h_4h,long
1,2024-02-19 01:00:00,2024-02-19 01:45:00,1.0775299999999999,1.0784496428571428,tp,85.15108833609759,3,B_15m_1h_4h,long
1,2024-02-19 05:00:00,2024-02-19 05:45:00,1.0782,1.0777167857142858,sl,-51.942163885023646,3,B_15m_1h_4h,long
1,2024-02-19 10:15:00,2024-02-19 10:45:00,1.07863,1.07812,sl,-51.422742246173414,2,B_15m_1h_4h,long
1,2024-02-19 23:30:00,2024-02-20 00:00:00,1.0781,1.0777314285714286,sl,-50.90851482371168,2,B_15m_1h_4h,long
1,2024-02-20 10:00:00,2024-02-20 11:00:00,1.07703,1.0778317857142858,tp,83.99904945913977,4,B_15m_1h_4h,long
1,2024-02-20 14:30:00,2024-02-20 15:45:00,1.08054,1.0823542857142856,tp,85.39903361677659,5,B_15m_1h_4h,long
1,2024-02-20 17:30:00,2024-02-20 17:30:00,1.0826,1.081405357142857,sl,-52.09341050623372,0,B_15m_1h_4h,long
1,2024-02-20 22:15:00,2024-02-21 00:00:00,1.0808799999999998,1.0803132142857141,sl,-51.57247640117138,7,B_15m_1h_4h,long
1,2024-02-21 03:45:00,2024-02-21 08:45:00,1.08125,1.0807989285714286,sl,-51.05675163715967,20,B_15m_1h_4h,long
1,2024-02-21 10:00:00,2024-02-21 10:30:00,1.08111,1.080585,sl,-50.54618412078808,2,B_15m_1h_4h,long
1,2024-02-21 18:15:00,2024-02-21 20:00:00,1.0812899999999999,1.080222857142857,sl,-50.040722279580194,7,B_15m_1h_4h,long
-1,2021-02-05 15:30:00,2021-02-05 15:30:00,1.19828,1.1995775,sl,-1000.0000000000001,0,C_30m_4h_1d,short
1,2021-02-10 22:00:00,2021-02-11 02:30:00,1.21296,1.2114717857142856,sl,-990.0,9,C_30m_4h_1d,long
1,2021-02-11 11:30:00,2021-02-11 11:30:00,1.21348,1.2126732142857142,sl,-980.1,0,C_30m_4h_1d,long
1,2021-02-11 13:30:00,2021-02-11 15:00:00,1.21274,1.2143025,tp,1617.1650000000766,3,C_30m_4h_1d,long
1,2021-02-11 20:30:00,2021-02-12 09:30:00,1.21318,1.2118449999999998,sl,-986.4706500000008,26,C_30m_4h_1d,long
1,2021-02-15 11:30:00,2021-02-15 12:00:00,1.21416,1.2132985714285713,sl,-976.6059435000008,1,C_30m_4h_1d,long
1,2021-02-15 13:30:00,2021-02-15 14:00:00,1.21387,1.2128875,sl,-966.8398840650007,1,C_30m_4h_1d,long
1,2021-02-15 15:30:00,2021-02-15 16:00:00,1.2133099999999999,1.2121464285714285,sl,-957.1714852243505,1,C_30m_4h_1d,long
1,2021-02-15 18:00:00,2021-02-16 10:30:00,1.21322,1.2150842857142856,tp,1579.3329506199905,33,C_30m_4h_1d,long
-1,2021-02-17 21:30:00,2021-02-18 02:30:00,1.2034,1.2049460714285714,sl,-963.393099878307,10,C_30m_4h_1d,short
-1,2021-02-18 04:00:00,2021-02-18 09:30:00,1.20439,1.2051389285714287,sl,-953.759168879524,11,C_30m_4h_1d,short
1,2021-02-19 18:30:00,2021-02-19 20:00:00,1.21363,1.2121492857142857,sl,-944.2215771907289,3,C_30m_4h_1d,long
1,2021-02-19 22:30:00,2021-02-22 10:00:00,1.2118799999999998,1.2104935714285714,sl,-934.7793614188215,23,C_30m_4h_1d,long
1,2021-02-23 01:00:00,2021-02-23 09:30:00,1.2160199999999999,1.2177164285714284,tp,1542.3859463409208,17,C_30m_4h_1d,long
1,2021-02-23 14:00:00,2021-02-23 14:30:00,1.2154399999999999,1.2142099999999998,sl,-940.8554272680425,1,C_30m_4h_1d,long
1,2021-02-24 00:00:00,2021-02-24 10:30:00,1.21499,1.21744,tp,1552.411454992223,21,C_30m_4h_1d,long
1,2021-02-25 05:30:00,2021-02-25 09:30:00,1.2165599999999999,1.2182974999999998,tp,1578.2849792420059,8,C_30m_4h_1d,long
1,2021-02-25 10:00:00,2021-02-25 10:30:00,1.21878,1.2207764285714287,tp,1604.5897288961141,1,C_30m_4h_1d,long
1,2021-02-25 19:00:00,2021-02-25 20:00:00,1.22291,1.2207285714285714,sl,-978.7997346266653,2,C_30m_4h_1d,long
-1,2021-03-01 04:00:00,2021-03-01 10:00:00,1.20836,1.2058957142857143,tp,1615.0195621340463,12,C_30m_4h_1d,short
-1,2021-03-01 20:00:00,2021-03-02 09:00:00,1.20402,1.2009235714285715,tp,1641.9365548362318,26,C_30m_4h_1d,short
-1,2021-03-03 21:30:00,2021-03-04 10:30:00,1.2065700000000001,1.2037075,tp,1669.3021640835889,26,C_30m_4h_1d,short
-1,2021-03-04 17:30:00,2021-03-04 17:30:00,1.20283,1.2044060714285714,sl,-1018.2743200909374,0,C_30m_4h_1d,short
-1,2021-03-04 19:30:00,2021-03-04 20:00:00,1.2015900000000002,1.1984239285714287,tp,1680.152628150204,1,C_30m_4h_1d,short
-1,2021-03-05 03:30:00,2021-03-05 10:00:00,1.19581,1.1932814285714286,tp,1708.15517195265,13,C_30m_4h_1d,short
-1,2021-03-05 13:00:00,2021-03-05 15:30:00,1.19299,1.1903632142857141,tp,1736.6244248184275,5,C_30m_4h_1d,short
-1,2021-03-05 16:00:00,2021-03-05 16:00:00,1.1917200000000001,1.1941125000000001,sl,-1059.3408991392407,0,C_30m_4h_1d,short
-1,2021-03-05 17:00:00,2021-03-08 11:00:00,1.19151,1.186790357142857,tp,1747.9124835798298,36,C_30m_4h_1d,short
-1,2021-03-08 18:00:00,2021-03-09 09:30:00,1.18573,1.1875932142857142,sl,-1066.2266149836466,31,C_30m_4h_1d,short
-1,2021-03-12 17:30:00,2021-03-12 17:30:00,1.19167,1.193629642857143,sl,-1055.5643488338103,0,C_30m_4h_1d,short
-1,2021-03-12 22:00:00,2021-03-15 03:30:00,1.19482,1.1966007142857142,sl,-1045.0087053454722,11,C_30m_4h_1d,short
-1,2021-03-15 12:00:00,2021-03-16 12:30:00,1.1925400000000002,1.1940807142857144,sl,-1034.5586182920174,49,C_30m_4h_1d,short
-1,2021-03-16 14:30:00,2021-03-16 15:30:00,1.1937900000000001,1.1914989285714286,tp,1707.021720181939,2,C_30m_4h_1d,short
-1,2021-03-16 23:00:00,2021-03-17 11:00:00,1.19011,1.1914910714285714,sl,-1041.2832493109165,24,C_30m_4h_1d,short
-1,2021-03-17 13:30:00,2021-03-17 14:30:00,1.18946,1.190762857142857,sl,-1030.8704168178074,2,C_30m_4h_1d,short
-1,2021-03-18 20:30:00,2021-03-19 15:00:00,1.19197,1.188637857142857,tp,1700.9361877494575,37,C_30m_4h_1d,short
-1,2021-03-22 08:00:00,2021-03-22 09:00:00,1.1893,1.1876410714285714,tp,1729.285124211873,2,C_30m_4h_1d,short
-1,2021-03-22 11:30:00,2021-03-22 12:00:00,1.18955,1.1908775,sl,-1054.8639257692425,1,C_30m_4h_1d,short
-1,2021-03-24 01:30:00,2021-03-24 09:00:00,1.18439,1.1828864285714287,tp,1740.5254775194217,15,C_30m_4h_1d,short
-1,2021-03-24 09:30:00,2021-03-24 11:00:00,1.18238,1.1834867857142857,sl,-1061.7205412867443,3,C_30m_4h_1d,short
-1,2021-03-24 12:00:00,2021-03-25 03:30:00,1.18344,1.1808667857142856,tp,1751.8388931230777,31,C_30m_4h_1d,short
-1,2021-03-25 07:00:00,2021-03-25 09:30:00,1.18199,1.1805882142857143,tp,1781.0362080083246,5,C_30m_4h_1d,short
-1,2021-03-25 16:00:00,2021-03-25 17:30:00,1.18073,1.1781710714285716,tp,1810.720144808599,3,C_30m_4h_1d,short
-1,2021-03-26 12:30:00,2021-03-26 17:30:00,1.17859,1.1796892857142858,sl,-1104.5392883332768,10,C_30m_4h_1d,short
-1,2021-03-29 07:00:00,2021-03-29 10:30:00,1.17855,1.1793375,sl,-1093.493895449944,7,C_30m_4h_1d,short
-1,2021-03-29 11:30:00,2021-03-29 15:00:00,1.1773500000000001,1.1785189285714288,sl,-1082.5589564954446,7,C_30m_4h_1d,short
-1,2021-03-29 17:00:00,2021-03-30 09:30:00,1.17771,1.1748957142857144,tp,1786.2222782173894,33,C_30m_4h_1d,short
-1,2021-03-30 18:00:00,2021-03-31 11:00:00,1.17243,1.1739289285714287,sl,-1089.5955897126642,34,C_30m_4h_1d,short
-1,2021-03-31 13:00:00,2021-03-31 17:00:00,1.17286,1.1741082142857142,sl,-1078.6996338155375,8,C_30m_4h_1d,short
-1,2021-03-31 18:30:00,2021-03-31 20:00:00,1.1735900000000001,1.1753085714285716,sl,-1067.9126374773818,3,C_30m_4h_1d,short
-1,2021-04-01 05:30:00,2021-04-01 09:30:00,1.17218,1.173065,sl,-1057.2335111026082,8,C_30m_4h_1d,short
-1,2021-04-01 12:00:00,2021-04-01 12:00:00,1.17272,1.1741107142857143,sl,-1046.6611759915822,0,C_30m_4h_1d,short
-1,2021-04-02 23:00:00,2021-04-05 04:30:00,1.1759600000000001,1.1769510714285716,sl,-1036.1945642316664,11,C_30m_4h_1d,short
1,2021-04-07 04:30:00,2021-04-07 05:00:00,1.18761,1.186892142857143,sl,-1025.8326185893495,1,C_30m_4h_1d,long
1,2021-04-07 08:00:00,2021-04-07 09:00:00,1.1871399999999999,1.1864832142857142,sl,-1015.5742924034561,2,C_30m_4h_1d,long
1,2021-04-07 16:00:00,2021-04-07 17:30:00,1.18852,1.1914307142857141,tp,1675.6975824655747,3,C_30m_4h_1d,long
1,2021-04-08 14:30:00,2021-04-08 16:30:00,1.1876799999999998,1.1898835714285714,tp,1703.62587550691,4,C_30m_4h_1d,long
1,2021-04-09 02:30:00,2021-04-09 04:30:00,1.19162,1.1908475,sl,-1039.2117840591466,4,C_30m_4h_1d,long
1,2021-04-12 03:30:00,2021-04-12 04:00:00,1.1901,1.1892439285714285,sl,-1028.8196662185549,1,C_30m_4h_1d,long
1,2021-04-12 06:30:00,2021-04-12 10:00:00,1.18926,1.1882807142857141,sl,-1018.5314695563694,7,C_30m_4h_1d,long
1,2021-04-12 20:00:00,2021-04-12 22:00:00,1.19163,1.1902017857142857,sl,-1008.3461548608058,4,C_30m_4h_1d,long
1,2021-04-12 23:00:00,2021-04-13 05:30:00,1.19088,1.1896639285714286,sl,-998.2626933121977,13,C_30m_4h_1d,long
1,2021-04-14 03:00:00,2021-04-14 09:00:00,1.19544,1.196734642857143,tp,1647.1334439652205,12,C_30m_4h_1d,long
1,2021-04-14 15:00:00,2021-04-14 19:00:00,1.1959499999999998,1.1981767857142855,tp,1674.5856680313805,8,C_30m_4h_1d,long
1,2021-04-14 22:30:00,2021-04-15 13:30:00,1.19754,1.1963089285714286,sl,-1021.4972574990419,30,C_30m_4h_1d,long
1,2021-04-16 00:30:00,2021-04-16 03:30:00,1.19705,1.1957771428571429,sl,-1011.2822849240513,6,C_30m_4h_1d,long
1,2021-04-16 17:30:00,2021-04-19 00:00:00,1.1987299999999999,1.197107857142857,sl,-1001.1694620748109,13,C_30m_4h_1d,long
1,2021-04-19 19:30:00,2021-04-20 06:00:00,1.20342,1.2062646428571429,tp,1651.9296124235668,21,C_30m_4h_1d,long
1,2021-04-20 10:00:00,2021-04-20 12:00:00,1.20733,1.2060292857142858,sl,-1007.6770635782984,4,C_30m_4h_1d,long
1,2021-04-22 01:00:00,2021-04-22 10:00:00,1.20363,1.2049085714285714,tp,1662.667154904481,18,C_30m_4h_1d,long
1,2021-04-23 19:30:00,2021-04-23 22:00:00,1.2071399999999999,1.2097096428571426,tp,1690.3782741525517,5,C_30m_4h_1d,long
1,2021-04-26 04:00:00,2021-04-26 09:30:00,1.2103599999999999,1.2094921428571428,sl,-1031.1307472330857,11,C_30m_4h_1d,long
1,2021-04-26 12:30:00,2021-04-26 14:00:00,1.2103899999999999,1.2091085714285714,sl,-1020.8194397607549,3,C_30m_4h_1d,long
1,2021-04-26 18:00:00,2021-04-27 05:30:00,1.2082,1.206697857142857,sl,-1010.6112453631473,23,C_30m_4h_1d,long
1,2021-04-30 04:30:00,2021-04-30 09:00:00,1.21233,1.2114835714285712,sl,-1000.5051329095159,9,C_30m_4h_1d,long
1,2021-05-03 20:30:00,2021-05-04 05:30:00,1.20591,1.2044442857142856,sl,-990.5000815804207,18,C_30m_4h_1d,long
-1,2021-05-05 15:30:00,2021-05-05 17:30:00,1.1995,1.2010514285714287,sl,-980.5950807646165,4,C_30m_4h_1d,short
-1,2021-05-06 03:30:00,2021-05-06 05:00:00,1.2005000000000001,1.2010828571428573,sl,-970.7891299569703,3,C_30m_4h_1d,short
1,2021-05-07 05:00:00,2021-05-07 09:00:00,1.20665,1.2059246428571428,sl,-961.0812386574006,8,C_30m_4h_1d,long
1,2021-05-07 10:30:00,2021-05-07 11:30:00,1.20718,1.2089675,tp,1585.7840437847108,2,C_30m_4h_1d,long
1,2021-05-07 16:00:00,2021-05-07 16:00:00,1.21296,1.2105760714285714,sl,-967.3282667086736,0,C_30m_4h_1d,long
1,2021-05-10 02:00:00,2021-05-10 04:00:00,1.2168299999999999,1.215610714285714,sl,-957.6549840415869,4,C_30m_4h_1d,long
1,2021-05-10 08:30:00,2021-05-10 10:00:00,1.21572,1.2148446428571429,sl,-948.078434201171,3,C_30m_4h_1d,long
1,2021-05-10 17:30:00,2021-05-10 21:30:00,1.2166599999999999,1.2146671428571427,sl,-938.5976498591593,8,C_30m_4h_1d,long
1,2021-05-11 01:30:00,2021-05-11 03:30:00,1.21384,1.2126775,sl,-929.2116733605677,4,C_30m_4h_1d,long
1,2021-05-11 17:00:00,2021-05-11 21:00:00,1.21722,1.2152335714285714,sl,-919.919556626962,8,C_30m_4h_1d,long
1,2021-05-12 01:00:00,2021-05-12 03:30:00,1.21485,1.213785,sl,-910.7203610606924,5,C_30m_4h_1d,long
1,2021-05-12 16:00:00,2021-05-12 16:00:00,1.2130699999999999,1.2109989285714284,sl,-901.6131574500854,0,C_30m_4h_1d,long
1,2021-05-14 15:30:00,2021-05-17 01:00:00,1.2122899999999999,1.2149596428571428,tp,1487.6617097927647,19,C_30m_4h_1d,long
1,2021-05-17 01:30:00,2021-05-17 03:00:00,1.21492,1.214047857142857,sl,-907.4736429735121,3,C_30m_4h_1d,long
1,2021-05-17 09:30:00,2021-05-17 12:30:00,1.21345,1.2149892857142857,tp,1497.331510906079,6,C_30m_4h_1d,long
1,2021-05-17 18:30:00,2021-05-18 09:00:00,1.21487,1.2177646428571427,tp,1522.2870360879465,29,C_30m_4h_1d,long
1,2021-05-18 15:00:00,2021-05-18 18:30:00,1.22184,1.220372142857143,sl,-928.5950920137174,7,C_30m_4h_1d,long
1,2021-05-18 19:30:00,2021-05-19 09:00:00,1.22166,1.2242939285714285,tp,1532.1819018225476,27,C_30m_4h_1d,long
1,2021-05-20 21:30:00,2021-05-21 14:30:00,1.22227,1.2207892857142857,sl,-934.6309601118057,34,C_30m_4h_1d,long
1,2021-05-24 15:00:00,2021-05-25 09:00:00,1.22101,1.2234617857142858,tp,1542.1410841844795,36,C_30m_4h_1d,long
1,2021-05-25 09:30:00,2021-05-25 09:30:00,1.2230699999999999,1.2245360714285713,tp,1567.843435587475,0,C_30m_4h_1d,long
1,2021-05-25 14:30:00,2021-05-25 17:30:00,1.22567,1.2240596428571429,sl,-956.3844957084073,6,C_30m_4h_1d,long
1,2021-05-26 03:30:00,2021-05-26 04:00:00,1.22529,1.2244596428571428,sl,-946.8206507513231,1,C_30m_4h_1d,long
1,2021-05-26 05:30:00,2021-05-26 08:00:00,1.22486,1.2262457142857144,tp,1562.2540737396835,5,C_30m_4h_1d,long
1,2021-05-26 12:30:00,2021-05-26 14:00:00,1.2245,1.2232292857142857,sl,-952.9749849812067,3,C_30m_4h_1d,long
1,2021-05-28 01:00:00,2021-05-28 03:30:00,1.21939,1.2183067857142857,sl,-943.4452351313946,5,C_30m_4h_1d,long
1,2021-05-31 10:30:00,2021-05-31 12:30:00,1.21972,1.218802857142857,sl,-934.0107827800806,4,C_30m_4h_1d,long
1,2021-05-31 13:30:00,2021-05-31 17:30:00,1.21906,1.2210314285714285,tp,1541.117791587075,8,C_30m_4h_1d,long
1,2021-06-01 01:30:00,2021-06-01 03:00:00,1.22301,1.2225021428571428,sl,-940.0818528681506,3,C_30m_4h_1d,long
1,2021-06-01 04:30:00,2021-06-01 05:30:00,1.2233,1.2226657142857142,sl,-930.6810343394691,2,C_30m_4h_1d,long
1,2021-06-01 06:30:00,2021-06-01 07:30:00,1.2231999999999998,1.222425357142857,sl,-921.3742239960742,2,C_30m_4h_1d,long
1,2021-06-01 09:30:00,2021-06-01 11:00:00,1.22295,1.2220457142857144,sl,-912.1604817561137,3,C_30m_4h_1d,long
1,2021-06-01 16:00:00,2021-06-01 17:00:00,1.22253,1.2251585714285713,tp,1505.0647948977144,2,C_30m_4h_1d,long
1,2021-06-03 01:30:00,2021-06-03 04:30:00,1.22128,1.2205535714285713,sl,-918.0895248875296,6,C_30m_4h_1d,long
-1,2021-06-04 03:30:00,2021-06-04 03:30:00,1.2121600000000001,1.2128810714285716,sl,-908.9086296386542,0,C_30m_4h_1d,short
-1,2021-06-04 10:30:00,2021-06-04 10:30:00,1.2108,1.2116967857142857,sl,-899.8195433422677,0,C_30m_4h_1d,short
-1,2021-06-04 14:00:00,2021-06-04 14:30:00,1.21071,1.2117192857142858,sl,-890.821347908845,1,C_30m_4h_1d,short
-1,2021-06-04 15:30:00,2021-06-04 15:30:00,1.21137,1.2125217857142858,sl,-881.9131344297566,0,C_30m_4h_1d,short
1,2021-06-07 02:30:00,2021-06-07 08:30:00,1.21658,1.2159082142857143,sl,-873.0940030854591,12,C_30m_4h_1d,long
1,2021-06-07 11:00:00,2021-06-07 11:00:00,1.2168299999999999,1.215950357142857,sl,-864.3630630546046,0,C_30m_4h_1d,long
1,2021-06-08 02:00:00,2021-06-08 03:30:00,1.21926,1.2187114285714287,sl,-855.7194324240585,3,C_30m_4h_1d,long
1,2021-06-08 09:30:00,2021-06-08 10:00:00,1.2180499999999999,1.217315,sl,-847.1622380998181,1,C_30m_4h_1d,long
-1,2021-06-08 18:30:00,2021-06-08 21:00:00,1.2179200000000001,1.21809,flip,-97.56029645201951,5,C_30m_4h_1d,short
1,2021-06-08 21:30:00,2021-06-09 07:00:00,1.21809,1.2179600000000002,flip,-91.81820675759198,19,C_30m_4h_1d,long
-1,2021-06-09 07:30:00,2021-06-09 09:00:00,1.21795,1.2181199999999999,flip,-261.3617397679824,3,C_30m_4h_1d,short
1,2021-06-09 09:30:00,2021-06-09 11:00:00,1.2181199999999999,1.219112857142857,tp,1390.3053554819471,3,C_30m_4h_1d,long
1,2021-06-09 16:00:00,2021-06-09 16:00:00,1.21952,1.2211807142857143,tp,1413.477111406502,0,C_30m_4h_1d,long
-1,2021-06-10 01:30:00,2021-06-10 07:30:00,1.21754,1.2164650000000001,tp,1437.035063263115,12,C_30m_4h_1d,short
-1,2021-06-10 10:30:00,2021-06-10 11:30:00,1.21619,1.2169892857142859,sl,-876.5913885905595,2,C_30m_4h_1d,short
-1,2021-06-10 15:30:00,2021-06-10 15:30:00,1.21697,1.2184175000000002,sl,-867.8254747046539,0,C_30m_4h_1d,short
1,2021-06-10 17:00:00,2021-06-11 00:30:00,1.21828,1.21717,flip,-354.89494412919714,15,C_30m_4h_1d,long
-1,2021-06-11 01:00:00,2021-06-11 01:30:00,1.21726,1.2173399999999999,flip,-63.06482809981162,1,C_30m_4h_1d,short
1,2021-06-11 02:00:00,2021-06-11 04:30:00,1.2173399999999999,1.2187596428571428,tp,1424.9460370587879,5,C_30m_4h_1d,long
-1,2021-06-14 03:30:00,2021-06-14 10:00:00,1.21045,1.2112096428571428,sl,-869.2170826059051,13,C_30m_4h_1d,short
-1,2021-06-14 11:30:00,2021-06-14 12:30:00,1.21079,1.2119332142857142,sl,-860.5249117798462,2,C_30m_4h_1d,short
-1,2021-06-14 13:00:00,2021-06-14 16:00:00,1.21124,1.2125353571428572,sl,-851.9196626620477,6,C_30m_4h_1d,short
-1,2021-06-14 17:00:00,2021-06-15 09:30:00,1.21211,1.2135457142857144,sl,-843.4004660354271,32,C_30m_4h_1d,short
-1,2021-06-15 19:00:00,2021-06-16 09:30:00,1.21188,1.2134207142857143,sl,-834.9664613750729,29,C_30m_4h_1d,short
-1,2021-06-16 11:30:00,2021-06-16 20:30:00,1.21259,1.2111757142857145,tp,1377.6946612689421,16,C_30m_4h_1d,short
-1,2021-06-17 09:30:00,2021-06-17 10:00:00,1.19895,1.1966517857142858,tp,1400.6562389566855,1,C_30m_4h_1d,short
-1,2021-06-17 19:00:00,2021-06-18 15:00:00,1.1910100000000001,1.187086785714286,tp,1424.0005096059904,38,C_30m_4h_1d,short
-1,2021-06-18 23:00:00,2021-06-21 11:00:00,1.18673,1.1887796428571429,sl,-868.6403108596381,24,C_30m_4h_1d,short
-1,2021-06-22 07:00:00,2021-06-22 08:30:00,1.19112,1.1897199999999999,tp,1433.2565129185543,3,C_30m_4h_1d,short
-1,2021-06-22 11:00:00,2021-06-22 12:30:00,1.19011,1.1882457142857141,tp,1457.1441214670456,3,C_30m_4h_1d,short
-1,2021-06-22 15:30:00,2021-06-22 16:00:00,1.1889,1.1903185714285716,sl,-888.8579140948978,1,C_30m_4h_1d,short
-1,2021-06-22 18:00:00,2021-06-22 19:00:00,1.18987,1.1914974999999999,sl,-879.9693349539489,2,C_30m_4h_1d,short
-1,2021-06-24 04:30:00,2021-06-24 09:30:00,1.19278,1.1934775,sl,-871.1696416044093,10,C_30m_4h_1d,short
-1,2021-06-24 12:00:00,2021-06-24 12:30:00,1.1924700000000001,1.1936303571428573,sl,-862.4579451883651,1,C_30m_4h_1d,short
-1,2021-06-25 02:30:00,2021-06-25 04:00:00,1.19278,1.1934057142857144,sl,-853.8333657364815,3,C_30m_4h_1d,short
-1,2021-06-25 18:00:00,2021-06-28 04:30:00,1.1949400000000001,1.1924400000000002,tp,1408.825053465111,21,C_30m_4h_1d,short
-1,2021-06-29 03:30:00,2021-06-29 06:30:00,1.19201,1.1908689285714287,tp,1432.305471022575,6,C_30m_4h_1d,short
-1,2021-06-29 10:30:00,2021-06-29 14:30:00,1.19087,1.1892985714285715,tp,1456.1772288733225,8,C_30m_4h_1d,short
-1,2021-06-29 20:00:00,2021-06-30 16:30:00,1.18955,1.1866982142857143,tp,1480.446849354506,41,C_30m_4h_1d,short
-1,2021-07-01 03:00:00,2021-07-01 08:00:00,1.18554,1.1843685714285714,tp,1505.120963510548,10,C_30m_4h_1d,short
-1,2021-07-01 11:30:00,2021-07-01 12:00:00,1.1842700000000002,1.1852600000000002,sl,-918.1237877413772,1,C_30m_4h_1d,short
-1,2021-07-02 01:30:00,2021-07-02 10:00:00,1.18421,1.1826439285714285,tp,1514.9042497732723,17,C_30m_4h_1d,short
-1,2021-07-02 19:30:00,2021-07-02 20:30:00,1.1843000000000001,1.1863775,sl,-924.0915923616961,2,C_30m_4h_1d,short
-1,2021-07-05 09:00:00,2021-07-05 09:30:00,1.18527,1.1860125,sl,-914.8506764380791,1,C_30m_4h_1d,short
-1,2021-07-05 10:30:00,2021-07-05 10:30:00,1.18541,1.1863057142857143,sl,-905.7021696736983,0,C_30m_4h_1d,short
-1,2021-07-05 14:30:00,2021-07-06 09:00:00,1.18721,1.1884635714285716,sl,-896.6451479769614,37,C_30m_4h_1d,short
-1,2021-07-06 19:00:00,2021-07-07 08:30:00,1.18163,1.1834267857142855,sl,-887.6786964971918,27,C_30m_4h_1d,short
-1,2021-07-07 10:00:00,2021-07-07 15:00:00,1.1826400000000001,1.1835432142857143,sl,-878.8019095322198,10,C_30m_4h_1d,short
-1,2021-07-07 22:30:00,2021-07-08 11:30:00,1.1804000000000001,1.1821357142857143,sl,-870.0138904368977,26,C_30m_4h_1d,short
-1,2021-07-08 18:00:00,2021-07-09 17:30:00,1.18523,1.1872378571428572,sl,-861.3137515325287,47,C_30m_4h_1d,short
-1,2021-07-12 13:00:00,2021-07-12 16:30:00,1.18521,1.1864303571428572,sl,-852.7006140172034,7,C_30m_4h_1d,short
-1,2021-07-12 19:00:00,2021-07-13 06:00:00,1.18571,1.187429642857143,sl,-844.1736078770315,22,C_30m_4h_1d,short
-1,2021-07-13 16:00:00,2021-07-13 16:30:00,1.17988,1.181817142857143,sl,-835.7318717982612,1,C_30m_4h_1d,short
-1,2021-07-13 18:30:00,2021-07-13 22:30:00,1.1813200000000001,1.1776003571428573,tp,1378.957588467131,8,C_30m_4h_1d,short
-1,2021-07-14 11:00:00,2021-07-14 11:00:00,1.17833,1.1791175,sl,-841.1641289649498,0,C_30m_4h_1d,short
-1,2021-07-15 08:00:00,2021-07-15 08:00:00,1.18304,1.1837492857142857,sl,-832.7524876753004,0,C_30m_4h_1d,short
-1,2021-07-15 10:00:00,2021-07-15 11:00:00,1.18343,1.18436,sl,-824.4249627985473,2,C_30m_4h_1d,short
-1,2021-07-16 07:30:00,2021-07-16 10:30:00,1.18106,1.1800492857142857,tp,1360.301188617902,6,C_30m_4h_1d,short
-1,2021-07-16 13:30:00,2021-07-16 20:30:00,1.1806100000000002,1.1817178571428573,sl,-829.783725056741,14,C_30m_4h_1d,short
-1,2021-07-16 21:30:00,2021-07-19 10:00:00,1.18086,1.1784135714285715,tp,1369.1431463434983,25,C_30m_4h_1d,short
-1,2021-07-20 04:00:00,2021-07-20 08:00:00,1.17943,1.1781121428571428,tp,1391.9621987824464,8,C_30m_4h_1d,short
-1,2021-07-20 12:00:00,2021-07-20 12:30:00,1.17872,1.1799853571428571,sl,-849.096941257433,1,C_30m_4h_1d,short
-1,2021-07-20 14:00:00,2021-07-20 16:30:00,1.17815,1.1757875000000002,tp,1401.0099530748084,5,C_30m_4h_1d,short
-1,2021-07-20 23:30:00,2021-07-21 10:00:00,1.1781300000000001,1.1757014285714287,tp,1424.3601189593883,21,C_30m_4h_1d,short
-1,2021-07-21 15:00:00,2021-07-21 16:30:00,1.17699,1.1782939285714285,sl,-868.8596725652008,3,C_30m_4h_1d,short
-1,2021-07-22 06:00:00,2021-07-22 07:00:00,1.17897,1.1797853571428571,sl,-860.1710758395487,2,C_30m_4h_1d,short
-1,2021-07-22 17:30:00,2021-07-27 15:30:00,1.17928,1.1818632142857144,sl,-851.5693650811533,140,C_30m_4h_1d,short
-1,2021-07-28 07:00:00,2021-07-28 09:30:00,1.18209,1.1809328571428572,tp,1405.0894523838128,5,C_30m_4h_1d,short
1,2021-07-29 05:00:00,2021-07-29 09:00:00,1.185,1.1863464285714285,tp,1428.507609923476,8,C_30m_4h_1d,long
1,2021-07-29 10:30:00,2021-07-29 17:00:00,1.18698,1.1886603571428571,tp,1452.3160700888961,13,C_30m_4h_1d,long
1,2021-07-29 20:00:00,2021-07-30 11:30:00,1.18852,1.1904878571428572,tp,1476.5213379238392,31,C_30m_4h_1d,long
1,2021-08-02 14:00:00,2021-08-02 15:30:00,1.18915,1.1879810714285715,sl,-900.6780161335419,3,C_30m_4h_1d,long
1,2021-08-02 18:30:00,2021-08-02 19:00:00,1.18831,1.1868239285714286,sl,-891.6712359722063,1,C_30m_4h_1d,long
1,2021-08-03 05:00:00,2021-08-03 12:30:00,1.18754,1.1886382142857144,tp,1471.2575393539423,15,C_30m_4h_1d,long
1,2021-08-03 16:00:00,2021-08-03 16:00:00,1.18871,1.1875914285714286,sl,-897.4670990060238,0,C_30m_4h_1d,long
1,2021-08-03 19:30:00,2021-08-04 11:00:00,1.18676,1.1852632142857142,sl,-888.4924280159636,31,C_30m_4h_1d,long
-1,2021-08-05 03:30:00,2021-08-05 10:00:00,1.1836,1.1840425,sl,-879.6075037358039,13,C_30m_4h_1d,short
-1,2021-08-05 11:30:00,2021-08-05 13:30:00,1.18361,1.1845035714285714,sl,-870.8114286984459,4,C_30m_4h_1d,short
-1,2021-08-06 11:30:00,2021-08-06 15:30:00,1.18104,1.179734642857143,tp,1436.838857352517,8,C_30m_4h_1d,short
-1,2021-08-06 22:00:00,2021-08-10 10:30:00,1.1756600000000001,1.1731635714285715,tp,1460.7861716416007,73,C_30m_4h_1d,short
-1,2021-08-10 20:00:00,2021-08-11 15:30:00,1.17151,1.1726232142857143,sl,-891.0795647014024,39,C_30m_4h_1d,short
-1,2021-08-12 08:00:00,2021-08-12 08:30:00,1.1739300000000001,1.174489285714286,sl,-882.1687690543885,1,C_30m_4h_1d,short
-1,2021-08-12 12:30:00,2021-08-12 15:30:00,1.17433,1.17293,tp,1455.5784689398947,6,C_30m_4h_1d,short
-1,2021-08-12 21:30:00,2021-08-13 12:30:00,1.17337,1.174495,sl,-887.9028660532435,30,C_30m_4h_1d,short
-1,2021-08-16 05:30:00,2021-08-16 08:30:00,1.1796,1.1786857142857143,tp,1465.0397289879702,6,C_30m_4h_1d,short
-1,2021-08-16 17:00:00,2021-08-16 17:30:00,1.1774200000000001,1.1786435714285715,sl,-893.6742346825906,1,C_30m_4h_1d,short
-1,2021-08-16 19:00:00,2021-08-17 15:30:00,1.17745,1.175332142857143,tp,1474.5624872262747,41,C_30m_4h_1d,short
-1,2021-08-17 21:30:00,2021-08-18 10:00:00,1.17118,1.1727260714285717,sl,-899.4831172080276,25,C_30m_4h_1d,short
-1,2021-08-18 16:00:00,2021-08-18 18:00:00,1.1717,1.169725,tp,1484.147143393301,4,C_30m_4h_1d,short
-1,2021-08-19 00:00:00,2021-08-19 05:00:00,1.1708100000000001,1.1681439285714286,tp,1508.8829291164252,10,C_30m_4h_1d,short
-1,2021-08-19 15:30:00,2021-08-20 11:30:00,1.1695600000000002,1.1671278571428572,tp,1534.0309779352144,40,C_30m_4h_1d,short
-1,2021-08-23 17:00:00,2021-08-23 21:00:00,1.17297,1.1744764285714286,sl,-935.7588965403968,8,C_30m_4h_1d,short
-1,2021-08-23 23:30:00,2021-08-24 15:30:00,1.17419,1.1752335714285715,sl,-926.4013075749926,32,C_30m_4h_1d,short
-1,2021-08-24 18:30:00,2021-08-25 19:00:00,1.1747100000000001,1.1762142857142859,sl,-917.1372944992427,49,C_30m_4h_1d,short
-1,2021-08-27 03:00:00,2021-08-27 03:30:00,1.17529,1.1744346428571428,tp,1513.2765359237503,1,C_30m_4h_1d,short
-1,2021-08-27 06:00:00,2021-08-27 06:30:00,1.17521,1.1758025,sl,-923.0986869134878,1,C_30m_4h_1d,short
-1,2021-08-27 10:30:00,2021-08-27 16:00:00,1.17594,1.1746596428571427,tp,1523.1128334071668,11,C_30m_4h_1d,short
1,2021-08-30 02:00:00,2021-08-30 15:30:00,1.17986,1.1790832142857142,sl,-929.0988283784245,27,C_30m_4h_1d,long
1,2021-08-30 16:30:00,2021-08-31 06:30:00,1.1794,1.1815357142857144,tp,1533.0130668243473,28,C_30m_4h_1d,long
1,2021-08-31 14:00:00,2021-08-31 16:00:00,1.1834,1.1823232142857143,sl,-935.1379707628838,4,C_30m_4h_1d,long
1,2021-09-01 06:30:00,2021-09-01 07:30:00,1.18059,1.1800371428571428,sl,-925.786591055255,2,C_30m_4h_1d,long
1,2021-09-02 01:30:00,2021-09-02 13:00:00,1.1840899999999999,1.1853507142857143,tp,1527.5478752413503,23,C_30m_4h_1d,long
1,2021-09-02 16:30:00,2021-09-02 18:00:00,1.1853099999999999,1.1870724999999998,tp,1553.007006495193,3,C_30m_4h_1d,long
1,2021-09-03 01:30:00,2021-09-03 12:30:00,1.1874799999999999,1.186855357142857,sl,-947.3342739620678,22,C_30m_4h_1d,long
1,2021-09-03 14:30:00,2021-09-03 15:30:00,1.18739,1.1865757142857143,sl,-937.8609312224472,2,C_30m_4h_1d,long
1,2021-09-06 09:00:00,2021-09-06 10:00:00,1.1872099999999999,1.1865617857142856,sl,-928.4823219102227,2,C_30m_4h_1d,long
1,2021-09-07 10:30:00,2021-09-07 11:00:00,1.1879499999999998,1.187160357142857,sl,-919.1974986911206,1,C_30m_4h_1d,long
1,2021-09-07 12:00:00,2021-09-07 12:30:00,1.18766,1.1865907142857144,sl,-910.0055237042092,1,C_30m_4h_1d,long
-1,2021-09-08 06:00:00,2021-09-08 08:30:00,1.1844400000000002,1.1835560714285718,tp,1501.5091141114422,5,C_30m_4h_1d,short
-1,2021-09-08 16:30:00,2021-09-08 19:00:00,1.1813500000000001,1.1827364285714288,sl,-915.9205596082816,5,C_30m_4h_1d,short
-1,2021-09-08 20:00:00,2021-09-09 11:30:00,1.18182,1.1831560714285716,sl,-906.7613540121987,31,C_30m_4h_1d,short
-1,2021-09-09 15:30:00,2021-09-09 15:30:00,1.1831,1.1809964285714287,tp,1496.1562341200229,0,C_30m_4h_1d,short
1,2021-09-09 19:00:00,2021-09-10 08:30:00,1.18278,1.1827,flip,-41.400321553224984,27,C_30m_4h_1d,long
-1,2021-09-10 09:00:00,2021-09-10 10:00:00,1.1827,1.1833289285714288,sl,-912.2412995977447,2,C_30m_4h_1d,short
-1,2021-09-10 13:00:00,2021-09-10 15:00:00,1.1835200000000001,1.18403,flip,-505.15227969712186,4,C_30m_4h_1d,short
1,2021-09-10 15:30:00,2021-09-10 15:30:00,1.18403,1.1829392857142857,sl,-898.0673638047961,0,C_30m_4h_1d,long
1,2021-09-10 17:00:00,2021-09-10 18:30:00,1.18353,1.1822635714285714,sl,-889.0866901667479,3,C_30m_4h_1d,long
-1,2021-09-13 01:30:00,2021-09-13 07:30:00,1.18079,1.1795667857142857,tp,1466.9930387752229,12,C_30m_4h_1d,short
-1,2021-09-13 13:30:00,2021-09-13 16:30:00,1.17858,1.1796042857142857,sl,-894.8657536528326,6,C_30m_4h_1d,short
-1,2021-09-14 03:00:00,2021-09-14 05:00:00,1.1809,1.1813714285714285,sl,-885.9170961163044,4,C_30m_4h_1d,short
-1,2021-09-15 07:00:00,2021-09-15 10:00:00,1.18056,1.1811867857142857,sl,-877.0579251551413,6,C_30m_4h_1d,short
-1,2021-09-15 14:30:00,2021-09-15 19:30:00,1.18232,1.1804539285714286,tp,1447.1455765058683,10,C_30m_4h_1d,short
-1,2021-09-16 03:30:00,2021-09-16 08:30:00,1.18163,1.1807549999999998,tp,1471.2646694477476,10,C_30m_4h_1d,short
-1,2021-09-16 20:30:00,2021-09-16 22:00:00,1.1755600000000002,1.1767525,sl,-897.471448363126,3,C_30m_4h_1d,short
-1,2021-09-17 01:30:00,2021-09-17 07:30:00,1.17646,1.1773342857142857,sl,-888.4967338794947,12,C_30m_4h_1d,short
-1,2021-09-17 11:00:00,2021-09-17 11:30:00,1.17721,1.1780864285714288,sl,-879.6117665406998,1,C_30m_4h_1d,short
-1,2021-09-20 01:30:00,2021-09-20 03:00:00,1.17222,1.1729614285714287,sl,-870.8156488752928,3,C_30m_4h_1d,short
-1,2021-09-20 04:00:00,2021-09-20 05:00:00,1.17228,1.1713067857142856,tp,1436.8458206442333,2,C_30m_4h_1d,short
-1,2021-09-20 09:30:00,2021-09-20 12:00:00,1.17144,1.1704578571428572,tp,1460.7932509881937,5,C_30m_4h_1d,short
-1,2021-09-20 14:30:00,2021-09-20 16:30:00,1.1708100000000001,1.1718289285714287,sl,-891.0838831028642,4,C_30m_4h_1d,short
-1,2021-09-20 20:00:00,2021-09-21 04:30:00,1.17218,1.1734925,sl,-882.1730442718356,17,C_30m_4h_1d,short
-1,2021-09-21 09:00:00,2021-09-21 10:30:00,1.1733,1.172167857142857,tp,1455.585523048719,3,C_30m_4h_1d,short
-1,2021-09-21 13:30:00,2021-09-21 14:30:00,1.1732200000000002,1.1742475,sl,-887.9071690596044,2,C_30m_4h_1d,short
-1,2021-09-21 23:30:00,2021-09-22 10:30:00,1.17243,1.1734832142857143,sl,-879.0280973690084,22,C_30m_4h_1d,short
-1,2021-09-22 11:30:00,2021-09-22 11:30:00,1.1724400000000001,1.1732553571428572,sl,-870.2378163953182,0,C_30m_4h_1d,short
-1,2021-09-22 13:00:00,2021-09-22 17:00:00,1.17279,1.173747857142857,sl,-861.535438231365,8,C_30m_4h_1d,short
-1,2021-09-22 19:30:00,2021-09-22 21:00:00,1.17344,1.1745907142857142,sl,-852.9200838490515,3,C_30m_4h_1d,short
-1,2021-09-22 22:00:00,2021-09-23 09:30:00,1.1693200000000001,1.1716267857142857,sl,-844.3908830105609,23,C_30m_4h_1d,short
-1,2021-09-24 04:30:00,2021-09-24 09:30:00,1.17424,1.1731239285714286,tp,1393.2449569673329,10,C_30m_4h_1d,short
-1,2021-09-24 14:00:00,2021-09-24 14:30:00,1.1734,1.1718767857142858,tp,1416.4657062501453,1,C_30m_4h_1d,short
-1,2021-09-24 22:00:00,2021-09-27 10:30:00,1.17154,1.169497142857143,tp,1440.0734680211021,25,C_30m_4h_1d,short
-1,2021-09-27 14:30:00,2021-09-28 10:00:00,1.16965,1.1674107142857144,tp,1464.07469248802,39,C_30m_4h_1d,short
-1,2021-09-28 17:00:00,2021-09-28 17:00:00,1.1680300000000001,1.1695728571428572,sl,-893.0855624177213,0,C_30m_4h_1d,short
-1,2021-09-28 18:00:00,2021-09-29 14:00:00,1.16733,1.164272857142857,tp,1473.5911779892758,40,C_30m_4h_1d,short
-1,2021-09-29 22:30:00,2021-09-30 13:30:00,1.15941,1.1567975,tp,1498.1510309558553,30,C_30m_4h_1d,short
-1,2021-09-30 16:30:00,2021-09-30 19:00:00,1.15891,1.1562707142857145,tp,1523.1202148049067,5,C_30m_4h_1d,short
-1,2021-10-01 00:00:00,2021-10-01 10:00:00,1.15734,1.1589857142857143,sl,-929.1033310310443,20,C_30m_4h_1d,short
-1,2021-10-01 11:00:00,2021-10-01 13:30:00,1.1578,1.1587375,sl,-919.8122977207339,5,C_30m_4h_1d,short
-1,2021-10-01 17:30:00,2021-10-04 03:00:00,1.1596600000000001,1.1611064285714288,sl,-910.6141747435265,19,C_30m_4h_1d,short
-1,2021-10-04 04:00:00,2021-10-04 11:00:00,1.16021,1.1610821428571427,sl,-901.5080329960912,14,C_30m_4h_1d,short
-1,2021-10-05 02:00:00,2021-10-05 05:00:00,1.16153,1.160240714285714,tp,1487.488254443636,6,C_30m_4h_1d,short
-1,2021-10-05 13:30:00,2021-10-05 18:00:00,1.1596600000000001,1.1606232142857145,sl,-907.3678352105667,9,C_30m_4h_1d,short
-1,2021-10-06 06:00:00,2021-10-06 09:00:00,1.15926,1.1581135714285715,tp,1497.1569280975318,6,C_30m_4h_1d,short
-1,2021-10-06 18:30:00,2021-10-06 19:00:00,1.15334,1.1548046428571428,sl,-913.2657261394364,1,C_30m_4h_1d,short
-1,2021-10-07 15:00:00,2021-10-08 08:30:00,1.15643,1.1546407142857145,tp,1506.8884481299453,35,C_30m_4h_1d,short
-1,2021-10-11 10:30:00,2021-10-11 12:00:00,1.15748,1.156249642857143,tp,1532.003255599087,3,C_30m_4h_1d,short
-1,2021-10-11 18:00:00,2021-10-12 02:00:00,1.1571500000000001,1.1548,tp,1557.5366431923678,16,C_30m_4h_1d,short
-1,2021-10-12 03:30:00,2021-10-12 05:00:00,1.15477,1.1553903571428572,sl,-950.0973523472561,3,C_30m_4h_1d,short
-1,2021-10-12 10:30:00,2021-10-12 12:00:00,1.15586,1.1566089285714287,sl,-940.5963788237837,3,C_30m_4h_1d,short
-1,2021-10-12 18:30:00,2021-10-13 05:00:00,1.1541700000000001,1.1555167857142858,sl,-931.1904150355458,21,C_30m_4h_1d,short
-1,2021-10-13 15:30:00,2021-10-13 15:30:00,1.15568,1.154037142857143,tp,1536.4641848087892,0,C_30m_4h_1d,short
-1,2021-10-15 02:00:00,2021-10-15 05:00:00,1.1596300000000002,1.1602932142857145,sl,-937.2431527332783,6,C_30m_4h_1d,short
-1,2021-10-15 18:30:00,2021-10-18 09:00:00,1.1600000000000001,1.157419642857143,tp,1546.4512020099976,29,C_30m_4h_1d,short
1,2021-10-19 12:00:00,2021-10-19 15:00:00,1.1660899999999998,1.1648642857142857,sl,-943.3352332260454,6,C_30m_4h_1d,long
1,2021-10-19 17:00:00,2021-10-19 17:30:00,1.16559,1.1641960714285713,sl,-933.9018808937849,1,C_30m_4h_1d,long
1,2021-10-20 01:30:00,2021-10-20 04:30:00,1.16349,1.1647578571428572,tp,1540.9381034745657,6,C_30m_4h_1d,long
1,2021-10-21 02:00:00,2021-10-21 06:00:00,1.16523,1.1667067857142857,tp,1566.620405199243,8,C_30m_4h_1d,long
1,2021-10-21 20:30:00,2021-10-21 20:30:00,1.16398,1.1627660714285715,sl,-955.6384471715852,0,C_30m_4h_1d,long
1,2021-10-22 14:30:00,2021-10-22 15:00:00,1.1639599999999999,1.1629764285714284,sl,-946.0820626998693,1,C_30m_4h_1d,long
1,2021-10-22 17:00:00,2021-10-22 18:00:00,1.16452,1.1633971428571428,sl,-936.6212420728706,2,C_30m_4h_1d,long
1,2021-10-22 21:00:00,2021-10-25 06:00:00,1.1631099999999999,1.165683214285714,tp,1545.4250494202809,18,C_30m_4h_1d,long
1,2021-10-25 11:00:00,2021-10-25 11:30:00,1.1659,1.1648371428571427,sl,-942.7092801463447,1,C_30m_4h_1d,long
-1,2021-10-26 08:30:00,2021-10-26 11:00:00,1.16009,1.160795,sl,-933.2821873448812,5,C_30m_4h_1d,short
-1,2021-10-27 00:00:00,2021-10-27 03:30:00,1.1594900000000001,1.1603857142857144,sl,-923.9493654714324,7,C_30m_4h_1d,short
-1,2021-10-28 08:30:00,2021-10-28 10:30:00,1.16038,1.1611396428571428,sl,-914.7098718167181,4,C_30m_4h_1d,short
-1,2021-10-28 15:00:00,2021-10-28 15:30:00,1.15964,1.1612449999999999,sl,-905.5627730985511,1,C_30m_4h_1d,short
1,2021-10-29 02:00:00,2021-10-29 05:00:00,1.1684299999999999,1.1674635714285713,sl,-896.5071453675654,6,C_30m_4h_1d,long
-1,2021-11-01 02:00:00,2021-11-01 10:00:00,1.15554,1.1566082142857144,sl,-887.5420739138898,16,C_30m_4h_1d,short
-1,2021-11-01 12:00:00,2021-11-01 14:00:00,1.15652,1.1577467857142858,sl,-878.6666531747509,4,C_30m_4h_1d,short
-1,2021-11-02 08:30:00,2021-11-02 09:00:00,1.16014,1.1607571428571428,sl,-869.8799866430033,1,C_30m_4h_1d,short
-1,2021-11-02 10:30:00,2021-11-02 10:30:00,1.16039,1.1589578571428572,tp,1435.3019779609556,0,C_30m_4h_1d,short
-1,2021-11-02 22:30:00,2021-11-03 11:30:00,1.1581000000000001,1.1593857142857145,sl,-875.5342065561829,26,C_30m_4h_1d,short
-1,2021-11-03 12:30:00,2021-11-03 15:00:00,1.15865,1.1571410714285713,tp,1444.631440817702,5,C_30m_4h_1d,short
-1,2021-11-03 19:00:00,2021-11-03 20:00:00,1.15821,1.1596714285714285,sl,-881.2251788987982,2,C_30m_4h_1d,short
-1,2021-11-04 17:00:00,2021-11-05 09:00:00,1.1543700000000001,1.1559664285714286,sl,-872.4129271098102,32,C_30m_4h_1d,short
-1,2021-11-05 10:30:00,2021-11-05 11:00:00,1.15547,1.1541057142857143,tp,1439.481329731343,1,C_30m_4h_1d,short
-1,2021-11-08 08:00:00,2021-11-08 08:00:00,1.15592,1.1566292857142857,sl,-878.0836111360254,0,C_30m_4h_1d,short
-1,2021-11-08 10:00:00,2021-11-08 10:30:00,1.15589,1.156657142857143,sl,-869.3027750246652,1,C_30m_4h_1d,short
-1,2021-11-08 12:00:00,2021-11-08 13:00:00,1.15608,1.157247857142857,sl,-860.6097472744185,2,C_30m_4h_1d,short
-1,2021-11-08 16:00:00,2021-11-08 17:00:00,1.15683,1.1583889285714286,sl,-852.0036498016742,2,C_30m_4h_1d,short
-1,2021-11-09 06:00:00,2021-11-09 06:00:00,1.15846,1.1591939285714288,sl,-843.4836133036576,0,C_30m_4h_1d,short
-1,2021-11-09 17:30:00,2021-11-09 22:00:00,1.15796,1.1596689285714286,sl,-835.0487771706211,9,C_30m_4h_1d,short
-1,2021-11-10 13:30:00,2021-11-10 15:30:00,1.15558,1.1534389285714286,tp,1377.830482331477,4,C_30m_4h_1d,short
-1,2021-11-10 17:30:00,2021-11-10 20:00:00,1.1528500000000002,1.1490339285714288,tp,1400.7943237036889,5,C_30m_4h_1d,short
-1,2021-11-11 04:30:00,2021-11-11 10:00:00,1.14755,1.1459017857142857,tp,1424.1408957654442,11,C_30m_4h_1d,short
-1,2021-11-11 18:30:00,2021-11-12 16:30:00,1.1462,1.1435910714285717,tp,1447.8765773614527,44,C_30m_4h_1d,short
-1,2021-11-15 07:00:00,2021-11-15 07:30:00,1.1454900000000001,1.1461682142857144,sl,-883.2047121905356,1,C_30m_4h_1d,short
-1,2021-11-16 07:30:00,2021-11-16 11:00:00,1.13777,1.1361289285714287,tp,1457.2877751144495,7,C_30m_4h_1d,short
-1,2021-11-16 14:00:00,2021-11-16 16:00:00,1.13667,1.1344878571428572,tp,1481.5759046995743,4,C_30m_4h_1d,short
-1,2021-11-17 01:30:00,2021-11-17 03:00:00,1.13125,1.1325260714285714,sl,-903.7613018667705,3,C_30m_4h_1d,short
-1,2021-11-17 05:30:00,2021-11-17 05:30:00,1.13106,1.1293564285714286,tp,1491.2061480801065,0,C_30m_4h_1d,short
-1,2021-11-17 10:00:00,2021-11-17 10:30:00,1.13022,1.1320392857142858,sl,-909.6357503289038,1,C_30m_4h_1d,short
-1,2021-11-17 13:00:00,2021-11-17 13:30:00,1.13072,1.1324085714285714,sl,-900.5393928256146,1,C_30m_4h_1d,short
-1,2021-11-17 15:00:00,2021-11-18 04:00:00,1.1316300000000001,1.1333078571428572,sl,-891.5339988973587,26,C_30m_4h_1d,short
-1,2021-11-18 18:00:00,2021-11-18 19:00:00,1.13472,1.1364064285714286,sl,-882.6186589083851,2,C_30m_4h_1d,short
-1,2021-11-19 10:00:00,2021-11-19 10:30:00,1.13428,1.1329210714285713,tp,1456.3207871989941,1,C_30m_4h_1d,short
-1,2021-11-19 20:00:00,2021-11-22 16:00:00,1.12977,1.12537,tp,1480.5928003188185,40,C_30m_4h_1d,short
-1,2021-11-23 04:00:00,2021-11-23 09:00:00,1.12367,1.1244071428571427,sl,-903.1616081944794,10,C_30m_4h_1d,short
-1,2021-11-23 20:00:00,2021-11-24 10:30:00,1.1253600000000001,1.1224332142857143,tp,1490.216653521004,29,C_30m_4h_1d,short
-1,2021-11-24 21:00:00,2021-11-25 02:30:00,1.11921,1.1210925,sl,-909.0321586477445,11,C_30m_4h_1d,short
-1,2021-11-26 01:00:00,2021-11-26 01:30:00,1.12053,1.1211717857142858,sl,-899.941837061267,1,C_30m_4h_1d,short
-1,2021-11-26 04:30:00,2021-11-26 04:30:00,1.1213600000000001,1.1222225000000001,sl,-890.9424186906543,0,C_30m_4h_1d,short
-1,2021-11-26 06:00:00,2021-11-26 08:30:00,1.12184,1.1228739285714284,sl,-882.0329945037478,5,C_30m_4h_1d,short
-1,2021-11-29 09:30:00,2021-11-29 11:00:00,1.12679,1.1278560714285715,sl,-873.2126645587101,3,C_30m_4h_1d,short
-1,2021-11-29 14:30:00,2021-11-29 15:30:00,1.12854,1.1261864285714287,tp,1440.8008965219626,2,C_30m_4h_1d,short
-1,2021-11-29 21:00:00,2021-11-29 23:30:00,1.12669,1.1283357142857142,sl,-878.8885468783428,5,C_30m_4h_1d,short
-1,2021-12-03 03:30:00,2021-12-03 03:30:00,1.1293,1.13005,sl,-870.0996614095592,0,C_30m_4h_1d,short
-1,2021-12-03 04:30:00,2021-12-03 12:00:00,1.12944,1.1302521428571428,sl,-861.3986647954636,15,C_30m_4h_1d,short
-1,2021-12-03 15:00:00,2021-12-03 15:30:00,1.1296000000000002,1.1311289285714288,sl,-852.7846781475092,1,C_30m_4h_1d,short
-1,2021-12-06 10:00:00,2021-12-06 10:00:00,1.12749,1.1283385714285716,sl,-844.256831366034,0,C_30m_4h_1d,short
-1,2021-12-06 14:00:00,2021-12-06 16:00:00,1.1291900000000001,1.1305389285714287,sl,-835.8142630523737,4,C_30m_4h_1d,short
-1,2021-12-07 01:00:00,2021-12-07 04:30:00,1.12802,1.128905,sl,-827.45612042185,7,C_30m_4h_1d,short
1,2021-12-09 08:30:00,2021-12-09 09:00:00,1.1333199999999999,1.1325742857142855,sl,-819.1815592176315,1,C_30m_4h_1d,long
-1,2021-12-10 00:30:00,2021-12-10 04:30:00,1.12889,1.1299732142857142,sl,-810.9897436254552,8,C_30m_4h_1d,short
-1,2021-12-10 15:30:00,2021-12-10 15:30:00,1.12669,1.1279532142857143,sl,-802.8798461892005,0,C_30m_4h_1d,short
1,2021-12-13 01:30:00,2021-12-13 02:30:00,1.13188,1.130865357142857,sl,-794.8510477273086,2,C_30m_4h_1d,long
-1,2021-12-13 18:00:00,2021-12-13 18:00:00,1.12748,1.12916,sl,-786.9025372500355,0,C_30m_4h_1d,short
-1,2021-12-13 20:00:00,2021-12-14 12:00:00,1.12925,1.1310767857142858,sl,-779.0335118775353,32,C_30m_4h_1d,short
-1,2021-12-15 05:30:00,2021-12-15 07:00:00,1.12583,1.126537142857143,sl,-771.2431767587598,3,C_30m_4h_1d,short
1,2021-12-16 14:30:00,2021-12-16 14:30:00,1.131,1.1333571428571427,tp,1272.5512416519937,0,C_30m_4h_1d,long
1,2021-12-17 06:00:00,2021-12-17 07:00:00,1.13278,1.1340067857142857,tp,1293.7604290130546,2,C_30m_4h_1d,long
1,2021-12-17 15:00:00,2021-12-17 15:30:00,1.13312,1.1315160714285712,sl,-789.1938616978227,1,C_30m_4h_1d,long
-1,2021-12-21 06:30:00,2021-12-21 09:00:00,1.12792,1.1286303571428573,sl,-781.3019230808444,5,C_30m_4h_1d,short
-1,2021-12-22 01:00:00,2021-12-22 02:00:00,1.12779,1.1288807142857145,sl,-773.488903850036,2,C_30m_4h_1d,short
-1,2021-12-22 17:00:00,2021-12-22 18:00:00,1.13074,1.13245,sl,-765.7540148115356,2,C_30m_4h_1d,short
1,2021-12-22 22:00:00,2021-12-23 00:00:00,1.13329,1.1317546428571428,sl,-758.0964746634203,4,C_30m_4h_1d,long
1,2021-12-23 02:30:00,2021-12-23 10:00:00,1.1332799999999998,1.1323274999999997,sl,-750.515509916786,15,C_30m_4h_1d,long
1,2021-12-23 12:30:00,2021-12-23 13:00:00,1.13272,1.1318221428571427,sl,-743.0103548176181,1,C_30m_4h_1d,long
-1,2021-12-23 18:00:00,2021-12-23 19:00:00,1.13077,1.1326107142857142,sl,-735.580251269442,2,C_30m_4h_1d,short
1,2021-12-24 03:00:00,2021-12-24 08:00:00,1.13263,1.13283,flip,154.2965158167769,10,C_30m_4h_1d,long
-1,2021-12-24 08:30:00,2021-12-24 10:00:00,1.13283,1.1334653571428572,sl,-729.7674139149154,3,C_30m_4h_1d,short
-1,2021-12-24 13:30:00,2021-12-24 14:30:00,1.1335,1.13235,tp,1204.1162329594554,2,C_30m_4h_1d,short
1,2021-12-24 17:00:00,2021-12-24 17:30:00,1.1325399999999999,1.1313892857142855,sl,-734.5109021053607,1,C_30m_4h_1d,long
-1,2021-12-27 03:00:00,2021-12-27 09:00:00,1.1317000000000002,1.13232,flip,-329.77006708307147,12,C_30m_4h_1d,short
1,2021-12-27 09:30:00,2021-12-27 10:00:00,1.13231,1.1334117857142856,tp,1206.4468206888844,1,C_30m_4h_1d,long
-1,2021-12-27 10:30:00,2021-12-27 11:00:00,1.13179,1.1305185714285715,tp,1226.5542677007516,1,C_30m_4h_1d,short
-1,2021-12-27 18:00:00,2021-12-27 23:30:00,1.1318300000000001,1.1327,flip,-462.70895649462466,11,C_30m_4h_1d,short
1,2021-12-28 00:00:00,2021-12-28 03:00:00,1.13266,1.13254,flip,-108.72056597643564,6,C_30m_4h_1d,long
-1,2021-12-28 03:30:00,2021-12-28 05:30:00,1.13254,1.13263,flip,-104.12126857770846,4,C_30m_4h_1d,short
1,2021-12-28 06:00:00,2021-12-28 09:30:00,1.13262,1.131867857142857,sl,-741.442595386885,7,C_30m_4h_1d,long
1,2021-12-28 10:30:00,2021-12-28 10:30:00,1.13261,1.1317764285714285,sl,-734.0281694330162,0,C_30m_4h_1d,long
-1,2021-12-28 15:00:00,2021-12-28 16:00:00,1.1328,1.131132142857143,tp,1211.1464795644229,2,C_30m_4h_1d,short
1,2021-12-28 18:30:00,2021-12-28 20:00:00,1.13194,1.1304175,sl,-738.7993525343303,3,C_30m_4h_1d,long
-1,2021-12-29 00:00:00,2021-12-29 10:00:00,1.13073,1.128512142857143,tp,1219.0189316816854,20,C_30m_4h_1d,short
1,2021-12-29 22:00:00,2021-12-30 07:30:00,1.1343299999999998,1.1324967857142856,sl,-743.6015483258037,19,C_30m_4h_1d,long
-1,2021-12-31 00:30:00,2021-12-31 07:00:00,1.13192,1.13252,flip,-295.9459428512185,13,C_30m_4h_1d,short
1,2021-12-31 07:30:00,2021-12-31 07:30:00,1.13252,1.1318632142857143,sl,-733.2060734140334,0,C_30m_4h_1d,long
-1,2021-12-31 08:00:00,2021-12-31 10:00:00,1.13101,1.1317867857142858,sl,-725.8740126798931,4,C_30m_4h_1d,short
-1,2021-12-31 14:00:00,2021-12-31 15:30:00,1.13184,1.1335682142857142,sl,-718.6152725530941,3,C_30m_4h_1d,short
-1,2022-01-04 00:30:00,2022-01-04 02:00:00,1.12925,1.1302892857142857,sl,-711.4291198275631,3,C_30m_4h_1d,short
-1,2022-01-04 05:00:00,2022-01-04 09:00:00,1.1301700000000001,1.1289807142857144,tp,1173.8580477156252,8,C_30m_4h_1d,short
-1,2022-01-04 13:00:00,2022-01-04 17:00:00,1.1294300000000002,1.1308614285714287,sl,-716.0534091064437,8,C_30m_4h_1d,short
-1,2022-01-04 18:30:00,2022-01-05 12:00:00,1.1291200000000001,1.1312478571428575,sl,-708.8928750153792,35,C_30m_4h_1d,short
-1,2022-01-05 18:30:00,2022-01-05 18:30:00,1.1326,1.13348,flip,-350.19135755313874,0,C_30m_4h_1d,short
1,2022-01-05 19:00:00,2022-01-05 21:00:00,1.1334899999999999,1.131717857142857,sl,-698.302032689694,4,C_30m_4h_1d,long
-1,2022-01-06 07:00:00,2022-01-06 08:30:00,1.13114,1.1297382142857142,tp,1152.198353938178,3,C_30m_4h_1d,short
-1,2022-01-06 15:00:00,2022-01-07 16:30:00,1.13125,1.1332910714285716,sl,-702.8409959021789,51,C_30m_4h_1d,short
1,2022-01-11 09:30:00,2022-01-11 11:30:00,1.13422,1.1333585714285714,sl,-695.812585943157,4,C_30m_4h_1d,long
1,2022-01-11 14:00:00,2022-01-11 15:30:00,1.1339299999999999,1.1325917857142855,sl,-688.8544600837255,3,C_30m_4h_1d,long
1,2022-01-11 17:30:00,2022-01-11 18:00:00,1.13355,1.1363214285714285,tp,1136.609859138056,1,C_30m_4h_1d,long
1,2022-01-12 03:00:00,2022-01-12 09:00:00,1.13714,1.136219642857143,sl,-693.3320140742688,12,C_30m_4h_1d,long
1,2022-01-12 11:30:00,2022-01-12 12:00:00,1.13699,1.1361242857142857,sl,-686.3986939335261,1,C_30m_4h_1d,long
1,2022-01-13 04:30:00,2022-01-13 09:30:00,1.1442999999999999,1.145792857142857,tp,1132.5578449901495,10,C_30m_4h_1d,long
1,2022-01-13 15:30:00,2022-01-14 14:00:00,1.14649,1.1446803571428572,sl,-690.8602854440923,45,C_30m_4h_1d,long
-1,2022-01-19 02:30:00,2022-01-19 07:30:00,1.13209,1.1332278571428571,sl,-683.9516825896513,10,C_30m_4h_1d,short
-1,2022-01-19 10:00:00,2022-01-19 11:00:00,1.1330200000000001,1.133967142857143,sl,-677.1121657637548,2,C_30m_4h_1d,short
-1,2022-01-19 23:00:00,2022-01-20 03:00:00,1.13453,1.1359378571428573,sl,-670.3410441061172,8,C_30m_4h_1d,short
-1,2022-01-20 11:00:00,2022-01-20 13:00:00,1.1354300000000002,1.1337746428571431,tp,1106.0627227749947,4,C_30m_4h_1d,short
-1,2022-01-20 18:30:00,2022-01-20 22:30:00,1.13364,1.1306060714285715,tp,1124.4971014879277,8,C_30m_4h_1d,short
-1,2022-01-21 02:30:00,2022-01-21 03:30:00,1.13057,1.1316082142857142,sl,-685.9432319076852,2,C_30m_4h_1d,short
-1,2022-01-21 10:00:00,2022-01-21 10:00:00,1.1328,1.1338285714285714,sl,-679.0837995886084,0,C_30m_4h_1d,short
-1,2022-01-24 13:00:00,2022-01-24 15:30:00,1.13181,1.1295528571428572,tp,1120.4882693212037,5,C_30m_4h_1d,short
-1,2022-01-24 22:00:00,2022-01-25 11:30:00,1.13191,1.129117142857143,tp,1139.1630738098906,27,C_30m_4h_1d,short
-1,2022-01-26 19:00:00,2022-01-26 20:00:00,1.12783,1.1290975,sl,-694.8894750240332,2,C_30m_4h_1d,short
-1,2022-01-26 21:00:00,2022-01-26 21:00:00,1.12837,1.1296792857142859,sl,-687.9405802737929,0,C_30m_4h_1d,short
-1,2022-01-27 07:30:00,2022-01-27 09:30:00,1.1219000000000001,1.1204392857142857,tp,1135.1019574517009,4,C_30m_4h_1d,short
-1,2022-01-27 22:00:00,2022-01-28 15:30:00,1.1139700000000001,1.115832142857143,sl,-692.4121940455719,35,C_30m_4h_1d,short
-1,2022-01-28 17:30:00,2022-01-28 17:30:00,1.1143,1.1166839285714285,sl,-685.4880721051163,0,C_30m_4h_1d,short
-1,2022-01-31 03:00:00,2022-01-31 03:30:00,1.11445,1.1154892857142855,sl,-678.6331913840652,1,C_30m_4h_1d,short
-1,2022-01-31 09:30:00,2022-01-31 09:30:00,1.11613,1.1168960714285714,sl,-671.8468594702244,0,C_30m_4h_1d,short
-1,2022-02-02 02:30:00,2022-02-02 09:30:00,1.1268500000000001,1.1278389285714288,sl,-665.1283908755222,14,C_30m_4h_1d,short
-1,2022-02-02 16:00:00,2022-02-03 12:00:00,1.1310900000000002,1.1281310714285715,tp,1097.4618449446389,40,C_30m_4h_1d,short
1,2022-02-04 01:00:00,2022-02-04 12:00:00,1.144,1.147475,tp,1115.7528756936651,22,C_30m_4h_1d,long
1,2022-02-07 02:00:00,2022-02-07 03:00:00,1.14546,1.144355357142857,sl,-680.60925417315,2,C_30m_4h_1d,long
1,2022-02-07 06:30:00,2022-02-07 08:00:00,1.14401,1.1429407142857142,sl,-673.8031616314184,3,C_30m_4h_1d,long
1,2022-02-08 21:00:00,2022-02-09 09:30:00,1.14232,1.1404342857142857,sl,-667.0651300151043,25,C_30m_4h_1d,long
1,2022-02-09 10:30:00,2022-02-09 12:30:00,1.14238,1.144155,tp,1100.657464524876,4,C_30m_4h_1d,long
1,2022-02-09 18:30:00,2022-02-10 00:30:00,1.1435899999999999,1.1419324999999998,sl,-671.4010533602019,12,C_30m_4h_1d,long
1,2022-02-10 02:30:00,2022-02-10 11:00:00,1.1421599999999998,1.1437921428571427,tp,1107.811738044434,17,C_30m_4h_1d,long
-1,2022-02-15 07:30:00,2022-02-15 08:30:00,1.13144,1.132214642857143,sl,-675.7651602070442,2,C_30m_4h_1d,short
-1,2022-02-21 20:30:00,2022-02-22 05:30:00,1.13232,1.1289646428571427,tp,1115.0125143416476,18,C_30m_4h_1d,short
-1,2022-02-22 09:00:00,2022-02-22 10:00:00,1.13033,1.1317700000000002,sl,-680.1576337483904,2,C_30m_4h_1d,short
-1,2022-02-22 23:00:00,2022-02-23 09:30:00,1.13232,1.1342346428571428,sl,-673.3560574109065,21,C_30m_4h_1d,short
-1,2022-02-23 13:30:00,2022-02-23 18:00:00,1.13418,1.131885357142857,tp,1111.0374947280316,9,C_30m_4h_1d,short
-1,2022-02-24 02:30:00,2022-02-24 04:30:00,1.12914,1.1274614285714286,tp,1129.5547863068962,4,C_30m_4h_1d,short
-1,2022-02-24 05:00:00,2022-02-24 05:30:00,1.12725,1.1248607142857145,tp,1148.3806994118759,1,C_30m_4h_1d,short
-1,2022-02-24 11:00:00,2022-02-24 12:00:00,1.1239400000000002,1.1186542857142858,tp,1167.5203777354425,2,C_30m_4h_1d,short
-1,2022-02-25 19:30:00,2022-02-28 00:00:00,1.12479,1.119382857142857,tp,1186.9790506977652,9,C_30m_4h_1d,short
-1,2022-02-28 11:30:00,2022-02-28 12:00:00,1.1164800000000001,1.118914285714286,sl,-724.0572209255977,1,C_30m_4h_1d,short
-1,2022-03-01 12:00:00,2022-03-01 14:30:00,1.11956,1.1164903571428573,tp,1194.694414527294,5,C_30m_4h_1d,short
-1,2022-03-02 01:00:00,2022-03-02 11:00:00,1.11172,1.107514642857143,tp,1214.6059881026486,20,C_30m_4h_1d,short
-1,2022-03-02 16:30:00,2022-03-02 18:30:00,1.10989,1.1131835714285714,sl,-740.9096527426412,4,C_30m_4h_1d,short
-1,2022-03-02 23:30:00,2022-03-03 15:30:00,1.1121100000000002,1.1065689285714289,tp,1222.5009270252926,32,C_30m_4h_1d,short
-1,2022-03-03 17:00:00,2022-03-03 18:00:00,1.10792,1.1043521428571428,tp,1242.8759424757536,2,C_30m_4h_1d,short
-1,2022-03-03 21:00:00,2022-03-04 02:30:00,1.10618,1.1016014285714284,tp,1263.590541517083,11,C_30m_4h_1d,short
-1,2022-03-04 12:00:00,2022-03-04 13:00:00,1.1013600000000001,1.098842142857143,tp,1284.6503838756225,2,C_30m_4h_1d,short
-1,2022-03-07 00:00:00,2022-03-07 01:00:00,1.09249,1.0890667857142855,tp,1306.0612236070335,2,C_30m_4h_1d,short
-1,2022-03-07 10:00:00,2022-03-07 12:00:00,1.08705,1.0818446428571429,tp,1327.8289106670566,4,C_30m_4h_1d,short
-1,2022-03-08 02:30:00,2022-03-08 10:00:00,1.0862500000000002,1.0886135714285716,sl,-809.9756355068931,15,C_30m_4h_1d,short
-1,2022-03-08 15:00:00,2022-03-08 19:30:00,1.0904800000000001,1.0943757142857145,sl,-801.8758791518242,9,C_30m_4h_1d,short
-1,2022-03-09 05:30:00,2022-03-09 07:00:00,1.09101,1.0923910714285714,sl,-793.857120360306,3,C_30m_4h_1d,short
-1,2022-03-09 08:00:00,2022-03-09 10:00:00,1.09154,1.0930314285714287,sl,-785.9185491567031,4,C_30m_4h_1d,short
-1,2022-03-10 09:00:00,2022-03-10 09:30:00,1.10558,1.1071882142857143,sl,-778.059363665136,1,C_30m_4h_1d,short
-1,2022-03-10 10:30:00,2022-03-10 11:00:00,1.1044,1.1061025,sl,-770.2787700284846,1,C_30m_4h_1d,short
-1,2022-03-10 16:00:00,2022-03-10 17:30:00,1.10633,1.0990032142857142,tp,1270.959970547038,3,C_30m_4h_1d,short
-1,2022-03-11 03:30:00,2022-03-11 05:30:00,1.09861,1.1002642857142857,sl,-775.28558203367,4,C_30m_4h_1d,short
-1,2022-03-11 15:00:00,2022-03-11 19:00:00,1.09857,1.0926610714285716,tp,1279.2212103555075,8,C_30m_4h_1d,short
-1,2022-03-14 04:00:00,2022-03-14 09:30:00,1.0916700000000001,1.0934003571428572,sl,-780.3249383168885,11,C_30m_4h_1d,short
-1,2022-03-15 22:30:00,2022-03-16 01:30:00,1.0943500000000002,1.096872142857143,sl,-772.5216889337196,6,C_30m_4h_1d,short
-1,2022-03-16 03:00:00,2022-03-16 04:00:00,1.09564,1.097332857142857,sl,-764.7964720443824,2,C_30m_4h_1d,short
-1,2022-03-16 09:30:00,2022-03-16 10:00:00,1.0969,1.0981525,sl,-757.1485073239385,1,C_30m_4h_1d,short
-1,2022-03-16 14:30:00,2022-03-16 16:00:00,1.1002100000000001,1.1026635714285715,sl,-749.5770222506991,3,C_30m_4h_1d,short
-1,2022-03-17 12:30:00,2022-03-17 13:00:00,1.10354,1.1054482142857143,sl,-742.0812520281921,1,C_30m_4h_1d,short
-1,2022-03-17 20:30:00,2022-03-18 10:00:00,1.11067,1.1068182142857144,tp,1224.4340658464932,27,C_30m_4h_1d,short
-1,2022-03-22 01:30:00,2022-03-22 02:30:00,1.10158,1.0991442857142857,tp,1244.8413002773677,2,C_30m_4h_1d,short
-1,2022-03-22 06:30:00,2022-03-22 09:00:00,1.0990900000000001,1.0966810714285715,tp,1265.5886552818758,5,C_30m_4h_1d,short
-1,2022-03-22 14:00:00,2022-03-22 14:00:00,1.09988,1.1018032142857144,sl,-772.0090797219676,0,C_30m_4h_1d,short
-1,2022-03-23 01:00:00,2022-03-23 10:00:00,1.10305,1.1011535714285716,tp,1273.8149815412464,18,C_30m_4h_1d,short
-1,2022-03-24 09:30:00,2022-03-24 10:00:00,1.09785,1.0990328571428571,sl,-777.0271387401604,1,C_30m_4h_1d,short
-1,2022-03-24 14:30:00,2022-03-24 17:00:00,1.09809,1.1000378571428573,sl,-769.2568673527587,5,C_30m_4h_1d,short
-1,2022-03-24 19:00:00,2022-03-25 00:30:00,1.09853,1.1005935714285715,sl,-761.5642986792311,11,C_30m_4h_1d,short
-1,2022-03-25 14:30:00,2022-03-25 17:30:00,1.1011600000000001,1.0986564285714286,tp,1256.5810928207313,6,C_30m_4h_1d,short
-1,2022-03-29 03:00:00,2022-03-29 03:30:00,1.09902,1.0969075,tp,1277.5241110345446,1,C_30m_4h_1d,short
1,2022-03-29 22:00:00,2022-03-30 11:30:00,1.10896,1.1138689285714287,tp,1298.8161795516523,27,C_30m_4h_1d,long
1,2022-03-30 14:30:00,2022-03-30 15:00:00,1.11399,1.1115685714285715,sl,-792.2778695265079,1,C_30m_4h_1d,long
1,2022-03-30 16:30:00,2022-03-31 11:30:00,1.11432,1.1113703571428573,sl,-784.3550908312428,38,C_30m_4h_1d,long
-1,2022-04-01 03:30:00,2022-04-01 08:30:00,1.1062400000000001,1.107414285714286,sl,-776.5115399229304,10,C_30m_4h_1d,short
-1,2022-04-01 09:30:00,2022-04-01 09:30:00,1.10595,1.1071114285714285,sl,-768.7464245237012,0,C_30m_4h_1d,short
-1,2022-04-01 10:30:00,2022-04-01 10:30:00,1.1045800000000001,1.1061560714285714,sl,-761.058960278464,0,C_30m_4h_1d,short
-1,2022-04-01 12:00:00,2022-04-04 11:00:00,1.1059700000000001,1.1026075000000002,tp,1255.747284459438,46,C_30m_4h_1d,short
-1,2022-04-04 17:30:00,2022-04-04 18:30:00,1.0982,1.1000953571428573,sl,-766.005843520274,2,C_30m_4h_1d,short
-1,2022-04-04 19:30:00,2022-04-05 17:00:00,1.09806,1.0951117857142858,tp,1263.9096418083884,43,C_30m_4h_1d,short
-1,2022-04-06 03:30:00,2022-04-06 08:30:00,1.0900100000000001,1.088929642857143,tp,1284.9748025051704,10,C_30m_4h_1d,short
-1,2022-04-06 13:30:00,2022-04-06 14:00:00,1.0899,1.0917953571428571,sl,-783.8346295282067,1,C_30m_4h_1d,short
-1,2022-04-07 06:30:00,2022-04-07 07:30:00,1.09054,1.0915557142857144,sl,-775.9962832329246,2,C_30m_4h_1d,short
-1,2022-04-07 17:30:00,2022-04-08 02:30:00,1.09093,1.086547857142857,tp,1280.393867334304,18,C_30m_4h_1d,short
-1,2022-04-08 07:30:00,2022-04-08 09:00:00,1.08572,1.0868557142857143,sl,-781.0402590739385,3,C_30m_4h_1d,short
-1,2022-04-08 10:30:00,2022-04-08 10:30:00,1.0852,1.0864760714285713,sl,-773.2298564831991,0,C_30m_4h_1d,short
-1,2022-04-08 14:30:00,2022-04-08 21:30:00,1.0863500000000001,1.088309642857143,sl,-765.4975579183671,14,C_30m_4h_1d,short
-1,2022-04-08 22:30:00,2022-04-11 00:00:00,1.08772,1.0895425,sl,-757.8425823391834,3,C_30m_4h_1d,short
-1,2022-04-11 02:00:00,2022-04-11 10:30:00,1.08904,1.0906942857142858,sl,-750.2641565157916,17,C_30m_4h_1d,short
-1,2022-04-11 14:00:00,2022-04-11 16:30:00,1.09121,1.0880564285714287,tp,1237.935858251056,5,C_30m_4h_1d,short
-1,2022-04-11 23:30:00,2022-04-12 10:00:00,1.08798,1.0853657142857143,tp,1258.5681225552757,21,C_30m_4h_1d,short
-1,2022-04-12 14:00:00,2022-04-12 15:30:00,1.08663,1.0880582142857143,sl,-767.7265547586969,3,C_30m_4h_1d,short
-1,2022-04-12 18:00:00,2022-04-12 19:30:00,1.0872,1.0833321428571427,tp,1266.7488153518982,3,C_30m_4h_1d,short
-1,2022-04-13 02:30:00,2022-04-13 05:00:00,1.0823800000000001,1.0834160714285717,sl,-772.7167773646288,5,C_30m_4h_1d,short
-1,2022-04-13 09:30:00,2022-04-13 14:00:00,1.0826900000000002,1.0840839285714288,sl,-764.9896095909826,9,C_30m_4h_1d,short
-1,2022-04-15 00:30:00,2022-04-18 08:30:00,1.08263,1.0788639285714285,tp,1262.2328558251213,64,C_30m_4h_1d,short
-1,2022-04-18 11:00:00,2022-04-18 14:00:00,1.07907,1.0803,sl,-769.9620420533238,6,C_30m_4h_1d,short
-1,2022-04-18 16:30:00,2022-04-18 19:00:00,1.0801800000000001,1.077887142857143,tp,1270.4373693879845,5,C_30m_4h_1d,short
-1,2022-04-19 00:00:00,2022-04-19 05:30:00,1.07799,1.076259642857143,tp,1291.6113255442851,11,C_30m_4h_1d,short
-1,2022-04-19 08:00:00,2022-04-19 09:30:00,1.0771600000000001,1.0784842857142858,sl,-787.8829085821135,3,C_30m_4h_1d,short
-1,2022-04-20 02:00:00,2022-04-20 03:30:00,1.0788900000000001,1.079925,sl,-780.0040794962923,3,C_30m_4h_1d,short
-1,2022-04-20 04:30:00,2022-04-20 04:30:00,1.0784500000000001,1.0795482142857145,sl,-772.2040387013293,0,C_30m_4h_1d,short
-1,2022-04-22 02:30:00,2022-04-22 07:00:00,1.08345,1.0848321428571428,sl,-764.481998314316,9,C_30m_4h_1d,short
-1,2022-04-22 08:30:00,2022-04-22 10:00:00,1.0841800000000001,1.082249642857143,tp,1261.3952972185732,3,C_30m_4h_1d,short
-1,2022-04-22 17:00:00,2022-04-25 08:30:00,1.08057,1.0769842857142857,tp,1282.4185521722645,31,C_30m_4h_1d,short
-1,2022-04-25 13:00:00,2022-04-25 15:00:00,1.07302,1.0754371428571428,sl,-782.2753168250814,4,C_30m_4h_1d,short
-1,2022-04-25 16:30:00,2022-04-26 10:30:00,1.0725,1.0680500000000002,tp,1290.754272761363,36,C_30m_4h_1d,short
-1,2022-04-26 17:00:00,2022-04-27 00:00:00,1.0673700000000002,1.063502142857143,tp,1312.266843974124,14,C_30m_4h_1d,short
-1,2022-04-27 06:00:00,2022-04-27 07:30:00,1.06336,1.0644196428571429,sl,-800.4827748241855,3,C_30m_4h_1d,short
-1,2022-04-27 09:30:00,2022-04-27 10:00:00,1.0623500000000001,1.0599303571428573,tp,1320.796578459866,1,C_30m_4h_1d,short
-1,2022-04-27 22:30:00,2022-04-28 06:30:00,1.05546,1.051129642857143,tp,1342.8098547674788,16,C_30m_4h_1d,short
-1,2022-04-28 12:00:00,2022-04-29 10:00:00,1.0515700000000001,1.0549182142857143,sl,-819.114011408217,44,C_30m_4h_1d,short
-1,2022-04-29 22:30:00,2022-05-02 09:00:00,1.0555400000000001,1.0510435714285715,tp,1351.5381188236026,21,C_30m_4h_1d,short
-1,2022-05-02 12:30:00,2022-05-02 20:30:00,1.05267,1.0495985714285714,tp,1374.0637541372187,16,C_30m_4h_1d,short
-1,2022-05-03 02:30:00,2022-05-03 03:30:00,1.05067,1.0521625,sl,-838.1788900237431,2,C_30m_4h_1d,short
-1,2022-05-03 06:00:00,2022-05-03 10:30:00,1.0513000000000001,1.052457142857143,sl,-829.7971011235056,9,C_30m_4h_1d,short
-1,2022-05-03 14:00:00,2022-05-03 14:30:00,1.05038,1.0525025000000001,sl,-821.4991301122706,1,C_30m_4h_1d,short
-1,2022-05-03 18:00:00,2022-05-04 21:00:00,1.0538,1.0564796428571428,sl,-813.2841388111478,54,C_30m_4h_1d,short
-1,2022-05-05 14:00:00,2022-05-05 14:00:00,1.05973,1.0564014285714287,tp,1341.918829038394,0,C_30m_4h_1d,short
-1,2022-05-06 02:30:00,2022-05-06 09:30:00,1.0538,1.0508196428571428,tp,1364.2841428556667,14,C_30m_4h_1d,short
-1,2022-05-06 15:00:00,2022-05-09 06:30:00,1.05646,1.0503260714285716,tp,1387.0222119033117,31,C_30m_4h_1d,short
-1,2022-05-09 08:30:00,2022-05-09 10:00:00,1.05058,1.0520907142857143,sl,-846.0835492610101,3,C_30m_4h_1d,short
-1,2022-05-09 16:30:00,2022-05-09 19:00:00,1.05423,1.0569953571428572,sl,-837.6227137684001,5,C_30m_4h_1d,short
-1,2022-05-10 04:00:00,2022-05-10 05:00:00,1.05583,1.0571692857142858,sl,-829.2464866307162,2,C_30m_4h_1d,short
-1,2022-05-10 09:00:00,2022-05-10 10:00:00,1.05762,1.0552789285714286,tp,1368.2567029407248,2,C_30m_4h_1d,short
-1,2022-05-10 17:00:00,2022-05-11 11:30:00,1.05429,1.0569010714285714,sl,-834.6365887938163,37,C_30m_4h_1d,short
-1,2022-05-12 02:30:00,2022-05-12 03:30:00,1.0512000000000001,1.0525285714285717,sl,-826.2902229058781,2,C_30m_4h_1d,short
-1,2022-05-12 06:00:00,2022-05-12 06:30:00,1.05151,1.0525792857142857,sl,-818.0273206768193,1,C_30m_4h_1d,short
-1,2022-05-12 07:00:00,2022-05-12 08:30:00,1.0521800000000001,1.0503264285714287,tp,1349.7450791168594,3,C_30m_4h_1d,short
-1,2022-05-12 17:00:00,2022-05-16 11:30:00,1.03977,1.0434032142857144,sl,-823.3444982612198,85,C_30m_4h_1d,short
-1,2022-05-17 04:30:00,2022-05-17 04:30:00,1.0435,1.0445360714285714,sl,-815.1110532786076,0,C_30m_4h_1d,short
-1,2022-05-18 14:30:00,2022-05-18 16:30:00,1.05132,1.0529860714285715,sl,-806.9599427458215,4,C_30m_4h_1d,short
-1,2022-05-18 17:30:00,2022-05-18 22:00:00,1.0505,1.0471660714285713,tp,1331.4839055306943,9,C_30m_4h_1d,short
-1,2022-05-19 08:00:00,2022-05-19 10:00:00,1.0496100000000002,1.0472725000000003,tp,1353.6753039560742,4,C_30m_4h_1d,short
1,2022-05-19 21:00:00,2022-05-20 00:00:00,1.06045,1.0574896428571428,sl,-825.741935413231,6,C_30m_4h_1d,long
1,2022-05-20 15:30:00,2022-05-20 17:00:00,1.0576299999999998,1.0553607142857142,sl,-817.4845160590986,3,C_30m_4h_1d,long
1,2022-05-20 19:00:00,2022-05-20 21:00:00,1.05591,1.0536964285714285,sl,-809.3096708985078,4,C_30m_4h_1d,long
1,2022-05-20 22:00:00,2022-05-23 03:00:00,1.0546,1.0582321428571428,tp,1335.3609569825378,10,C_30m_4h_1d,long
1,2022-05-23 07:00:00,2022-05-23 11:00:00,1.05935,1.0615267857142858,tp,1357.6169729322005,8,C_30m_4h_1d,long
1,2022-05-23 11:30:00,2022-05-23 12:00:00,1.06273,1.0656710714285713,tp,1380.2439224811862,1,C_30m_4h_1d,long
1,2022-05-23 17:30:00,2022-05-24 10:00:00,1.06706,1.0718171428571428,tp,1403.2479878558247,33,C_30m_4h_1d,long
1,2022-05-24 17:00:00,2022-05-25 05:30:00,1.07341,1.0704678571428572,sl,-855.9812725920402,25,C_30m_4h_1d,long
1,2022-05-26 05:30:00,2022-05-26 07:30:00,1.06967,1.0683296428571427,sl,-847.4214598661197,4,C_30m_4h_1d,long
1,2022-05-26 10:30:00,2022-05-26 12:30:00,1.06849,1.0715310714285713,tp,1398.2454087790295,4,C_30m_4h_1d,long
1,2022-05-26 21:00:00,2022-05-27 04:30:00,1.0714299999999999,1.0747710714285712,tp,1421.5494989252888,15,C_30m_4h_1d,long
1,2022-05-30 03:00:00,2022-05-30 04:30:00,1.07297,1.0746485714285714,tp,1445.2419905742968,3,C_30m_4h_1d,long
1,2022-05-30 12:00:00,2022-05-31 03:30:00,1.07639,1.0745139285714285,sl,-881.5976142502446,31,C_30m_4h_1d,long
1,2022-06-01 02:00:00,2022-06-01 04:00:00,1.07364,1.0725203571428572,sl,-872.7816381077422,4,C_30m_4h_1d,long
-1,2022-06-02 01:00:00,2022-06-02 09:00:00,1.06498,1.0665978571428572,sl,-864.0538217266648,16,C_30m_4h_1d,short
1,2022-06-02 18:00:00,2022-06-03 03:00:00,1.0716299999999999,1.0750746428571427,tp,1425.6888058489662,18,C_30m_4h_1d,long
1,2022-06-03 10:00:00,2022-06-03 13:00:00,1.07532,1.074317142857143,sl,-869.6701715678879,6,C_30m_4h_1d,long
1,2022-06-03 14:30:00,2022-06-03 14:30:00,1.07453,1.0731575,sl,-860.973469852209,0,C_30m_4h_1d,long
1,2022-06-06 00:30:00,2022-06-06 03:30:00,1.0718699999999999,1.0715400000000002,flip,-240.63064200470606,6,C_30m_4h_1d,long
-1,2022-06-06 04:00:00,2022-06-06 05:30:00,1.0715400000000002,1.0724592857142858,sl,-849.9574287336399,3,C_30m_4h_1d,short
1,2022-06-06 10:00:00,2022-06-06 11:00:00,1.07244,1.0743667857142858,tp,1402.4297574105058,2,C_30m_4h_1d,long
1,2022-06-06 18:00:00,2022-06-06 18:00:00,1.07184,1.0699264285714285,sl,-855.4821520204084,0,C_30m_4h_1d,long
-1,2022-06-06 21:30:00,2022-06-07 15:30:00,1.06918,1.0655014285714286,tp,1411.545550833674,36,C_30m_4h_1d,short
-1,2022-06-07 20:30:00,2022-06-08 01:00:00,1.06944,1.07064,flip,-473.6581141108275,9,C_30m_4h_1d,short
1,2022-06-08 01:30:00,2022-06-08 03:30:00,1.07064,1.0694646428571428,sl,-856.3062048674326,4,C_30m_4h_1d,long
-1,2022-06-08 12:00:00,2022-06-08 12:00:00,1.06785,1.0692010714285713,sl,-847.7431428187583,0,C_30m_4h_1d,short
-1,2022-06-09 03:30:00,2022-06-09 05:00:00,1.0714000000000001,1.07166,flip,-302.6178493769815,3,C_30m_4h_1d,short
1,2022-06-09 05:30:00,2022-06-09 06:30:00,1.07165,1.0727607142857143,tp,1393.7325548279089,2,C_30m_4h_1d,long
1,2022-06-09 12:00:00,2022-06-09 14:30:00,1.07159,1.0702689285714286,sl,-850.17685844508,5,C_30m_4h_1d,long
-1,2022-06-10 01:30:00,2022-06-10 05:00:00,1.06128,1.0629214285714286,sl,-841.6750898606292,7,C_30m_4h_1d,short
-1,2022-06-10 20:00:00,2022-06-13 10:30:00,1.05163,1.046562142857143,tp,1388.763898270018,29,C_30m_4h_1d,short
-1,2022-06-13 16:30:00,2022-06-13 22:00:00,1.04555,1.0410142857142857,tp,1411.9099632412285,11,C_30m_4h_1d,short
-1,2022-06-14 05:00:00,2022-06-14 05:30:00,1.0401,1.0419610714285714,sl,-861.2650775771353,1,C_30m_4h_1d,short
-1,2022-06-14 08:30:00,2022-06-14 08:30:00,1.0418,1.0434532142857145,sl,-852.6524268013641,0,C_30m_4h_1d,short
-1,2022-06-15 21:30:00,2022-06-15 21:30:00,1.03834,1.0419175,sl,-844.1259025333504,0,C_30m_4h_1d,short
-1,2022-06-16 02:00:00,2022-06-16 17:30:00,1.0443200000000001,1.0480978571428572,sl,-835.684643508017,31,C_30m_4h_1d,short
-1,2022-06-17 14:30:00,2022-06-17 17:00:00,1.05129,1.0471185714285716,tp,1378.8796617882033,5,C_30m_4h_1d,short
-1,2022-06-20 00:30:00,2022-06-20 05:30:00,1.04878,1.0507642857142858,sl,-841.1165936908187,10,C_30m_4h_1d,short
-1,2022-06-20 18:30:00,2022-06-21 10:00:00,1.05287,1.0548639285714285,sl,-832.7054277539105,31,C_30m_4h_1d,short
-1,2022-06-22 02:30:00,2022-06-22 03:30:00,1.05316,1.051067142857143,tp,1373.9639557938551,2,C_30m_4h_1d,short
-1,2022-06-22 10:00:00,2022-06-22 11:00:00,1.04914,1.050870357142857,sl,-838.1180130343099,2,C_30m_4h_1d,short
-1,2022-06-22 15:00:00,2022-06-22 15:30:00,1.0511000000000001,1.0535107142857145,sl,-829.7368329039667,1,C_30m_4h_1d,short
-1,2022-06-23 05:00:00,2022-06-23 05:30:00,1.05576,1.056939642857143,sl,-821.4394645749271,1,C_30m_4h_1d,short
-1,2022-06-23 07:00:00,2022-06-23 10:00:00,1.05685,1.0544625,tp,1355.375116548672,6,C_30m_4h_1d,short
-1,2022-06-23 19:00:00,2022-06-24 05:30:00,1.05013,1.0534707142857143,sl,-826.7788210946646,21,C_30m_4h_1d,short
-1,2022-06-24 09:30:00,2022-06-24 12:00:00,1.05362,1.0548810714285715,sl,-818.5110328837181,5,C_30m_4h_1d,short
-1,2022-06-24 18:00:00,2022-06-27 02:00:00,1.0543,1.0570171428571429,sl,-810.3259225548808,16,C_30m_4h_1d,short
-1,2022-06-27 04:00:00,2022-06-27 08:00:00,1.0555400000000001,1.0569339285714288,sl,-802.222663329332,8,C_30m_4h_1d,short
-1,2022-06-27 09:00:00,2022-06-27 10:00:00,1.0558400000000001,1.0571428571428572,sl,-794.2004366960387,2,C_30m_4h_1d,short
-1,2022-06-27 12:30:00,2022-06-27 17:30:00,1.05773,1.0593114285714287,sl,-786.2584323290783,10,C_30m_4h_1d,short
-1,2022-06-29 02:30:00,2022-06-29 05:00:00,1.05213,1.0533835714285715,sl,-778.3958480057876,5,C_30m_4h_1d,short
-1,2022-06-29 06:00:00,2022-06-29 07:30:00,1.05278,1.0510192857142857,tp,1284.3531492096574,3,C_30m_4h_1d,short
-1,2022-06-29 15:30:00,2022-06-29 17:30:00,1.05111,1.0467510714285713,tp,1305.759035029777,4,C_30m_4h_1d,short
-1,2022-06-30 05:00:00,2022-06-30 05:00:00,1.04366,1.044575,sl,-796.513011368124,0,C_30m_4h_1d,short
-1,2022-06-30 10:00:00,2022-06-30 10:30:00,1.04399,1.0454824999999999,sl,-788.5478812544428,1,C_30m_4h_1d,short
-1,2022-07-01 09:30:00,2022-07-01 13:30:00,1.04559,1.0470032142857142,sl,-780.6624024418983,8,C_30m_4h_1d,short
-1,2022-07-01 14:00:00,2022-07-01 15:30:00,1.04502,1.0408575,tp,1288.0929640291322,3,C_30m_4h_1d,short
-1,2022-07-04 00:30:00,2022-07-04 03:00:00,1.0422900000000002,1.044274285714286,sl,-785.7367080577706,5,C_30m_4h_1d,short
-1,2022-07-04 04:00:00,2022-07-04 12:30:00,1.04333,1.0447100000000002,sl,-777.8793409771929,17,C_30m_4h_1d,short
-1,2022-07-04 16:00:00,2022-07-04 17:30:00,1.04506,1.0422207142857143,tp,1283.5009126124687,3,C_30m_4h_1d,short
-1,2022-07-05 04:30:00,2022-07-05 08:00:00,1.04285,1.0438142857142856,sl,-782.9355566935457,7,C_30m_4h_1d,short
-1,2022-07-05 09:30:00,2022-07-05 10:00:00,1.04353,1.041649642857143,tp,1291.8436685443503,1,C_30m_4h_1d,short
-1,2022-07-06 01:00:00,2022-07-06 11:30:00,1.02634,1.0236507142857143,tp,1313.3743963534228,21,C_30m_4h_1d,short
-1,2022-07-06 23:30:00,2022-07-07 05:30:00,1.0181900000000002,1.0205289285714287,sl,-801.158381775588,12,C_30m_4h_1d,short
-1,2022-07-08 17:00:00,2022-07-08 18:00:00,1.01425,1.0184339285714288,sl,-793.1467979578321,2,C_30m_4h_1d,short
-1,2022-07-11 09:00:00,2022-07-11 10:00:00,1.0139,1.011794642857143,tp,1308.6922166303768,2,C_30m_4h_1d,short
-1,2022-07-11 20:00:00,2022-07-12 04:00:00,1.0063,1.0015321428571429,tp,1330.503753574283,16,C_30m_4h_1d,short
-1,2022-07-12 04:30:00,2022-07-12 04:30:00,1.0012100000000002,1.0030207142857144,sl,-811.6072896803004,0,C_30m_4h_1d,short
-1,2022-07-12 05:30:00,2022-07-12 09:30:00,1.002,1.003824642857143,sl,-803.4912167834974,8,C_30m_4h_1d,short
-1,2022-07-12 10:30:00,2022-07-12 14:00:00,1.00118,1.00352,sl,-795.4563046156624,7,C_30m_4h_1d,short
-1,2022-07-13 08:30:00,2022-07-13 09:00:00,1.0033,1.004667142857143,sl,-787.5017415695057,1,C_30m_4h_1d,short
-1,2022-07-13 10:00:00,2022-07-13 10:00:00,1.00329,1.0049507142857144,sl,-779.6267241538106,0,C_30m_4h_1d,short
-1,2022-07-13 16:00:00,2022-07-13 17:30:00,1.00198,1.0057910714285716,sl,-771.8304569122726,3,C_30m_4h_1d,short
-1,2022-07-14 09:00:00,2022-07-14 10:30:00,1.0018200000000002,1.0034453571428572,sl,-764.1121523431498,3,C_30m_4h_1d,short
-1,2022-07-14 11:30:00,2022-07-14 12:30:00,1.00206,1.0041739285714284,sl,-756.4710308197183,2,C_30m_4h_1d,short
-1,2022-07-14 13:30:00,2022-07-14 16:00:00,1.0024,0.9983124999999999,tp,1248.1772008525575,5,C_30m_4h_1d,short
-1,2022-07-14 20:00:00,2022-07-14 21:00:00,0.9990300000000001,1.0028046428571429,sl,-761.3880925200466,2,C_30m_4h_1d,short
-1,2022-07-14 22:30:00,2022-07-15 14:30:00,1.0021900000000001,1.0059657142857144,sl,-753.7742115948462,32,C_30m_4h_1d,short
-1,2022-07-18 18:30:00,2022-07-19 10:30:00,1.01651,1.0197285714285715,sl,-746.2364694788977,32,C_30m_4h_1d,short
-1,2022-07-27 01:00:00,2022-07-27 01:00:00,1.0117,1.01323,sl,-738.7741047841087,0,C_30m_4h_1d,short
-1,2022-07-27 15:00:00,2022-07-27 17:00:00,1.01503,1.0116389285714287,tp,1218.977272893726,4,C_30m_4h_1d,short
1,2022-07-28 08:30:00,2022-07-28 09:30:00,1.02074,1.02155,flip,318.49493437263305,2,C_30m_4h_1d,long
-1,2022-07-28 10:00:00,2022-07-28 10:30:00,1.02156,1.02108,flip,156.62404795993808,1,C_30m_4h_1d,short
1,2022-07-28 11:00:00,2022-07-28 12:30:00,1.02108,1.0185953571428572,sl,-748.3273262885305,3,C_30m_4h_1d,long
1,2022-07-28 16:00:00,2022-07-28 19:00:00,1.01644,1.01468,flip,-341.1718057480938,6,C_30m_4h_1d,long
-1,2022-07-28 19:30:00,2022-07-28 22:00:00,1.01468,1.0186935714285716,sl,-737.4323349681642,5,C_30m_4h_1d,short
1,2022-07-29 06:30:00,2022-07-29 06:30:00,1.02015,1.0221767857142856,tp,1216.7633526975155,0,C_30m_4h_1d,long
1,2022-07-29 14:00:00,2022-07-29 14:30:00,1.02417,1.0208035714285715,sl,-742.2256451454576,1,C_30m_4h_1d,long
-1,2022-07-29 19:30:00,2022-07-29 23:00:00,1.0187300000000001,1.0224039285714288,sl,-734.803388694003,7,C_30m_4h_1d,short
1,2022-08-01 03:30:00,2022-08-01 06:00:00,1.02244,1.0227300000000001,flip,129.19810763419972,5,C_30m_4h_1d,long
-1,2022-08-01 06:30:00,2022-08-01 09:30:00,1.0227300000000001,1.02341,flip,-314.2062788771519,6,C_30m_4h_1d,short
1,2022-08-01 10:00:00,2022-08-01 11:30:00,1.02341,1.0262225,tp,1209.342121824389,3,C_30m_4h_1d,long
-1,2022-08-01 14:00:00,2022-08-01 16:00:00,1.02511,1.02501,flip,33.91718134771418,4,C_30m_4h_1d,short
1,2022-08-01 16:30:00,2022-08-02 10:30:00,1.02501,1.0221964285714285,sl,-738.0378661263545,36,C_30m_4h_1d,long
-1,2022-08-03 02:00:00,2022-08-03 05:30:00,1.01635,1.018009642857143,sl,-730.657487465091,7,C_30m_4h_1d,short
-1,2022-08-03 08:30:00,2022-08-03 12:00:00,1.0178,1.0193182142857145,sl,-723.35091259044,7,C_30m_4h_1d,short
-1,2022-08-03 15:00:00,2022-08-03 17:00:00,1.01833,1.0142532142857141,tp,1193.5290057742477,4,C_30m_4h_1d,short
-1,2022-08-04 01:30:00,2022-08-04 04:30:00,1.01593,1.0175767857142857,sl,-728.0526935222781,6,C_30m_4h_1d,short
-1,2022-08-04 09:00:00,2022-08-04 10:00:00,1.01625,1.0173246428571427,sl,-720.7721665870554,2,C_30m_4h_1d,short
-1,2022-08-04 14:30:00,2022-08-04 17:30:00,1.01847,1.020395357142857,sl,-713.5644449211849,6,C_30m_4h_1d,short
1,2022-08-05 02:30:00,2022-08-05 03:00:00,1.0249899999999998,1.0240396428571428,sl,-706.4288004719731,1,C_30m_4h_1d,long
1,2022-08-05 10:00:00,2022-08-05 11:00:00,1.02365,1.0225335714285713,sl,-699.3645124672533,2,C_30m_4h_1d,long
-1,2022-08-05 11:30:00,2022-08-05 15:30:00,1.0226600000000001,1.0205564285714286,tp,1153.9514455710087,8,C_30m_4h_1d,short
-1,2022-08-05 16:00:00,2022-08-05 17:00:00,1.0157500000000002,1.0180600000000002,sl,-703.910381798291,2,C_30m_4h_1d,short
-1,2022-08-05 22:00:00,2022-08-08 10:30:00,1.01759,1.0206832142857143,sl,-696.871277980308,25,C_30m_4h_1d,short
-1,2022-08-08 11:30:00,2022-08-08 16:30:00,1.01898,1.0204875,sl,-689.902565200505,10,C_30m_4h_1d,short
-1,2022-08-08 19:00:00,2022-08-09 11:00:00,1.02057,1.0227417857142855,sl,-683.0035395485,32,C_30m_4h_1d,short
1,2022-08-09 16:30:00,2022-08-09 17:30:00,1.02412,1.0223296428571427,sl,-676.173504153015,2,C_30m_4h_1d,long
-1,2022-08-10 02:00:00,2022-08-10 04:30:00,1.02054,1.02153,sl,-669.4117691114848,5,C_30m_4h_1d,short
-1,2022-08-10 07:30:00,2022-08-10 11:30:00,1.02122,1.0219817857142857,sl,-662.71765142037,8,C_30m_4h_1d,short
1,2022-08-11 02:00:00,2022-08-11 04:00:00,1.0302499999999999,1.0289321428571427,sl,-656.0904749061663,4,C_30m_4h_1d,long
1,2022-08-11 17:00:00,2022-08-11 17:30:00,1.0359399999999999,1.0334585714285713,sl,-649.5295701571046,1,C_30m_4h_1d,long
1,2022-08-11 23:30:00,2022-08-12 04:30:00,1.0326,1.0305128571428572,sl,-643.0342744555336,10,C_30m_4h_1d,long
1,2022-08-12 15:30:00,2022-08-12 15:30:00,1.02888,1.0270928571428573,sl,-636.6039317109783,0,C_30m_4h_1d,long
-1,2022-08-15 04:30:00,2022-08-15 09:30:00,1.02546,1.0238689285714286,tp,1050.3964873229677,10,C_30m_4h_1d,short
-1,2022-08-15 18:30:00,2022-08-16 10:00:00,1.01886,1.0142475000000002,tp,1067.9030954451293,31,C_30m_4h_1d,short
-1,2022-08-16 19:30:00,2022-08-17 09:00:00,1.01651,1.0185671428571428,sl,-651.4208882215495,27,C_30m_4h_1d,short
-1,2022-08-17 09:30:00,2022-08-17 10:00:00,1.01696,1.0149617857142859,tp,1074.8444655654373,1,C_30m_4h_1d,short
-1,2022-08-17 13:30:00,2022-08-17 17:00:00,1.01748,1.019297142857143,sl,-655.6551239949885,7,C_30m_4h_1d,short
-1,2022-08-17 18:00:00,2022-08-17 21:00:00,1.01617,1.0186653571428572,sl,-649.0985727550385,6,C_30m_4h_1d,short
-1,2022-08-18 05:30:00,2022-08-18 06:30:00,1.01825,1.0167875000000002,tp,1071.0126450459218,2,C_30m_4h_1d,short
-1,2022-08-18 16:00:00,2022-08-18 16:30:00,1.01694,1.0134453571428572,tp,1088.8628557965328,1,C_30m_4h_1d,short
-1,2022-08-19 01:00:00,2022-08-19 13:00:00,1.0085600000000001,1.0060278571428571,tp,1107.0105700598222,24,C_30m_4h_1d,short
-1,2022-08-19 22:00:00,2022-08-22 10:30:00,1.00327,1.0003432142857145,tp,1125.4607462275183,25,C_30m_4h_1d,short
-1,2022-08-22 16:30:00,2022-08-22 16:30:00,1.00031,0.9971367857142858,tp,1144.21842533127,0,C_30m_4h_1d,short
-1,2022-08-23 02:30:00,2022-08-23 03:00:00,0.99334,0.9945174999999999,sl,-697.9732394520988,1,C_30m_4h_1d,short
-1,2022-08-23 04:00:00,2022-08-23 08:00:00,0.9939100000000001,0.9920671428571429,tp,1151.6558450959863,8,C_30m_4h_1d,short
-1,2022-08-23 11:30:00,2022-08-23 16:30:00,0.9928800000000001,0.9948707142857144,sl,-702.5100655085377,10,C_30m_4h_1d,short
-1,2022-08-24 02:30:00,2022-08-24 04:00:00,0.9964900000000001,0.9948739285714286,tp,1159.1416080891138,3,C_30m_4h_1d,short
-1,2022-08-24 09:00:00,2022-08-24 10:00:00,0.99424,0.9954978571428571,sl,-707.0763809343433,2,C_30m_4h_1d,short
-1,2022-08-24 11:30:00,2022-08-24 13:30:00,0.99467,0.9922307142857143,tp,1166.6760285416665,4,C_30m_4h_1d,short
-1,2022-08-25 00:00:00,2022-08-25 04:30:00,0.99634,0.9990035714285714,sl,-711.6723774104166,9,C_30m_4h_1d,short
-1,2022-08-25 18:30:00,2022-08-26 12:00:00,0.9967900000000001,0.9993325000000001,sl,-704.5556536363124,35,C_30m_4h_1d,short
-1,2022-08-30 05:00:00,2022-08-30 07:00:00,0.99909,1.000235357142857,sl,-697.5100970999492,4,C_30m_4h_1d,short
-1,2022-08-30 22:00:00,2022-08-31 13:30:00,1.00208,0.9972532142857143,tp,1150.8916602148897,31,C_30m_4h_1d,short
-1,2022-08-31 20:30:00,2022-09-01 15:30:00,1.00468,0.9989692857142858,tp,1170.0731878851795,38,C_30m_4h_1d,short
-1,2022-09-02 00:00:00,2022-09-02 08:00:00,0.99436,0.9969196428571429,sl,-713.7446446099505,16,C_30m_4h_1d,short
-1,2022-09-02 09:30:00,2022-09-02 09:30:00,0.9964700000000001,0.9974385714285715,sl,-706.607198163851,0,C_30m_4h_1d,short
-1,2022-09-02 19:30:00,2022-09-05 00:00:00,0.99856,0.9928689285714286,tp,1165.9018769703769,9,C_30m_4h_1d,short
-1,2022-09-05 05:30:00,2022-09-05 10:30:00,0.9907900000000001,0.9931032142857144,sl,-711.2001449519163,10,C_30m_4h_1d,short
-1,2022-09-05 14:30:00,2022-09-06 01:00:00,0.9912200000000001,0.9940442857142858,sl,-704.0881435023972,21,C_30m_4h_1d,short
-1,2022-09-06 05:30:00,2022-09-06 09:30:00,0.9952500000000001,0.9967725000000001,sl,-697.0472620673733,8,C_30m_4h_1d,short
-1,2022-09-06 11:30:00,2022-09-06 14:30:00,0.99556,0.9921207142857142,tp,1150.1279824111411,6,C_30m_4h_1d,short
-1,2022-09-06 21:00:00,2022-09-07 10:30:00,0.9898600000000001,0.9925139285714286,sl,-701.5780692708109,27,C_30m_4h_1d,short
-1,2022-09-07 12:00:00,2022-09-07 17:00:00,0.9906200000000001,0.9927371428571429,sl,-694.5622885781028,10,C_30m_4h_1d,short
-1,2022-09-08 10:30:00,2022-09-08 12:30:00,0.9987900000000001,1.000262142857143,sl,-687.6166656923218,4,C_30m_4h_1d,short
-1,2022-09-08 15:30:00,2022-09-08 16:00:00,1.00092,0.9966467857142858,tp,1134.5674983923507,1,C_30m_4h_1d,short
1,2022-09-09 10:30:00,2022-09-09 12:00:00,1.01097,1.0087221428571427,sl,-692.0861740193222,3,C_30m_4h_1d,long
1,2022-09-09 19:00:00,2022-09-09 22:30:00,1.00458,1.0045,flip,-18.947781475393132,7,C_30m_4h_1d,long
-1,2022-09-09 23:00:00,2022-09-12 00:00:00,1.00449,1.0065203571428571,sl,-684.975834464375,2,C_30m_4h_1d,short
1,2022-09-12 08:30:00,2022-09-12 09:30:00,1.00883,1.0111032142857141,tp,1130.2101268661454,2,C_30m_4h_1d,long
1,2022-09-12 18:00:00,2022-09-13 13:30:00,1.01295,1.0177,tp,1149.046962313988,39,C_30m_4h_1d,long
-1,2022-09-14 09:00:00,2022-09-14 11:00:00,0.99816,0.9996525,sl,-700.9186470115327,4,C_30m_4h_1d,short
-1,2022-09-15 03:30:00,2022-09-15 09:00:00,0.9975900000000001,0.9958292857142859,tp,1156.5157675690532,11,C_30m_4h_1d,short
-1,2022-09-15 14:00:00,2022-09-15 15:30:00,0.99789,0.9994500000000001,sl,-705.474618217108,3,C_30m_4h_1d,short
-1,2022-09-15 21:00:00,2022-09-16 10:30:00,0.99972,0.9953700000000001,tp,1164.0331200582675,27,C_30m_4h_1d,short
-1,2022-09-16 15:00:00,2022-09-16 17:00:00,0.99687,0.9995207142857143,sl,-710.0602032355196,4,C_30m_4h_1d,short
-1,2022-09-19 03:30:00,2022-09-19 07:30:00,1.0016500000000002,0.999294642857143,tp,1171.5993353385336,8,C_30m_4h_1d,short
-1,2022-09-19 12:00:00,2022-09-19 13:30:00,0.99753,0.9989571428571429,sl,-714.6755945565496,3,C_30m_4h_1d,short
-1,2022-09-19 16:30:00,2022-09-19 17:00:00,0.9976700000000001,0.9998439285714287,sl,-707.5288386109842,1,C_30m_4h_1d,short
-1,2022-09-20 11:30:00,2022-09-20 15:00:00,1.0005600000000001,0.9973957142857145,tp,1167.4225837081647,7,C_30m_4h_1d,short
-1,2022-09-20 20:00:00,2022-09-21 09:00:00,0.9979300000000001,0.9937728571428572,tp,1186.8796267699474,26,C_30m_4h_1d,short
-1,2022-09-21 15:00:00,2022-09-21 21:00:00,0.98989,0.984972142857143,tp,1206.6609538827588,12,C_30m_4h_1d,short
-1,2022-09-21 23:00:00,2022-09-22 11:30:00,0.9851000000000001,0.9888703571428572,sl,-736.063181868483,25,C_30m_4h_1d,short
-1,2022-09-22 13:00:00,2022-09-22 13:30:00,0.98553,0.9884625,sl,-728.7025500497982,1,C_30m_4h_1d,short
-1,2022-09-23 03:30:00,2022-09-23 03:30:00,0.98341,0.9846292857142858,sl,-721.4155245493,0,C_30m_4h_1d,short
-1,2022-09-23 05:00:00,2022-09-23 09:30:00,0.98367,0.9815253571428572,tp,1190.3356155063248,9,C_30m_4h_1d,short
-1,2022-09-23 18:00:00,2022-09-26 03:30:00,0.9704,0.9647017857142858,tp,1210.1745424314506,19,C_30m_4h_1d,short
-1,2022-09-26 10:00:00,2022-09-26 10:00:00,0.96404,0.9690092857142858,sl,-738.2064708831849,0,C_30m_4h_1d,short
-1,2022-09-26 13:00:00,2022-09-26 15:30:00,0.9645800000000001,0.9683610714285715,sl,-730.824406174353,5,C_30m_4h_1d,short
-1,2022-09-27 08:00:00,2022-09-27 08:30:00,0.96357,0.9654975,sl,-723.5161621126097,1,C_30m_4h_1d,short
-1,2022-09-27 10:00:00,2022-09-27 10:30:00,0.9644100000000001,0.9662089285714287,sl,-716.2810004914836,1,C_30m_4h_1d,short
-1,2022-09-28 01:30:00,2022-09-28 05:00:00,0.9586800000000001,0.9551853571428572,tp,1181.8636508109353,7,C_30m_4h_1d,short
-1,2022-09-28 10:00:00,2022-09-28 10:30:00,0.95386,0.9561207142857143,sl,-720.9368269946782,1,C_30m_4h_1d,short
-1,2022-09-28 12:00:00,2022-09-28 13:00:00,0.9556100000000001,0.9582746428571429,sl,-713.7274587247314,2,C_30m_4h_1d,short
-1,2022-09-28 14:30:00,2022-09-28 15:00:00,0.9551400000000001,0.9588428571428572,sl,-706.590184137484,1,C_30m_4h_1d,short
-1,2022-09-29 16:00:00,2022-09-29 16:00:00,0.9687300000000001,0.9723139285714286,sl,-699.5242822961092,0,C_30m_4h_1d,short
-1,2022-09-30 09:30:00,2022-09-30 10:00:00,0.98072,0.9828917857142858,sl,-692.529039473148,1,C_30m_4h_1d,short
-1,2022-09-30 12:30:00,2022-09-30 13:00:00,0.98165,0.9770089285714285,tp,1142.6729151307125,1,C_30m_4h_1d,short
-1,2022-09-30 22:30:00,2022-10-03 18:00:00,0.9798300000000001,0.9834750000000001,sl,-697.0304782297237,39,C_30m_4h_1d,short
-1,2022-10-03 20:30:00,2022-10-04 02:00:00,0.97965,0.9831246428571428,sl,-690.0601734474266,11,C_30m_4h_1d,short
-1,2022-10-04 03:30:00,2022-10-04 06:30:00,0.9821300000000001,0.983887142857143,sl,-683.1595717129521,6,C_30m_4h_1d,short
-1,2022-10-04 07:30:00,2022-10-04 08:30:00,0.9829800000000001,0.9848185714285715,sl,-676.3279759958226,2,C_30m_4h_1d,short
1,2022-10-05 04:30:00,2022-10-05 04:30:00,0.99883,0.9972282142857143,sl,-669.5646962358644,0,C_30m_4h_1d,long
1,2022-10-05 08:00:00,2022-10-05 09:30:00,0.99664,0.9993578571428571,tp,1104.7817487891764,3,C_30m_4h_1d,long
-1,2022-10-07 02:00:00,2022-10-07 05:30:00,0.97921,0.9808428571428571,sl,-673.9168667613975,7,C_30m_4h_1d,short
-1,2022-10-07 08:00:00,2022-10-07 09:30:00,0.97911,0.9769135714285714,tp,1111.9628301563434,3,C_30m_4h_1d,short
-1,2022-10-10 03:30:00,2022-10-10 03:30:00,0.9727600000000001,0.9741314285714286,sl,-678.2973263953471,0,C_30m_4h_1d,short
-1,2022-10-10 06:30:00,2022-10-10 10:30:00,0.9736100000000001,0.9714189285714286,tp,1119.1905885523038,8,C_30m_4h_1d,short
-1,2022-10-10 15:00:00,2022-10-10 17:30:00,0.96967,0.9722157142857143,sl,-682.7062590169166,5,C_30m_4h_1d,short
-1,2022-10-10 18:00:00,2022-10-11 14:00:00,0.9702000000000001,0.9730414285714286,sl,-675.8791964267474,40,C_30m_4h_1d,short
-1,2022-10-12 10:30:00,2022-10-13 12:00:00,0.9704400000000001,0.9728367857142858,sl,-669.12040446248,51,C_30m_4h_1d,short
-1,2022-10-14 07:30:00,2022-10-14 09:30:00,0.97796,0.9796689285714286,sl,-662.4292004178552,4,C_30m_4h_1d,short
-1,2022-10-14 10:00:00,2022-10-14 10:00:00,0.9787300000000001,0.9753157142857144,tp,1093.0081806894727,0,C_30m_4h_1d,short
-1,2022-10-14 19:00:00,2022-10-17 15:30:00,0.9738,0.9780664285714286,sl,-666.7349902205714,41,C_30m_4h_1d,short
1,2022-10-18 02:30:00,2022-10-18 04:30:00,0.98437,0.9830167857142856,sl,-660.0676403183656,4,C_30m_4h_1d,long
1,2022-10-18 07:00:00,2022-10-18 07:30:00,0.98415,0.9864285714285714,tp,1089.1116065252857,1,C_30m_4h_1d,long
-1,2022-10-18 10:30:00,2022-10-18 14:00:00,0.98438,0.9836499999999999,flip,214.83118422404945,7,C_30m_4h_1d,short
1,2022-10-18 14:30:00,2022-10-19 12:30:00,0.98363,0.9807371428571429,sl,-666.5063918226753,44,C_30m_4h_1d,long
-1,2022-10-20 02:00:00,2022-10-20 07:00:00,0.9764600000000001,0.9778989285714287,sl,-659.8413279044485,10,C_30m_4h_1d,short
-1,2022-10-20 16:00:00,2022-10-20 17:00:00,0.9802200000000001,0.9831492857142858,sl,-653.242914625404,2,C_30m_4h_1d,short
-1,2022-10-21 07:00:00,2022-10-21 10:00:00,0.9768,0.9780096428571429,sl,-646.7104854791498,6,C_30m_4h_1d,short
-1,2022-10-21 11:30:00,2022-10-21 12:30:00,0.9774,0.9742714285714286,tp,1067.0723010405848,2,C_30m_4h_1d,short
-1,2022-10-21 21:00:00,2022-10-24 01:00:00,0.9829100000000001,0.9886089285714286,sl,-650.9141036347643,8,C_30m_4h_1d,short
1,2022-10-24 06:00:00,2022-10-24 12:00:00,0.9843999999999999,0.9814685714285714,sl,-644.4049625984167,12,C_30m_4h_1d,long
1,2022-10-24 13:00:00,2022-10-24 16:30:00,0.9834099999999999,0.9877117857142855,tp,1063.2681882873599,7,C_30m_4h_1d,long
1,2022-10-24 23:30:00,2022-10-25 10:30:00,0.98764,0.9853814285714285,sl,-648.593594855306,22,C_30m_4h_1d,long
1,2022-10-25 11:30:00,2022-10-25 11:30:00,0.98688,0.9853392857142858,sl,-642.1076589067529,0,C_30m_4h_1d,long
1,2022-10-25 22:30:00,2022-10-26 10:30:00,0.99669,1.0021275,tp,1059.4776371961784,24,C_30m_4h_1d,long
1,2022-10-26 17:30:00,2022-10-26 18:30:00,1.0028599999999999,1.0080046428571428,tp,1077.1355978160632,2,C_30m_4h_1d,long
1,2022-10-27 03:00:00,2022-10-27 03:30:00,1.00936,1.0080217857142857,sl,-657.0527146678078,1,C_30m_4h_1d,long
1,2022-10-27 08:00:00,2022-10-27 09:30:00,1.00712,1.0058182142857142,sl,-650.4821875211297,3,C_30m_4h_1d,long
1,2022-10-27 11:00:00,2022-10-27 12:00:00,1.0067,1.0051485714285713,sl,-643.9773656459184,2,C_30m_4h_1d,long
1,2022-10-27 14:30:00,2022-10-27 15:00:00,1.00498,1.0027739285714286,sl,-637.5375919894592,1,C_30m_4h_1d,long
1,2022-10-31 09:00:00,2022-10-31 09:30:00,0.9952799999999999,0.9938174999999999,sl,-631.1622160695646,1,C_30m_4h_1d,long
-1,2022-11-01 09:30:00,2022-11-01 09:30:00,0.9917100000000001,0.9933342857142858,sl,-624.850593908869,0,C_30m_4h_1d,short
1,2022-11-01 10:00:00,2022-11-01 16:00:00,0.9931,0.9913171428571429,sl,-618.6020879697803,12,C_30m_4h_1d,long
1,2022-11-01 20:00:00,2022-11-01 23:30:00,0.9882599999999999,0.9874200000000001,flip,-154.383986044548,7,C_30m_4h_1d,long
-1,2022-11-02 00:00:00,2022-11-02 04:30:00,0.9873500000000001,0.9893975,sl,-610.8722272296369,9,C_30m_4h_1d,short
-1,2022-11-02 06:30:00,2022-11-02 10:00:00,0.9888300000000001,0.9899667857142858,sl,-604.7635049573406,7,C_30m_4h_1d,short
-1,2022-11-02 13:30:00,2022-11-02 14:30:00,0.98875,0.9906432142857143,sl,-598.7158699077671,2,C_30m_4h_1d,short
1,2022-11-02 20:00:00,2022-11-02 20:00:00,0.9880899999999999,0.992032857142857,tp,987.8811853478064,0,C_30m_4h_1d,long
-1,2022-11-02 21:00:00,2022-11-02 22:30:00,0.9884000000000001,0.9816589285714287,tp,1004.3458717702628,3,C_30m_4h_1d,short
-1,2022-11-03 07:30:00,2022-11-03 09:00:00,0.9827600000000001,0.9805617857142858,tp,1021.084969633134,3,C_30m_4h_1d,short
-1,2022-11-03 19:00:00,2022-11-04 06:00:00,0.9747300000000001,0.9777632142857143,sl,-622.8618314762015,22,C_30m_4h_1d,short
-1,2022-11-04 08:00:00,2022-11-04 08:30:00,0.9774700000000001,0.9787557142857144,sl,-616.6332131614395,1,C_30m_4h_1d,short
1,2022-11-07 04:00:00,2022-11-07 10:30:00,0.9931,0.9977160714285714,tp,1017.444801716375,13,C_30m_4h_1d,long
1,2022-11-07 15:00:00,2022-11-07 21:00:00,0.9987999999999999,1.0032017857142856,tp,1034.402215078332,12,C_30m_4h_1d,long
1,2022-11-08 02:30:00,2022-11-08 03:30:00,1.00221,1.001177142857143,sl,-630.9853511977722,2,C_30m_4h_1d,long
1,2022-11-08 06:00:00,2022-11-08 06:30:00,1.00138,1.0003664285714287,sl,-624.6754976857944,1,C_30m_4h_1d,long
1,2022-11-08 10:00:00,2022-11-08 10:00:00,1.00001,0.9986632142857144,sl,-618.4287427089365,0,C_30m_4h_1d,long
1,2022-11-08 11:30:00,2022-11-08 17:00:00,0.99913,1.0021103571428571,tp,1020.4074254698085,11,C_30m_4h_1d,long
1,2022-11-08 22:00:00,2022-11-09 11:30:00,1.00734,1.0043260714285713,sl,-622.4485295365452,27,C_30m_4h_1d,long
1,2022-11-09 17:30:00,2022-11-09 20:30:00,1.00413,1.000935,sl,-616.2240442411797,6,C_30m_4h_1d,long
1,2022-11-11 05:00:00,2022-11-11 08:00:00,1.01948,1.0232567857142856,tp,1016.7696729979466,6,C_30m_4h_1d,long
1,2022-11-11 17:30:00,2022-11-14 14:00:00,1.03129,1.0274007142857144,sl,-620.2295005287474,41,C_30m_4h_1d,long
1,2022-11-14 15:00:00,2022-11-14 16:30:00,1.0334999999999999,1.0302449999999999,sl,-614.0272055234599,3,C_30m_4h_1d,long
1,2022-11-15 03:30:00,2022-11-15 09:00:00,1.03241,1.0348975,tp,1013.1448891137693,11,C_30m_4h_1d,long
1,2022-11-15 20:00:00,2022-11-15 20:00:00,1.03856,1.0341296428571427,sl,-618.018382359363,0,C_30m_4h_1d,long
1,2022-11-15 22:00:00,2022-11-21 03:00:00,1.0364799999999998,1.0302667857142855,sl,-611.8381985357694,154,C_30m_4h_1d,long
1,2022-11-22 10:00:00,2022-11-22 12:00:00,1.02666,1.028977857142857,tp,1009.5330275840839,4,C_30m_4h_1d,long
1,2022-11-22 17:30:00,2022-11-23 02:00:00,1.02815,1.0321142857142855,tp,1026.3585780437734,17,C_30m_4h_1d,long
1,2022-11-23 05:00:00,2022-11-23 05:30:00,1.0324499999999999,1.0312071428571428,sl,-626.0787326066902,1,C_30m_4h_1d,long
1,2022-11-23 06:00:00,2022-11-23 09:00:00,1.03162,1.0337592857142857,tp,1033.0299088009674,6,C_30m_4h_1d,long
1,2022-11-23 13:30:00,2022-11-23 16:30:00,1.0318,1.0356285714285713,tp,1050.247073947722,6,C_30m_4h_1d,long
1,2022-11-24 00:30:00,2022-11-24 04:30:00,1.03954,1.0429935714285712,tp,1067.7511918468047,8,C_30m_4h_1d,long
1,2022-11-24 07:00:00,2022-11-24 09:00:00,1.0447,1.0429042857142856,sl,-651.3282270265784,4,C_30m_4h_1d,long
1,2022-11-24 14:00:00,2022-11-25 14:30:00,1.04054,1.0380789285714287,sl,-644.8149447563126,49,C_30m_4h_1d,long
1,2022-11-25 17:00:00,2022-11-28 03:30:00,1.03822,1.0353871428571428,sl,-638.3667953087495,21,C_30m_4h_1d,long
1,2022-11-29 10:00:00,2022-11-29 10:00:00,1.03815,1.035702857142857,sl,-631.983127355662,0,C_30m_4h_1d,long
1,2022-11-29 12:30:00,2022-11-29 15:30:00,1.03771,1.0348439285714284,sl,-625.6632960821053,6,C_30m_4h_1d,long
1,2022-11-29 17:30:00,2022-11-29 18:00:00,1.0367899999999999,1.0334514285714285,sl,-619.4066631212843,1,C_30m_4h_1d,long
1,2022-11-30 01:00:00,2022-11-30 06:30:00,1.03268,1.035694285714286,tp,1022.0209941501943,11,C_30m_4h_1d,long
1,2022-11-30 11:00:00,2022-11-30 13:00:00,1.03688,1.0351946428571428,sl,-623.4328064315733,4,C_30m_4h_1d,long
1,2022-11-30 13:30:00,2022-11-30 16:30:00,1.0359099999999999,1.0394599999999998,tp,1028.664130612096,6,C_30m_4h_1d,long
1,2022-11-30 21:00:00,2022-12-01 03:00:00,1.0372299999999999,1.0442585714285713,tp,1045.8085327889974,12,C_30m_4h_1d,long
1,2022-12-01 06:30:00,2022-12-01 09:00:00,1.04335,1.0460285714285715,tp,1063.2386750021144,5,C_30m_4h_1d,long
1,2022-12-01 11:00:00,2022-12-01 12:30:00,1.04446,1.0418725,sl,-648.5755917512897,3,C_30m_4h_1d,long
1,2022-12-01 13:30:00,2022-12-01 15:30:00,1.04349,1.0486239285714285,tp,1070.1497263896435,4,C_30m_4h_1d,long
1,2022-12-02 05:30:00,2022-12-02 10:30:00,1.0519399999999999,1.0543739285714284,tp,1087.985555162822,10,C_30m_4h_1d,long
1,2022-12-02 12:00:00,2022-12-02 15:30:00,1.05307,1.0512646428571428,sl,-663.6711886493016,7,C_30m_4h_1d,long
1,2022-12-02 18:30:00,2022-12-05 03:00:00,1.04914,1.0555882142857143,tp,1095.0574612713351,17,C_30m_4h_1d,long
1,2022-12-05 12:00:00,2022-12-05 12:00:00,1.05599,1.0541225,sl,-667.9850513755221,0,C_30m_4h_1d,long
1,2022-12-06 08:00:00,2022-12-06 08:00:00,1.04946,1.0478539285714286,sl,-661.3052008617668,0,C_30m_4h_1d,long
1,2022-12-06 10:00:00,2022-12-06 14:00:00,1.04911,1.0524850000000001,tp,1091.1535814218673,8,C_30m_4h_1d,long
1,2022-12-06 18:30:00,2022-12-06 19:00:00,1.0517999999999998,1.049217857142857,sl,-665.6036846673678,1,C_30m_4h_1d,long
1,2022-12-07 04:00:00,2022-12-07 05:00:00,1.0473,1.0461996428571427,sl,-658.9476478206941,2,C_30m_4h_1d,long
1,2022-12-07 09:30:00,2022-12-07 11:30:00,1.04586,1.0483010714285714,tp,1087.2636189042114,4,C_30m_4h_1d,long
1,2022-12-07 20:30:00,2022-12-09 03:00:00,1.0518699999999999,1.0575414285714284,tp,1105.3846792192444,61,C_30m_4h_1d,long
1,2022-12-09 18:00:00,2022-12-12 02:30:00,1.0541399999999999,1.0511496428571427,sl,-674.2846543237218,17,C_30m_4h_1d,long
1,2022-12-12 15:30:00,2022-12-12 16:30:00,1.05712,1.05505,sl,-667.5418077804845,2,C_30m_4h_1d,long
1,2022-12-13 08:00:00,2022-12-13 10:30:00,1.05522,1.0540403571428572,sl,-660.8663897026797,5,C_30m_4h_1d,long
1,2022-12-13 12:00:00,2022-12-13 15:30:00,1.05437,1.0570878571428572,tp,1090.4295430093919,7,C_30m_4h_1d,long
1,2022-12-13 22:00:00,2022-12-15 16:00:00,1.06368,1.0705692857142857,tp,1108.6033687262807,84,C_30m_4h_1d,long
1,2022-12-16 08:30:00,2022-12-16 09:30:00,1.0651199999999998,1.0639467857142857,sl,-676.2480549230098,2,C_30m_4h_1d,long
1,2022-12-16 11:00:00,2022-12-16 11:00:00,1.06561,1.0638346428571428,sl,-669.4855743737797,0,C_30m_4h_1d,long
1,2022-12-16 20:30:00,2022-12-19 00:00:00,1.06106,1.0584446428571428,sl,-662.7907186300419,7,C_30m_4h_1d,long
1,2022-12-19 02:30:00,2022-12-19 08:30:00,1.05962,1.0622967857142855,tp,1093.6046857394479,12,C_30m_4h_1d,long
1,2022-12-19 16:30:00,2022-12-19 17:30:00,1.06104,1.0587332142857144,sl,-667.0988583011359,2,C_30m_4h_1d,long
1,2022-12-19 18:30:00,2022-12-20 07:30:00,1.0612,1.0586660714285714,sl,-660.4278697181246,26,C_30m_4h_1d,long
1,2022-12-20 08:30:00,2022-12-20 11:30:00,1.06,1.0635678571428573,tp,1089.705985034883,6,C_30m_4h_1d,long
1,2022-12-20 17:00:00,2022-12-20 20:00:00,1.06362,1.0609607142857143,sl,-664.7206508712922,6,C_30m_4h_1d,long
1,2022-12-21 08:00:00,2022-12-21 09:30:00,1.06182,1.0633807142857143,tp,1096.7890739376319,3,C_30m_4h_1d,long
1,2022-12-21 14:30:00,2022-12-21 17:00:00,1.062,1.0600339285714286,sl,-669.0413351019555,5,C_30m_4h_1d,long
1,2022-12-21 17:30:00,2022-12-21 19:00:00,1.06189,1.0594471428571428,sl,-662.350921750936,3,C_30m_4h_1d,long
1,2022-12-22 12:00:00,2022-12-22 12:30:00,1.0647,1.0628442857142857,sl,-655.7274125334266,1,C_30m_4h_1d,long
1,2022-12-22 15:00:00,2022-12-22 15:30:00,1.06375,1.0614914285714285,sl,-649.1701384080923,1,C_30m_4h_1d,long
1,2022-12-22 22:00:00,2022-12-23 09:30:00,1.05932,1.0630575,tp,1071.1307283733731,23,C_30m_4h_1d,long
1,2022-12-23 12:00:00,2022-12-23 15:30:00,1.06104,1.0596407142857143,sl,-653.389744307745,7,C_30m_4h_1d,long
1,2022-12-23 17:00:00,2022-12-27 04:00:00,1.0613,1.0654071428571426,tp,1078.0930781077793,52,C_30m_4h_1d,long
1,2022-12-27 08:00:00,2022-12-27 10:00:00,1.06562,1.0643010714285714,sl,-657.6367776457454,4,C_30m_4h_1d,long
1,2022-12-27 10:30:00,2022-12-27 14:30:00,1.06564,1.064010357142857,sl,-651.0604098692878,8,C_30m_4h_1d,long
1,2022-12-27 17:30:00,2022-12-28 02:00:00,1.06497,1.0628678571428571,sl,-644.5498057705951,17,C_30m_4h_1d,long
1,2022-12-28 03:30:00,2022-12-28 14:30:00,1.06385,1.0657535714285713,tp,1063.507179521523,22,C_30m_4h_1d,long
1,2022-12-28 20:00:00,2022-12-29 00:00:00,1.06297,1.0606246428571429,sl,-648.7393795081043,8,C_30m_4h_1d,long
1,2022-12-29 07:00:00,2022-12-29 08:30:00,1.06257,1.0615585714285716,sl,-642.2519857130234,3,C_30m_4h_1d,long
1,2022-12-29 10:00:00,2022-12-29 10:00:00,1.0624,1.0640482142857142,tp,1059.7157764263457,0,C_30m_4h_1d,long
1,2022-12-29 17:30:00,2022-12-29 19:30:00,1.06527,1.0690199999999999,tp,1077.3777060336367,4,C_30m_4h_1d,long
1,2022-12-30 10:00:00,2022-12-30 10:30:00,1.06515,1.0670196428571428,tp,1095.3340011340247,1,C_30m_4h_1d,long
1,2022-12-30 18:00:00,2023-01-03 09:30:00,1.0672899999999998,1.0643232142857142,sl,-668.1537406918331,65,C_30m_4h_1d,long
-1,2023-01-03 19:00:00,2023-01-04 09:00:00,1.05576,1.058595,sl,-661.4722032849147,28,C_30m_4h_1d,short
1,2023-01-05 05:00:00,2023-01-05 06:30:00,1.0617999999999999,1.060380357142857,sl,-654.8574812520656,3,C_30m_4h_1d,long
1,2023-01-05 08:00:00,2023-01-05 09:30:00,1.06113,1.0597478571428571,sl,-648.3089064395449,3,C_30m_4h_1d,long
1,2023-01-05 14:00:00,2023-01-05 15:00:00,1.06117,1.059319642857143,sl,-641.8258173751494,2,C_30m_4h_1d,long
-1,2023-01-05 23:00:00,2023-01-06 14:00:00,1.05204,1.04844,tp,1059.0125986690402,30,C_30m_4h_1d,short
1,2023-01-09 02:00:00,2023-01-09 08:00:00,1.06629,1.0684042857142857,tp,1076.6628086468515,12,C_30m_4h_1d,long
1,2023-01-09 08:30:00,2023-01-09 11:30:00,1.0679999999999998,1.066578214285714,sl,-656.7643132745568,6,C_30m_4h_1d,long
1,2023-01-09 13:30:00,2023-01-09 15:00:00,1.06847,1.0717842857142859,tp,1083.6611169030427,3,C_30m_4h_1d,long
1,2023-01-10 10:00:00,2023-01-10 14:30:00,1.07324,1.0718299999999998,sl,-661.0332813108415,9,C_30m_4h_1d,long
1,2023-01-10 16:30:00,2023-01-10 17:30:00,1.0745,1.0724717857142858,sl,-654.4229484977332,2,C_30m_4h_1d,long
1,2023-01-11 01:30:00,2023-01-11 09:00:00,1.07364,1.0756882142857143,tp,1079.7978650212206,15,C_30m_4h_1d,long
1,2023-01-11 11:30:00,2023-01-11 14:00:00,1.07472,1.0731257142857142,sl,-658.6766976629681,5,C_30m_4h_1d,long
1,2023-01-11 15:00:00,2023-01-11 16:30:00,1.07413,1.0772175,tp,1086.8165511438453,3,C_30m_4h_1d,long
1,2023-01-11 21:00:00,2023-01-12 15:00:00,1.0753899999999998,1.0795132142857142,tp,1104.9301603296483,36,C_30m_4h_1d,long
1,2023-01-13 01:30:00,2023-01-13 04:00:00,1.08585,1.0839975,sl,-674.0073978010734,5,C_30m_4h_1d,long
1,2023-01-13 08:30:00,2023-01-13 10:30:00,1.08398,1.0864085714285714,tp,1112.1122063718049,4,C_30m_4h_1d,long
1,2023-01-16 02:30:00,2023-01-16 03:30:00,1.0832,1.085367857142857,tp,1130.6474098113783,2,C_30m_4h_1d,long
1,2023-01-17 05:30:00,2023-01-17 12:00:00,1.0823,1.0810678571428571,sl,-689.6949199848946,13,C_30m_4h_1d,long
1,2023-01-17 13:00:00,2023-01-17 14:30:00,1.08223,1.0852121428571428,tp,1137.9966179751327,3,C_30m_4h_1d,long
1,2023-01-18 03:30:00,2023-01-18 04:30:00,1.07879,1.0776521428571428,sl,-694.1779369647969,2,C_30m_4h_1d,long
1,2023-01-18 08:00:00,2023-01-18 09:00:00,1.0779999999999998,1.0804375,tp,1145.3935959918454,2,C_30m_4h_1d,long
1,2023-01-18 16:00:00,2023-01-18 17:30:00,1.0858999999999999,1.0827221428571427,sl,-698.6900935550674,3,C_30m_4h_1d,long
1,2023-01-19 19:00:00,2023-01-20 10:00:00,1.0809499999999999,1.0852857142857142,tp,1152.8386543658416,30,C_30m_4h_1d,long
1,2023-01-20 17:00:00,2023-01-23 00:00:00,1.08222,1.0859396428571428,tp,1172.0526319386252,14,C_30m_4h_1d,long
1,2023-01-23 10:00:00,2023-01-23 10:00:00,1.09148,1.0895782142857142,sl,-714.9521054825615,0,C_30m_4h_1d,long
1,2023-01-23 11:00:00,2023-01-23 13:30:00,1.09005,1.0881182142857142,sl,-707.8025844277358,5,C_30m_4h_1d,long
1,2023-01-24 07:30:00,2023-01-24 09:30:00,1.08802,1.0892860714285715,tp,1167.8742643059009,4,C_30m_4h_1d,long
1,2023-01-24 14:30:00,2023-01-24 15:00:00,1.08747,1.0855735714285715,sl,-712.4033012265176,1,C_30m_4h_1d,long
1,2023-01-25 03:00:00,2023-01-25 08:00:00,1.08877,1.0905271428571428,tp,1175.465447023754,10,C_30m_4h_1d,long
1,2023-01-25 15:00:00,2023-01-25 17:00:00,1.08745,1.0909767857142858,tp,1195.0565378074582,4,C_30m_4h_1d,long
1,2023-01-26 01:30:00,2023-01-26 03:00:00,1.0921399999999999,1.0908082142857143,sl,-728.9844880625645,3,C_30m_4h_1d,long
1,2023-01-26 06:30:00,2023-01-26 11:00:00,1.0916,1.0905596428571427,sl,-721.6946431819389,9,C_30m_4h_1d,long
1,2023-01-26 13:00:00,2023-01-26 14:00:00,1.09074,1.0893342857142858,sl,-714.4776967501195,2,C_30m_4h_1d,long
1,2023-01-27 18:30:00,2023-01-30 11:30:00,1.08575,1.0896678571428573,tp,1178.888199637675,34,C_30m_4h_1d,long
1,2023-01-31 23:00:00,2023-02-01 04:00:00,1.0872899999999999,1.0854289285714285,sl,-719.1218017789951,10,C_30m_4h_1d,long
1,2023-02-01 05:30:00,2023-02-01 07:30:00,1.08602,1.0874432142857144,tp,1186.5509729354035,4,C_30m_4h_1d,long
1,2023-02-01 15:30:00,2023-02-01 21:30:00,1.0901399999999999,1.0928667857142855,tp,1206.3268224841997,12,C_30m_4h_1d,long
1,2023-02-01 22:00:00,2023-02-02 01:00:00,1.09787,1.1028985714285715,tp,1226.4322695257229,6,C_30m_4h_1d,long
1,2023-02-02 07:30:00,2023-02-02 08:30:00,1.1024699999999998,1.1009142857142855,sl,-748.1236844106585,2,C_30m_4h_1d,long
1,2023-02-02 13:30:00,2023-02-02 15:00:00,1.09964,1.097702857142857,sl,-740.6424475665518,3,C_30m_4h_1d,long
1,2023-02-03 06:00:00,2023-02-03 09:30:00,1.08945,1.0886078571428572,sl,-733.2360230908863,7,C_30m_4h_1d,long
-1,2023-02-06 02:30:00,2023-02-06 12:30:00,1.07856,1.0760725,tp,1209.8394380998545,20,C_30m_4h_1d,short
-1,2023-02-06 16:00:00,2023-02-06 17:30:00,1.07575,1.0723321428571428,tp,1230.0034287349868,3,C_30m_4h_1d,short
-1,2023-02-07 01:00:00,2023-02-07 03:30:00,1.07253,1.0739239285714286,sl,-750.3020915283257,5,C_30m_4h_1d,short
-1,2023-02-08 07:30:00,2023-02-08 08:30:00,1.07281,1.0736992857142857,sl,-742.7990706130425,2,C_30m_4h_1d,short
-1,2023-02-08 09:00:00,2023-02-08 09:00:00,1.07266,1.0736060714285713,sl,-735.3710799069122,0,C_30m_4h_1d,short
-1,2023-02-08 21:30:00,2023-02-09 10:00:00,1.0725900000000002,1.0744992857142859,sl,-728.0173691078431,25,C_30m_4h_1d,short
-1,2023-02-10 02:30:00,2023-02-10 03:00:00,1.07268,1.073859642857143,sl,-720.7371954167647,1,C_30m_4h_1d,short
-1,2023-02-10 04:00:00,2023-02-10 09:00:00,1.0732300000000001,1.0742639285714288,sl,-713.5298234625972,10,C_30m_4h_1d,short
-1,2023-02-10 11:30:00,2023-02-10 14:30:00,1.0719100000000001,1.0689760714285717,tp,1177.3242087133149,6,C_30m_4h_1d,short
-1,2023-02-13 01:30:00,2023-02-13 03:00:00,1.06753,1.0659889285714286,tp,1196.9462788586795,3,C_30m_4h_1d,short
-1,2023-02-13 10:30:00,2023-02-13 14:00:00,1.06753,1.0687310714285716,sl,-730.1372301036912,7,C_30m_4h_1d,short
-1,2023-02-14 22:30:00,2023-02-15 16:00:00,1.0735400000000002,1.0669935714285717,tp,1204.7264296710769,35,C_30m_4h_1d,short
-1,2023-02-16 03:00:00,2023-02-16 03:30:00,1.06887,1.0699221428571428,sl,-734.883122099365,1,C_30m_4h_1d,short
-1,2023-02-16 22:30:00,2023-02-17 06:30:00,1.06722,1.0632860714285717,tp,1212.5571514639753,16,C_30m_4h_1d,short
-1,2023-02-17 13:30:00,2023-02-17 16:00:00,1.06315,1.0648225,sl,-739.6598623930112,5,C_30m_4h_1d,short
1,2023-02-20 04:30:00,2023-02-20 09:30:00,1.06827,1.0699289285714286,tp,1220.4387729484686,10,C_30m_4h_1d,long
-1,2023-02-20 19:30:00,2023-02-20 23:30:00,1.06864,1.06859,flip,29.592694835324952,8,C_30m_4h_1d,short
1,2023-02-21 00:00:00,2023-02-21 01:30:00,1.06843,1.06817,flip,-319.8748584715656,3,C_30m_4h_1d,long
-1,2023-02-21 02:00:00,2023-02-21 03:00:00,1.06817,1.0673182142857143,tp,1235.9413831037798,2,C_30m_4h_1d,short
-1,2023-02-21 09:30:00,2023-02-21 10:00:00,1.0661,1.0671607142857142,sl,-753.9242436932414,1,C_30m_4h_1d,short
-1,2023-02-21 11:00:00,2023-02-21 11:30:00,1.0659800000000001,1.067259285714286,sl,-746.3850012563089,1,C_30m_4h_1d,short
1,2023-02-21 13:30:00,2023-02-21 15:30:00,1.0656299999999999,1.0652300000000001,flip,-154.45906856895402,4,C_30m_4h_1d,long
-1,2023-02-21 16:00:00,2023-02-21 17:00:00,1.0652300000000001,1.0674478571428572,sl,-737.3765605580564,2,C_30m_4h_1d,short
-1,2023-02-21 19:00:00,2023-02-22 21:00:00,1.06556,1.0612635714285716,tp,1216.67132492073,52,C_30m_4h_1d,short
-1,2023-02-23 07:30:00,2023-02-23 08:00:00,1.06165,1.0624117857142856,sl,-742.169508201683,1,C_30m_4h_1d,short
-1,2023-02-23 17:00:00,2023-02-24 14:00:00,1.06064,1.0572203571428571,tp,1224.5796885328302,42,C_30m_4h_1d,short
-1,2023-02-24 19:00:00,2023-02-27 12:30:00,1.05434,1.0567228571428573,sl,-746.9936100049946,35,C_30m_4h_1d,short
1,2023-03-02 11:00:00,2023-03-02 11:30:00,1.06392,1.0627446428571428,sl,-739.5236739049446,1,C_30m_4h_1d,long
-1,2023-03-02 13:00:00,2023-03-02 13:30:00,1.06134,1.0628260714285713,sl,-732.1284371658952,1,C_30m_4h_1d,short
-1,2023-03-02 15:00:00,2023-03-02 20:30:00,1.06054,1.0593599999999999,flip,467.361989233514,11,C_30m_4h_1d,short
1,2023-03-02 21:00:00,2023-03-03 00:00:00,1.0593599999999999,1.05949,flip,43.730402051758844,6,C_30m_4h_1d,long
-1,2023-03-03 00:30:00,2023-03-03 02:30:00,1.05949,1.0609953571428572,sl,-729.918076707089,4,C_30m_4h_1d,short
-1,2023-03-03 05:00:00,2023-03-03 07:30:00,1.06019,1.0611875,sl,-722.618895940018,5,C_30m_4h_1d,short
1,2023-03-07 00:00:00,2023-03-07 11:00:00,1.06825,1.0667028571428572,sl,-715.3927069806178,22,C_30m_4h_1d,long
1,2023-03-07 13:30:00,2023-03-07 14:00:00,1.06689,1.0653771428571428,sl,-708.2387799108116,1,C_30m_4h_1d,long
-1,2023-03-08 04:30:00,2023-03-08 07:00:00,1.05392,1.0524878571428573,tp,1168.593986852658,5,C_30m_4h_1d,short
-1,2023-03-08 07:30:00,2023-03-08 09:00:00,1.05309,1.0540692857142857,sl,-712.8423319802301,3,C_30m_4h_1d,short
-1,2023-03-08 12:00:00,2023-03-08 14:30:00,1.0535,1.0547835714285716,sl,-705.7139086604279,5,C_30m_4h_1d,short
-1,2023-03-08 15:30:00,2023-03-08 16:30:00,1.0538,1.0552378571428571,sl,-698.6567695738236,2,C_30m_4h_1d,short
-1,2023-03-08 19:00:00,2023-03-09 11:30:00,1.05473,1.0567882142857141,sl,-691.6702018780853,33,C_30m_4h_1d,short
-1,2023-03-09 12:00:00,2023-03-09 13:00:00,1.0558,1.0569678571428571,sl,-684.7534998593045,2,C_30m_4h_1d,short
1,2023-03-14 16:30:00,2023-03-15 11:30:00,1.07213,1.0692585714285714,sl,-677.9059648607114,38,C_30m_4h_1d,long
-1,2023-03-15 23:30:00,2023-03-16 06:30:00,1.05768,1.0602396428571428,sl,-671.1269052121044,14,C_30m_4h_1d,short
1,2023-03-20 00:30:00,2023-03-20 09:00:00,1.06768,1.0657835714285713,sl,-664.4156361599833,17,C_30m_4h_1d,long
1,2023-03-20 09:30:00,2023-03-20 10:00:00,1.0668199999999999,1.065053214285714,sl,-657.7714797983834,1,C_30m_4h_1d,long
1,2023-03-20 11:00:00,2023-03-20 13:00:00,1.0662,1.0699571428571428,tp,1085.3229416672898,4,C_30m_4h_1d,long
1,2023-03-20 23:00:00,2023-03-21 06:30:00,1.07237,1.0709846428571428,sl,-662.0469944170725,15,C_30m_4h_1d,long
1,2023-03-21 08:00:00,2023-03-21 08:00:00,1.07164,1.070820357142857,sl,-655.4265244729016,0,C_30m_4h_1d,long
1,2023-03-21 09:30:00,2023-03-21 10:00:00,1.07159,1.0731667857142857,tp,1081.4537653802877,1,C_30m_4h_1d,long
1,2023-03-21 22:00:00,2023-03-22 14:00:00,1.07701,1.0798689285714287,tp,1099.4779948032924,32,C_30m_4h_1d,long
1,2023-03-22 15:30:00,2023-03-22 20:00:00,1.0786499999999999,1.0812857142857142,tp,1117.8026280499828,9,C_30m_4h_1d,long
1,2023-03-23 14:30:00,2023-03-23 19:30:00,1.08891,1.0865110714285715,sl,-681.859603110508,10,C_30m_4h_1d,long
1,2023-03-27 06:00:00,2023-03-27 09:00:00,1.0770199999999999,1.075877857142857,sl,-675.0410070794032,6,C_30m_4h_1d,long
1,2023-03-27 10:00:00,2023-03-27 10:30:00,1.0764099999999999,1.0752217857142856,sl,-668.2905970086091,1,C_30m_4h_1d,long
1,2023-03-27 11:30:00,2023-03-27 20:30:00,1.07693,1.0795317857142857,tp,1102.6794850642048,18,C_30m_4h_1d,long
1,2023-03-28 02:00:00,2023-03-28 03:30:00,1.07996,1.0812367857142857,tp,1121.0574764820715,3,C_30m_4h_1d,long
1,2023-03-28 10:30:00,2023-03-28 11:30:00,1.08252,1.0813092857142856,sl,-683.8450606539856,2,C_30m_4h_1d,long
1,2023-03-28 12:30:00,2023-03-28 15:00:00,1.08161,1.0837742857142858,tp,1128.3443500789992,5,C_30m_4h_1d,long
1,2023-03-28 18:00:00,2023-03-29 14:30:00,1.08327,1.0863807142857143,tp,1147.1500892471145,41,C_30m_4h_1d,long
1,2023-03-29 17:00:00,2023-03-29 17:30:00,1.08474,1.0826282142857144,sl,-699.761554440707,1,C_30m_4h_1d,long
1,2023-03-29 20:30:00,2023-03-30 11:30:00,1.08359,1.087165,tp,1154.6065648272145,30,C_30m_4h_1d,long
1,2023-03-30 22:00:00,2023-03-31 09:00:00,1.0906099999999999,1.088995357142857,sl,-704.3100045445722,22,C_30m_4h_1d,long
1,2023-03-31 10:00:00,2023-03-31 10:00:00,1.09046,1.0892171428571429,sl,-697.2669044991266,0,C_30m_4h_1d,long
1,2023-04-03 17:30:00,2023-04-03 17:30:00,1.09099,1.08865,sl,-690.2942354541352,0,C_30m_4h_1d,long
1,2023-04-03 21:30:00,2023-04-04 10:30:00,1.08979,1.0933578571428573,tp,1138.9854884992994,26,C_30m_4h_1d,long
1,2023-04-04 17:30:00,2023-04-05 17:00:00,1.09562,1.0929253571428572,sl,-694.7811479845868,47,C_30m_4h_1d,long
1,2023-04-06 17:30:00,2023-04-07 15:30:00,1.09141,1.0894525,sl,-687.833336504741,44,C_30m_4h_1d,long
1,2023-04-07 17:30:00,2023-04-07 22:30:00,1.09138,1.0900342857142857,sl,-680.9550031396936,10,C_30m_4h_1d,long
1,2023-04-10 01:30:00,2023-04-10 04:30:00,1.09082,1.0899349999999999,sl,-674.1454531082967,6,C_30m_4h_1d,long
1,2023-04-10 09:00:00,2023-04-10 10:30:00,1.09001,1.0913385714285713,tp,1112.3399976285034,3,C_30m_4h_1d,long
1,2023-04-11 10:30:00,2023-04-11 12:30:00,1.08989,1.0919060714285715,tp,1130.878997589206,4,C_30m_4h_1d,long
1,2023-04-11 16:30:00,2023-04-11 19:00:00,1.09212,1.090254642857143,sl,-689.8361885293906,5,C_30m_4h_1d,long
1,2023-04-11 21:00:00,2023-04-12 08:30:00,1.0911199999999999,1.0935217857142856,tp,1138.2297110734246,23,C_30m_4h_1d,long
1,2023-04-12 12:00:00,2023-04-12 15:30:00,1.0924099999999999,1.0945117857142856,tp,1157.2002062580516,7,C_30m_4h_1d,long
1,2023-04-13 02:00:00,2023-04-13 06:00:00,1.09954,1.0986592857142856,sl,-705.8921258174116,8,C_30m_4h_1d,long
1,2023-04-13 10:30:00,2023-04-13 11:00:00,1.10001,1.1019153571428573,tp,1164.722007598729,1,C_30m_4h_1d,long
1,2023-04-13 21:00:00,2023-04-14 15:30:00,1.10533,1.1034517857142856,sl,-710.4804246352248,37,C_30m_4h_1d,long
1,2023-04-17 13:00:00,2023-04-17 15:30:00,1.09814,1.0968274999999998,sl,-703.3756203888724,5,C_30m_4h_1d,long
1,2023-04-17 20:30:00,2023-04-18 10:00:00,1.09222,1.0954021428571428,tp,1160.5697736416125,27,C_30m_4h_1d,long
1,2023-04-18 18:30:00,2023-04-19 09:00:00,1.09649,1.0946889285714285,sl,-707.9475619213999,29,C_30m_4h_1d,long
1,2023-04-19 10:30:00,2023-04-19 10:30:00,1.0972,1.0959496428571427,sl,-700.8680863021858,0,C_30m_4h_1d,long
1,2023-04-20 00:00:00,2023-04-20 11:00:00,1.09551,1.0976367857142857,tp,1156.4323423986873,22,C_30m_4h_1d,long
1,2023-04-20 13:00:00,2023-04-20 15:00:00,1.0962399999999999,1.094713214285714,sl,-705.4237288631509,4,C_30m_4h_1d,long
1,2023-04-20 16:00:00,2023-04-21 09:00:00,1.09782,1.0953825000000001,sl,-698.3694915745194,34,C_30m_4h_1d,long
1,2023-04-21 11:00:00,2023-04-21 14:00:00,1.09569,1.0973882142857143,tp,1152.3096610979069,6,C_30m_4h_1d,long
1,2023-04-21 17:30:00,2023-04-24 12:00:00,1.0974899999999999,1.101495357142857,tp,1171.5148221162774,37,C_30m_4h_1d,long
1,2023-04-25 01:00:00,2023-04-25 03:30:00,1.10465,1.1061767857142857,tp,1191.0400691515847,5,C_30m_4h_1d,long
1,2023-04-25 09:30:00,2023-04-25 10:00:00,1.10543,1.1044507142857143,sl,-726.5344421824319,1,C_30m_4h_1d,long
1,2023-04-25 12:00:00,2023-04-25 13:00:00,1.10404,1.102729642857143,sl,-719.2690977606078,2,C_30m_4h_1d,long
1,2023-04-25 15:30:00,2023-04-25 16:00:00,1.10269,1.1010175,sl,-712.0764067830016,1,C_30m_4h_1d,long
1,2023-04-26 05:00:00,2023-04-26 09:00:00,1.09761,1.09936,tp,1174.926071191903,8,C_30m_4h_1d,long
1,2023-04-26 16:30:00,2023-04-26 17:30:00,1.10884,1.1060746428571429,sl,-716.7049034270906,2,C_30m_4h_1d,long
1,2023-04-26 22:00:00,2023-04-27 15:30:00,1.10394,1.1014199999999998,sl,-709.5378543928199,35,C_30m_4h_1d,long
1,2023-05-01 06:00:00,2023-05-01 09:00:00,1.10087,1.1000385714285714,sl,-702.4424758488915,6,C_30m_4h_1d,long
1,2023-05-02 14:30:00,2023-05-02 16:00:00,1.09721,1.0949364285714287,sl,-695.4180510904027,3,C_30m_4h_1d,long
1,2023-05-03 02:00:00,2023-05-03 03:30:00,1.10067,1.1019414285714286,tp,1147.4397842992978,3,C_30m_4h_1d,long
1,2023-05-03 10:00:00,2023-05-03 17:00:00,1.10314,1.1048435714285714,tp,1166.5637807041019,14,C_30m_4h_1d,long
1,2023-05-03 17:30:00,2023-05-03 21:00:00,1.1046,1.107494642857143,tp,1186.0065103825543,7,C_30m_4h_1d,long
1,2023-05-04 08:30:00,2023-05-04 09:30:00,1.10843,1.1073714285714287,sl,-723.463971333358,2,C_30m_4h_1d,long
1,2023-05-05 13:30:00,2023-05-05 14:30:00,1.10313,1.1018239285714286,sl,-716.2293316200246,2,C_30m_4h_1d,long
1,2023-05-08 01:00:00,2023-05-08 08:00:00,1.10215,1.1044375,tp,1181.7783971730403,14,C_30m_4h_1d,long
1,2023-05-08 11:00:00,2023-05-08 11:30:00,1.10499,1.1040439285714285,sl,-720.8848222755546,1,C_30m_4h_1d,long
1,2023-05-08 14:30:00,2023-05-08 14:30:00,1.10465,1.1033021428571428,sl,-713.6759740527991,0,C_30m_4h_1d,long
1,2023-05-08 15:30:00,2023-05-08 17:30:00,1.10394,1.1023810714285713,sl,-706.5392143122713,4,C_30m_4h_1d,long
1,2023-05-08 19:30:00,2023-05-08 21:00:00,1.10274,1.1011767857142858,sl,-699.4738221691485,3,C_30m_4h_1d,long
1,2023-05-09 12:30:00,2023-05-09 14:30:00,1.09838,1.0972185714285714,sl,-692.479083947457,4,C_30m_4h_1d,long
-1,2023-05-09 18:00:00,2023-05-09 21:00:00,1.09554,1.097052857142857,sl,-685.5542931079824,6,C_30m_4h_1d,short
-1,2023-05-09 23:00:00,2023-05-10 06:00:00,1.0962100000000001,1.0975900000000003,sl,-678.6987501769025,14,C_30m_4h_1d,short
-1,2023-05-10 08:00:00,2023-05-10 10:00:00,1.0971600000000001,1.097942142857143,sl,-671.9117626751336,4,C_30m_4h_1d,short
-1,2023-05-10 11:00:00,2023-05-10 14:00:00,1.0964,1.0947589285714285,tp,1108.6544084139202,6,C_30m_4h_1d,short
-1,2023-05-11 03:00:00,2023-05-11 03:30:00,1.0982100000000001,1.099022142857143,sl,-676.2791891325213,1,C_30m_4h_1d,short
1,2023-05-11 08:30:00,2023-05-11 09:00:00,1.0978999999999999,1.0970139285714284,sl,-669.5163972411962,1,C_30m_4h_1d,long
-1,2023-05-11 17:00:00,2023-05-11 17:30:00,1.0901,1.0920060714285715,sl,-662.8212332687841,1,C_30m_4h_1d,short
-1,2023-05-11 19:00:00,2023-05-12 09:30:00,1.0915000000000001,1.0933214285714288,sl,-656.1930209360963,29,C_30m_4h_1d,short
-1,2023-05-15 12:00:00,2023-05-15 13:30:00,1.0868,1.0877932142857143,sl,-649.6310907267354,3,C_30m_4h_1d,short
-1,2023-05-16 02:30:00,2023-05-16 03:00:00,1.08739,1.0878753571428572,sl,-643.134779819468,1,C_30m_4h_1d,short
-1,2023-05-16 23:00:00,2023-05-17 10:00:00,1.08622,1.083968214285714,tp,1061.1723867022267,22,C_30m_4h_1d,short
-1,2023-05-17 15:00:00,2023-05-17 19:30:00,1.0824500000000001,1.0842607142857144,sl,-647.3151558882956,9,C_30m_4h_1d,short
-1,2023-05-17 22:00:00,2023-05-18 10:30:00,1.0837,1.0809214285714286,tp,1068.0700072157163,25,C_30m_4h_1d,short
-1,2023-05-18 16:00:00,2023-05-19 04:30:00,1.0789600000000001,1.0760278571428572,tp,1085.8711740026986,25,C_30m_4h_1d,short
-1,2023-05-22 22:30:00,2023-05-23 10:00:00,1.08153,1.0787675,tp,1103.9690269026023,23,C_30m_4h_1d,short
-1,2023-05-23 10:30:00,2023-05-23 10:30:00,1.07891,1.0799803571428572,sl,-673.4211064106229,0,C_30m_4h_1d,short
-1,2023-05-23 18:30:00,2023-05-24 11:00:00,1.07731,1.0791839285714286,sl,-666.6868953465167,33,C_30m_4h_1d,short
-1,2023-05-25 03:30:00,2023-05-25 09:00:00,1.0748900000000001,1.0730132142857145,tp,1100.033377321666,11,C_30m_4h_1d,short
-1,2023-05-25 12:00:00,2023-05-25 12:30:00,1.07223,1.073492142857143,sl,-671.0203601662682,1,C_30m_4h_1d,short
-1,2023-05-25 14:00:00,2023-05-25 15:00:00,1.07221,1.0736275000000002,sl,-664.3101565646056,2,C_30m_4h_1d,short
-1,2023-05-25 16:00:00,2023-05-26 05:00:00,1.0717700000000001,1.0734746428571431,sl,-657.6670549989595,26,C_30m_4h_1d,short
-1,2023-05-26 09:00:00,2023-05-26 10:30:00,1.0736700000000001,1.0744210714285716,sl,-651.09038444897,3,C_30m_4h_1d,short
-1,2023-05-26 16:00:00,2023-05-26 17:30:00,1.07414,1.0711775000000001,tp,1074.2991343408003,3,C_30m_4h_1d,short
-1,2023-05-29 00:00:00,2023-05-29 04:00:00,1.07172,1.0730089285714286,sl,-655.3224719478882,8,C_30m_4h_1d,short
-1,2023-05-29 10:00:00,2023-05-29 11:00:00,1.0736,1.072344642857143,tp,1081.2820787139517,2,C_30m_4h_1d,short
-1,2023-05-29 21:30:00,2023-05-30 03:00:00,1.07109,1.0717189285714286,sl,-659.5820680155489,11,C_30m_4h_1d,short
-1,2023-05-30 06:30:00,2023-05-30 08:00:00,1.07077,1.0691092857142859,tp,1088.3104122255586,3,C_30m_4h_1d,short
-1,2023-05-30 16:00:00,2023-05-31 08:30:00,1.0721800000000001,1.0688157142857144,tp,1106.4489190960815,33,C_30m_4h_1d,short
-1,2023-05-31 17:30:00,2023-05-31 17:30:00,1.06637,1.0681367857142856,sl,-674.9338406486098,0,C_30m_4h_1d,short
-1,2023-06-01 15:30:00,2023-06-01 15:30:00,1.06914,1.0710321428571428,sl,-668.1845022421237,0,C_30m_4h_1d,short
-1,2023-06-05 01:30:00,2023-06-05 03:00:00,1.07061,1.0690867857142858,tp,1102.5044286994507,3,C_30m_4h_1d,short
-1,2023-06-05 08:30:00,2023-06-05 08:30:00,1.06951,1.0703339285714286,sl,-672.5277015066971,0,C_30m_4h_1d,short
-1,2023-06-05 09:30:00,2023-06-05 15:30:00,1.0693000000000001,1.0677875000000001,tp,1109.6707074859958,12,C_30m_4h_1d,short
-1,2023-06-05 20:30:00,2023-06-06 08:00:00,1.07077,1.072500357142857,sl,-676.8991315664902,23,C_30m_4h_1d,short
-1,2023-06-06 10:00:00,2023-06-06 10:30:00,1.0723500000000001,1.0709250000000001,tp,1116.8835670846506,1,C_30m_4h_1d,short
-1,2023-06-06 20:30:00,2023-06-07 03:00:00,1.06848,1.0701235714285715,sl,-681.2989759216716,13,C_30m_4h_1d,short
-1,2023-06-07 05:00:00,2023-06-07 08:00:00,1.06958,1.0685371428571426,tp,1124.1433102710776,6,C_30m_4h_1d,short
-1,2023-06-08 02:30:00,2023-06-08 02:30:00,1.06969,1.0704903571428572,sl,-685.7274192651656,0,C_30m_4h_1d,short
-1,2023-06-08 06:00:00,2023-06-08 07:30:00,1.0706,1.0713017857142857,sl,-678.870145072514,3,C_30m_4h_1d,short
-1,2023-06-08 09:00:00,2023-06-08 09:30:00,1.07097,1.0717649999999999,sl,-672.0814436217888,1,C_30m_4h_1d,short
1,2023-06-09 01:00:00,2023-06-09 09:00:00,1.07825,1.0773992857142856,sl,-665.3606291855709,16,C_30m_4h_1d,long
1,2023-06-13 09:30:00,2023-06-13 15:30:00,1.07948,1.0784546428571429,sl,-658.7070228937152,12,C_30m_4h_1d,long
1,2023-06-13 16:00:00,2023-06-13 16:00:00,1.08148,1.0798032142857144,sl,-652.119952664778,0,C_30m_4h_1d,long
1,2023-06-13 18:00:00,2023-06-14 08:30:00,1.08026,1.0781717857142858,sl,-645.5987531381303,29,C_30m_4h_1d,long
1,2023-06-14 09:30:00,2023-06-14 11:30:00,1.0786499999999999,1.080080357142857,tp,1065.2379426778598,4,C_30m_4h_1d,long
1,2023-06-15 01:00:00,2023-06-15 04:30:00,1.0831199999999999,1.081055357142857,sl,-649.7951450335275,7,C_30m_4h_1d,long
1,2023-06-15 08:30:00,2023-06-15 09:30:00,1.08147,1.0804264285714285,sl,-643.2971935831923,2,C_30m_4h_1d,long
1,2023-06-15 15:30:00,2023-06-15 15:30:00,1.08435,1.0875214285714283,tp,1061.4403694121681,0,C_30m_4h_1d,long
1,2023-06-16 06:30:00,2023-06-16 09:00:00,1.0942399999999999,1.0955274999999998,tp,1079.1310422356173,5,C_30m_4h_1d,long
1,2023-06-19 05:30:00,2023-06-19 09:00:00,1.0940699999999999,1.0931314285714284,sl,-658.2699357638381,7,C_30m_4h_1d,long
1,2023-06-19 21:30:00,2023-06-20 10:00:00,1.09187,1.093500357142857,tp,1086.1453940103822,25,C_30m_4h_1d,long
1,2023-06-20 13:30:00,2023-06-20 15:30:00,1.09314,1.0916485714285715,sl,-662.5486903463036,4,C_30m_4h_1d,long
1,2023-06-20 19:30:00,2023-06-21 17:00:00,1.09089,1.0937185714285713,tp,1093.205339071401,43,C_30m_4h_1d,long
1,2023-06-22 03:00:00,2023-06-22 09:00:00,1.0992,1.0983942857142857,sl,-666.8552568335546,12,C_30m_4h_1d,long
1,2023-06-22 10:30:00,2023-06-22 13:00:00,1.09917,1.1005092857142855,tp,1100.3111737751826,5,C_30m_4h_1d,long
1,2023-06-26 00:30:00,2023-06-26 11:00:00,1.09012,1.0890057142857144,sl,-671.1898160029709,21,C_30m_4h_1d,long
1,2023-06-26 13:30:00,2023-06-27 04:30:00,1.09063,1.0926210714285713,tp,1107.4631964049431,30,C_30m_4h_1d,long
1,2023-06-27 09:30:00,2023-06-27 13:00:00,1.0927099999999998,1.094552857142857,tp,1125.920916345075,7,C_30m_4h_1d,long
1,2023-06-27 19:00:00,2023-06-28 09:30:00,1.09605,1.0939821428571428,sl,-686.8117589704414,29,C_30m_4h_1d,long
1,2023-06-28 10:30:00,2023-06-28 14:30:00,1.09486,1.0937960714285715,sl,-679.9436413807371,8,C_30m_4h_1d,long
1,2023-06-29 04:30:00,2023-06-29 04:30:00,1.09131,1.090617857142857,sl,-673.1442049669297,0,C_30m_4h_1d,long
1,2023-06-29 20:30:00,2023-06-30 11:00:00,1.08745,1.085185,sl,-666.4127629172605,29,C_30m_4h_1d,long
1,2023-07-03 04:30:00,2023-07-03 09:00:00,1.09067,1.0899714285714286,sl,-659.7486352880878,9,C_30m_4h_1d,long
1,2023-07-04 00:30:00,2023-07-04 05:30:00,1.09118,1.090259642857143,sl,-653.151148935207,10,C_30m_4h_1d,long
1,2023-07-04 09:30:00,2023-07-04 10:30:00,1.09082,1.0900271428571426,sl,-646.6196374458549,2,C_30m_4h_1d,long
-1,2023-07-06 04:00:00,2023-07-06 07:00:00,1.08484,1.0836042857142856,tp,1066.9224017856607,6,C_30m_4h_1d,short
-1,2023-07-06 11:30:00,2023-07-06 12:00:00,1.08519,1.086647142857143,sl,-650.822665089253,1,C_30m_4h_1d,short
-1,2023-07-06 15:30:00,2023-07-06 17:30:00,1.08783,1.0839996428571428,tp,1073.8573973972466,4,C_30m_4h_1d,short
1,2023-07-10 04:30:00,2023-07-10 04:30:00,1.09686,1.0959707142857142,sl,-655.0530124123329,0,C_30m_4h_1d,long
1,2023-07-10 16:30:00,2023-07-10 18:30:00,1.09606,1.09841,tp,1080.8374704804514,4,C_30m_4h_1d,long
1,2023-07-11 02:30:00,2023-07-11 05:30:00,1.10046,1.1014135714285713,tp,1098.8514283216898,6,C_30m_4h_1d,long
1,2023-07-11 08:00:00,2023-07-11 08:30:00,1.10204,1.1012964285714284,sl,-670.299371276231,1,C_30m_4h_1d,long
1,2023-07-11 13:30:00,2023-07-11 14:30:00,1.1007799999999999,1.0994342857142856,sl,-663.5963775634688,2,C_30m_4h_1d,long
1,2023-07-12 12:30:00,2023-07-12 14:30:00,1.10272,1.1017139285714284,sl,-656.960413787834,4,C_30m_4h_1d,long
1,2023-07-12 15:30:00,2023-07-12 15:30:00,1.1023,1.1042857142857145,tp,1083.9846827500876,0,C_30m_4h_1d,long
1,2023-07-13 03:00:00,2023-07-13 08:30:00,1.11409,1.1131835714285714,sl,-661.2306564774565,11,C_30m_4h_1d,long
1,2023-07-13 11:00:00,2023-07-13 15:00:00,1.1156,1.1179535714285715,tp,1091.0305831878034,8,C_30m_4h_1d,long
1,2023-07-13 18:00:00,2023-07-14 01:00:00,1.11964,1.1228882142857142,tp,1109.2144262409586,14,C_30m_4h_1d,long
1,2023-07-14 01:30:00,2023-07-14 03:00:00,1.12265,1.12145,sl,-676.6208000069695,3,C_30m_4h_1d,long
1,2023-07-14 05:00:00,2023-07-14 08:30:00,1.12334,1.1222471428571428,sl,-669.8545920068997,7,C_30m_4h_1d,long
1,2023-07-14 11:30:00,2023-07-14 13:30:00,1.12311,1.121732142857143,sl,-663.1560460868308,4,C_30m_4h_1d,long
1,2023-07-14 21:00:00,2023-07-17 05:00:00,1.12348,1.1216028571428571,sl,-656.5244856259624,13,C_30m_4h_1d,long
1,2023-07-17 05:30:00,2023-07-17 09:30:00,1.12249,1.1239292857142857,tp,1083.2654012828937,8,C_30m_4h_1d,long
1,2023-07-17 18:00:00,2023-07-18 08:30:00,1.12328,1.1260978571428573,tp,1101.319824637553,29,C_30m_4h_1d,long
1,2023-07-18 10:00:00,2023-07-18 10:30:00,1.12568,1.1243996428571428,sl,-671.8050930289073,1,C_30m_4h_1d,long
1,2023-07-18 13:30:00,2023-07-18 15:30:00,1.12512,1.1233714285714285,sl,-665.0870420986183,4,C_30m_4h_1d,long
1,2023-07-19 06:30:00,2023-07-19 09:00:00,1.12255,1.1216424999999999,sl,-658.436171677632,5,C_30m_4h_1d,long
1,2023-07-19 10:30:00,2023-07-19 13:30:00,1.1231499999999999,1.121653214285714,sl,-651.8518099608558,6,C_30m_4h_1d,long
1,2023-07-20 12:30:00,2023-07-20 15:00:00,1.1211,1.119837857142857,sl,-645.3332918612472,5,C_30m_4h_1d,long
1,2023-07-21 09:00:00,2023-07-21 09:30:00,1.11438,1.1135903571428571,sl,-638.8799589426347,1,C_30m_4h_1d,long
1,2023-07-21 15:30:00,2023-07-21 17:30:00,1.11228,1.1108292857142856,sl,-632.4911593532083,4,C_30m_4h_1d,long
1,2023-07-24 03:30:00,2023-07-24 04:00:00,1.11307,1.1122707142857142,sl,-626.1662477596763,1,C_30m_4h_1d,long
1,2023-07-24 05:30:00,2023-07-24 07:00:00,1.1130799999999998,1.112140357142857,sl,-619.9045852820796,3,C_30m_4h_1d,long
1,2023-07-24 09:00:00,2023-07-24 10:00:00,1.11326,1.1122882142857142,sl,-613.7055394292587,2,C_30m_4h_1d,long
-1,2023-07-28 06:30:00,2023-07-28 07:00:00,1.0981400000000001,1.0965560714285716,tp,1012.6141400583242,1,C_30m_4h_1d,short
-1,2023-07-28 09:30:00,2023-07-28 10:30:00,1.0981,1.0951357142857145,tp,1029.491042392531,2,C_30m_4h_1d,short
-1,2023-07-31 03:30:00,2023-07-31 11:30:00,1.10217,1.103192142857143,sl,-627.9895358594747,16,C_30m_4h_1d,short
-1,2023-08-01 03:30:00,2023-08-01 09:30:00,1.0992300000000002,1.0999885714285715,sl,-621.7096405008799,12,C_30m_4h_1d,short
-1,2023-08-01 10:30:00,2023-08-01 15:00:00,1.09756,1.09561,tp,1025.820906826413,9,C_30m_4h_1d,short
-1,2023-08-01 17:30:00,2023-08-02 00:00:00,1.09671,1.0985614285714287,sl,-625.7507531641353,13,C_30m_4h_1d,short
-1,2023-08-02 10:30:00,2023-08-02 15:30:00,1.0985500000000001,1.0963375000000002,tp,1032.4887427208575,10,C_30m_4h_1d,short
-1,2023-08-02 22:00:00,2023-08-03 19:30:00,1.09424,1.0962007142857144,sl,-629.8181330597025,43,C_30m_4h_1d,short
-1,2023-08-03 20:30:00,2023-08-04 15:30:00,1.0943800000000001,1.0969782142857145,sl,-623.5199517291055,38,C_30m_4h_1d,short
-1,2023-08-07 19:00:00,2023-08-07 20:30:00,1.0998400000000002,1.10065,flip,-303.8198389791672,3,C_30m_4h_1d,short
1,2023-08-07 21:00:00,2023-08-08 04:00:00,1.10065,1.0989335714285713,sl,-614.2465538220227,14,C_30m_4h_1d,long
-1,2023-08-08 10:30:00,2023-08-08 13:30:00,1.09816,1.0960153571428572,tp,1013.5068138062675,6,C_30m_4h_1d,short
-1,2023-08-08 23:00:00,2023-08-09 08:00:00,1.0956700000000001,1.097089642857143,sl,-618.2391564218652,18,C_30m_4h_1d,short
-1,2023-08-09 09:30:00,2023-08-09 10:00:00,1.09708,1.0980271428571429,sl,-612.0567648576466,1,C_30m_4h_1d,short
-1,2023-08-09 17:00:00,2023-08-09 17:00:00,1.09799,1.0995007142857143,sl,-605.9361972090702,0,C_30m_4h_1d,short
-1,2023-08-10 02:30:00,2023-08-10 07:00:00,1.09754,1.0983842857142858,sl,-599.8768352369794,9,C_30m_4h_1d,short
-1,2023-08-10 08:00:00,2023-08-10 09:00:00,1.09788,1.0986460714285713,sl,-593.8780668846097,2,C_30m_4h_1d,short
-1,2023-08-11 07:00:00,2023-08-11 09:00:00,1.09864,1.0994178571428572,sl,-587.9392862157636,4,C_30m_4h_1d,short
-1,2023-08-11 10:00:00,2023-08-11 11:30:00,1.099,1.0999632142857143,sl,-582.059893353606,3,C_30m_4h_1d,short
-1,2023-08-14 01:30:00,2023-08-14 10:30:00,1.09426,1.0953239285714287,sl,-576.2392944200699,18,C_30m_4h_1d,short
-1,2023-08-14 21:30:00,2023-08-15 12:30:00,1.0915700000000002,1.0937235714285716,sl,-570.4769014758692,30,C_30m_4h_1d,short
-1,2023-08-16 22:00:00,2023-08-17 15:30:00,1.08802,1.0900792857142856,sl,-564.7721324611105,35,C_30m_4h_1d,short
-1,2023-08-18 14:00:00,2023-08-18 17:00:00,1.0862500000000002,1.0876364285714286,sl,-559.1244111364994,6,C_30m_4h_1d,short
-1,2023-08-18 20:30:00,2023-08-21 11:00:00,1.08717,1.0888853571428572,sl,-553.5331670251343,29,C_30m_4h_1d,short
-1,2023-08-21 11:30:00,2023-08-21 12:00:00,1.08823,1.0892103571428573,sl,-547.997835354883,1,C_30m_4h_1d,short
-1,2023-08-22 22:30:00,2023-08-23 08:00:00,1.08458,1.0861925000000001,sl,-542.5178570013342,19,C_30m_4h_1d,short
-1,2023-08-23 09:30:00,2023-08-23 09:30:00,1.08542,1.0862664285714287,sl,-537.0926784313208,0,C_30m_4h_1d,short
-1,2023-08-24 07:00:00,2023-08-24 08:00:00,1.0865200000000002,1.0874553571428573,sl,-531.7217516470076,2,C_30m_4h_1d,short
-1,2023-08-24 17:30:00,2023-08-24 21:30:00,1.08385,1.0809589285714285,tp,877.3408902176301,8,C_30m_4h_1d,short
-1,2023-08-25 02:30:00,2023-08-25 05:00:00,1.08002,1.0783985714285715,tp,891.9632383878157,5,C_30m_4h_1d,short
-1,2023-08-28 11:00:00,2023-08-28 13:00:00,1.08083,1.0816742857142856,sl,-544.097575416592,4,C_30m_4h_1d,short
-1,2023-08-28 21:30:00,2023-08-28 22:30:00,1.08076,1.0819246428571427,sl,-538.6565996624261,2,C_30m_4h_1d,short
1,2023-08-30 20:30:00,2023-08-31 09:30:00,1.09307,1.0909635714285715,sl,-533.2700336658019,26,C_30m_4h_1d,long
-1,2023-08-31 23:30:00,2023-09-01 10:30:00,1.08417,1.0857482142857144,sl,-527.9373333291438,22,C_30m_4h_1d,short
-1,2023-09-01 13:00:00,2023-09-01 15:30:00,1.08488,1.0860714285714286,sl,-522.6579599958524,5,C_30m_4h_1d,short
-1,2023-09-01 17:00:00,2023-09-01 17:00:00,1.08527,1.0816253571428571,tp,862.3856339931739,0,C_30m_4h_1d,short
-1,2023-09-04 07:30:00,2023-09-04 08:00:00,1.07812,1.0788292857142856,sl,-526.0552367358256,1,C_30m_4h_1d,short
-1,2023-09-05 00:00:00,2023-09-05 05:30:00,1.07955,1.078442857142857,tp,867.9911406141124,11,C_30m_4h_1d,short
-1,2023-09-05 08:30:00,2023-09-05 09:00:00,1.0787,1.077475,tp,882.4576596244541,1,C_30m_4h_1d,short
-1,2023-09-05 18:00:00,2023-09-05 18:30:00,1.07077,1.0728582142857144,sl,-538.299172370853,1,C_30m_4h_1d,short
-1,2023-09-05 21:00:00,2023-09-06 10:00:00,1.07223,1.0742817857142857,sl,-532.9161806471444,26,C_30m_4h_1d,short
-1,2023-09-06 23:30:00,2023-09-07 15:00:00,1.07248,1.070162142857143,tp,879.311698067704,31,C_30m_4h_1d,short
-1,2023-09-07 21:00:00,2023-09-08 03:30:00,1.06987,1.0714139285714286,sl,-536.38013582135,13,C_30m_4h_1d,short
-1,2023-09-08 19:00:00,2023-09-11 05:00:00,1.07083,1.0723589285714286,sl,-531.0163344631364,20,C_30m_4h_1d,short
-1,2023-09-11 09:00:00,2023-09-11 17:00:00,1.07283,1.0738939285714286,sl,-525.706171118505,16,C_30m_4h_1d,short
-1,2023-09-12 06:30:00,2023-09-12 10:00:00,1.07444,1.0727417857142858,tp,867.4151823454956,7,C_30m_4h_1d,short
-1,2023-09-12 15:30:00,2023-09-12 18:00:00,1.07104,1.072405,sl,-529.123261230775,5,C_30m_4h_1d,short
-1,2023-09-12 21:00:00,2023-09-12 23:00:00,1.0725500000000001,1.074065,sl,-523.8320286184673,4,C_30m_4h_1d,short
-1,2023-09-13 17:00:00,2023-09-14 15:00:00,1.07383,1.0703514285714288,tp,864.322847220471,44,C_30m_4h_1d,short
-1,2023-09-15 02:30:00,2023-09-15 07:00:00,1.06385,1.06481,sl,-527.2369368044873,9,C_30m_4h_1d,short
-1,2023-09-15 18:00:00,2023-09-15 19:00:00,1.06637,1.06793,sl,-521.9645674364425,2,C_30m_4h_1d,short
-1,2023-09-15 20:00:00,2023-09-18 18:30:00,1.06718,1.0688514285714286,sl,-516.744921762078,45,C_30m_4h_1d,short
-1,2023-09-19 16:00:00,2023-09-20 00:00:00,1.06992,1.0675592857142857,tp,852.6291209073752,16,C_30m_4h_1d,short
-1,2023-09-20 06:00:00,2023-09-20 09:00:00,1.06824,1.0687778571428572,sl,-520.103763753531,6,C_30m_4h_1d,short
-1,2023-09-20 10:00:00,2023-09-20 10:30:00,1.06814,1.0689810714285715,sl,-514.9027261159956,1,C_30m_4h_1d,short
-1,2023-09-21 06:00:00,2023-09-21 08:30:00,1.0626200000000001,1.0637932142857143,sl,-509.7536988548357,5,C_30m_4h_1d,short
-1,2023-09-21 14:00:00,2023-09-21 15:30:00,1.06501,1.0625135714285716,tp,841.0936031105036,3,C_30m_4h_1d,short
-1,2023-09-21 22:00:00,2023-09-22 10:00:00,1.0661100000000001,1.0627707142857143,tp,855.111829829044,24,C_30m_4h_1d,short
-1,2023-09-22 10:30:00,2023-09-22 10:30:00,1.06221,1.063704642857143,sl,-521.6182161956827,0,C_30m_4h_1d,short
-1,2023-09-25 02:00:00,2023-09-25 11:00:00,1.06475,1.0630660714285713,tp,860.6700567228766,18,C_30m_4h_1d,short
-1,2023-09-25 14:00:00,2023-09-25 16:00:00,1.06368,1.0617085714285714,tp,875.014557668225,4,C_30m_4h_1d,short
-1,2023-09-25 22:00:00,2023-09-26 15:00:00,1.05868,1.0603846428571428,sl,-533.758880177637,34,C_30m_4h_1d,short
-1,2023-09-26 16:30:00,2023-09-26 18:30:00,1.05935,1.0568517857142856,tp,880.702152293101,4,C_30m_4h_1d,short
-1,2023-09-27 03:00:00,2023-09-27 12:30:00,1.0568300000000002,1.0553407142857145,tp,895.3805214979861,19,C_30m_4h_1d,short
-1,2023-09-28 02:00:00,2023-09-28 10:00:00,1.05023,1.0516817857142857,sl,-546.1821181137715,16,C_30m_4h_1d,short
-1,2023-09-29 22:30:00,2023-10-02 12:30:00,1.05716,1.0537064285714286,tp,901.2004948877424,28,C_30m_4h_1d,short
-1,2023-10-02 19:00:00,2023-10-03 03:00:00,1.04984,1.0464525000000002,tp,916.220503135872,16,C_30m_4h_1d,short
-1,2023-10-03 03:30:00,2023-10-03 10:00:00,1.04679,1.0478003571428574,sl,-558.89450691287,13,C_30m_4h_1d,short
-1,2023-10-03 13:30:00,2023-10-03 17:00:00,1.04796,1.0458725,tp,922.1759364061702,7,C_30m_4h_1d,short
-1,2023-10-03 21:00:00,2023-10-04 12:00:00,1.0468600000000001,1.0492010714285716,sl,-562.5273212078031,30,C_30m_4h_1d,short
-1,2023-10-04 15:00:00,2023-10-04 15:00:00,1.0497400000000001,1.0515475,sl,-556.9020479957251,0,C_30m_4h_1d,short
-1,2023-10-04 23:30:00,2023-10-05 05:00:00,1.05106,1.0528825,sl,-551.3330275157678,11,C_30m_4h_1d,short
-1,2023-10-05 15:30:00,2023-10-05 18:30:00,1.05173,1.053359642857143,sl,-545.8196972406101,6,C_30m_4h_1d,short
-1,2023-10-06 15:30:00,2023-10-06 15:30:00,1.05535,1.0530607142857145,tp,900.6025004469486,0,C_30m_4h_1d,short
-1,2023-10-09 13:30:00,2023-10-09 14:30:00,1.05255,1.0539760714285715,sl,-549.3675252726736,2,C_30m_4h_1d,short
-1,2023-10-09 15:00:00,2023-10-09 16:00:00,1.05277,1.0543535714285714,sl,-543.8738500199468,2,C_30m_4h_1d,short
-1,2023-10-09 19:00:00,2023-10-09 20:30:00,1.05392,1.0555592857142857,sl,-538.4351115197474,3,C_30m_4h_1d,short
-1,2023-10-10 20:30:00,2023-10-11 10:30:00,1.0601500000000001,1.06204,sl,-533.0507604045498,28,C_30m_4h_1d,short
1,2023-10-12 07:00:00,2023-10-12 10:30:00,1.0629199999999999,1.0620489285714285,sl,-527.7202528005043,7,C_30m_4h_1d,long
1,2023-10-12 15:00:00,2023-10-12 15:30:00,1.06203,1.0609275,sl,-522.4430502724992,1,C_30m_4h_1d,long
-1,2023-10-16 00:00:00,2023-10-16 00:30:00,1.05078,1.0521760714285715,sl,-517.2186197697743,1,C_30m_4h_1d,short
-1,2023-10-16 03:30:00,2023-10-16 08:30:00,1.0518,1.0529335714285715,sl,-512.0464335720765,10,C_30m_4h_1d,short
-1,2023-10-16 10:30:00,2023-10-16 10:30:00,1.05254,1.0534164285714285,sl,-506.9259692363558,0,C_30m_4h_1d,short
-1,2023-10-16 20:30:00,2023-10-16 22:00:00,1.0546200000000001,1.0561232142857144,sl,-501.85670954399217,3,C_30m_4h_1d,short
-1,2023-10-17 11:30:00,2023-10-17 12:00:00,1.05399,1.0549810714285714,sl,-496.8381424485523,1,C_30m_4h_1d,short
-1,2023-10-17 16:00:00,2023-10-17 17:00:00,1.05465,1.056497142857143,sl,-491.86976102406675,2,C_30m_4h_1d,short
1,2023-10-17 22:30:00,2023-10-18 09:30:00,1.05813,1.05782,flip,-67.3798060008379,22,C_30m_4h_1d,long
-1,2023-10-18 10:00:00,2023-10-18 11:30:00,1.05782,1.05834,flip,-243.55682777956616,3,C_30m_4h_1d,short
1,2023-10-18 12:00:00,2023-10-18 12:30:00,1.05834,1.0571710714285714,sl,-483.84169707602206,1,C_30m_4h_1d,long
1,2023-10-18 15:30:00,2023-10-18 15:30:00,1.0568,1.0551157142857142,sl,-479.00328010526187,0,C_30m_4h_1d,long
-1,2023-10-18 22:00:00,2023-10-19 14:00:00,1.0535,1.0554382142857144,sl,-474.21324730420923,32,C_30m_4h_1d,short
1,2023-10-19 19:30:00,2023-10-19 19:30:00,1.05888,1.0567114285714285,sl,-469.47111483116714,0,C_30m_4h_1d,long
1,2023-10-20 03:00:00,2023-10-20 03:30:00,1.05866,1.0574514285714285,sl,-464.77640368285546,1,C_30m_4h_1d,long
-1,2023-10-20 06:30:00,2023-10-20 09:30:00,1.05753,1.05744,flip,51.81073154199138,6,C_30m_4h_1d,short
1,2023-10-20 10:00:00,2023-10-20 11:30:00,1.05745,1.059005357142857,tp,767.7445782689684,3,C_30m_4h_1d,long
-1,2023-10-20 15:30:00,2023-10-20 15:30:00,1.05707,1.05839,flip,-376.1247753981598,0,C_30m_4h_1d,short
1,2023-10-20 16:00:00,2023-10-23 00:30:00,1.0584,1.05933,flip,250.77153995739928,17,C_30m_4h_1d,long
-1,2023-10-23 01:00:00,2023-10-23 02:00:00,1.05935,1.05925,flip,42.447187571926925,2,C_30m_4h_1d,short
1,2023-10-23 02:30:00,2023-10-23 04:00:00,1.05924,1.0582864285714284,sl,-467.4951322654482,3,C_30m_4h_1d,long
-1,2023-10-23 09:00:00,2023-10-23 09:30:00,1.05766,1.058322142857143,sl,-462.82018094279374,1,C_30m_4h_1d,short
-1,2023-10-23 13:00:00,2023-10-23 14:00:00,1.05918,1.0605321428571428,sl,-458.1919791333658,2,C_30m_4h_1d,short
1,2023-10-23 17:30:00,2023-10-23 19:30:00,1.0627,1.0662910714285712,tp,756.0167655700068,4,C_30m_4h_1d,long
1,2023-10-24 01:30:00,2023-10-24 10:00:00,1.06725,1.0692,tp,768.6170449962497,17,C_30m_4h_1d,long
-1,2023-10-25 04:00:00,2023-10-25 05:00:00,1.05918,1.0598860714285716,sl,-468.8563974476948,2,C_30m_4h_1d,short
-1,2023-10-25 08:30:00,2023-10-25 10:00:00,1.06007,1.0589860714285715,tp,773.6130557887493,3,C_30m_4h_1d,short
-1,2023-10-25 20:00:00,2023-10-26 05:00:00,1.05738,1.0547532142857143,tp,786.5066067184425,18,C_30m_4h_1d,short
-1,2023-10-26 14:00:00,2023-10-26 15:30:00,1.05366,1.054835357142857,sl,-479.7690300982898,3,C_30m_4h_1d,short
-1,2023-10-26 16:30:00,2023-10-27 01:00:00,1.05472,1.0564653571428573,sl,-474.97133979730694,17,C_30m_4h_1d,short
-1,2023-10-27 09:30:00,2023-10-27 12:00:00,1.05563,1.0564625,sl,-470.2216263993338,5,C_30m_4h_1d,short
-1,2023-10-27 20:00:00,2023-10-30 14:30:00,1.05823,1.0604917857142857,sl,-465.5194101353405,37,C_30m_4h_1d,short
-1,2023-10-30 16:30:00,2023-10-30 17:00:00,1.05959,1.0616696428571428,sl,-460.86421603398713,1,C_30m_4h_1d,short
1,2023-10-30 21:00:00,2023-10-31 04:00:00,1.06181,1.0598846428571427,sl,-456.2555738736472,14,C_30m_4h_1d,long
-1,2023-11-01 00:00:00,2023-11-01 11:30:00,1.05763,1.0551335714285714,tp,752.8216968914955,23,C_30m_4h_1d,short
-1,2023-11-01 19:00:00,2023-11-01 21:00:00,1.05331,1.0552460714285714,sl,-459.2212351038257,4,C_30m_4h_1d,short
1,2023-11-02 09:30:00,2023-11-02 10:00:00,1.06042,1.0596839285714286,sl,-454.6290227527874,1,C_30m_4h_1d,long
1,2023-11-02 11:30:00,2023-11-02 12:30:00,1.06181,1.0636760714285713,tp,750.1378875421885,2,C_30m_4h_1d,long
1,2023-11-02 20:00:00,2023-11-03 09:30:00,1.06287,1.0628600000000001,flip,-2.217437715302543,27,C_30m_4h_1d,long
-1,2023-11-03 10:00:00,2023-11-03 11:00:00,1.06285,1.063549642857143,sl,-457.5619370235284,2,C_30m_4h_1d,short
1,2023-11-03 11:30:00,2023-11-03 11:30:00,1.06332,1.0647664285714287,tp,754.9771960888991,0,C_30m_4h_1d,long
1,2023-11-06 02:00:00,2023-11-06 10:30:00,1.07318,1.0752210714285715,tp,767.5601493569145,17,C_30m_4h_1d,long
1,2023-11-06 14:00:00,2023-11-06 14:30:00,1.0752,1.0739164285714284,sl,-468.21169110775116,1,C_30m_4h_1d,long
1,2023-11-06 18:00:00,2023-11-06 20:00:00,1.07442,1.0730057142857143,sl,-463.5295741966737,4,C_30m_4h_1d,long
1,2023-11-06 21:00:00,2023-11-06 21:00:00,1.0736299999999999,1.0723025,sl,-458.89427845470686,0,C_30m_4h_1d,long
1,2023-11-09 01:30:00,2023-11-09 10:00:00,1.07094,1.0699575000000001,sl,-454.3053356701598,17,C_30m_4h_1d,long
-1,2023-11-10 06:00:00,2023-11-10 09:30:00,1.06691,1.0657528571428572,tp,749.6038038557159,7,C_30m_4h_1d,short
-1,2023-11-10 11:00:00,2023-11-10 11:30:00,1.06704,1.0679667857142856,sl,-457.25832035201546,1,C_30m_4h_1d,short
-1,2023-11-10 14:00:00,2023-11-10 15:30:00,1.06762,1.0690246428571428,sl,-452.6857371484952,3,C_30m_4h_1d,short
-1,2023-11-10 16:30:00,2023-11-10 19:30:00,1.06821,1.0679699999999999,flip,62.31383554944295,6,C_30m_4h_1d,short
1,2023-11-10 20:00:00,2023-11-10 21:30:00,1.0679699999999999,1.0679,flip,-17.69488544633069,3,C_30m_4h_1d,long
-1,2023-11-10 22:00:00,2023-11-13 03:30:00,1.06789,1.06871,flip,-220.08488014154972,11,C_30m_4h_1d,short
1,2023-11-13 04:00:00,2023-11-13 11:00:00,1.06871,1.0700225,tp,744.0070341277938,14,C_30m_4h_1d,long
-1,2023-11-13 12:00:00,2023-11-13 12:30:00,1.0688900000000001,1.0698285714285716,sl,-453.8442908179039,1,C_30m_4h_1d,short
1,2023-11-13 13:00:00,2023-11-13 13:00:00,1.0697699999999999,1.0687060714285714,sl,-449.30584790972483,0,C_30m_4h_1d,long
1,2023-11-13 17:00:00,2023-11-13 18:30:00,1.0677699999999999,1.0701039285714284,tp,741.354649051046,3,C_30m_4h_1d,long
1,2023-11-14 01:30:00,2023-11-14 11:30:00,1.07002,1.07162,tp,753.7105598685287,20,C_30m_4h_1d,long
1,2023-11-15 05:00:00,2023-11-15 09:00:00,1.0878999999999999,1.0869164285714283,sl,-459.7634415198234,8,C_30m_4h_1d,long
1,2023-11-15 23:30:00,2023-11-16 04:30:00,1.08463,1.0831975,sl,-455.1658071046252,10,C_30m_4h_1d,long
1,2023-11-16 15:30:00,2023-11-16 15:30:00,1.08487,1.0871182142857143,tp,751.0235817226562,0,C_30m_4h_1d,long
1,2023-11-16 19:30:00,2023-11-17 10:00:00,1.08575,1.0833510714285715,sl,-458.1243848508054,29,C_30m_4h_1d,long
1,2023-11-17 11:00:00,2023-11-17 12:00:00,1.0848799999999998,1.0865299999999998,tp,755.9052350037613,2,C_30m_4h_1d,long
1,2023-11-20 04:30:00,2023-11-20 11:30:00,1.09212,1.0938664285714284,tp,768.5036555871272,14,C_30m_4h_1d,long
1,2023-11-20 17:00:00,2023-11-21 18:00:00,1.09409,1.0924839285714285,sl,-468.7872299082063,50,C_30m_4h_1d,long
1,2023-11-22 09:30:00,2023-11-22 10:00:00,1.09109,1.0901117857142855,sl,-464.0993576091242,1,C_30m_4h_1d,long
1,2023-11-22 19:30:00,2023-11-23 08:00:00,1.08828,1.0916871428571426,tp,765.7639400550216,25,C_30m_4h_1d,long
1,2023-11-23 10:00:00,2023-11-23 10:00:00,1.09142,1.0905832142857144,sl,-467.11600343358316,0,C_30m_4h_1d,long
1,2023-11-23 17:30:00,2023-11-24 16:30:00,1.09086,1.0934725,tp,770.7414056654778,46,C_30m_4h_1d,long
1,2023-11-27 03:30:00,2023-11-27 16:00:00,1.0944399999999999,1.0934499999999998,sl,-470.1522574559021,25,C_30m_4h_1d,long
1,2023-11-27 19:00:00,2023-11-28 03:00:00,1.09368,1.0961460714285713,tp,775.7512248022153,16,C_30m_4h_1d,long
1,2023-11-28 04:00:00,2023-11-28 08:00:00,1.09582,1.0949607142857143,sl,-473.20824712936525,8,C_30m_4h_1d,long
1,2023-11-28 10:30:00,2023-11-28 14:00:00,1.09477,1.0960789285714287,tp,780.7936077635851,7,C_30m_4h_1d,long
1,2023-11-28 23:30:00,2023-11-29 16:00:00,1.09897,1.0967767857142858,sl,-476.2841007357074,33,C_30m_4h_1d,long
1,2023-11-30 08:00:00,2023-11-30 09:30:00,1.09727,1.0964589285714286,sl,-471.52125972835034,3,C_30m_4h_1d,long
-1,2023-12-06 01:30:00,2023-12-06 16:00:00,1.0791300000000001,1.0802925,sl,-466.8060471310668,29,C_30m_4h_1d,short
-1,2023-12-06 17:30:00,2023-12-06 22:00:00,1.07875,1.076130357142857,tp,770.2299777663472,9,C_30m_4h_1d,short
-1,2023-12-07 05:00:00,2023-12-07 09:00:00,1.07644,1.0771996428571429,sl,-469.84028643741965,8,C_30m_4h_1d,short
-1,2023-12-07 12:30:00,2023-12-07 15:30:00,1.07704,1.0782635714285713,sl,-465.14188357304545,6,C_30m_4h_1d,short
-1,2023-12-08 06:30:00,2023-12-08 15:00:00,1.07871,1.0770600000000001,tp,767.4841078954562,17,C_30m_4h_1d,short
-1,2023-12-08 18:00:00,2023-12-12 10:30:00,1.0767900000000001,1.0791728571428574,sl,-468.16530581626955,81,C_30m_4h_1d,short
-1,2023-12-13 12:30:00,2023-12-13 14:00:00,1.07766,1.0786467857142858,sl,-463.48365275810687,3,C_30m_4h_1d,short
-1,2023-12-13 15:00:00,2023-12-13 15:30:00,1.07813,1.0793332142857144,sl,-458.84881623052576,1,C_30m_4h_1d,short
1,2023-12-14 10:30:00,2023-12-14 13:00:00,1.09019,1.0925310714285714,tp,757.1005467803914,5,C_30m_4h_1d,long
1,2023-12-15 01:30:00,2023-12-15 02:30:00,1.09967,1.0982975,sl,-461.8313335360244,2,C_30m_4h_1d,long
1,2023-12-15 04:30:00,2023-12-15 07:30:00,1.09971,1.0986257142857143,sl,-457.21302020066423,6,C_30m_4h_1d,long
1,2023-12-15 19:30:00,2023-12-15 20:30:00,1.09153,1.089235,sl,-452.64088999865754,2,C_30m_4h_1d,long
1,2023-12-18 11:30:00,2023-12-18 12:30:00,1.09221,1.091265,sl,-448.114481098671,2,C_30m_4h_1d,long
1,2023-12-18 15:30:00,2023-12-18 17:30:00,1.09239,1.0912017857142857,sl,-443.63333628768424,4,C_30m_4h_1d,long
1,2023-12-18 18:30:00,2023-12-19 11:00:00,1.09225,1.0946,tp,731.995004874633,33,C_30m_4h_1d,long
1,2023-12-19 14:30:00,2023-12-19 14:30:00,1.0945799999999999,1.0968924999999998,tp,744.1949216226371,0,C_30m_4h_1d,long
1,2023-12-19 23:00:00,2023-12-20 07:30:00,1.09785,1.0964989285714286,sl,-453.9589021897801,17,C_30m_4h_1d,long
1,2023-12-20 10:00:00,2023-12-20 10:30:00,1.09674,1.0959750000000001,sl,-449.4193131678823,1,C_30m_4h_1d,long
1,2023-12-21 01:00:00,2023-12-21 13:30:00,1.09442,1.0968592857142858,tp,741.5418667270958,25,C_30m_4h_1d,long
1,2023-12-21 21:30:00,2023-12-22 13:00:00,1.09938,1.1024353571428571,tp,753.900897839124,31,C_30m_4h_1d,long
1,2023-12-22 20:30:00,2023-12-27 10:00:00,1.10181,1.1053421428571428,tp,766.4659128030931,79,C_30m_4h_1d,long
1,2023-12-28 01:30:00,2023-12-28 11:30:00,1.11102,1.112900357142857,tp,779.2403446831607,20,C_30m_4h_1d,long
1,2023-12-29 22:30:00,2024-01-02 04:00:00,1.1048099999999998,1.1027399999999998,sl,-475.3366102567281,11,C_30m_4h_1d,long
-1,2024-01-09 17:30:00,2024-01-10 12:00:00,1.09364,1.0953125,sl,-470.58324415416075,37,C_30m_4h_1d,short
-1,2024-01-10 13:30:00,2024-01-10 17:30:00,1.0944,1.0957382142857144,sl,-465.8774117126191,8,C_30m_4h_1d,short
1,2024-01-11 08:30:00,2024-01-11 09:30:00,1.09843,1.0977689285714287,sl,-461.2186375954929,2,C_30m_4h_1d,long
1,2024-01-11 13:30:00,2024-01-11 15:30:00,1.09813,1.0969975,sl,-456.6064512195381,4,C_30m_4h_1d,long
-1,2024-01-11 22:30:00,2024-01-12 10:00:00,1.0960100000000002,1.09785,flip,-256.0369472642904,23,C_30m_4h_1d,short
1,2024-01-12 10:30:00,2024-01-12 10:30:00,1.09784,1.0968682142857142,sl,-449.4800172346998,0,C_30m_4h_1d,long
-1,2024-01-12 19:00:00,2024-01-15 10:00:00,1.0957400000000002,1.09629,flip,-119.97150460010424,30,C_30m_4h_1d,short
1,2024-01-15 10:30:00,2024-01-15 11:00:00,1.09629,1.0953857142857142,sl,-443.7855020163517,1,C_30m_4h_1d,long
-1,2024-01-15 15:30:00,2024-01-16 00:00:00,1.09469,1.09506,flip,-114.3341276784769,17,C_30m_4h_1d,short
1,2024-01-16 00:30:00,2024-01-16 02:00:00,1.09494,1.0941964285714287,sl,-438.20430571940335,3,C_30m_4h_1d,long
-1,2024-01-16 09:30:00,2024-01-16 09:30:00,1.09118,1.0922621428571428,sl,-433.8222626622093,0,C_30m_4h_1d,short
-1,2024-01-16 11:00:00,2024-01-16 11:30:00,1.09041,1.0884475,tp,715.8067333926454,1,C_30m_4h_1d,short
-1,2024-01-16 15:00:00,2024-01-17 08:00:00,1.08856,1.0858778571428571,tp,727.7368456158362,34,C_30m_4h_1d,short
-1,2024-01-17 11:00:00,2024-01-17 12:00:00,1.08661,1.087932142857143,sl,-443.91947582567207,2,C_30m_4h_1d,short
-1,2024-01-17 13:00:00,2024-01-17 17:30:00,1.08712,1.0846128571428573,tp,732.4671351123374,9,C_30m_4h_1d,short
-1,2024-01-17 20:30:00,2024-01-17 21:30:00,1.08579,1.0878685714285714,sl,-446.80495241853873,2,C_30m_4h_1d,short
-1,2024-01-19 14:30:00,2024-01-19 20:00:00,1.08826,1.0896078571428571,sl,-442.33690289435333,11,C_30m_4h_1d,short
-1,2024-01-19 21:30:00,2024-01-22 02:30:00,1.0888900000000001,1.0901699999999999,flip,-365.5909865765869,10,C_30m_4h_1d,short
1,2024-01-22 03:00:00,2024-01-22 10:00:00,1.09016,1.0891217857142856,sl,-434.2576239996439,14,C_30m_4h_1d,long
1,2024-01-22 14:00:00,2024-01-22 16:30:00,1.0890499999999999,1.08891,flip,-50.69996953115317,5,C_30m_4h_1d,long
-1,2024-01-22 17:00:00,2024-01-23 07:30:00,1.08891,1.0903960714285714,sl,-429.408048064336,29,C_30m_4h_1d,short
-1,2024-01-24 06:00:00,2024-01-24 08:30:00,1.08583,1.086634642857143,sl,-425.11396758369256,5,C_30m_4h_1d,short
1,2024-01-25 04:00:00,2024-01-25 06:30:00,1.08781,1.08748,flip,-156.3639939633255,5,C_30m_4h_1d,long
-1,2024-01-25 07:00:00,2024-01-25 08:30:00,1.08748,1.0882096428571428,sl,-419.2991879682224,3,C_30m_4h_1d,short
1,2024-01-25 14:00:00,2024-01-25 14:30:00,1.08955,1.0885642857142859,sl,-415.1061960885402,1,C_30m_4h_1d,long
-1,2024-01-26 02:30:00,2024-01-26 09:00:00,1.0837700000000001,1.0817700000000001,tp,684.9252235460405,13,C_30m_4h_1d,short
-1,2024-01-29 07:30:00,2024-01-29 08:30:00,1.0840100000000001,1.0846978571428574,sl,-417.8043863631151,2,C_30m_4h_1d,short
-1,2024-01-29 10:00:00,2024-01-29 12:00:00,1.08366,1.0822867857142857,tp,689.3772374991028,4,C_30m_4h_1d,short
-1,2024-01-29 15:00:00,2024-01-29 17:00:00,1.08217,1.0798539285714286,tp,700.8668581242147,4,C_30m_4h_1d,short
-1,2024-01-30 03:30:00,2024-01-30 08:30:00,1.08349,1.0817578571428572,tp,712.5479724262865,10,C_30m_4h_1d,short
-1,2024-01-30 11:30:00,2024-01-30 12:30:00,1.08203,1.0831614285714286,sl,-434.65426317998,2,C_30m_4h_1d,short
-1,2024-02-01 06:30:00,2024-02-01 09:00:00,1.08088,1.0789835714285714,tp,717.1795342470508,5,C_30m_4h_1d,short
1,2024-02-02 01:30:00,2024-02-02 11:00:00,1.08748,1.0895014285714286,tp,729.1325264844444,19,C_30m_4h_1d,long
1,2024-02-02 15:30:00,2024-02-02 15:30:00,1.08846,1.0871464285714285,sl,-444.77084115549513,0,C_30m_4h_1d,long
-1,2024-02-05 00:00:00,2024-02-05 11:30:00,1.07812,1.075537857142857,tp,733.8718879065249,23,C_30m_4h_1d,short
-1,2024-02-05 22:30:00,2024-02-06 07:00:00,1.07386,1.0751339285714285,sl,-447.6618516230054,17,C_30m_4h_1d,short
-1,2024-02-06 08:30:00,2024-02-06 09:00:00,1.07488,1.0754875000000002,sl,-443.18523310677534,1,C_30m_4h_1d,short
-1,2024-02-06 10:00:00,2024-02-06 10:00:00,1.0751300000000001,1.0759207142857146,sl,-438.75338077570757,0,C_30m_4h_1d,short
-1,2024-02-06 20:30:00,2024-02-07 03:00:00,1.07453,1.0761028571428572,sl,-434.3658469679505,13,C_30m_4h_1d,short
-1,2024-02-09 11:00:00,2024-02-09 15:30:00,1.07721,1.0779417857142857,sl,-430.022188498271,9,C_30m_4h_1d,short
-1,2024-02-09 19:00:00,2024-02-12 01:30:00,1.0781,1.0795817857142858,sl,-425.7219666132884,13,C_30m_4h_1d,short
-1,2024-02-12 17:30:00,2024-02-12 18:00:00,1.07585,1.0771175,sl,-421.46474694715545,1,C_30m_4h_1d,short
-1,2024-02-12 21:30:00,2024-02-13 15:00:00,1.07768,1.078895,sl,-417.25009947768393,35,C_30m_4h_1d,short
-1,2024-02-13 16:00:00,2024-02-14 18:30:00,1.0708,1.0730499999999998,sl,-413.07759848290704,53,C_30m_4h_1d,short
-1,2024-02-15 03:30:00,2024-02-15 08:30:00,1.07265,1.0732639285714287,sl,-408.946822498078,10,C_30m_4h_1d,short
1,2024-02-20 22:30:00,2024-02-21 10:30:00,1.0812899999999999,1.0800117857142855,sl,-404.85735427309714,24,C_30m_4h_1d,long
1,2024-02-22 06:30:00,2024-02-22 09:00:00,1.08294,1.0842042857142857,tp,668.0146345506495,5,C_30m_4h_1d,long
1,2024-02-23 03:30:00,2024-02-23 11:30:00,1.0826799999999999,1.0819471428571428,sl,-407.4889270758727,16,C_30m_4h_1d,long
1,2024-02-23 12:30:00,2024-02-23 14:30:00,1.08235,1.0837946428571428,tp,672.3567296752244,4,C_30m_4h_1d,long
1,2024-02-23 19:00:00,2024-02-26 00:00:00,1.0828,1.0815625,sl,-410.1376051018662,10,C_30m_4h_1d,long
1,2024-02-26 05:00:00,2024-02-26 09:00:00,1.08178,1.0830157142857142,tp,676.7270484181604,8,C_30m_4h_1d,long
1,2024-02-26 22:00:00,2024-02-27 10:30:00,1.08469,1.0865810714285713,tp,688.0058325583818,25,C_30m_4h_1d,long
1,2024-02-27 13:00:00,2024-02-27 16:00:00,1.0852199999999999,1.0841957142857142,sl,-419.68355786061295,6,C_30m_4h_1d,long
1,2024-02-27 18:00:00,2024-02-28 05:00:00,1.08473,1.0833564285714286,sl,-415.4867222820068,22,C_30m_4h_1d,long
1,2024-02-29 01:30:00,2024-02-29 03:30:00,1.0839299999999998,1.0831285714285712,sl,-411.3318550591867,4,C_30m_4h_1d,long
1,2024-02-29 05:00:00,2024-02-29 09:30:00,1.08369,1.0829410714285714,sl,-407.2185365085949,9,C_30m_4h_1d,long
1,2024-02-29 10:30:00,2024-02-29 13:30:00,1.0844799999999999,1.0833967857142857,sl,-403.14635114350887,6,C_30m_4h_1d,long
1,2024-02-29 16:00:00,2024-02-29 17:30:00,1.08384,1.082155714285714,sl,-399.1148876320738,3,C_30m_4h_1d,long
1,2024-03-01 13:00:00,2024-03-01 16:30:00,1.0811199999999999,1.0799532142857142,sl,-395.1237387557531,7,C_30m_4h_1d,long
1,2024-03-01 17:30:00,2024-03-05 17:00:00,1.08403,1.0871889285714287,tp,651.954168946962,95,C_30m_4h_1d,long
1,2024-03-05 23:00:00,2024-03-06 03:30:00,1.0856999999999999,1.084255714285714,sl,-397.69204305766516,9,C_30m_4h_1d,long
1,2024-03-06 14:00:00,2024-03-06 17:00:00,1.08762,1.0891396428571427,tp,656.1918710450516,6,C_30m_4h_1d,long
1,2024-03-07 01:30:00,2024-03-07 10:00:00,1.09001,1.0889589285714285,sl,-400.277041337539,17,C_30m_4h_1d,long
1,2024-03-07 11:00:00,2024-03-07 12:30:00,1.0898299999999999,1.089040357142857,sl,-396.2742709241636,3,C_30m_4h_1d,long
1,2024-03-07 13:00:00,2024-03-07 15:00:00,1.0897,1.0888096428571428,sl,-392.31152821492196,4,C_30m_4h_1d,long
1,2024-03-07 16:30:00,2024-03-07 17:30:00,1.09018,1.0928960714285714,tp,647.3140215546741,2,C_30m_4h_1d,long
1,2024-03-08 02:00:00,2024-03-08 05:00:00,1.09514,1.094402857142857,sl,-394.86155314831944,6,C_30m_4h_1d,long
1,2024-03-08 07:30:00,2024-03-08 09:00:00,1.09476,1.0941932142857143,sl,-390.9129376168362,3,C_30m_4h_1d,long
1,2024-03-08 13:00:00,2024-03-08 15:30:00,1.09341,1.0923942857142857,sl,-387.00380824066787,5,C_30m_4h_1d,long
1,2024-03-11 05:30:00,2024-03-11 08:30:00,1.09432,1.0936182142857143,sl,-383.13377015826126,6,C_30m_4h_1d,long
1,2024-03-11 09:00:00,2024-03-11 11:30:00,1.0942699999999999,1.0936175,sl,-379.30243245667856,5,C_30m_4h_1d,long
1,2024-03-11 12:30:00,2024-03-11 14:30:00,1.09388,1.0929842857142857,sl,-375.5094081321118,4,C_30m_4h_1d,long
1,2024-03-11 18:00:00,2024-03-12 14:30:00,1.09277,1.0916085714285715,sl,-371.75431405079064,41,C_30m_4h_1d,long
1,2024-03-13 05:30:00,2024-03-13 06:30:00,1.09306,1.0926121428571427,sl,-368.0367709102827,2,C_30m_4h_1d,long
1,2024-03-13 07:30:00,2024-03-13 09:00:00,1.0926,1.0921114285714286,sl,-364.35640320117994,3,C_30m_4h_1d,long
1,2024-03-13 10:00:00,2024-03-13 11:00:00,1.09273,1.0920882142857142,sl,-360.71283916916815,2,C_30m_4h_1d,long
1,2024-03-14 00:30:00,2024-03-14 05:30:00,1.09504,1.0941957142857144,sl,-357.1057107774765,10,C_30m_4h_1d,long
1,2024-03-14 09:30:00,2024-03-14 09:30:00,1.09423,1.0936857142857144,sl,-353.53465366970175,0,C_30m_4h_1d,long
1,2024-03-21 09:00:00,2024-03-21 09:30:00,1.0938299999999999,1.0932299999999997,sl,-349.9993071330047,1,C_30m_4h_1d,long
1,2024-03-21 12:30:00,2024-03-21 13:30:00,1.09198,1.0905207142857143,sl,-346.4993140616747,2,C_30m_4h_1d,long
-1,2024-03-22 03:30:00,2024-03-22 03:30:00,1.0861100000000001,1.0852225000000002,tp,571.7238682016679,0,C_30m_4h_1d,short
-1,2024-03-22 17:00:00,2024-03-25 13:30:00,1.0814300000000001,1.08278,sl,-348.75155960307467,39,C_30m_4h_1d,short
-1,2024-03-25 17:30:00,2024-03-26 02:30:00,1.08324,1.0842642857142857,sl,-345.26404400704394,18,C_30m_4h_1d,short
-1,2024-03-27 01:30:00,2024-03-27 03:30:00,1.08298,1.0821782142857144,tp,569.6856726115699,4,C_30m_4h_1d,short
-1,2024-03-27 08:00:00,2024-03-27 08:30:00,1.08256,1.0830646428571429,sl,-347.5082602930892,1,C_30m_4h_1d,short
-1,2024-03-27 09:30:00,2024-03-27 11:00:00,1.08266,1.0832739285714286,sl,-344.03317769015825,3,C_30m_4h_1d,short
-1,2024-03-27 12:00:00,2024-03-27 15:30:00,1.08271,1.0813314285714286,tp,567.6547431887307,7,C_30m_4h_1d,short
-1,2024-03-27 19:30:00,2024-03-28 09:00:00,1.08199,1.0803382142857143,tp,577.1156555752141,27,C_30m_4h_1d,short
-1,2024-03-28 17:30:00,2024-03-29 09:30:00,1.0800800000000002,1.0773514285714287,tp,586.7342498348111,32,C_30m_4h_1d,short
-1,2024-03-29 10:00:00,2024-03-29 10:00:00,1.0767600000000002,1.0772914285714288,sl,-357.90789239924425,0,C_30m_4h_1d,short
-1,2024-03-29 14:30:00,2024-03-29 14:30:00,1.07843,1.079245357142857,sl,-354.3288134752518,0,C_30m_4h_1d,short
-1,2024-04-01 02:00:00,2024-04-01 02:30:00,1.07856,1.0792896428571428,sl,-350.7855253404993,1,C_30m_4h_1d,short
-1,2024-04-01 04:00:00,2024-04-01 16:30:00,1.0790600000000001,1.0775867857142858,tp,578.7961168118238,25,C_30m_4h_1d,short
-1,2024-04-02 02:00:00,2024-04-02 05:00:00,1.07389,1.0729864285714286,tp,588.4427187587359,6,C_30m_4h_1d,short
-1,2024-04-02 08:30:00,2024-04-02 10:30:00,1.0731,1.07376,sl,-358.95005844279996,4,C_30m_4h_1d,short
-1,2024-04-02 11:30:00,2024-04-02 12:00:00,1.07271,1.0736217857142858,sl,-355.3605578583719,1,C_30m_4h_1d,short
1,2024-04-09 01:30:00,2024-04-09 09:30:00,1.08606,1.0853346428571429,sl,-351.80695227978816,16,C_30m_4h_1d,long
1,2024-04-09 10:30:00,2024-04-09 11:00:00,1.08559,1.0850092857142857,sl,-348.2888827569903,1,C_30m_4h_1d,long
1,2024-04-10 08:00:00,2024-04-10 09:00:00,1.0853,1.0848735714285713,sl,-344.80599392942037,2,C_30m_4h_1d,long
1,2024-04-10 15:30:00,2024-04-10 15:30:00,1.08357,1.0826924999999998,sl,-341.3579339901262,0,C_30m_4h_1d,long
-1,2024-04-11 03:00:00,2024-04-11 15:00:00,1.07406,1.0722117857142857,tp,563.2405910837532,24,C_30m_4h_1d,short
-1,2024-04-11 17:00:00,2024-04-11 17:30:00,1.07339,1.0699971428571429,tp,572.6279342684874,1,C_30m_4h_1d,short
-1,2024-04-12 06:30:00,2024-04-12 09:00:00,1.0719400000000001,1.071009642857143,tp,582.171733172866,5,C_30m_4h_1d,short
-1,2024-04-12 16:00:00,2024-04-15 08:30:00,1.06379,1.0656135714285715,sl,-355.124757235476,33,C_30m_4h_1d,short
-1,2024-04-15 10:00:00,2024-04-15 14:00:00,1.06536,1.066286785714286,sl,-351.57350966312123,8,C_30m_4h_1d,short
-1,2024-04-16 03:30:00,2024-04-16 04:00:00,1.06216,1.0610689285714285,tp,580.0962909442287,1,C_30m_4h_1d,short
-1,2024-04-16 09:30:00,2024-04-16 10:00:00,1.06046,1.0613417857142857,sl,-353.85873747593234,1,C_30m_4h_1d,short
-1,2024-04-16 11:30:00,2024-04-16 12:00:00,1.06138,1.0624589285714285,sl,-350.32015010117306,1,C_30m_4h_1d,short
-1,2024-04-16 16:30:00,2024-04-16 20:30:00,1.06334,1.0605739285714286,tp,578.0282476669665,8,C_30m_4h_1d,short
-1,2024-04-17 07:00:00,2024-04-17 08:30:00,1.06264,1.0611882142857143,tp,587.6620517947782,3,C_30m_4h_1d,short
-1,2024-04-17 14:00:00,2024-04-17 19:30:00,1.06386,1.065384642857143,sl,-358.4738515947788,11,C_30m_4h_1d,short
-1,2024-04-18 19:00:00,2024-04-19 04:00:00,1.06592,1.06347,tp,591.4818551313673,18,C_30m_4h_1d,short
-1,2024-04-19 04:30:00,2024-04-19 04:30:00,1.0626600000000002,1.0614867857142858,tp,601.3398860503171,0,C_30m_4h_1d,short
-1,2024-04-19 09:00:00,2024-04-19 09:30:00,1.06302,1.0643785714285714,sl,-366.81733049064786,1,C_30m_4h_1d,short
-1,2024-04-19 13:30:00,2024-04-19 15:30:00,1.06509,1.066545,sl,-363.14915718574144,4,C_30m_4h_1d,short
-1,2024-04-22 03:00:00,2024-04-22 04:00:00,1.06569,1.0664882142857144,sl,-359.51766561388405,2,C_30m_4h_1d,short
-1,2024-04-22 06:00:00,2024-04-22 14:00:00,1.06633,1.0647335714285715,tp,593.2041482629636,16,C_30m_4h_1d,short
-1,2024-04-22 22:30:00,2024-04-23 10:00:00,1.06518,1.0662117857142857,sl,-361.8545304403748,23,C_30m_4h_1d,short
-1,2024-04-23 12:30:00,2024-04-23 14:30:00,1.06616,1.067602142857143,sl,-358.2359851359711,4,C_30m_4h_1d,short
-1,2024-04-24 06:30:00,2024-04-24 09:30:00,1.07041,1.0693939285714287,tp,591.0893754742661,6,C_30m_4h_1d,short
-1,2024-04-24 18:00:00,2024-04-24 22:00:00,1.06874,1.0700846428571429,sl,-360.56451903935397,8,C_30m_4h_1d,short
-1,2024-04-29 22:30:00,2024-04-30 08:30:00,1.07188,1.0696335714285714,tp,594.9314564149341,20,C_30m_4h_1d,short
-1,2024-05-02 06:30:00,2024-05-02 09:30:00,1.07142,1.0725728571428572,sl,-362.90818841310977,6,C_30m_4h_1d,short
-1,2024-05-02 10:00:00,2024-05-02 10:30:00,1.07166,1.0725460714285715,sl,-359.2791065289787,1,C_30m_4h_1d,short
1,2024-05-03 01:30:00,2024-05-03 12:00:00,1.0728499999999999,1.0744446428571428,tp,592.8105257727873,21,C_30m_4h_1d,long
1,2024-05-03 22:00:00,2024-05-08 04:00:00,1.07679,1.0744317857142855,sl,-361.61442072141676,108,C_30m_4h_1d,long
-1,2024-05-09 02:30:00,2024-05-09 06:00:00,1.0746200000000001,1.0751267857142859,sl,-357.9982765142026,7,C_30m_4h_1d,short
-1,2024-05-09 07:00:00,2024-05-09 09:30:00,1.0746900000000001,1.0738364285714288,tp,590.6971562483831,5,C_30m_4h_1d,short
-1,2024-05-09 14:30:00,2024-05-09 15:30:00,1.07297,1.0737575,sl,-360.32526531154434,2,C_30m_4h_1d,short
1,2024-05-10 01:30:00,2024-05-10 03:30:00,1.0783399999999999,1.077692857142857,sl,-356.7220126584289,4,C_30m_4h_1d,long
1,2024-05-10 08:30:00,2024-05-10 09:30:00,1.07767,1.0772307142857143,sl,-353.15479253184463,2,C_30m_4h_1d,long
1,2024-05-10 15:00:00,2024-05-10 15:30:00,1.0779699999999999,1.0770732142857142,sl,-349.6232446065262,1,C_30m_4h_1d,long
1,2024-05-10 16:30:00,2024-05-10 17:00:00,1.07778,1.076757857142857,sl,-346.12701216046094,1,C_30m_4h_1d,long
1,2024-05-13 01:30:00,2024-05-13 05:00:00,1.0772599999999999,1.0766289285714283,sl,-342.66574203885637,7,C_30m_4h_1d,long
1,2024-05-13 06:00:00,2024-05-13 11:30:00,1.07718,1.0782157142857143,tp,565.398474364113,11,C_30m_4h_1d,long
1,2024-05-14 01:00:00,2024-05-14 11:00:00,1.0788799999999998,1.0782082142857141,sl,-344.89306936210886,20,C_30m_4h_1d,long
1,2024-05-14 12:00:00,2024-05-14 13:00:00,1.0784099999999999,1.0793974999999998,tp,569.0735644474371,2,C_30m_4h_1d,long
1,2024-05-14 20:30:00,2024-05-15 15:30:00,1.08194,1.0847417857142858,tp,578.558123854937,38,C_30m_4h_1d,long
1,2024-05-16 01:30:00,2024-05-16 09:00:00,1.0888499999999999,1.087827857142857,sl,-352.92045555151157,15,C_30m_4h_1d,long
1,2024-05-16 10:30:00,2024-05-16 10:30:00,1.0882,1.0874607142857142,sl,-349.3912509959965,0,C_30m_4h_1d,long
1,2024-05-16 17:30:00,2024-05-17 11:00:00,1.08637,1.0851978571428573,sl,-345.8973384860364,35,C_30m_4h_1d,long
1,2024-05-20 02:30:00,2024-05-20 09:00:00,1.08741,1.0883260714285714,tp,570.7306085018218,13,C_30m_4h_1d,long
1,2024-05-20 13:30:00,2024-05-20 14:00:00,1.08738,1.0866503571428572,sl,-348.1456711861943,1,C_30m_4h_1d,long
1,2024-05-22 09:00:00,2024-05-22 10:00:00,1.08576,1.0852189285714287,sl,-344.6642144743323,2,C_30m_4h_1d,long
1,2024-05-22 11:00:00,2024-05-22 11:00:00,1.0858299999999999,1.0851185714285714,sl,-341.217572329589,0,C_30m_4h_1d,long
1,2024-05-24 18:30:00,2024-05-27 15:00:00,1.08538,1.0841328571428572,sl,-337.80539660629313,41,C_30m_4h_1d,long
1,2024-05-27 16:30:00,2024-05-28 05:00:00,1.08538,1.0873960714285713,tp,557.3789044003428,25,C_30m_4h_1d,long
1,2024-05-28 13:00:00,2024-05-28 16:30:00,1.08775,1.087057857142857,sl,-340.00113168423366,7,C_30m_4h_1d,long
1,2024-05-28 18:00:00,2024-05-28 21:00:00,1.0875599999999999,1.0863835714285712,sl,-336.6011203673913,6,C_30m_4h_1d,long
1,2024-05-29 12:30:00,2024-05-29 14:00:00,1.08477,1.0838796428571429,sl,-333.23510916371737,3,C_30m_4h_1d,long
-1,2024-05-30 01:30:00,2024-05-30 08:00:00,1.08012,1.0789485714285716,tp,549.8379301200641,13,C_30m_4h_1d,short
1,2024-06-03 10:00:00,2024-06-03 10:00:00,1.0856999999999999,1.0849992857142856,sl,-335.4011373732808,0,C_30m_4h_1d,long
1,2024-06-04 03:30:00,2024-06-04 04:30:00,1.09138,1.0907007142857144,sl,-332.04712599954803,2,C_30m_4h_1d,long
1,2024-06-04 08:00:00,2024-06-04 08:30:00,1.09099,1.0904146428571426,sl,-328.72665473955254,1,C_30m_4h_1d,long
1,2024-06-05 02:30:00,2024-06-05 08:30:00,1.08813,1.087602857142857,sl,-325.439388192157,12,C_30m_4h_1d,long
1,2024-06-05 10:30:00,2024-06-05 10:30:00,1.08788,1.0872028571428571,sl,-322.1849943102355,0,C_30m_4h_1d,long
1,2024-06-06 12:30:00,2024-06-06 14:00:00,1.0879299999999998,1.0871339285714283,sl,-318.9631443671331,3,C_30m_4h_1d,long
1,2024-06-06 15:30:00,2024-06-06 15:30:00,1.08904,1.08781,sl,-315.7735129234618,0,C_30m_4h_1d,long
1,2024-06-07 00:30:00,2024-06-07 15:30:00,1.08898,1.0880521428571428,sl,-312.6157777942272,30,C_30m_4h_1d,long
-1,2024-06-10 00:30:00,2024-06-10 07:00:00,1.07715,1.075014285714286,tp,515.8160333604034,13,C_30m_4h_1d,short
-1,2024-06-10 13:00:00,2024-06-10 15:00:00,1.07426,1.0754889285714286,sl,-314.64778034988893,4,C_30m_4h_1d,short
-1,2024-06-10 16:00:00,2024-06-10 19:00:00,1.0740800000000001,1.0755510714285716,sl,-311.50130254639004,6,C_30m_4h_1d,short
-1,2024-06-11 23:00:00,2024-06-12 11:00:00,1.07395,1.075015,sl,-308.38628952092614,24,C_30m_4h_1d,short
-1,2024-06-14 04:00:00,2024-06-14 04:30:00,1.07358,1.0741628571428572,sl,-305.30242662571686,1,C_30m_4h_1d,short
-1,2024-06-14 07:30:00,2024-06-14 09:00:00,1.0737400000000001,1.0728739285714288,tp,503.7490039324329,3,C_30m_4h_1d,short
-1,2024-06-14 16:30:00,2024-06-14 18:00:00,1.0673300000000001,1.069372142857143,sl,-307.28689239878406,3,C_30m_4h_1d,short
-1,2024-06-17 00:00:00,2024-06-17 12:30:00,1.07029,1.0713989285714285,sl,-304.2140234747962,25,C_30m_4h_1d,short
-1,2024-06-17 13:30:00,2024-06-17 14:00:00,1.07034,1.071572142857143,sl,-301.17188324004826,1,C_30m_4h_1d,short
-1,2024-06-17 15:00:00,2024-06-17 18:00:00,1.07091,1.0723425,sl,-298.16016440764776,6,C_30m_4h_1d,short
-1,2024-06-18 11:30:00,2024-06-18 15:30:00,1.0719800000000002,1.0727739285714288,sl,-295.1785627635713,8,C_30m_4h_1d,short
-1,2024-06-19 03:00:00,2024-06-19 09:30:00,1.0738100000000002,1.072874285714286,tp,487.04462855985406,13,C_30m_4h_1d,short
-1,2024-06-19 10:00:00,2024-06-19 10:00:00,1.07305,1.073622142857143,sl,-297.0972234215341,0,C_30m_4h_1d,short
-1,2024-06-19 13:00:00,2024-06-19 13:30:00,1.07366,1.0746092857142857,sl,-294.12625118731876,1,C_30m_4h_1d,short
-1,2024-06-19 15:30:00,2024-06-20 11:00:00,1.07443,1.0723121428571427,tp,485.3083144591269,39,C_30m_4h_1d,short
-1,2024-06-20 15:00:00,2024-06-20 15:30:00,1.07142,1.0726339285714286,sl,-296.03807182003686,1,C_30m_4h_1d,short
-1,2024-06-20 18:00:00,2024-06-21 10:00:00,1.0721,1.0696589285714286,tp,488.46281850301636,32,C_30m_4h_1d,short
-1,2024-06-21 17:00:00,2024-06-24 09:00:00,1.0682,1.0701232142857144,sl,-297.96231928686666,32,C_30m_4h_1d,short
-1,2024-06-25 00:00:00,2024-06-25 07:30:00,1.07308,1.0739446428571429,sl,-294.982696093998,15,C_30m_4h_1d,short
-1,2024-06-25 09:30:00,2024-06-25 10:00:00,1.07342,1.072600357142857,tp,486.7214485552285,1,C_30m_4h_1d,short
-1,2024-06-25 23:30:00,2024-06-26 09:30:00,1.0710600000000001,1.069524285714286,tp,494.8334726976838,20,C_30m_4h_1d,short
-1,2024-06-26 16:00:00,2024-06-26 17:30:00,1.06765,1.0689250000000001,sl,-301.8484183455871,3,C_30m_4h_1d,short
-1,2024-06-26 18:00:00,2024-06-27 08:30:00,1.06797,1.0694775,sl,-298.8299341621313,29,C_30m_4h_1d,short
-1,2024-06-28 02:00:00,2024-06-28 03:00:00,1.0703500000000001,1.0709789285714286,sl,-295.84163482050997,2,C_30m_4h_1d,short
-1,2024-06-28 04:00:00,2024-06-28 04:30:00,1.0697100000000002,1.0685992857142859,tp,488.13869745397153,1,C_30m_4h_1d,short
-1,2024-06-28 12:30:00,2024-06-28 12:30:00,1.06946,1.0702325000000001,sl,-297.76460544684454,0,C_30m_4h_1d,short
-1,2024-06-28 14:30:00,2024-06-28 15:30:00,1.07024,1.0712042857142858,sl,-294.7869593923761,2,C_30m_4h_1d,short
-1,2024-07-01 17:30:00,2024-07-02 10:00:00,1.07433,1.071710357142857,tp,486.3984829974755,33,C_30m_4h_1d,short
1,2024-07-03 23:30:00,2024-07-04 17:30:00,1.07873,1.0807924999999998,tp,494.5051243806763,36,C_30m_4h_1d,long
1,2024-07-05 03:30:00,2024-07-05 06:00:00,1.08148,1.0819567857142858,tp,502.74687645364514,5,C_30m_4h_1d,long
1,2024-07-05 11:00:00,2024-07-05 11:00:00,1.0829499999999999,1.082293214285714,sl,-306.6755946367703,0,C_30m_4h_1d,long
1,2024-07-05 12:00:00,2024-07-05 14:00:00,1.08286,1.082160357142857,sl,-303.60883869040265,4,C_30m_4h_1d,long
1,2024-07-05 16:00:00,2024-07-05 16:30:00,1.0830199999999999,1.0817685714285712,sl,-300.5727503034986,1,C_30m_4h_1d,long
1,2024-07-05 18:00:00,2024-07-08 00:00:00,1.08245,1.0809639285714285,sl,-297.56702280046363,12,C_30m_4h_1d,long
1,2024-07-08 03:30:00,2024-07-08 09:00:00,1.08286,1.0816964285714286,sl,-294.591352572459,11,C_30m_4h_1d,long
1,2024-07-08 10:30:00,2024-07-09 05:00:00,1.0831,1.0821046428571428,sl,-291.64543904673445,37,C_30m_4h_1d,long
1,2024-07-09 10:30:00,2024-07-09 10:30:00,1.08276,1.0821085714285714,sl,-288.7289846562671,0,C_30m_4h_1d,long
1,2024-07-10 12:30:00,2024-07-10 13:00:00,1.0822699999999998,1.081525357142857,sl,-285.84169480970445,1,C_30m_4h_1d,long
1,2024-07-10 13:30:00,2024-07-11 02:00:00,1.08205,1.0834035714285715,tp,471.6387964360639,25,C_30m_4h_1d,long
1,2024-07-11 07:00:00,2024-07-11 09:30:00,1.08385,1.0833410714285714,sl,-287.69966582596805,5,C_30m_4h_1d,long
1,2024-07-11 10:30:00,2024-07-11 11:30:00,1.0837299999999999,1.0845692857142855,tp,474.70444861272176,2,C_30m_4h_1d,long
1,2024-07-11 22:00:00,2024-07-12 17:00:00,1.0868499999999999,1.0901178571428571,tp,482.6161894230703,38,C_30m_4h_1d,long
1,2024-07-12 21:00:00,2024-07-15 00:00:00,1.09069,1.0895424999999999,sl,-294.39587554806633,6,C_30m_4h_1d,long
1,2024-07-15 11:00:00,2024-07-15 11:30:00,1.08964,1.0907560714285713,tp,485.75319465427725,1,C_30m_4h_1d,long
1,2024-07-15 16:00:00,2024-07-15 20:00:00,1.09079,1.0896832142857142,sl,-296.3094487391284,8,C_30m_4h_1d,long
1,2024-07-16 19:00:00,2024-07-17 05:30:00,1.0885099999999999,1.0905974999999999,tp,488.91059041961387,21,C_30m_4h_1d,long
1,2024-07-17 10:30:00,2024-07-17 11:30:00,1.0907,1.0918857142857143,tp,497.0591002599819,2,C_30m_4h_1d,long
1,2024-07-17 20:30:00,2024-07-18 16:00:00,1.09343,1.0921817857142857,sl,-303.2060511585331,39,C_30m_4h_1d,long
1,2024-07-19 21:00:00,2024-07-22 02:00:00,1.0884399999999999,1.0900185714285713,tp,500.28998441160314,10,C_30m_4h_1d,long
1,2024-07-22 07:30:00,2024-07-22 08:00:00,1.0891899999999999,1.0884217857142855,sl,-305.17689049106383,1,C_30m_4h_1d,long
1,2024-07-22 10:30:00,2024-07-22 15:30:00,1.08877,1.087947142857143,sl,-302.12512158615317,10,C_30m_4h_1d,long
1,2024-07-22 18:00:00,2024-07-23 10:30:00,1.08852,1.0875074999999998,sl,-299.10387037029165,33,C_30m_4h_1d,long
-1,2024-07-29 23:30:00,2024-07-30 11:00:00,1.0820400000000001,1.0828542857142858,sl,-296.11283166658876,23,C_30m_4h_1d,short
-1,2024-07-30 22:00:00,2024-07-31 04:00:00,1.08104,1.0822614285714285,sl,-293.15170334992285,12,C_30m_4h_1d,short
-1,2024-07-31 07:00:00,2024-07-31 11:00:00,1.08214,1.0811114285714287,tp,483.7003105273379,8,C_30m_4h_1d,short
-1,2024-07-31 15:00:00,2024-07-31 15:00:00,1.08273,1.0840392857142858,sl,-295.057189421697,0,C_30m_4h_1d,short
-1,2024-08-01 02:00:00,2024-08-01 10:30:00,1.08239,1.080282857142857,tp,486.8443625458001,17,C_30m_4h_1d,short
-1,2024-08-01 18:30:00,2024-08-02 08:30:00,1.07843,1.0802278571428572,sl,-296.97506115293805,28,C_30m_4h_1d,short
-1,2024-08-02 10:00:00,2024-08-02 11:00:00,1.07956,1.0804364285714287,sl,-294.0053105414087,2,C_30m_4h_1d,short
1,2024-08-05 00:30:00,2024-08-05 01:00:00,1.09192,1.0906385714285713,sl,-291.06525743599457,1,C_30m_4h_1d,long
1,2024-08-05 03:30:00,2024-08-05 09:00:00,1.0922399999999999,1.0911342857142856,sl,-288.1546048616346,11,C_30m_4h_1d,long
1,2024-08-05 10:30:00,2024-08-05 15:30:00,1.09431,1.0977314285714286,tp,475.4550980216766,10,C_30m_4h_1d,long
1,2024-08-05 18:00:00,2024-08-05 19:00:00,1.09789,1.0948032142857143,sl,-290.02760979323506,2,C_30m_4h_1d,long
1,2024-08-05 22:30:00,2024-08-06 10:30:00,1.09543,1.0929817857142856,sl,-287.1273336953027,24,C_30m_4h_1d,long
1,2024-08-06 15:00:00,2024-08-08 09:00:00,1.09172,1.0942182142857144,tp,473.76010059724945,84,C_30m_4h_1d,long
1,2024-08-08 15:00:00,2024-08-08 15:30:00,1.0931,1.0919632142857143,sl,-288.9936613643222,1,C_30m_4h_1d,long
1,2024-08-09 04:30:00,2024-08-09 09:30:00,1.0917999999999999,1.0927357142857141,tp,476.8395412510939,10,C_30m_4h_1d,long
1,2024-08-09 12:30:00,2024-08-09 14:00:00,1.09239,1.0916474999999999,sl,-290.8721201631899,3,C_30m_4h_1d,long
1,2024-08-09 16:30:00,2024-08-12 01:00:00,1.09229,1.0912324999999998,sl,-287.963398961558,17,C_30m_4h_1d,long
1,2024-08-12 02:30:00,2024-08-12 10:00:00,1.09154,1.0925114285714286,tp,475.13960828653455,15,C_30m_4h_1d,long
1,2024-08-12 12:00:00,2024-08-12 18:00:00,1.09212,1.0933414285714285,tp,483.058601758013,12,C_30m_4h_1d,long
1,2024-08-12 20:30:00,2024-08-13 12:00:00,1.09289,1.0916867857142856,sl,-294.66574707238794,31,C_30m_4h_1d,long
1,2024-08-14 08:00:00,2024-08-14 09:00:00,1.09934,1.0988514285714286,sl,-291.71908960166405,2,C_30m_4h_1d,long
1,2024-08-14 09:30:00,2024-08-14 09:30:00,1.0992,1.1000607142857144,tp,481.33649784286985,0,C_30m_4h_1d,long
1,2024-08-14 17:00:00,2024-08-14 19:00:00,1.1038,1.1020932142857143,sl,-293.61526368407607,4,C_30m_4h_1d,long
1,2024-08-15 12:30:00,2024-08-15 15:30:00,1.1012199999999999,1.100550357142857,sl,-290.6791110472354,6,C_30m_4h_1d,long
1,2024-08-16 01:30:00,2024-08-16 08:30:00,1.0974899999999999,1.0985632142857142,tp,479.6205332279714,14,C_30m_4h_1d,long
1,2024-08-16 11:00:00,2024-08-16 12:00:00,1.09855,1.0979167857142857,sl,-292.5685252690427,2,C_30m_4h_1d,long
1,2024-08-16 12:30:00,2024-08-16 16:00:00,1.09862,1.09987,tp,482.73806669389194,7,C_30m_4h_1d,long
1,2024-08-16 18:30:00,2024-08-16 21:30:00,1.09953,1.1013514285714285,tp,490.7837011387987,6,C_30m_4h_1d,long
1,2024-08-19 04:00:00,2024-08-19 08:30:00,1.1030799999999998,1.1044460714285713,tp,498.9634294910779,9,C_30m_4h_1d,long
1,2024-08-19 11:30:00,2024-08-19 11:30:00,1.1048799999999999,1.1040292857142855,sl,-304.36769198959,0,C_30m_4h_1d,long
1,2024-08-19 15:00:00,2024-08-19 16:00:00,1.10431,1.1032310714285714,sl,-301.3240150696941,2,C_30m_4h_1d,long
1,2024-08-21 03:30:00,2024-08-21 04:00:00,1.11323,1.1125292857142857,sl,-298.31077491899714,1,C_30m_4h_1d,long
1,2024-08-21 09:30:00,2024-08-21 10:30:00,1.11189,1.1112428571428572,sl,-295.32766716980717,2,C_30m_4h_1d,long
1,2024-08-22 02:00:00,2024-08-22 04:00:00,1.11567,1.1144914285714285,sl,-292.37439049810905,4,C_30m_4h_1d,long
1,2024-08-22 11:30:00,2024-08-22 12:00:00,1.1147099999999999,1.1137360714285713,sl,-289.450646593128,1,C_30m_4h_1d,long
1,2024-08-22 16:00:00,2024-08-22 16:30:00,1.11411,1.112537142857143,sl,-286.5561401271967,1,C_30m_4h_1d,long
1,2024-08-23 12:30:00,2024-08-23 12:30:00,1.11256,1.11178,sl,-283.69057872592475,0,C_30m_4h_1d,long
1,2024-08-23 14:00:00,2024-08-23 16:00:00,1.11197,1.1110453571428571,sl,-280.8536729386655,4,C_30m_4h_1d,long
1,2024-08-23 17:00:00,2024-08-23 17:00:00,1.11141,1.113404642857143,tp,463.40856034884973,0,C_30m_4h_1d,long
1,2024-08-26 03:30:00,2024-08-26 04:30:00,1.11984,1.1187524999999998,sl,-282.67922181276737,2,C_30m_4h_1d,long
1,2024-08-26 09:30:00,2024-08-26 12:30:00,1.11839,1.1174996428571429,sl,-279.8524295946397,6,C_30m_4h_1d,long
1,2024-08-26 17:30:00,2024-08-27 00:00:00,1.11704,1.1158260714285715,sl,-277.0539052986933,13,C_30m_4h_1d,long
1,2024-08-27 00:30:00,2024-08-27 12:00:00,1.11625,1.1178089285714286,tp,457.1389437428222,23,C_30m_4h_1d,long
1,2024-08-27 12:30:00,2024-08-27 13:30:00,1.1171799999999998,1.1162489285714283,sl,-278.85475568313456,2,C_30m_4h_1d,long
1,2024-08-27 14:00:00,2024-08-27 15:00:00,1.11665,1.115639642857143,sl,-276.0662081263032,2,C_30m_4h_1d,long
1,2024-08-27 17:00:00,2024-08-28 08:00:00,1.1168,1.1154157142857144,sl,-273.30554604504016,30,C_30m_4h_1d,long
1,2024-09-05 04:30:00,2024-09-05 07:00:00,1.10823,1.1075057142857143,sl,-270.5724905845898,5,C_30m_4h_1d,long
1,2024-09-05 08:30:00,2024-09-05 10:00:00,1.1079999999999999,1.1089839285714282,tp,446.4446094646403,3,C_30m_4h_1d,long
1,2024-09-05 15:30:00,2024-09-05 15:30:00,1.1112499999999998,1.1098667857142854,sl,-272.3312117733903,0,C_30m_4h_1d,long
1,2024-09-05 19:30:00,2024-09-06 15:30:00,1.11029,1.1082617857142856,sl,-269.60789965565635,40,C_30m_4h_1d,long
1,2024-09-06 16:00:00,2024-09-06 16:00:00,1.1121299999999998,1.1104242857142856,sl,-266.9118206590998,0,C_30m_4h_1d,long
1,2024-09-09 04:30:00,2024-09-09 06:00:00,1.10879,1.1080217857142856,sl,-264.2427024525088,3,C_30m_4h_1d,long
-1,2024-09-09 13:30:00,2024-09-09 20:00:00,1.1041400000000001,1.1052650000000002,sl,-261.6002754279837,13,C_30m_4h_1d,short
-1,2024-09-09 21:00:00,2024-09-10 16:30:00,1.1042800000000002,1.1021764285714288,tp,431.6404544561427,39,C_30m_4h_1d,short
-1,2024-09-10 20:30:00,2024-09-11 04:30:00,1.10239,1.1035675,sl,-263.30067721826526,16,C_30m_4h_1d,short
-1,2024-09-11 23:30:00,2024-09-12 15:00:00,1.10146,1.102519642857143,sl,-260.66767044608264,31,C_30m_4h_1d,short
1,2024-09-13 03:00:00,2024-09-13 12:00:00,1.10794,1.1094078571428572,tp,430.1016562360364,18,C_30m_4h_1d,long
1,2024-09-13 16:00:00,2024-09-13 19:00:00,1.10934,1.1080607142857144,sl,-262.3620103039821,6,C_30m_4h_1d,long
1,2024-09-13 21:30:00,2024-09-16 06:30:00,1.10841,1.1103207142857143,tp,432.8973170015705,18,C_30m_4h_1d,long
1,2024-09-16 09:00:00,2024-09-16 09:30:00,1.10989,1.1110025,tp,440.1122722848421,1,C_30m_4h_1d,long
1,2024-09-16 15:30:00,2024-09-16 20:30:00,1.1128099999999999,1.1116067857142855,sl,-268.4684860938064,10,C_30m_4h_1d,long
1,2024-09-16 23:00:00,2024-09-17 10:00:00,1.1129499999999999,1.1118067857142855,sl,-265.78380123286837,22,C_30m_4h_1d,long
1,2024-09-17 10:30:00,2024-09-17 10:30:00,1.1124699999999998,1.1137449999999998,tp,438.5432720342583,0,C_30m_4h_1d,long
1,2024-09-18 10:30:00,2024-09-18 12:00:00,1.11242,1.1135807142857141,tp,445.8523265680803,3,C_30m_4h_1d,long
1,2024-09-18 16:30:00,2024-09-18 17:00:00,1.11398,1.1128464285714286,sl,-271.9699192065631,1,C_30m_4h_1d,long
1,2024-09-19 03:00:00,2024-09-19 03:30:00,1.11147,1.1089285714285715,sl,-269.2502200144974,1,C_30m_4h_1d,long
1,2024-09-19 05:30:00,2024-09-19 09:00:00,1.11002,1.1131235714285714,tp,444.2628630239313,7,C_30m_4h_1d,long
1,2024-09-19 18:30:00,2024-09-20 10:00:00,1.1144,1.1179857142857144,tp,451.66724407431957,31,C_30m_4h_1d,long
1,2024-09-20 12:00:00,2024-09-20 14:00:00,1.11649,1.1154121428571429,sl,-275.51701888533495,4,C_30m_4h_1d,long
1,2024-09-20 15:00:00,2024-09-20 17:00:00,1.1161999999999999,1.1149946428571427,sl,-272.7618486964816,4,C_30m_4h_1d,long
1,2024-09-20 19:00:00,2024-09-23 10:00:00,1.11594,1.1143446428571429,sl,-270.0342302095168,30,C_30m_4h_1d,long
1,2024-09-24 15:30:00,2024-09-24 17:00:00,1.1135,1.1159482142857142,tp,445.55647984567577,3,C_30m_4h_1d,long
1,2024-09-25 06:30:00,2024-09-25 09:00:00,1.11984,1.1190107142857142,sl,-271.7894527058784,5,C_30m_4h_1d,long
1,2024-09-25 13:30:00,2024-09-25 15:30:00,1.1186099999999999,1.1202957142857142,tp,448.45259696465996,4,C_30m_4h_1d,long
1,2024-09-26 13:30:00,2024-09-26 17:00:00,1.11468,1.1134060714285714,sl,-273.5560841484662,7,C_30m_4h_1d,long
1,2024-09-26 18:00:00,2024-09-27 09:30:00,1.11652,1.114080357142857,sl,-270.82052330698156,31,C_30m_4h_1d,long
1,2024-09-27 21:00:00,2024-09-30 11:30:00,1.11642,1.1202057142857142,tp,446.85386345653706,29,C_30m_4h_1d,long
-1,2024-10-01 20:00:00,2024-10-01 22:00:00,1.10534,1.1073735714285713,sl,-272.58085670847714,4,C_30m_4h_1d,short
-1,2024-10-02 00:30:00,2024-10-02 11:30:00,1.10679,1.1081989285714284,sl,-269.85504814139233,22,C_30m_4h_1d,short
-1,2024-10-03 00:00:00,2024-10-03 17:00:00,1.10423,1.102256785714286,tp,445.2608294332473,34,C_30m_4h_1d,short
-1,2024-10-03 22:00:00,2024-10-04 15:30:00,1.10253,1.0997264285714285,tp,452.6818432572206,35,C_30m_4h_1d,short
-1,2024-10-07 00:30:00,2024-10-07 14:30:00,1.0966500000000001,1.0979475,sl,-276.1359243868831,28,C_30m_4h_1d,short
-1,2024-10-07 17:30:00,2024-10-08 10:30:00,1.0975700000000002,1.0990657142857145,sl,-273.37456514301425,34,C_30m_4h_1d,short
-1,2024-10-08 20:30:00,2024-10-09 16:00:00,1.09719,1.0950667857142857,tp,451.0680324859421,39,C_30m_4h_1d,short
-1,2024-10-09 23:00:00,2024-10-10 15:30:00,1.09378,1.0948707142857144,sl,-275.15149981644356,33,C_30m_4h_1d,short
-1,2024-10-10 17:30:00,2024-10-11 06:00:00,1.09217,1.0938264285714288,sl,-272.3999848182791,25,C_30m_4h_1d,short
-1,2024-10-11 10:30:00,2024-10-11 10:30:00,1.09362,1.0943132142857144,sl,-269.67598497009635,0,C_30m_4h_1d,short
-1,2024-10-11 19:00:00,2024-10-14 03:00:00,1.09406,1.0916457142857143,tp,444.9653752006453,16,C_30m_4h_1d,short
-1,2024-10-14 10:00:00,2024-10-14 10:30:00,1.09242,1.0930971428571428,sl,-271.4288788724018,1,C_30m_4h_1d,short
-1,2024-10-14 11:30:00,2024-10-14 12:00:00,1.0926500000000001,1.0933067857142857,sl,-268.7145900836778,1,C_30m_4h_1d,short
-1,2024-10-14 13:00:00,2024-10-14 14:00:00,1.09281,1.0915510714285714,tp,443.37907363809444,2,C_30m_4h_1d,short
-1,2024-10-15 03:30:00,2024-10-15 07:00:00,1.09053,1.0892425000000001,tp,450.76872486529214,7,C_30m_4h_1d,short
-1,2024-10-15 14:00:00,2024-10-15 16:00:00,1.0901800000000001,1.0913210714285715,sl,-274.9689221678749,4,C_30m_4h_1d,short
-1,2024-10-16 02:30:00,2024-10-16 06:00:00,1.0886900000000002,1.0893403571428573,sl,-272.21923294619614,7,C_30m_4h_1d,short
-1,2024-10-16 16:00:00,2024-10-16 18:30:00,1.08885,1.0869464285714288,tp,449.1617343611538,5,C_30m_4h_1d,short
-1,2024-10-17 03:00:00,2024-10-17 14:00:00,1.08581,1.0865974999999999,sl,-273.98865796034573,22,C_30m_4h_1d,short
-1,2024-10-17 16:00:00,2024-10-17 16:00:00,1.0842100000000001,1.0821707142857144,tp,452.08128563460326,0,C_30m_4h_1d,short
-1,2024-10-18 02:00:00,2024-10-18 04:30:00,1.08284,1.0834839285714286,sl,-275.7695842370883,5,C_30m_4h_1d,short
-1,2024-10-21 13:00:00,2024-10-21 14:30:00,1.0845500000000001,1.0853825000000001,sl,-273.0118883947174,3,C_30m_4h_1d,short
-1,2024-10-21 17:00:00,2024-10-21 18:00:00,1.08467,1.0830164285714285,tp,450.4696158512838,2,C_30m_4h_1d,short
-1,2024-10-22 06:00:00,2024-10-22 07:30:00,1.08149,1.0819807142857143,sl,-274.7864656692831,3,C_30m_4h_1d,short
-1,2024-10-22 09:00:00,2024-10-22 09:00:00,1.08179,1.0822325000000002,sl,-272.0386010125902,0,C_30m_4h_1d,short
-1,2024-10-23 02:30:00,2024-10-23 05:30:00,1.07966,1.0803371428571429,sl,-269.31821500246434,6,C_30m_4h_1d,short
-1,2024-10-23 09:30:00,2024-10-23 10:00:00,1.07963,1.0784835714285714,tp,444.37505475403736,1,C_30m_4h_1d,short
-1,2024-10-23 19:30:00,2024-10-23 22:00:00,1.07709,1.0783232142857144,sl,-271.06878339998,5,C_30m_4h_1d,short
-1,2024-10-24 04:30:00,2024-10-24 07:00:00,1.07822,1.078922857142857,sl,-268.35809556598025,5,C_30m_4h_1d,short
-1,2024-10-25 12:00:00,2024-10-25 15:30:00,1.08231,1.0832132142857145,sl,-265.6745146103204,7,C_30m_4h_1d,short
-1,2024-10-25 16:30:00,2024-10-25 19:00:00,1.08295,1.0809053571428573,tp,438.36294910706044,5,C_30m_4h_1d,short
-1,2024-10-28 04:00:00,2024-10-28 09:00:00,1.07901,1.079810357142857,sl,-267.4013989552878,10,C_30m_4h_1d,short
-1,2024-10-29 03:30:00,2024-10-29 04:00:00,1.08114,1.0817474999999999,sl,-264.7273849657349,1,C_30m_4h_1d,short
-1,2024-10-29 05:00:00,2024-10-29 10:00:00,1.08115,1.0817864285714287,sl,-262.08011111607755,10,C_30m_4h_1d,short
-1,2024-10-29 12:30:00,2024-10-29 14:00:00,1.08076,1.0791867857142856,tp,432.43218334154835,3,C_30m_4h_1d,short
-1,2024-10-30 13:00:00,2024-10-30 14:00:00,1.08337,1.081295,tp,439.6393863972519,2,C_30m_4h_1d,short
-1,2024-10-30 21:30:00,2024-10-31 14:00:00,1.086,1.0876082142857144,sl,-268.1800257023048,33,C_30m_4h_1d,short
1,2024-11-04 11:30:00,2024-11-04 18:00:00,1.08981,1.0887942857142856,sl,-265.4982254452818,13,C_30m_4h_1d,long
1,2024-11-05 16:30:00,2024-11-05 17:00:00,1.09079,1.0898385714285714,sl,-262.84324319082896,1,C_30m_4h_1d,long
1,2024-11-05 18:30:00,2024-11-06 02:00:00,1.09157,1.0902682142857143,sl,-260.21481075892063,15,C_30m_4h_1d,long
-1,2024-11-06 13:00:00,2024-11-07 15:00:00,1.07456,1.07837,sl,-257.61266265133145,52,C_30m_4h_1d,short
-1,2024-11-07 18:30:00,2024-11-08 15:30:00,1.0786,1.074480357142857,tp,425.0608933747122,42,C_30m_4h_1d,short
-1,2024-11-11 01:00:00,2024-11-11 03:00:00,1.07071,1.0724725000000002,sl,-259.28714495856525,4,C_30m_4h_1d,short
-1,2024-11-11 06:00:00,2024-11-11 09:30:00,1.0716,1.0698696428571428,tp,427.8237891816327,7,C_30m_4h_1d,short
-1,2024-11-11 17:00:00,2024-11-12 14:30:00,1.0642,1.0606517857142856,tp,434.9541856680114,43,C_30m_4h_1d,short
-1,2024-11-12 16:30:00,2024-11-13 13:30:00,1.06159,1.0635003571428572,sl,-265.32205325747606,42,C_30m_4h_1d,short
-1,2024-11-14 00:00:00,2024-11-14 11:00:00,1.0562,1.052807142857143,tp,437.78138787484505,22,C_30m_4h_1d,short
-1,2024-11-15 07:30:00,2024-11-15 08:30:00,1.05404,1.0550878571428572,sl,-267.0466466036497,2,C_30m_4h_1d,short
-1,2024-11-18 00:30:00,2024-11-18 02:30:00,1.05316,1.0548475000000002,sl,-264.37618013761323,4,C_30m_4h_1d,short
-1,2024-11-18 05:00:00,2024-11-18 10:00:00,1.05406,1.0554035714285714,sl,-261.7324183362371,10,C_30m_4h_1d,short
-1,2024-11-18 12:30:00,2024-11-18 15:30:00,1.05495,1.0564617857142857,sl,-259.11509415287475,6,C_30m_4h_1d,short
-1,2024-11-19 09:30:00,2024-11-19 11:00:00,1.0578,1.0559910714285714,tp,427.5399053522083,3,C_30m_4h_1d,short
-1,2024-11-19 17:00:00,2024-11-19 17:30:00,1.0571300000000001,1.0600292857142857,sl,-260.7993422648681,1,C_30m_4h_1d,short
-1,2024-11-19 18:30:00,2024-11-20 01:30:00,1.05821,1.0606614285714286,sl,-258.1913488422194,14,C_30m_4h_1d,short
-1,2024-11-20 03:00:00,2024-11-20 09:30:00,1.05987,1.0580432142857144,tp,426.0157255896448,13,C_30m_4h_1d,short
-1,2024-11-20 16:30:00,2024-11-20 18:00:00,1.05368,1.0507317857142855,tp,433.11598768283363,3,C_30m_4h_1d,short
-1,2024-11-20 20:30:00,2024-11-21 03:00:00,1.0526600000000002,1.0547857142857144,sl,-264.200752486522,13,C_30m_4h_1d,short
-1,2024-11-21 04:00:00,2024-11-21 05:30:00,1.05451,1.0551475000000001,sl,-261.55874496165677,3,C_30m_4h_1d,short
-1,2024-11-21 15:30:00,2024-11-21 15:30:00,1.05165,1.053575357142857,sl,-258.9431575120402,0,C_30m_4h_1d,short
-1,2024-11-21 18:00:00,2024-11-21 18:30:00,1.05097,1.0472485714285713,tp,427.25620989487487,1,C_30m_4h_1d,short
-1,2024-11-22 04:30:00,2024-11-22 09:00:00,1.0469300000000001,1.047864285714286,sl,-260.6262880358686,9,C_30m_4h_1d,short
-1,2024-11-22 11:00:00,2024-11-22 11:00:00,1.0443500000000001,1.0414660714285715,tp,430.0333752592052,0,C_30m_4h_1d,short
-1,2024-11-22 18:30:00,2024-11-25 00:00:00,1.0394700000000001,1.042575,sl,-262.3203589081019,11,C_30m_4h_1d,short
-1,2024-11-25 13:30:00,2024-11-25 15:00:00,1.04826,1.0501757142857142,sl,-259.6971553190209,3,C_30m_4h_1d,short
-1,2024-11-26 09:00:00,2024-11-26 11:00:00,1.0476100000000002,1.0496660714285715,sl,-257.1001837658307,4,C_30m_4h_1d,short
-1,2024-11-27 13:30:00,2024-11-27 14:30:00,1.05107,1.0530896428571428,sl,-254.52918192817242,2,C_30m_4h_1d,short
-1,2024-11-28 11:30:00,2024-11-28 12:30:00,1.05349,1.0549471428571429,sl,-251.98389010889068,2,C_30m_4h_1d,short
-1,2024-11-28 15:30:00,2024-11-29 01:00:00,1.05404,1.0557703571428572,sl,-249.46405120780173,19,C_30m_4h_1d,short
-1,2024-11-29 04:00:00,2024-11-29 04:00:00,1.0559100000000001,1.0569632142857146,sl,-246.96941069572375,0,C_30m_4h_1d,short
-1,2024-11-29 18:30:00,2024-11-29 20:00:00,1.05541,1.0575346428571428,sl,-244.4997165887665,3,C_30m_4h_1d,short
-1,2024-12-02 00:00:00,2024-12-02 01:00:00,1.05694,1.0543667857142855,tp,403.4245323715112,2,C_30m_4h_1d,short
-1,2024-12-02 10:00:00,2024-12-02 11:00:00,1.05021,1.0517635714285716,sl,-246.08896474659397,2,C_30m_4h_1d,short
-1,2024-12-02 15:00:00,2024-12-02 17:00:00,1.05,1.0462053571428571,tp,406.0467918319117,4,C_30m_4h_1d,short
-1,2024-12-03 00:00:00,2024-12-03 10:30:00,1.04962,1.0516396428571428,sl,-247.68854301744713,21,C_30m_4h_1d,short
-1,2024-12-03 13:00:00,2024-12-03 19:30:00,1.05138,1.052975357142857,sl,-245.2116575872726,13,C_30m_4h_1d,short
-1,2024-12-04 05:00:00,2024-12-04 06:30:00,1.04996,1.0509542857142857,sl,-242.75954101139993,3,C_30m_4h_1d,short
-1,2024-12-05 07:00:00,2024-12-05 07:00:00,1.05176,1.0525828571428573,sl,-240.3319456012859,0,C_30m_4h_1d,short
-1,2024-12-05 11:00:00,2024-12-05 15:00:00,1.0529600000000001,1.0541728571428572,sl,-237.92862614527306,8,C_30m_4h_1d,short
1,2024-12-05 20:00:00,2024-12-06 15:30:00,1.0568,1.060567857142857,tp,392.5822331396851,39,C_30m_4h_1d,long
1,2024-12-06 22:00:00,2024-12-09 02:00:00,1.05555,1.05579,flip,20.427431963524384,8,C_30m_4h_1d,long
-1,2024-12-09 02:30:00,2024-12-09 05:30:00,1.05579,1.053747142857143,tp,399.4657275581019,6,C_30m_4h_1d,short
1,2024-12-09 16:30:00,2024-12-09 20:00:00,1.0579399999999999,1.056224642857143,sl,-243.67409381043342,7,C_30m_4h_1d,long
-1,2024-12-10 03:30:00,2024-12-10 04:00:00,1.05484,1.0556660714285715,sl,-241.23735287232907,1,C_30m_4h_1d,short
-1,2024-12-10 07:30:00,2024-12-10 07:30:00,1.05545,1.0562278571428572,sl,-238.8249793436058,0,C_30m_4h_1d,short
-1,2024-12-10 09:30:00,2024-12-10 10:00:00,1.05594,1.054359642857143,tp,394.0612159169865,1,C_30m_4h_1d,short
-1,2024-12-10 17:30:00,2024-12-10 20:30:00,1.0502,1.0519785714285714,sl,-240.37734170933967,6,C_30m_4h_1d,short
-1,2024-12-11 00:00:00,2024-12-11 04:00:00,1.0525,1.0538789285714285,sl,-237.97356829224623,8,C_30m_4h_1d,short
-1,2024-12-11 17:00:00,2024-12-12 09:00:00,1.0500800000000001,1.052242142857143,sl,-235.59383260932375,32,C_30m_4h_1d,short
-1,2024-12-12 17:30:00,2024-12-12 18:30:00,1.04826,1.0508871428571427,sl,-233.23789428323053,2,C_30m_4h_1d,short
-1,2024-12-12 20:30:00,2024-12-13 15:00:00,1.04924,1.0523289285714286,sl,-230.90551534039824,37,C_30m_4h_1d,short
-1,2024-12-16 00:30:00,2024-12-16 00:30:00,1.04853,1.0499164285714286,sl,-228.59646018699428,0,C_30m_4h_1d,short
-1,2024-12-16 08:30:00,2024-12-16 10:00:00,1.0517100000000001,1.0503403571428571,tp,377.1841593085406,3,C_30m_4h_1d,short
-1,2024-12-16 16:30:00,2024-12-16 17:30:00,1.04901,1.0508389285714286,sl,-230.08233717820974,2,C_30m_4h_1d,short
-1,2024-12-16 18:30:00,2024-12-16 19:00:00,1.0499100000000001,1.051781785714286,sl,-227.78151380642765,1,C_30m_4h_1d,short
-1,2024-12-16 20:30:00,2024-12-17 02:30:00,1.05077,1.0527157142857142,sl,-225.50369866836337,12,C_30m_4h_1d,short
-1,2024-12-17 05:00:00,2024-12-17 08:00:00,1.05165,1.0501035714285714,tp,372.08110280276395,6,C_30m_4h_1d,short
-1,2024-12-17 18:00:00,2024-12-17 19:00:00,1.0498100000000001,1.051192142857143,sl,-226.9694727097074,2,C_30m_4h_1d,short
-1,2024-12-18 06:00:00,2024-12-18 08:00:00,1.04983,1.0506035714285715,sl,-224.6997779826103,4,C_30m_4h_1d,short
-1,2024-12-18 17:30:00,2024-12-18 21:00:00,1.0488,1.0463267857142855,tp,370.7546336713403,7,C_30m_4h_1d,short
-1,2024-12-18 21:30:00,2024-12-18 21:30:00,1.04135,1.0373089285714285,tp,376.9338775658362,0,C_30m_4h_1d,short
-1,2024-12-19 07:00:00,2024-12-19 09:00:00,1.03784,1.039342142857143,sl,-229.92966531515594,4,C_30m_4h_1d,short
-1,2024-12-20 01:30:00,2024-12-20 09:00:00,1.03611,1.037754642857143,sl,-227.6303686620044,15,C_30m_4h_1d,short
-1,2024-12-23 17:30:00,2024-12-23 18:30:00,1.0390000000000001,1.0407110714285714,sl,-225.35406497538438,2,C_30m_4h_1d,short
-1,2024-12-23 21:30:00,2024-12-26 18:00:00,1.04001,1.0415989285714287,sl,-223.10052432563052,90,C_30m_4h_1d,short
-1,2024-12-27 09:30:00,2024-12-27 09:30:00,1.04087,1.0414432142857142,sl,-220.8695190823742,0,C_30m_4h_1d,short
-1,2024-12-27 16:30:00,2024-12-30 13:00:00,1.0431300000000001,1.0446139285714287,sl,-218.66082389155048,41,C_30m_4h_1d,short
-1,2024-12-30 15:30:00,2024-12-30 15:30:00,1.04369,1.0408792857142857,tp,360.7903594210488,0,C_30m_4h_1d,short
-1,2024-12-31 01:30:00,2024-12-31 04:00:00,1.04026,1.0414492857142856,sl,-220.08211924684542,5,C_30m_4h_1d,short
-1,2024-12-31 06:00:00,2024-12-31 10:30:00,1.0408,1.041667857142857,sl,-217.88129805437697,9,C_30m_4h_1d,short
-1,2024-12-31 12:30:00,2024-12-31 14:30:00,1.04096,1.0392385714285715,tp,359.50414178976837,4,C_30m_4h_1d,short
-1,2025-01-02 00:00:00,2025-01-02 04:30:00,1.03509,1.0366157142857144,sl,-219.2975264917309,9,C_30m_4h_1d,short
-1,2025-01-02 07:30:00,2025-01-02 10:30:00,1.03641,1.0347939285714287,tp,361.84091871133944,6,C_30m_4h_1d,short
-1,2025-01-03 04:00:00,2025-01-03 08:30:00,1.02667,1.0277521428571428,sl,-220.722960413927,9,C_30m_4h_1d,short
-1,2025-01-06 00:30:00,2025-01-06 09:00:00,1.0305,1.0319057142857142,sl,-218.51573080978775,17,C_30m_4h_1d,short
-1,2025-01-07 00:00:00,2025-01-07 07:30:00,1.03858,1.0402578571428571,sl,-216.33057350168983,10,C_30m_4h_1d,short
-1,2025-01-08 06:00:00,2025-01-08 07:00:00,1.03468,1.0353582142857143,sl,-214.16726776667292,2,C_30m_4h_1d,short
-1,2025-01-08 22:00:00,2025-01-10 15:30:00,1.03082,1.027602142857143,tp,353.37599181500224,83,C_30m_4h_1d,short
-1,2025-01-13 00:30:00,2025-01-13 09:00:00,1.0237500000000002,1.0207660714285716,tp,359.2655916785759,17,C_30m_4h_1d,short
-1,2025-01-13 11:30:00,2025-01-13 12:00:00,1.01861,1.020592142857143,sl,-219.15201092394202,1,C_30m_4h_1d,short
-1,2025-01-13 13:00:00,2025-01-13 23:00:00,1.02013,1.022215,sl,-216.96049081470255,20,C_30m_4h_1d,short
-1,2025-01-14 11:30:00,2025-01-14 15:30:00,1.0255400000000001,1.0270110714285716,sl,-214.7908859065556,8,C_30m_4h_1d,short
-1,2025-01-15 11:00:00,2025-01-15 11:00:00,1.02957,1.030652142857143,sl,-212.64297704748998,0,C_30m_4h_1d,short
-1,2025-01-15 12:30:00,2025-01-15 15:30:00,1.03051,1.031757142857143,sl,-210.5165472770151,6,C_30m_4h_1d,short
-1,2025-01-16 03:30:00,2025-01-16 14:00:00,1.02922,1.0276914285714285,tp,347.3523030071085,21,C_30m_4h_1d,short
-1,2025-01-16 20:00:00,2025-01-17 17:00:00,1.02955,1.0319435714285714,sl,-211.88490483431602,42,C_30m_4h_1d,short
-1,2025-01-20 10:30:00,2025-01-20 12:30:00,1.03085,1.031975,sl,-209.76605578597287,4,C_30m_4h_1d,short
1,2025-01-20 21:00:00,2025-01-21 02:30:00,1.03971,1.0357671428571429,sl,-207.66839522811313,11,C_30m_4h_1d,long
1,2025-01-21 05:30:00,2025-01-21 08:30:00,1.03972,1.03681,sl,-205.59171127583198,6,C_30m_4h_1d,long
1,2025-01-22 01:00:00,2025-01-22 01:00:00,1.0425799999999998,1.0413028571428569,sl,-203.53579416307366,0,C_30m_4h_1d,long
1,2025-01-22 03:00:00,2025-01-22 03:30:00,1.04237,1.0408582142857143,sl,-201.50043622144295,1,C_30m_4h_1d,long
1,2025-01-22 05:00:00,2025-01-22 11:30:00,1.04142,1.0439378571428573,tp,332.4757197654004,13,C_30m_4h_1d,long
1,2025-01-22 20:00:00,2025-01-23 04:00:00,1.04176,1.0401742857142857,sl,-202.81018905688254,16,C_30m_4h_1d,long
1,2025-01-23 04:30:00,2025-01-23 09:00:00,1.04061,1.0397357142857142,sl,-200.7820871663137,9,C_30m_4h_1d,long
1,2025-01-23 11:30:00,2025-01-23 17:00:00,1.04047,1.0393953571428571,sl,-198.77426629465054,11,C_30m_4h_1d,long
1,2025-01-23 18:30:00,2025-01-24 04:00:00,1.04093,1.0441889285714283,tp,327.97753938614363,19,C_30m_4h_1d,long
1,2025-01-24 17:00:00,2025-01-27 01:30:00,1.04913,1.0469442857142857,sl,-200.06629902556546,17,C_30m_4h_1d,long
1,2025-01-27 22:00:00,2025-01-28 01:00:00,1.04932,1.0476282142857143,sl,-198.0656360353098,6,C_30m_4h_1d,long
-1,2025-01-29 03:00:00,2025-01-29 05:30:00,1.04298,1.0438746428571428,sl,-196.0849796749567,5,C_30m_4h_1d,short
-1,2025-01-29 09:00:00,2025-01-29 09:00:00,1.04365,1.042305357142857,tp,323.5402164636785,0,C_30m_4h_1d,short
1,2025-01-29 22:00:00,2025-01-30 03:00:00,1.04165,1.04199,flip,28.097244579752417,10,C_30m_4h_1d,long
-1,2025-01-30 03:30:00,2025-01-30 09:30:00,1.042,1.0423799999999999,flip,-43.29616981178302,12,C_30m_4h_1d,short
1,2025-01-30 10:00:00,2025-01-30 10:00:00,1.0426499999999999,1.0418217857142855,sl,-197.20754279052363,0,C_30m_4h_1d,long
-1,2025-01-30 11:00:00,2025-01-30 11:00:00,1.0421200000000002,1.0405735714285715,tp,325.39244560441074,0,C_30m_4h_1d,short
-1,2025-01-30 18:30:00,2025-01-31 03:00:00,1.0424200000000001,1.0380467857142859,tp,330.8156530310874,17,C_30m_4h_1d,short
-1,2025-01-31 07:30:00,2025-01-31 09:00:00,1.03864,1.0396642857142857,sl,-201.7975483489734,3,C_30m_4h_1d,short
-1,2025-01-31 10:30:00,2025-01-31 11:00:00,1.0390700000000002,1.037227142857143,tp,332.9659547758329,1,C_30m_4h_1d,short
-1,2025-01-31 20:30:00,2025-02-03 00:00:00,1.03804,1.033497142857143,tp,338.5153873554145,7,C_30m_4h_1d,short
-1,2025-02-03 10:00:00,2025-02-03 10:30:00,1.02245,1.0245950000000001,sl,-206.49438628679619,1,C_30m_4h_1d,short
-1,2025-02-03 12:00:00,2025-02-03 13:30:00,1.0229000000000001,1.0251778571428574,sl,-204.4294424239282,3,C_30m_4h_1d,short
-1,2025-02-04 13:30:00,2025-02-04 16:00:00,1.03243,1.0344282142857142,sl,-202.38514799968897,5,C_30m_4h_1d,short
1,2025-02-05 16:30:00,2025-02-05 22:00:00,1.04222,1.0402839285714285,sl,-200.36129651969208,11,C_30m_4h_1d,long
-1,2025-02-06 04:30:00,2025-02-06 10:00:00,1.03935,1.037707142857143,tp,330.59613925744725,11,C_30m_4h_1d,short
-1,2025-02-06 14:00:00,2025-02-06 16:30:00,1.03613,1.0373921428571429,sl,-201.66364494706963,5,C_30m_4h_1d,short
-1,2025-02-07 12:30:00,2025-02-07 14:00:00,1.0387300000000002,1.0371210714285717,tp,332.74501416263433,3,C_30m_4h_1d,short
-1,2025-02-10 03:30:00,2025-02-10 09:00:00,1.03057,1.0324321428571428,sl,-202.9744586392253,11,C_30m_4h_1d,short
-1,2025-02-10 09:30:00,2025-02-10 10:30:00,1.03116,1.0322217857142857,sl,-200.94471405283304,2,C_30m_4h_1d,short
-1,2025-02-10 14:00:00,2025-02-11 04:30:00,1.0319800000000001,1.0296925000000001,tp,331.55877818717454,29,C_30m_4h_1d,short
-1,2025-02-11 10:00:00,2025-02-11 10:30:00,1.03026,1.030997142857143,sl,-202.25085469417644,1,C_30m_4h_1d,short
-1,2025-02-12 14:00:00,2025-02-12 15:30:00,1.0374400000000001,1.035559642857143,tp,333.71391024539116,3,C_30m_4h_1d,short
1,2025-02-13 13:30:00,2025-02-13 13:30:00,1.04202,1.0406196428571428,sl,-203.5654852496886,0,C_30m_4h_1d,long
-1,2025-02-13 20:30:00,2025-02-13 20:30:00,1.0425200000000001,1.0379575,tp,335.88305066200803,0,C_30m_4h_1d,short
1,2025-02-14 08:30:00,2025-02-14 09:00:00,1.04561,1.047115357142857,tp,341.4811015063194,1,C_30m_4h_1d,long
1,2025-02-17 03:00:00,2025-02-17 09:30:00,1.04927,1.0483764285714285,sl,-208.303471918875,13,C_30m_4h_1d,long
1,2025-02-17 12:30:00,2025-02-17 14:30:00,1.04839,1.0472907142857142,sl,-206.22043719968624,4,C_30m_4h_1d,long
1,2025-02-18 02:00:00,2025-02-18 02:30:00,1.04854,1.0478789285714285,sl,-204.1582328276894,1,C_30m_4h_1d,long
-1,2025-02-20 03:30:00,2025-02-20 04:30:00,1.0425900000000001,1.0436132142857144,sl,-202.11665049941251,2,C_30m_4h_1d,short
-1,2025-02-20 05:30:00,2025-02-20 09:00:00,1.04279,1.0429,flip,-20.5843049666612,7,C_30m_4h_1d,short
1,2025-02-20 09:30:00,2025-02-20 10:30:00,1.04291,1.04324,flip,54.243180097775145,2,C_30m_4h_1d,long
-1,2025-02-20 11:00:00,2025-02-20 13:00:00,1.04324,1.0445064285714285,sl,-200.43207274572953,4,C_30m_4h_1d,short
1,2025-02-20 15:30:00,2025-02-20 16:30:00,1.04515,1.04457,flip,-82.12198503508972,2,C_30m_4h_1d,long
-1,2025-02-20 17:00:00,2025-02-20 17:00:00,1.04458,1.0461453571428572,sl,-197.60653216792133,0,C_30m_4h_1d,short
1,2025-02-21 01:30:00,2025-02-21 02:30:00,1.05047,1.049215357142857,sl,-195.63046684624214,2,C_30m_4h_1d,long
1,2025-02-21 05:00:00,2025-02-21 07:30:00,1.0503099999999999,1.0493049999999997,sl,-193.6741621777797,5,C_30m_4h_1d,long
1,2025-02-21 09:30:00,2025-02-21 10:00:00,1.04982,1.0488182142857143,sl,-191.7374205560019,1,C_30m_4h_1d,long
1,2025-02-25 03:00:00,2025-02-25 13:30:00,1.04636,1.0482296428571427,tp,316.36674391736557,21,C_30m_4h_1d,long
1,2025-02-25 21:00:00,2025-02-26 07:30:00,1.05091,1.0491089285714286,sl,-192.98371378961554,21,C_30m_4h_1d,long
1,2025-02-26 15:30:00,2025-02-26 19:00:00,1.04924,1.0521096428571428,tp,318.4231277528657,7,C_30m_4h_1d,long
-1,2025-02-28 02:00:00,2025-02-28 03:00:00,1.03931,1.0403567857142857,sl,-194.23810792924812,2,C_30m_4h_1d,short
-1,2025-02-28 04:00:00,2025-02-28 09:30:00,1.0384,1.039455357142857,sl,-192.2957268499556,11,C_30m_4h_1d,short
-1,2025-02-28 12:30:00,2025-02-28 12:30:00,1.0392700000000001,1.0402203571428572,sl,-190.37276958145605,0,C_30m_4h_1d,short
-1,2025-02-28 18:00:00,2025-02-28 20:00:00,1.0399500000000002,1.037419642857143,tp,314.11506980943005,4,C_30m_4h_1d,short
1,2025-03-03 23:30:00,2025-03-04 11:30:00,1.04898,1.0524210714285713,tp,319.3503209728724,24,C_30m_4h_1d,long
1,2025-03-04 19:00:00,2025-03-04 20:30:00,1.05344,1.0579792857142856,tp,324.6728263224409,3,C_30m_4h_1d,long
1,2025-03-05 06:00:00,2025-03-05 09:00:00,1.0618699999999999,1.0646574999999998,tp,330.08404009448157,6,C_30m_4h_1d,long
1,2025-03-05 16:00:00,2025-03-05 16:30:00,1.07161,1.0771010714285714,tp,335.58544076273193,1,C_30m_4h_1d,long
1,2025-03-06 00:30:00,2025-03-06 15:00:00,1.07917,1.0826610714285714,tp,341.17853144209454,29,C_30m_4h_1d,long
1,2025-03-06 22:00:00,2025-03-07 11:00:00,1.08022,1.0865217857142857,tp,346.86484029946183,26,C_30m_4h_1d,long
1,2025-03-07 16:30:00,2025-03-07 17:30:00,1.08684,1.0842589285714286,sl,-211.58755258267658,2,C_30m_4h_1d,long
1,2025-03-07 18:00:00,2025-03-07 18:30:00,1.08707,1.0839167857142857,sl,-209.47167705684987,1,C_30m_4h_1d,long
1,2025-03-07 19:00:00,2025-03-07 20:00:00,1.08595,1.082670357142857,sl,-207.37696028628136,2,C_30m_4h_1d,long
1,2025-03-07 22:00:00,2025-03-10 10:30:00,1.0843,1.0808339285714286,sl,-205.30319068341853,25,C_30m_4h_1d,long
1,2025-03-10 11:30:00,2025-03-10 12:00:00,1.08406,1.0874171428571429,tp,338.7502646276331,1,C_30m_4h_1d,long
1,2025-03-10 19:30:00,2025-03-11 09:00:00,1.0837299999999999,1.0880478571428571,tp,344.39610237145223,27,C_30m_4h_1d,long
1,2025-03-11 09:30:00,2025-03-11 10:30:00,1.0876,1.0909464285714285,tp,350.13603741095096,2,C_30m_4h_1d,long
1,2025-03-11 17:00:00,2025-03-12 08:30:00,1.0919999999999999,1.0892892857142855,sl,-213.58298282068475,31,C_30m_4h_1d,long
1,2025-03-13 10:30:00,2025-03-13 12:30:00,1.08838,1.0868735714285713,sl,-211.4471529924779,4,C_30m_4h_1d,long
1,2025-03-13 14:30:00,2025-03-13 14:30:00,1.0862699999999998,1.084045714285714,sl,-209.3326814625531,0,C_30m_4h_1d,long
1,2025-03-14 19:00:00,2025-03-18 09:30:00,1.08835,1.0930125,tp,345.39892441321257,75,C_30m_4h_1d,long
1,2025-03-18 17:00:00,2025-03-18 17:00:00,1.09177,1.0898221428571429,sl,-210.6933438920597,0,C_30m_4h_1d,long
1,2025-03-19 04:30:00,2025-03-19 06:00:00,1.09395,1.0932332142857142,sl,-208.58641045313908,3,C_30m_4h_1d,long
1,2025-03-20 04:30:00,2025-03-20 06:30:00,1.09158,1.090464642857143,sl,-206.50054634860768,4,C_30m_4h_1d,long
-1,2025-03-27 15:30:00,2025-03-27 17:30:00,1.07788,1.079845,sl,-204.43554088512158,4,C_30m_4h_1d,short
-1,2025-03-27 18:30:00,2025-03-28 15:30:00,1.07953,1.0816182142857143,sl,-202.39118547627038,42,C_30m_4h_1d,short
1,2025-03-31 03:00:00,2025-03-31 10:00:00,1.08237,1.0848610714285716,tp,333.94545603583623,14,C_30m_4h_1d,long
1,2025-03-31 12:00:00,2025-03-31 13:00:00,1.0827499999999999,1.0809864285714283,sl,-203.70672818186603,2,C_30m_4h_1d,long
1,2025-03-31 14:00:00,2025-03-31 16:30:00,1.08186,1.0807,flip,-124.33998834536364,5,C_30m_4h_1d,long
-1,2025-03-31 17:00:00,2025-04-01 02:30:00,1.08068,1.08177,flip,-103.34531992271924,19,C_30m_4h_1d,short
1,2025-04-01 03:00:00,2025-04-01 08:30:00,1.08177,1.0808839285714285,sl,-199.39280781736653,11,C_30m_4h_1d,long
1,2025-04-01 11:30:00,2025-04-01 13:00:00,1.0809199999999999,1.0796857142857141,sl,-197.39887973919286,3,C_30m_4h_1d,long
-1,2025-04-01 19:00:00,2025-04-01 23:30:00,1.07983,1.0792199999999998,flip,55.74243716244138,9,C_30m_4h_1d,short
1,2025-04-02 00:00:00,2025-04-02 02:30:00,1.07869,1.07932,flip,81.2677019776627,5,C_30m_4h_1d,long
-1,2025-04-02 03:00:00,2025-04-02 09:00:00,1.07932,1.07924,flip,14.183422870876296,12,C_30m_4h_1d,short
1,2025-04-02 09:30:00,2025-04-02 10:00:00,1.07927,1.0784192857142856,sl,-196.93682656191072,1,C_30m_4h_1d,long
1,2025-04-02 11:00:00,2025-04-02 13:00:00,1.07918,1.07919,flip,1.917488174334975,4,C_30m_4h_1d,long
-1,2025-04-02 13:30:00,2025-04-02 14:30:00,1.07919,1.0804103571428572,sl,-194.98663317803494,2,C_30m_4h_1d,short
1,2025-04-03 02:30:00,2025-04-03 09:30:00,1.08876,1.0957189285714284,tp,321.7279447437542,14,C_30m_4h_1d,long
1,2025-04-03 11:00:00,2025-04-03 12:00:00,1.09709,1.1024096428571428,tp,327.090077156149,2,C_30m_4h_1d,long
1,2025-04-03 17:30:00,2025-04-03 19:00:00,1.10955,1.1036389285714285,sl,-199.52494706525363,3,C_30m_4h_1d,long
1,2025-04-04 13:30:00,2025-04-04 17:00:00,1.10448,1.1003100000000001,sl,-197.5296975946011,7,C_30m_4h_1d,long
1,2025-04-07 07:00:00,2025-04-07 10:00:00,1.09506,1.1027546428571429,tp,325.9240010310887,6,C_30m_4h_1d,long
1,2025-04-07 12:00:00,2025-04-07 12:30:00,1.0992199999999999,1.0949707142857141,sl,-198.813640628966,1,C_30m_4h_1d,long
1,2025-04-07 13:30:00,2025-04-07 14:00:00,1.0985399999999998,1.0941064285714284,sl,-196.82550422267633,1,C_30m_4h_1d,long
1,2025-04-07 15:00:00,2025-04-07 17:30:00,1.09696,1.0921653571428571,sl,-194.85724918044954,5,C_30m_4h_1d,long
1,2025-04-08 20:00:00,2025-04-09 02:30:00,1.09296,1.0981975,tp,321.5144611477372,13,C_30m_4h_1d,long
1,2025-04-09 07:30:00,2025-04-09 08:30:00,1.10619,1.1032307142857143,sl,-196.12382130012244,2,C_30m_4h_1d,long
1,2025-04-09 10:00:00,2025-04-09 10:30:00,1.10728,1.1034132142857143,sl,-194.16258308712122,1,C_30m_4h_1d,long
1,2025-04-09 13:00:00,2025-04-09 20:00:00,1.10442,1.1000314285714285,sl,-192.22095725625002,14,C_30m_4h_1d,long
1,2025-04-10 21:30:00,2025-04-10 22:00:00,1.12373,1.1188882142857142,sl,-190.2987476836875,1,C_30m_4h_1d,long
1,2025-04-11 01:30:00,2025-04-11 03:30:00,1.12084,1.1289632142857144,tp,313.9929336780901,4,C_30m_4h_1d,long
1,2025-04-11 10:30:00,2025-04-11 11:30:00,1.13428,1.1436425,tp,319.22614923938096,2,C_30m_4h_1d,long
1,2025-04-11 14:30:00,2025-04-11 19:00:00,1.13617,1.1295485714285713,sl,-194.7279510360254,9,C_30m_4h_1d,long
1,2025-04-11 21:30:00,2025-04-14 09:30:00,1.1310499999999999,1.1411017857142856,tp,321.3011192094419,24,C_30m_4h_1d,long
1,2025-04-14 11:30:00,2025-04-14 15:00:00,1.14009,1.1366667857142858,sl,-195.99368271775955,7,C_30m_4h_1d,long
1,2025-04-15 05:30:00,2025-04-15 10:00:00,1.13397,1.132035,sl,-194.03374589058197,9,C_30m_4h_1d,long
1,2025-04-15 11:00:00,2025-04-15 12:00:00,1.13573,1.133387857142857,sl,-192.09340843167615,2,C_30m_4h_1d,long
1,2025-04-15 13:30:00,2025-04-15 14:30:00,1.1345399999999999,1.1318121428571428,sl,-190.1724743473594,2,C_30m_4h_1d,long
1,2025-04-15 15:30:00,2025-04-15 17:00:00,1.13346,1.1304407142857142,sl,-188.27074960388578,3,C_30m_4h_1d,long
1,2025-04-15 18:00:00,2025-04-15 18:30:00,1.13289,1.129745357142857,sl,-186.38804210784693,1,C_30m_4h_1d,long
1,2025-04-16 16:30:00,2025-04-17 15:00:00,1.1368399999999999,1.1335517857142856,sl,-184.52416168676845,45,C_30m_4h_1d,long
1,2025-04-18 05:30:00,2025-04-18 10:00:00,1.1374,1.1360960714285715,sl,-182.67892006990076,9,C_30m_4h_1d,long
1,2025-04-18 10:30:00,2025-04-18 17:30:00,1.1373,1.1394160714285713,tp,301.4202181153257,14,C_30m_4h_1d,long
1,2025-04-18 21:00:00,2025-04-21 00:00:00,1.13919,1.1408167857142857,tp,306.44388841728625,6,C_30m_4h_1d,long
1,2025-04-21 00:30:00,2025-04-21 00:30:00,1.14097,1.1399339285714285,sl,-186.93077193452788,0,C_30m_4h_1d,long
1,2025-04-21 08:30:00,2025-04-21 17:30:00,1.15248,1.1495989285714285,sl,-185.0614642151826,18,C_30m_4h_1d,long
1,2025-04-21 21:00:00,2025-04-22 03:30:00,1.1513799999999998,1.148510714285714,sl,-183.2108495730308,13,C_30m_4h_1d,long
1,2025-04-22 05:30:00,2025-04-22 08:00:00,1.15114,1.154066785714286,tp,302.29790179548553,5,C_30m_4h_1d,long
1,2025-04-23 18:30:00,2025-04-23 19:30:00,1.13798,1.1337864285714285,sl,-184.40172009525534,2,C_30m_4h_1d,long
1,2025-04-24 09:30:00,2025-04-24 10:30:00,1.13476,1.1378742857142856,tp,304.2628381571786,2,C_30m_4h_1d,long
1,2025-04-24 19:30:00,2025-04-25 04:00:00,1.1369099999999999,1.1343524999999999,sl,-185.60033127587457,17,C_30m_4h_1d,long
1,2025-04-25 17:00:00,2025-04-28 17:30:00,1.1353199999999999,1.1393860714285713,tp,306.2405466051819,49,C_30m_4h_1d,long
1,2025-04-29 05:30:00,2025-04-29 06:00:00,1.14089,1.1392935714285715,sl,-186.80673342916765,1,C_30m_4h_1d,long
1,2025-04-29 15:30:00,2025-04-30 04:30:00,1.13866,1.1365396428571428,sl,-184.938666094876,26,C_30m_4h_1d,long
1,2025-04-30 06:30:00,2025-04-30 11:00:00,1.13785,1.1362214285714287,sl,-183.08927943392723,9,C_30m_4h_1d,long
1,2025-04-30 14:30:00,2025-04-30 17:00:00,1.13702,1.1351771428571429,sl,-181.25838663958797,5,C_30m_4h_1d,long
-1,2025-05-06 02:00:00,2025-05-06 03:00:00,1.1313600000000001,1.1292742857142857,tp,299.0763379553201,2,C_30m_4h_1d,short
-1,2025-05-06 06:00:00,2025-05-06 07:00:00,1.1306100000000001,1.1321528571428574,sl,-182.43656615274529,2,C_30m_4h_1d,short
-1,2025-05-06 12:00:00,2025-05-06 16:30:00,1.1326100000000001,1.134569642857143,sl,-180.61220049121786,9,C_30m_4h_1d,short
1,2025-05-07 05:00:00,2025-05-07 22:00:00,1.1344699999999999,1.1319799999999998,sl,-178.80607848630564,34,C_30m_4h_1d,long
-1,2025-05-08 03:00:00,2025-05-08 04:30:00,1.13019,1.1326500000000002,sl,-177.01801770144263,3,C_30m_4h_1d,short
-1,2025-05-08 08:00:00,2025-05-08 09:00:00,1.13169,1.1288453571428572,tp,292.0797292073651,2,C_30m_4h_1d,short
-1,2025-05-08 17:30:00,2025-05-08 18:30:00,1.12927,1.1253253571428572,tp,296.9477246941642,2,C_30m_4h_1d,short
-1,2025-05-09 03:30:00,2025-05-09 08:30:00,1.12162,1.1230771428571429,sl,-181.13811206344351,10,C_30m_4h_1d,short
-1,2025-05-12 04:30:00,2025-05-12 10:00:00,1.12232,1.1187432142857143,tp,298.87788490466943,11,C_30m_4h_1d,short
-1,2025-05-12 15:30:00,2025-05-13 16:00:00,1.11022,1.1146171428571428,sl,-182.31550979185573,49,C_30m_4h_1d,short
-1,2025-05-19 04:30:00,2025-05-19 09:00:00,1.1180700000000001,1.119962142857143,sl,-180.4923546939372,9,C_30m_4h_1d,short
-1,2025-05-20 05:00:00,2025-05-20 08:00:00,1.1237300000000001,1.1250157142857145,sl,-178.6874311469978,6,C_30m_4h_1d,short
1,2025-05-20 12:30:00,2025-05-20 15:00:00,1.1260999999999999,1.1241724999999998,sl,-176.90055683552782,5,C_30m_4h_1d,long
1,2025-05-20 17:00:00,2025-05-20 21:00:00,1.12459,1.1278953571428572,tp,291.8859187786144,8,C_30m_4h_1d,long
1,2025-05-21 05:00:00,2025-05-21 05:00:00,1.1298599999999999,1.1318778571428572,tp,296.7506840916196,0,C_30m_4h_1d,long
1,2025-05-21 13:00:00,2025-05-22 02:00:00,1.13347,1.1313153571428571,sl,-181.01791729587487,26,C_30m_4h_1d,long
1,2025-05-22 02:30:00,2025-05-22 10:30:00,1.1324999999999998,1.1307192857142856,sl,-179.20773812291617,16,C_30m_4h_1d,long
1,2025-05-22 14:30:00,2025-05-22 15:30:00,1.1308799999999999,1.1286985714285713,sl,-177.415660741687,2,C_30m_4h_1d,long
1,2025-05-23 10:30:00,2025-05-23 14:00:00,1.1333199999999999,1.13597,tp,292.7358402237917,7,C_30m_4h_1d,long
1,2025-05-23 18:00:00,2025-05-26 04:30:00,1.1344999999999998,1.1401196428571427,tp,297.61477089418787,21,C_30m_4h_1d,long
1,2025-05-26 09:00:00,2025-05-26 10:00:00,1.1417,1.1399621428571427,sl,-181.5450102454499,2,C_30m_4h_1d,long
1,2025-05-27 06:30:00,2025-05-27 07:30:00,1.13968,1.138324642857143,sl,-179.72956014299538,2,C_30m_4h_1d,long
1,2025-05-27 09:30:00,2025-05-27 09:30:00,1.13865,1.1370675,sl,-177.93226454156544,0,C_30m_4h_1d,long
1,2025-05-28 01:00:00,2025-05-28 04:00:00,1.13292,1.1317039285714285,sl,-176.1529418961498,6,C_30m_4h_1d,long
1,2025-05-28 09:00:00,2025-05-28 16:30:00,1.13148,1.1296885714285716,sl,-174.39141247718828,15,C_30m_4h_1d,long
1,2025-05-28 17:30:00,2025-05-28 17:30:00,1.1320299999999999,1.1301217857142856,sl,-172.64749835241642,0,C_30m_4h_1d,long
1,2025-05-29 15:30:00,2025-05-29 15:30:00,1.1295,1.1331,tp,284.86837228149875,0,C_30m_4h_1d,long
1,2025-05-30 01:30:00,2025-05-30 04:30:00,1.1373499999999999,1.1359067857142855,sl,-173.76970709170723,6,C_30m_4h_1d,long
1,2025-05-30 09:00:00,2025-05-30 09:00:00,1.13513,1.1336374999999999,sl,-172.03201002079018,0,C_30m_4h_1d,long
1,2025-05-30 17:30:00,2025-06-02 03:00:00,1.133,1.1368607142857143,tp,283.8528165343093,19,C_30m_4h_1d,long
1,2025-06-02 17:30:00,2025-06-02 19:00:00,1.14434,1.1421135714285713,sl,-173.1502180859254,3,C_30m_4h_1d,long
1,2025-06-02 21:00:00,2025-06-03 12:00:00,1.14222,1.1402025,sl,-171.41871590506614,30,C_30m_4h_1d,long
1,2025-06-04 09:30:00,2025-06-04 11:30:00,1.13726,1.1398135714285713,tp,282.8408812433509,4,C_30m_4h_1d,long
1,2025-06-05 01:30:00,2025-06-05 06:30:00,1.14201,1.14087,sl,-172.532937558449,10,C_30m_4h_1d,long
1,2025-06-05 09:30:00,2025-06-05 15:30:00,1.14146,1.1436760714285714,tp,284.67934697146933,12,C_30m_4h_1d,long
1,2025-06-05 22:00:00,2025-06-06 11:30:00,1.1442299999999999,1.1411571428571428,sl,-173.6544016525792,27,C_30m_4h_1d,long
1,2025-06-09 01:30:00,2025-06-09 05:00:00,1.14035,1.1423642857142857,tp,286.5297627267556,7,C_30m_4h_1d,long
1,2025-06-10 02:00:00,2025-06-10 04:00:00,1.14231,1.1414485714285714,sl,-174.78315526332096,4,C_30m_4h_1d,long
1,2025-06-10 22:00:00,2025-06-11 15:30:00,1.1420299999999999,1.1447014285714285,tp,288.39220618451156,35,C_30m_4h_1d,long
1,2025-06-12 01:30:00,2025-06-12 03:00:00,1.14943,1.1512692857142857,tp,293.1987429542214,3,C_30m_4h_1d,long
1,2025-06-12 06:30:00,2025-06-12 11:30:00,1.15171,1.1542225,tp,298.08538867011634,10,C_30m_4h_1d,long
1,2025-06-12 21:00:00,2025-06-13 03:30:00,1.15751,1.1549867857142857,sl,-181.8320870887762,13,C_30m_4h_1d,long
1,2025-06-13 09:00:00,2025-06-13 13:30:00,1.153,1.1496892857142857,sl,-180.01376621788845,9,C_30m_4h_1d,long
1,2025-06-13 23:00:00,2025-06-16 00:00:00,1.155,1.1526707142857142,sl,-178.21362855570956,2,C_30m_4h_1d,long
1,2025-06-16 02:00:00,2025-06-16 09:30:00,1.15412,1.1574092857142857,tp,294.05248711692735,15,C_30m_4h_1d,long
1,2025-06-16 16:00:00,2025-06-16 22:00:00,1.15842,1.1565310714285715,sl,-179.37201714132175,12,C_30m_4h_1d,long
1,2025-06-17 13:30:00,2025-06-17 17:00:00,1.15588,1.1543960714285715,sl,-177.5782969699085,7,C_30m_4h_1d,long
1,2025-06-18 15:00:00,2025-06-18 16:30:00,1.15076,1.1491153571428572,sl,-175.8025140002094,3,C_30m_4h_1d,long
1,2025-06-18 17:30:00,2025-06-18 21:30:00,1.15018,1.1481260714285715,sl,-174.0444888602073,8,C_30m_4h_1d,long
1,2025-06-20 06:00:00,2025-06-20 17:00:00,1.1518199999999998,1.1505032142857141,sl,-172.30404397160524,22,C_30m_4h_1d,long
1,2025-06-20 18:00:00,2025-06-23 00:00:00,1.15133,1.149518214285714,sl,-170.5810035318892,12,C_30m_4h_1d,long
1,2025-06-23 02:30:00,2025-06-23 04:00:00,1.1498599999999999,1.1477332142857142,sl,-168.8751934965703,3,C_30m_4h_1d,long
1,2025-06-23 15:00:00,2025-06-23 17:00:00,1.14727,1.1511932142857144,tp,278.6440692693357,4,C_30m_4h_1d,long
1,2025-06-24 01:30:00,2025-06-24 10:30:00,1.16003,1.1579749999999998,sl,-169.97288225429796,18,C_30m_4h_1d,long
1,2025-06-24 12:30:00,2025-06-24 16:00:00,1.16105,1.159205,sl,-168.273153431755,7,C_30m_4h_1d,long
1,2025-06-25 02:30:00,2025-06-25 04:00:00,1.16124,1.1630132142857144,tp,277.6507031624305,3,C_30m_4h_1d,long
1,2025-06-25 09:00:00,2025-06-25 09:30:00,1.1619,1.1606699999999999,sl,-169.36692892906177,1,C_30m_4h_1d,long
1,2025-06-25 12:00:00,2025-06-25 12:00:00,1.16099,1.1595617857142857,sl,-167.67325963977115,0,C_30m_4h_1d,long
1,2025-06-25 13:00:00,2025-06-25 18:00:00,1.16007,1.162593214285714,tp,276.66087840561426,10,C_30m_4h_1d,long
1,2025-06-26 00:00:00,2025-06-26 02:30:00,1.16556,1.1680332142857144,tp,281.27189304569913,5,C_30m_4h_1d,long
1,2025-06-26 05:00:00,2025-06-26 06:00:00,1.16864,1.1708792857142856,tp,285.95975792980147,2,C_30m_4h_1d,long
1,2025-06-26 10:00:00,2025-06-26 11:00:00,1.16993,1.1730407142857142,tp,290.7257538953215,2,C_30m_4h_1d,long
1,2025-06-26 16:30:00,2025-06-26 18:00:00,1.1719,1.1691110714285713,sl,-177.34270987613777,3,C_30m_4h_1d,long
1,2025-06-26 19:00:00,2025-06-27 00:00:00,1.17169,1.169235357142857,sl,-175.56928277737637,10,C_30m_4h_1d,long
1,2025-06-27 19:00:00,2025-06-27 20:30:00,1.1723599999999998,1.1699664285714284,sl,-173.8135899496027,3,C_30m_4h_1d,long
1,2025-06-27 22:30:00,2025-06-30 09:30:00,1.17066,1.174917142857143,tp,286.7924234168493,22,C_30m_4h_1d,long
1,2025-06-30 12:00:00,2025-06-30 15:00:00,1.17292,1.1711296428571427,sl,-174.94337828427513,6,C_30m_4h_1d,long
1,2025-06-30 16:30:00,2025-06-30 17:30:00,1.1717899999999999,1.1746042857142855,tp,288.6565741690388,2,C_30m_4h_1d,long
1,2025-07-01 01:30:00,2025-07-01 10:00:00,1.1789,1.1771546428571429,sl,-176.08051024312277,17,C_30m_4h_1d,long
1,2025-07-01 10:30:00,2025-07-01 11:30:00,1.17855,1.180925,tp,290.5328419011526,2,C_30m_4h_1d,long
1,2025-07-02 15:30:00,2025-07-02 15:30:00,1.17779,1.1758646428571429,sl,-177.2250335597031,0,C_30m_4h_1d,long
1,2025-07-03 12:00:00,2025-07-03 14:30:00,1.17919,1.1783982142857141,sl,-175.45278322410607,5,C_30m_4h_1d,long
1,2025-07-03 17:00:00,2025-07-03 17:00:00,1.17735,1.1752157142857143,sl,-173.698255391865,0,C_30m_4h_1d,long
1,2025-07-04 17:00:00,2025-07-04 23:30:00,1.17797,1.176817142857143,sl,-171.96127283794635,13,C_30m_4h_1d,long
1,2025-07-07 00:30:00,2025-07-07 05:30:00,1.17791,1.1768803571428572,sl,-170.24166010956688,10,C_30m_4h_1d,long
1,2025-07-07 09:00:00,2025-07-07 09:30:00,1.17713,1.1760725,sl,-168.5392435084712,1,C_30m_4h_1d,long
1,2025-07-08 10:30:00,2025-07-08 12:30:00,1.1755,1.1741007142857143,sl,-166.85385107338647,4,C_30m_4h_1d,long
1,2025-07-09 04:00:00,2025-07-09 05:30:00,1.17246,1.1715032142857142,sl,-165.18531256265263,3,C_30m_4h_1d,long
1,2025-07-09 08:00:00,2025-07-09 11:00:00,1.17126,1.1702271428571427,sl,-163.5334594370261,6,C_30m_4h_1d,long
1,2025-07-09 15:30:00,2025-07-10 02:30:00,1.17052,1.1734146428571428,tp,269.8302080710724,22,C_30m_4h_1d,long
1,2025-07-10 09:00:00,2025-07-10 09:30:00,1.17391,1.1730046428571428,sl,-164.59642692336652,1,C_30m_4h_1d,long
1,2025-07-10 12:30:00,2025-07-10 14:00:00,1.1732399999999998,1.1723496428571427,sl,-162.95046265413288,3,C_30m_4h_1d,long
-1,2025-07-15 22:30:00,2025-07-16 07:30:00,1.1598300000000001,1.1618614285714286,sl,-161.32095802759153,18,C_30m_4h_1d,short
-1,2025-07-16 21:30:00,2025-07-21 17:30:00,1.1635900000000001,1.1685914285714287,sl,-159.70774844731562,136,C_30m_4h_1d,short
1,2025-07-22 01:00:00,2025-07-22 16:00:00,1.1693099999999998,1.167995357142857,sl,-158.11067096284248,30,C_30m_4h_1d,long
1,2025-07-22 17:00:00,2025-07-22 18:00:00,1.17044,1.1731542857142858,tp,260.8826070886901,2,C_30m_4h_1d,long
1,2025-07-23 06:30:00,2025-07-23 07:00:00,1.17442,1.173247857142857,sl,-159.13839032410095,1,C_30m_4h_1d,long
1,2025-07-23 09:30:00,2025-07-23 13:30:00,1.17349,1.1722814285714285,sl,-157.54700642085996,8,C_30m_4h_1d,long
1,2025-07-23 17:00:00,2025-07-23 18:30:00,1.17265,1.1752035714285713,tp,259.95256059441135,3,C_30m_4h_1d,long
1,2025-07-24 00:30:00,2025-07-24 10:00:00,1.17734,1.1754682142857142,sl,-158.57106196259545,19,C_30m_4h_1d,long
1,2025-07-24 15:00:00,2025-07-24 15:30:00,1.17561,1.1743264285714285,sl,-156.9853513429695,1,C_30m_4h_1d,long
1,2025-07-24 16:30:00,2025-07-24 23:30:00,1.17706,1.1752621428571428,sl,-155.41549782953982,14,C_30m_4h_1d,long
1,2025-07-25 02:00:00,2025-07-25 05:30:00,1.1752,1.1738135714285716,sl,-153.86134285124442,7,C_30m_4h_1d,long
-1,2025-07-28 16:30:00,2025-07-28 20:00:00,1.16368,1.1594282142857144,tp,253.87121570454448,7,C_30m_4h_1d,short
-1,2025-07-29 00:00:00,2025-07-29 09:30:00,1.15848,1.1560817857142858,tp,258.1024026329703,19,C_30m_4h_1d,short
-1,2025-07-29 14:30:00,2025-07-29 16:00:00,1.15614,1.1520882142857143,tp,262.40410934351667,3,C_30m_4h_1d,short
-1,2025-07-30 22:00:00,2025-07-31 09:30:00,1.14235,1.1453532142857141,sl,-160.0665066995423,23,C_30m_4h_1d,short
-1,2025-07-31 10:30:00,2025-07-31 16:00:00,1.14385,1.1406267857142858,tp,264.10973605423874,11,C_30m_4h_1d,short
-1,2025-07-31 18:30:00,2025-08-01 12:30:00,1.14337,1.1395467857142858,tp,268.5115649884821,36,C_30m_4h_1d,short
1,2025-08-04 06:00:00,2025-08-04 10:00:00,1.15759,1.155652857142857,sl,-163.79205464297408,8,C_30m_4h_1d,long
1,2025-08-04 12:30:00,2025-08-05 08:00:00,1.1571099999999999,1.1552317857142855,sl,-162.15413409654434,39,C_30m_4h_1d,long
1,2025-08-05 09:30:00,2025-08-05 10:30:00,1.15566,1.1543646428571428,sl,-160.5325927555789,2,C_30m_4h_1d,long
-1,2025-08-05 12:00:00,2025-08-05 16:30:00,1.15367,1.15529,sl,-158.9272668280231,9,C_30m_4h_1d,short
-1,2025-08-05 17:00:00,2025-08-05 17:30:00,1.15418,1.1564299999999998,sl,-157.3379941597429,1,C_30m_4h_1d,short
1,2025-08-05 23:00:00,2025-08-06 13:00:00,1.1572799999999999,1.1604442857142856,tp,259.607690363594,28,C_30m_4h_1d,long
1,2025-08-06 21:00:00,2025-08-07 10:30:00,1.16492,1.1686575,tp,263.93448520297426,27,C_30m_4h_1d,long
1,2025-08-11 01:00:00,2025-08-11 06:00:00,1.1648,1.1672892857142858,tp,268.33339328966923,10,C_30m_4h_1d,long
1,2025-08-12 11:00:00,2025-08-12 12:00:00,1.16203,1.1608975,sl,-163.6833699067078,2,C_30m_4h_1d,long
1,2025-08-12 16:00:00,2025-08-12 16:00:00,1.16421,1.1624571428571429,sl,-162.04653620764074,0,C_30m_4h_1d,long
1,2025-08-12 23:30:00,2025-08-13 11:00:00,1.1675,1.1713696428571427,tp,267.3767847426072,23,C_30m_4h_1d,long
1,2025-08-13 15:00:00,2025-08-13 15:30:00,1.1719,1.170445,sl,-163.0998386929904,1,C_30m_4h_1d,long
1,2025-08-13 17:30:00,2025-08-13 20:00:00,1.17211,1.17049,sl,-161.4688403060605,5,C_30m_4h_1d,long
1,2025-08-13 20:30:00,2025-08-14 09:30:00,1.1707999999999998,1.1691639285714284,sl,-159.8541519029999,26,C_30m_4h_1d,long
1,2025-08-14 12:30:00,2025-08-14 15:30:00,1.1685999999999999,1.167180357142857,sl,-158.2556103839699,6,C_30m_4h_1d,long
1,2025-08-15 06:00:00,2025-08-15 08:30:00,1.1657,1.1669946428571427,tp,261.1217571335204,5,C_30m_4h_1d,long
1,2025-08-15 16:00:00,2025-08-18 10:30:00,1.16951,1.1681139285714286,sl,-159.28427185146538,37,C_30m_4h_1d,long
1,2025-08-20 19:30:00,2025-08-21 09:00:00,1.16595,1.1640750000000002,sl,-157.69142913295073,27,C_30m_4h_1d,long
1,2025-08-21 10:30:00,2025-08-21 16:30:00,1.16441,1.163285,sl,-156.11451484162123,12,C_30m_4h_1d,long
1,2025-08-25 06:30:00,2025-08-25 12:30:00,1.17039,1.1693989285714286,sl,-154.553369693205,12,C_30m_4h_1d,long
-1,2025-08-27 10:30:00,2025-08-27 11:30:00,1.16041,1.1585064285714284,tp,255.01305999377834,2,C_30m_4h_1d,short
1,2025-08-28 10:00:00,2025-08-28 10:30:00,1.16428,1.1633457142857142,sl,-155.55796659621075,1,C_30m_4h_1d,long
1,2025-08-28 11:00:00,2025-08-28 11:00:00,1.16435,1.1632624999999999,sl,-154.00238693024863,0,C_30m_4h_1d,long
1,2025-08-28 19:30:00,2025-08-29 04:00:00,1.16822,1.1661435714285715,sl,-152.46236306094613,17,C_30m_4h_1d,long
1,2025-08-29 17:00:00,2025-08-29 17:30:00,1.16693,1.1695639285714285,tp,251.56289905054697,1,C_30m_4h_1d,long
1,2025-09-01 03:00:00,2025-09-01 05:30:00,1.16903,1.1706210714285714,tp,255.7556140347012,5,C_30m_4h_1d,long
1,2025-09-01 20:00:00,2025-09-02 05:00:00,1.17047,1.169260357142857,sl,-156.01092456118914,18,C_30m_4h_1d,long
1,2025-09-02 09:00:00,2025-09-02 10:00:00,1.16946,1.1684860714285714,sl,-154.45081531557727,2,C_30m_4h_1d,long
-1,2025-09-02 19:30:00,2025-09-03 07:00:00,1.16456,1.1627699999999999,flip,107.96934509694951,23,C_30m_4h_1d,short
1,2025-09-03 07:30:00,2025-09-03 09:30:00,1.1627699999999999,1.164175357142857,tp,256.6433343556787,4,C_30m_4h_1d,long
-1,2025-09-03 10:30:00,2025-09-03 10:30:00,1.16167,1.1628785714285714,sl,-156.55243395694777,0,C_30m_4h_1d,short
1,2025-09-03 15:00:00,2025-09-04 15:30:00,1.1651799999999999,1.1633725,sl,-154.9869096173783,49,C_30m_4h_1d,long
1,2025-09-04 18:30:00,2025-09-05 05:00:00,1.16414,1.1673542857142858,tp,255.7284008686742,21,C_30m_4h_1d,long
1,2025-09-05 09:00:00,2025-09-05 09:00:00,1.16777,1.1668989285714286,sl,-155.99432452989126,0,C_30m_4h_1d,long
1,2025-09-05 11:00:00,2025-09-05 13:30:00,1.16786,1.1695599999999997,tp,257.3906354742869,5,C_30m_4h_1d,long
1,2025-09-05 15:00:00,2025-09-05 15:30:00,1.1687699999999999,1.1709021428571427,tp,261.68047939891017,1,C_30m_4h_1d,long
1,2025-09-08 13:00:00,2025-09-08 16:00:00,1.1723999999999999,1.1744446428571427,tp,266.0418207221783,6,C_30m_4h_1d,long
1,2025-09-08 20:30:00,2025-09-09 03:00:00,1.17471,1.1772992857142857,tp,270.4758510675691,13,C_30m_4h_1d,long
1,2025-09-09 05:00:00,2025-09-09 06:00:00,1.17754,1.1766207142857144,sl,-164.99026915122178,2,C_30m_4h_1d,long
1,2025-09-09 08:00:00,2025-09-09 09:30:00,1.1773,1.1763164285714287,sl,-163.34036645970954,3,C_30m_4h_1d,long
1,2025-09-09 12:30:00,2025-09-09 13:30:00,1.17673,1.175277142857143,sl,-161.70696279511245,2,C_30m_4h_1d,long
1,2025-09-10 12:30:00,2025-09-10 15:00:00,1.1707999999999998,1.1693439285714284,sl,-160.0898931671613,5,C_30m_4h_1d,long
1,2025-09-10 16:00:00,2025-09-11 12:30:00,1.17008,1.1678514285714285,sl,-158.4889942354897,41,C_30m_4h_1d,long
1,2025-09-11 14:30:00,2025-09-11 15:00:00,1.1685699999999999,1.167355,sl,-156.90410429313482,1,C_30m_4h_1d,long
1,2025-09-11 15:30:00,2025-09-11 15:30:00,1.16838,1.1668682142857143,sl,-155.33506325020346,0,C_30m_4h_1d,long
1,2025-09-12 01:30:00,2025-09-12 03:00:00,1.17371,1.1727757142857143,sl,-153.78171261770143,3,C_30m_4h_1d,long
1,2025-09-12 17:30:00,2025-09-15 13:00:00,1.17252,1.1753717857142858,tp,253.73982581920075,39,C_30m_4h_1d,long
1,2025-09-15 19:00:00,2025-09-15 19:30:00,1.17716,1.1756192857142858,sl,-154.7812937497164,1,C_30m_4h_1d,long
1,2025-09-15 20:30:00,2025-09-16 09:00:00,1.1764,1.1788660714285715,tp,255.38913468704743,25,C_30m_4h_1d,long
1,2025-09-16 15:00:00,2025-09-16 15:30:00,1.1815,1.1797910714285715,sl,-155.78737215908973,1,C_30m_4h_1d,long
1,2025-09-16 17:00:00,2025-09-16 19:00:00,1.18244,1.1858846428571428,tp,257.04916406249254,4,C_30m_4h_1d,long
1,2025-09-17 01:30:00,2025-09-17 04:30:00,1.18672,1.1852725,sl,-156.79999007812376,6,C_30m_4h_1d,long
1,2025-09-19 04:00:00,2025-09-19 04:00:00,1.17869,1.1777364285714287,sl,-155.23199017734254,0,C_30m_4h_1d,long
1,2025-09-19 06:00:00,2025-09-19 09:00:00,1.17801,1.1769867857142857,sl,-153.6796702755691,6,C_30m_4h_1d,long
1,2025-09-19 10:30:00,2025-09-19 11:00:00,1.17751,1.1759425000000001,sl,-152.14287357281341,1,C_30m_4h_1d,long
1,2025-09-19 16:30:00,2025-09-22 03:00:00,1.1751099999999999,1.1730635714285713,sl,-150.62144483708528,21,C_30m_4h_1d,long
1,2025-09-22 04:30:00,2025-09-22 05:30:00,1.1737,1.1727174999999999,sl,-149.11523038871442,2,C_30m_4h_1d,long
1,2025-09-22 06:30:00,2025-09-22 10:00:00,1.17335,1.1750767857142856,tp,246.0401301413577,7,C_30m_4h_1d,long
1,2025-09-22 16:00:00,2025-09-22 17:00:00,1.17841,1.1767653571428571,sl,-150.08447938624087,2,C_30m_4h_1d,long
1,2025-09-22 19:30:00,2025-09-23 04:30:00,1.1789,1.1817089285714286,tp,247.6393909872844,18,C_30m_4h_1d,long
1,2025-09-23 11:30:00,2025-09-24 11:00:00,1.17957,1.178015357142857,sl,-151.0600285022513,47,C_30m_4h_1d,long
1,2025-09-25 12:00:00,2025-09-25 15:30:00,1.17434,1.1731817857142857,sl,-149.54942821722878,7,C_30m_4h_1d,long
-1,2025-09-26 02:30:00,2025-09-26 05:00:00,1.16601,1.1674446428571428,sl,-148.05393393505648,5,C_30m_4h_1d,short
-1,2025-09-26 09:00:00,2025-09-26 11:30:00,1.16761,1.1685089285714287,sl,-146.57339459570593,5,C_30m_4h_1d,short
-1,2025-09-26 16:30:00,2025-09-26 17:00:00,1.16795,1.1695882142857144,sl,-145.10766064974888,1,C_30m_4h_1d,short
-1,2025-09-26 20:00:00,2025-09-29 03:00:00,1.16926,1.1710160714285713,sl,-143.6565840432514,14,C_30m_4h_1d,short
1,2025-10-01 02:30:00,2025-10-01 08:00:00,1.17403,1.176040714285714,tp,237.03336367134733,11,C_30m_4h_1d,long
1,2025-10-01 11:30:00,2025-10-01 12:30:00,1.1756,1.1739810714285714,sl,-144.59035183953233,2,C_30m_4h_1d,long
1,2025-10-01 20:30:00,2025-10-02 18:00:00,1.17309,1.1703696428571428,sl,-143.14444832113702,43,C_30m_4h_1d,long
-1,2025-10-03 00:00:00,2025-10-03 04:00:00,1.17117,1.1727139285714288,sl,-141.71300383792567,8,C_30m_4h_1d,short
-1,2025-10-03 04:30:00,2025-10-03 04:30:00,1.1717600000000001,1.1726332142857145,sl,-140.2958737995464,0,C_30m_4h_1d,short
1,2025-10-03 05:00:00,2025-10-03 05:00:00,1.1726999999999999,1.17218,flip,-76.42784744125737,0,C_30m_4h_1d,long
-1,2025-10-03 05:30:00,2025-10-03 06:30:00,1.17218,1.17271,flip,-76.94553179252976,2,C_30m_4h_1d,short
1,2025-10-03 07:00:00,2025-10-03 07:30:00,1.1726999999999999,1.1717667857142855,sl,-137.35918126921308,1,C_30m_4h_1d,long
1,2025-10-03 09:30:00,2025-10-03 11:30:00,1.17221,1.1739939285714287,tp,226.64264909421095,4,C_30m_4h_1d,long
1,2025-10-03 22:00:00,2025-10-06 00:00:00,1.17398,1.1724692857142858,sl,-138.25201594746304,4,C_30m_4h_1d,long
-1,2025-10-06 08:00:00,2025-10-06 09:30:00,1.17198,1.1699692857142856,tp,228.11582631332243,3,C_30m_4h_1d,short
1,2025-10-07 06:30:00,2025-10-07 07:30:00,1.17048,1.1695007142857143,sl,-139.15065405112165,2,C_30m_4h_1d,long
-1,2025-10-07 14:30:00,2025-10-07 18:00:00,1.1658300000000001,1.1672678571428574,sl,-137.75914751061043,7,C_30m_4h_1d,short
-1,2025-10-07 21:00:00,2025-10-08 04:00:00,1.1667,1.164019642857143,tp,227.30259339249463,14,C_30m_4h_1d,short
-1,2025-10-08 15:00:00,2025-10-08 16:00:00,1.16259,1.1643653571428572,sl,-138.65458196942924,2,C_30m_4h_1d,short
-1,2025-10-08 16:30:00,2025-10-08 19:30:00,1.16302,1.1599378571428571,tp,228.78006024954732,6,C_30m_4h_1d,short
-1,2025-10-09 02:30:00,2025-10-09 03:30:00,1.16289,1.1640075,sl,-139.55583675223045,2,C_30m_4h_1d,short
-1,2025-10-10 03:30:00,2025-10-10 08:00:00,1.15623,1.1574557142857143,sl,-138.16027838470814,9,C_30m_4h_1d,short
-1,2025-10-10 09:00:00,2025-10-10 10:30:00,1.15689,1.1578767857142858,sl,-136.77867560086108,3,C_30m_4h_1d,short
-1,2025-10-10 21:00:00,2025-10-10 23:30:00,1.16006,1.1623442857142858,sl,-135.41088884485245,5,C_30m_4h_1d,short
-1,2025-10-13 17:30:00,2025-10-13 19:00:00,1.15609,1.15789,sl,-134.05677995640394,3,C_30m_4h_1d,short
-1,2025-10-13 22:00:00,2025-10-14 06:30:00,1.1567800000000001,1.1581439285714286,sl,-132.7162121568399,17,C_30m_4h_1d,short
1,2025-10-17 05:30:00,2025-10-17 08:30:00,1.17073,1.1724335714285716,tp,218.98175005880486,6,C_30m_4h_1d,long
-1,2025-10-21 15:00:00,2025-10-22 13:00:00,1.16119,1.1585846428571427,tp,222.6314458931119,44,C_30m_4h_1d,short
-1,2025-10-23 10:00:00,2025-10-23 11:00:00,1.15936,1.1602353571428572,sl,-135.80518199479067,2,C_30m_4h_1d,short
-1,2025-10-23 12:00:00,2025-10-23 15:30:00,1.15958,1.1605635714285714,sl,-134.44713017484278,7,C_30m_4h_1d,short
-1,2025-10-23 20:00:00,2025-10-23 22:00:00,1.16058,1.1617885714285714,sl,-133.10265887309433,1,C_30m_4h_1d,short
-1,2025-10-24 10:30:00,2025-10-24 10:30:00,1.16073,1.1615635714285715,sl,-131.7716322843634,0,C_30m_4h_1d,short
-1,2025-10-24 12:30:00,2025-10-24 15:00:00,1.16073,1.161887142857143,sl,-130.45391596151975,5,C_30m_4h_1d,short
1,2025-10-28 12:00:00,2025-10-28 14:30:00,1.1657899999999999,1.1646564285714285,sl,-129.14937680190457,5,C_30m_4h_1d,long
-1,2025-10-30 05:30:00,2025-10-30 06:00:00,1.16111,1.1621192857142857,sl,-127.85788303388553,1,C_30m_4h_1d,short
-1,2025-10-30 21:30:00,2025-10-31 15:30:00,1.15622,1.1531896428571429,tp,210.96550700590083,36,C_30m_4h_1d,short
-1,2025-11-03 02:00:00,2025-11-03 08:30:00,1.1526800000000001,1.1538950000000001,sl,-128.6889592736057,13,C_30m_4h_1d,short
-1,2025-11-03 09:30:00,2025-11-03 10:30:00,1.15344,1.1522775,tp,212.33678280143587,2,C_30m_4h_1d,short
-1,2025-11-03 20:30:00,2025-11-04 03:00:00,1.1523400000000001,1.1500364285714288,tp,215.8757291814733,13,C_30m_4h_1d,short
-1,2025-11-04 06:30:00,2025-11-04 08:00:00,1.15104,1.1519442857142856,sl,-131.68419480069872,3,C_30m_4h_1d,short
-1,2025-11-04 11:00:00,2025-11-04 13:30:00,1.1513,1.1494196428571428,tp,217.2789214211529,5,C_30m_4h_1d,short
-1,2025-11-04 20:30:00,2025-11-05 03:30:00,1.1483,1.1497657142857143,sl,-132.54014206690326,14,C_30m_4h_1d,short
-1,2025-11-05 08:00:00,2025-11-05 12:00:00,1.14909,1.1477685714285715,tp,218.6912344104026,8,C_30m_4h_1d,short
-1,2025-11-05 15:30:00,2025-11-06 01:30:00,1.1485800000000002,1.149669642857143,sl,-133.40165299033825,20,C_30m_4h_1d,short
-1,2025-11-07 10:00:00,2025-11-07 10:00:00,1.1532200000000001,1.1539603571428572,sl,-132.06763646043487,0,C_30m_4h_1d,short
-1,2025-11-07 18:00:00,2025-11-10 01:00:00,1.15714,1.1546864285714287,tp,217.91160015973722,14,C_30m_4h_1d,short
-1,2025-11-10 05:30:00,2025-11-10 07:30:00,1.15535,1.1564664285714286,sl,-132.92607609742788,4,C_30m_4h_1d,short
-1,2025-11-10 09:00:00,2025-11-10 09:30:00,1.15536,1.1563960714285713,sl,-131.5968153364536,1,C_30m_4h_1d,short
-1,2025-11-10 23:30:00,2025-11-11 12:00:00,1.15587,1.1570196428571429,sl,-130.28084718308907,25,C_30m_4h_1d,short
1,2025-11-13 14:30:00,2025-11-13 18:00:00,1.16147,1.1643325,tp,214.96339785209145,7,C_30m_4h_1d,long
1,2025-11-14 01:00:00,2025-11-14 01:00:00,1.1636,1.162565,sl,-131.12767268977908,0,C_30m_4h_1d,long
-1,2025-11-19 02:00:00,2025-11-19 07:30:00,1.15798,1.1588382142857143,sl,-129.8163959628813,11,C_30m_4h_1d,short
-1,2025-11-19 10:00:00,2025-11-19 15:00:00,1.1581000000000001,1.1590782142857146,sl,-128.51823200325248,10,C_30m_4h_1d,short
-1,2025-11-20 02:30:00,2025-11-20 05:30:00,1.1530500000000001,1.1513410714285717,tp,212.0550828053574,6,C_30m_4h_1d,short
-1,2025-11-20 10:30:00,2025-11-20 11:30:00,1.1514900000000001,1.1525560714285716,sl,-129.3536005112735,2,C_30m_4h_1d,short
-1,2025-11-20 13:30:00,2025-11-20 15:30:00,1.15182,1.1528635714285715,sl,-128.06006450616078,4,C_30m_4h_1d,short
-1,2025-11-21 04:00:00,2025-11-21 06:00:00,1.1531900000000002,1.1541082142857144,sl,-126.77946386109917,4,C_30m_4h_1d,short
-1,2025-11-21 11:00:00,2025-11-21 12:00:00,1.1540700000000002,1.1521628571428573,tp,209.1861153707974,2,C_30m_4h_1d,short
-1,2025-11-24 00:30:00,2025-11-24 07:00:00,1.15104,1.1522667857142856,sl,-127.60353037619616,13,C_30m_4h_1d,short
-1,2025-11-24 09:00:00,2025-11-24 10:00:00,1.15198,1.15273,sl,-126.32749507243422,2,C_30m_4h_1d,short
-1,2025-11-24 23:30:00,2025-11-25 03:30:00,1.15186,1.1529689285714286,sl,-125.06422012170987,8,C_30m_4h_1d,short
-1,2025-11-25 05:30:00,2025-11-25 09:30:00,1.15208,1.1528289285714286,sl,-123.81357792049276,8,C_30m_4h_1d,short
-1,2025-11-25 13:30:00,2025-11-25 14:30:00,1.1531500000000001,1.1542182142857145,sl,-122.57544214128782,2,C_30m_4h_1d,short
-1,2025-11-26 09:00:00,2025-11-26 15:30:00,1.15855,1.1565642857142857,tp,202.24947953313244,13,C_30m_4h_1d,short
-1,2025-11-26 16:00:00,2025-11-26 16:30:00,1.1552,1.1570117857142856,sl,-123.37218251520628,1,C_30m_4h_1d,short
-1,2025-11-27 00:30:00,2025-11-27 03:00:00,1.15947,1.1605821428571428,sl,-122.1384606900542,5,C_30m_4h_1d,short
-1,2025-11-27 05:00:00,2025-11-27 09:00:00,1.1603,1.1587910714285714,tp,201.52846013858948,8,C_30m_4h_1d,short
-1,2025-11-27 19:30:00,2025-11-27 21:30:00,1.15928,1.15957,flip,-35.971559234525564,4,C_30m_4h_1d,short
1,2025-11-27 22:00:00,2025-11-28 03:30:00,1.15957,1.158745,sl,-122.57264509219432,11,C_30m_4h_1d,long
1,2025-12-01 02:30:00,2025-12-01 04:30:00,1.1602299999999999,1.1592967857142855,sl,-121.3469186412724,4,C_30m_4h_1d,long
1,2025-12-01 06:30:00,2025-12-01 10:00:00,1.1599199999999998,1.161912857142857,tp,200.2224157581143,7,C_30m_4h_1d,long
1,2025-12-02 12:00:00,2025-12-02 12:00:00,1.16109,1.1601814285714285,sl,-122.13567361244081,0,C_30m_4h_1d,long
1,2025-12-02 13:00:00,2025-12-02 17:00:00,1.1607399999999999,1.159702857142857,sl,-120.9143168763164,8,C_30m_4h_1d,long
1,2025-12-02 20:00:00,2025-12-03 03:00:00,1.16082,1.1633485714285714,tp,199.5086228459045,14,C_30m_4h_1d,long
1,2025-12-03 12:30:00,2025-12-03 15:00:00,1.16573,1.1673835714285714,tp,202.83376656002042,5,C_30m_4h_1d,long
1,2025-12-03 17:00:00,2025-12-04 22:00:00,1.16621,1.164875,sl,-123.72859760161248,58,C_30m_4h_1d,long
1,2025-12-05 15:00:00,2025-12-05 18:00:00,1.16526,1.164170357142857,sl,-122.49131162559635,6,C_30m_4h_1d,long
1,2025-12-05 20:00:00,2025-12-08 08:00:00,1.16444,1.166995357142857,tp,202.11066418223402,24,C_30m_4h_1d,long
1,2025-12-08 15:00:00,2025-12-08 16:30:00,1.16537,1.1641207142857144,sl,-123.28750515116273,3,C_30m_4h_1d,long
1,2025-12-08 20:00:00,2025-12-09 17:00:00,1.16394,1.1625396428571428,sl,-122.05463009965112,42,C_30m_4h_1d,long
1,2025-12-10 15:00:00,2025-12-10 19:30:00,1.16398,1.1659907142857142,tp,201.39013966440953,9,C_30m_4h_1d,long
1,2025-12-11 03:00:00,2025-12-11 08:00:00,1.17028,1.1684585714285716,sl,-122.8479851952987,10,C_30m_4h_1d,long
1,2025-12-11 09:00:00,2025-12-11 10:30:00,1.1689399999999999,1.1704757142857143,tp,202.6991755722722,3,C_30m_4h_1d,long
1,2025-12-12 02:00:00,2025-12-12 04:00:00,1.17411,1.1732057142857144,sl,-123.64649709906844,4,C_30m_4h_1d,long
1,2025-12-12 12:00:00,2025-12-12 12:30:00,1.17334,1.1724614285714288,sl,-122.41003212807775,1,C_30m_4h_1d,long
1,2025-12-15 00:00:00,2025-12-15 13:00:00,1.17282,1.1747682142857143,tp,201.97655301135129,26,C_30m_4h_1d,long
1,2025-12-15 22:00:00,2025-12-16 14:30:00,1.17493,1.1770353571428571,tp,205.34282889484356,33,C_30m_4h_1d,long
1,2025-12-16 22:00:00,2025-12-17 06:00:00,1.1758199999999999,1.1732967857142855,sl,-125.25912562585891,16,C_30m_4h_1d,long
1,2025-12-18 01:30:00,2025-12-18 09:30:00,1.17417,1.173350357142857,sl,-124.00653436960033,16,C_30m_4h_1d,long
1,2025-12-19 08:00:00,2025-12-19 08:30:00,1.17204,1.1713982142857142,sl,-122.76646902590431,1,C_30m_4h_1d,long
1,2025-12-19 18:30:00,2025-12-22 14:00:00,1.17166,1.173990357142857,tp,202.56467389272927,39,C_30m_4h_1d,long
1,2025-12-22 22:30:00,2025-12-23 04:00:00,1.1757499999999999,1.1777071428571426,tp,205.94075179096987,11,C_30m_4h_1d,long
1,2025-12-23 07:30:00,2025-12-23 08:30:00,1.1779,1.1771832142857144,sl,-125.62385859248228,2,C_30m_4h_1d,long
1,2025-12-23 10:00:00,2025-12-23 12:00:00,1.17791,1.1793242857142856,tp,207.2793666776066,4,C_30m_4h_1d,long
1,2025-12-24 08:00:00,2025-12-24 09:30:00,1.17995,1.1791207142857143,sl,-126.44041367333352,3,C_30m_4h_1d,long
1,2025-12-24 11:00:00,2025-12-24 14:00:00,1.1799899999999999,1.1789367857142856,sl,-125.17600953660018,6,C_30m_4h_1d,long
1,2025-12-26 08:00:00,2025-12-26 08:30:00,1.17865,1.1776525,sl,-123.92424944123417,1,C_30m_4h_1d,long
1,2025-12-26 11:00:00,2025-12-26 15:30:00,1.1777499999999999,1.1794839285714285,tp,204.47501157802765,9,C_30m_4h_1d,long
1,2025-12-29 09:00:00,2025-12-29 10:30:00,1.177,1.1786,tp,207.88292843766058,3,C_30m_4h_1d,long
1,2025-12-29 16:00:00,2025-12-29 18:30:00,1.17702,1.1754557142857143,sl,-126.8085863469787,5,C_30m_4h_1d,long
1,2025-12-30 05:00:00,2025-12-30 09:00:00,1.17737,1.1766982142857143,sl,-125.54050048350892,8,C_30m_4h_1d,long
1,2025-12-30 11:30:00,2025-12-30 13:30:00,1.17759,1.1767435714285714,sl,-124.28509547867385,4,C_30m_4h_1d,long
1,2025-12-30 18:00:00,2025-12-30 21:30:00,1.1760199999999998,1.1746657142857142,sl,-123.04224452388713,7,C_30m_4h_1d,long
1,2025-12-31 18:00:00,2025-12-31 18:30:00,1.17447,1.1729346428571428,sl,-121.81182207864825,1,C_30m_4h_1d,long
1,2025-12-31 19:30:00,2026-01-02 03:30:00,1.1735499999999999,1.1761089285714286,tp,200.98950642978122,16,C_30m_4h_1d,long
1,2026-01-02 23:30:00,2026-01-05 01:00:00,1.17217,1.1708178571428571,sl,-122.60359892215956,3,C_30m_4h_1d,long
-1,2026-01-05 11:00:00,2026-01-05 15:00:00,1.16826,1.16611,tp,202.29593822157022,8,C_30m_4h_1d,short
-1,2026-01-06 16:30:00,2026-01-07 09:30:00,1.1704700000000001,1.1679235714285716,tp,205.66753719191084,34,C_30m_4h_1d,short
-1,2026-01-07 16:30:00,2026-01-08 15:30:00,1.1688800000000001,1.1667603571428573,tp,209.0953294784619,46,C_30m_4h_1d,short
-1,2026-01-09 02:30:00,2026-01-09 09:00:00,1.16553,1.1643139285714286,tp,212.58025163642895,13,C_30m_4h_1d,short
-1,2026-01-09 14:30:00,2026-01-09 15:30:00,1.16428,1.1652475,sl,-129.67395349822166,2,C_30m_4h_1d,short
-1,2026-01-09 16:30:00,2026-01-12 02:30:00,1.16375,1.1651942857142858,sl,-128.37721396323946,20,C_30m_4h_1d,short
-1,2026-01-13 01:00:00,2026-01-13 08:30:00,1.16677,1.1653735714285716,tp,211.8224030393451,15,C_30m_4h_1d,short
-1,2026-01-13 10:30:00,2026-01-13 10:30:00,1.1660700000000002,1.1669057142857144,sl,-129.2116658540005,0,C_30m_4h_1d,short
-1,2026-01-14 07:30:00,2026-01-14 08:30:00,1.16421,1.1647521428571428,sl,-127.9195491954605,2,C_30m_4h_1d,short
-1,2026-01-14 10:00:00,2026-01-14 11:30:00,1.1645400000000001,1.1651603571428573,sl,-126.64035370350588,3,C_30m_4h_1d,short
-1,2026-01-14 13:30:00,2026-01-14 14:30:00,1.16473,1.1655507142857142,sl,-125.37395016647083,2,C_30m_4h_1d,short
-1,2026-01-15 01:00:00,2026-01-15 08:30:00,1.1644,1.1629928571428574,tp,206.86701777467687,15,C_30m_4h_1d,short
-1,2026-01-15 11:00:00,2026-01-15 11:30:00,1.16301,1.1637567857142859,sl,-126.18888084255292,1,C_30m_4h_1d,short
-1,2026-01-15 14:00:00,2026-01-15 15:30:00,1.16302,1.1614896428571426,tp,208.2116533902425,3,C_30m_4h_1d,short
-1,2026-01-15 22:30:00,2026-01-16 13:00:00,1.1606400000000001,1.1621239285714287,sl,-127.0091085680298,29,C_30m_4h_1d,short
-1,2026-01-16 14:30:00,2026-01-16 17:00:00,1.1616,1.16247,sl,-125.73901748234948,5,C_30m_4h_1d,short
-1,2026-01-19 00:30:00,2026-01-19 01:00:00,1.15778,1.1590164285714286,sl,-124.48162730752598,1,C_30m_4h_1d,short
-1,2026-01-19 08:00:00,2026-01-19 18:00:00,1.16267,1.1643703571428572,sl,-123.23681103445072,20,C_30m_4h_1d,short
-1,2026-01-19 21:00:00,2026-01-20 05:00:00,1.16425,1.1652475,sl,-122.00444292410623,16,C_30m_4h_1d,short
1,2026-01-20 13:00:00,2026-01-20 15:30:00,1.17317,1.1761057142857143,tp,201.30733082478545,5,C_30m_4h_1d,long
1,2026-01-20 18:30:00,2026-01-21 10:00:00,1.1733799999999999,1.1709596428571427,sl,-122.79747180311303,31,C_30m_4h_1d,long
1,2026-01-21 13:30:00,2026-01-21 14:30:00,1.1713099999999999,1.1731403571428571,tp,202.61582847514467,2,C_30m_4h_1d,long
1,2026-01-22 23:30:00,2026-01-23 08:30:00,1.17551,1.1742285714285714,sl,-123.59565536983335,18,C_30m_4h_1d,long
1,2026-01-26 07:30:00,2026-01-26 09:30:00,1.18682,1.1844703571428572,sl,-122.35969881613502,4,C_30m_4h_1d,long
1,2026-01-26 11:00:00,2026-01-26 15:00:00,1.1854,1.1835496428571428,sl,-121.13610182797368,8,C_30m_4h_1d,long
1,2026-01-27 00:00:00,2026-01-27 09:30:00,1.18808,1.1864567857142858,sl,-119.92474080969394,19,C_30m_4h_1d,long
1,2026-01-27 11:30:00,2026-01-27 13:00:00,1.18675,1.1890535714285715,tp,197.87582233601404,3,C_30m_4h_1d,long
1,2026-01-27 22:30:00,2026-01-27 22:30:00,1.1990399999999999,1.2037489285714285,tp,201.17375270826187,0,C_30m_4h_1d,long
1,2026-01-28 07:00:00,2026-01-28 07:00:00,1.20006,1.1984185714285713,sl,-122.71598915203975,0,C_30m_4h_1d,long
1,2026-01-28 13:00:00,2026-01-28 13:30:00,1.19894,1.1963814285714285,sl,-121.48882926051937,1,C_30m_4h_1d,long
1,2026-01-28 14:30:00,2026-01-28 15:30:00,1.19821,1.1955164285714286,sl,-120.27394096791419,2,C_30m_4h_1d,long
1,2026-01-28 16:30:00,2026-01-28 17:00:00,1.19675,1.1940682142857142,sl,-119.07120155823503,1,C_30m_4h_1d,long
1,2026-01-28 22:00:00,2026-01-30 04:00:00,1.1941,1.1904785714285713,sl,-117.88048954265267,60,C_30m_4h_1d,long
1,2026-01-30 12:30:00,2026-01-30 17:00:00,1.19188,1.1896803571428571,sl,-116.70168464722614,9,C_30m_4h_1d,long
1,2026-01-30 21:00:00,2026-01-30 23:00:00,1.18788,1.1850160714285716,sl,-115.53466780075388,4,C_30m_4h_1d,long
1,2026-02-03 11:00:00,2026-02-03 11:30:00,1.18132,1.1800760714285714,sl,-114.37932112274633,1,C_30m_4h_1d,long
1,2026-02-04 01:00:00,2026-02-04 10:00:00,1.18178,1.1836478571428573,tp,188.72587985252397,18,C_30m_4h_1d,long
1,2026-02-04 14:30:00,2026-02-04 16:30:00,1.18162,1.1803460714285714,sl,-115.12278671004412,4,C_30m_4h_1d,long
1,2026-02-09 21:00:00,2026-02-10 14:30:00,1.1916499999999999,1.1896207142857143,sl,-113.97155884294367,35,C_30m_4h_1d,long
1,2026-02-10 16:00:00,2026-02-10 20:30:00,1.1905999999999999,1.1890582142857142,sl,-112.83184325451421,9,C_30m_4h_1d,long
1,2026-02-11 02:30:00,2026-02-11 04:30:00,1.18943,1.1910657142857142,tp,186.1725413699569,4,C_30m_4h_1d,long
1,2026-02-11 10:00:00,2026-02-11 13:30:00,1.19183,1.1907339285714285,sl,-113.56525023566866,7,C_30m_4h_1d,long
1,2026-02-11 18:30:00,2026-02-16 18:30:00,1.18705,1.1846617857142856,sl,-112.42959773331197,144,C_30m_4h_1d,long
1,2026-02-17 04:30:00,2026-02-17 05:00:00,1.18456,1.1839707142857143,sl,-111.30530175597886,1,C_30m_4h_1d,long
1,2026-02-17 10:30:00,2026-02-17 13:30:00,1.1838,1.1828914285714285,sl,-110.19224873841905,6,C_30m_4h_1d,long
1,2026-02-17 18:30:00,2026-02-17 23:30:00,1.18284,1.1854935714285713,tp,181.81721041839143,10,C_30m_4h_1d,long
1,2026-02-18 07:30:00,2026-02-18 09:00:00,1.18435,1.1836610714285714,sl,-110.90849835521877,3,C_30m_4h_1d,long
-1,2026-02-18 13:00:00,2026-02-18 14:00:00,1.18314,1.18416,sl,-109.7994133716666,2,C_30m_4h_1d,short
-1,2026-02-18 16:00:00,2026-02-18 20:00:00,1.1823000000000001,1.1800875000000002,tp,181.1690320632559,8,C_30m_4h_1d,short
-1,2026-02-19 05:30:00,2026-02-19 08:00:00,1.17883,1.1795596428571429,sl,-110.51310955858247,5,C_30m_4h_1d,short
-1,2026-02-19 12:00:00,2026-02-19 13:00:00,1.17991,1.1782939285714287,tp,182.3466307716527,2,C_30m_4h_1d,short
-1,2026-02-19 22:00:00,2026-02-20 15:30:00,1.17631,1.178175357142857,sl,-111.2314447707132,35,C_30m_4h_1d,short
-1,2026-02-20 16:00:00,2026-02-20 17:00:00,1.17685,1.1783917857142856,sl,-110.11913032300606,2,C_30m_4h_1d,short
-1,2026-02-23 19:30:00,2026-02-24 06:30:00,1.17944,1.176795357142857,tp,181.69656503296508,22,C_30m_4h_1d,short
-1,2026-02-24 09:30:00,2026-02-24 10:00:00,1.17751,1.17859,sl,-110.83490467010564,1,C_30m_4h_1d,short
-1,2026-02-24 13:00:00,2026-02-24 17:00:00,1.17848,1.1766960714285715,tp,182.8775927056591,8,C_30m_4h_1d,short
-1,2026-02-24 21:00:00,2026-02-25 04:30:00,1.17777,1.1791028571428572,sl,-111.55533155046118,15,C_30m_4h_1d,short
1,2026-02-26 09:00:00,2026-02-26 09:00:00,1.18193,1.1809507142857143,sl,-110.43977823495658,0,C_30m_4h_1d,long
1,2026-02-26 10:00:00,2026-02-26 10:00:00,1.18163,1.180597142857143,sl,-109.33538045260703,0,C_30m_4h_1d,long
-1,2026-02-26 17:30:00,2026-02-26 17:30:00,1.17852,1.1798410714285714,sl,-108.24202664808094,0,C_30m_4h_1d,short
-1,2026-02-27 04:00:00,2026-02-27 06:00:00,1.17895,1.1806417857142857,sl,-107.15960638160014,4,C_30m_4h_1d,short
1,2026-02-27 10:00:00,2026-02-27 11:00:00,1.18154,1.1805178571428572,sl,-106.08801031778414,2,C_30m_4h_1d,long
1,2026-02-27 14:30:00,2026-02-27 15:30:00,1.18068,1.1794082142857143,sl,-105.0271302146063,2,C_30m_4h_1d,long
1,2026-02-27 16:30:00,2026-02-27 19:00:00,1.18022,1.1826592857142857,tp,173.29476485410567,5,C_30m_4h_1d,long
-1,2026-03-02 06:30:00,2026-03-02 08:00:00,1.1786,1.1747285714285718,tp,176.18301093499542,3,C_30m_4h_1d,short
-1,2026-03-02 14:30:00,2026-03-02 18:00:00,1.17189,1.1674275000000003,tp,179.11939445058542,7,C_30m_4h_1d,short
-1,2026-03-02 20:30:00,2026-03-03 09:30:00,1.1692500000000001,1.1647607142857144,tp,182.10471769143146,26,C_30m_4h_1d,short
-1,2026-03-03 17:00:00,2026-03-03 18:00:00,1.1566800000000002,1.1594657142857143,sl,-111.0838777917714,2,C_30m_4h_1d,short
-1,2026-03-03 23:30:00,2026-03-04 12:00:00,1.16135,1.1644753571428572,sl,-109.9730390138537,25,C_30m_4h_1d,short
-1,2026-03-05 00:00:00,2026-03-05 06:00:00,1.16324,1.160722142857143,tp,181.45551437285326,12,C_30m_4h_1d,short
-1,2026-03-05 14:00:00,2026-03-05 18:00:00,1.16107,1.1568914285714285,tp,184.47977294574926,8,C_30m_4h_1d,short
-1,2026-03-09 10:30:00,2026-03-09 11:00:00,1.15218,1.1549957142857141,sl,-112.53266149690118,1,C_30m_4h_1d,short
-1,2026-03-09 16:30:00,2026-03-09 17:30:00,1.1563700000000001,1.1593764285714288,sl,-111.40733488193217,2,C_30m_4h_1d,short
-1,2026-03-10 20:00:00,2026-03-10 21:30:00,1.16446,1.1609207142857143,tp,183.82210255518808,3,C_30m_4h_1d,short
-1,2026-03-11 09:00:00,2026-03-11 09:00:00,1.1632900000000002,1.1645125000000003,sl,-112.13148255866473,0,C_30m_4h_1d,short
-1,2026-03-11 17:00:00,2026-03-12 01:30:00,1.15814,1.1542489285714286,tp,185.01694622178977,17,C_30m_4h_1d,short
-1,2026-03-12 04:30:00,2026-03-12 10:00:00,1.15405,1.1553667857142857,sl,-112.86033719529597,11,C_30m_4h_1d,short
-1,2026-03-12 12:30:00,2026-03-12 13:30:00,1.15489,1.1561146428571427,sl,-111.731733823343,2,C_30m_4h_1d,short
-1,2026-03-12 22:30:00,2026-03-13 02:00:00,1.1509500000000001,1.1526139285714287,sl,-110.61441648510959,7,C_30m_4h_1d,short
-1,2026-03-13 04:00:00,2026-03-13 06:30:00,1.15158,1.1500335714285714,tp,182.513787200457,5,C_30m_4h_1d,short
-1,2026-03-13 17:00:00,2026-03-13 22:00:00,1.14565,1.1416357142857143,tp,185.5556836537649,10,C_30m_4h_1d,short
-1,2026-03-17 06:00:00,2026-03-17 08:00:00,1.1491200000000001,1.147502142857143,tp,188.64827838133448,4,C_30m_4h_1d,short
-1,2026-03-19 06:00:00,2026-03-19 10:00:00,1.1474,1.1448910714285714,tp,191.7924163543567,8,C_30m_4h_1d,short
-1,2026-03-19 14:30:00,2026-03-19 14:30:00,1.14648,1.1489689285714286,sl,-116.99337397615761,0,C_30m_4h_1d,short
-1,2026-03-19 15:30:00,2026-03-19 15:30:00,1.14806,1.1509089285714287,sl,-115.82344023639602,0,C_30m_4h_1d,short
-1,2026-03-20 12:00:00,2026-03-20 12:30:00,1.15479,1.1562000000000001,sl,-114.66520583403208,1,C_30m_4h_1d,short
-1,2026-03-20 15:00:00,2026-03-20 16:00:00,1.15635,1.1529196428571429,tp,189.1975896261407,2,C_30m_4h_1d,short
-1,2026-03-20 20:00:00,2026-03-23 11:00:00,1.15572,1.1514771428571429,tp,192.35088278660203,28,C_30m_4h_1d,short
-1,2026-03-26 02:00:00,2026-03-26 06:00:00,1.1560700000000002,1.157092142857143,sl,-117.3340384998192,8,C_30m_4h_1d,short
-1,2026-03-26 07:30:00,2026-03-26 09:30:00,1.15647,1.155014642857143,tp,193.60116352466227,4,C_30m_4h_1d,short
-1,2026-03-26 17:30:00,2026-03-27 12:30:00,1.15432,1.1512057142857144,tp,196.8278495834507,38,C_30m_4h_1d,short
-1,2026-03-27 18:00:00,2026-03-30 12:00:00,1.15187,1.1485735714285714,tp,200.10831374315674,34,C_30m_4h_1d,short
-1,2026-03-31 00:30:00,2026-03-31 03:30:00,1.1458000000000002,1.1472817857142859,sl,-122.06607138333369,6,C_30m_4h_1d,short
-1,2026-03-31 06:30:00,2026-03-31 14:30:00,1.14718,1.1486639285714286,sl,-120.84541066950038,16,C_30m_4h_1d,short
-1,2026-04-01 04:30:00,2026-04-01 07:30:00,1.15631,1.15658,flip,-22.348786548424595,6,C_30m_4h_1d,short
1,2026-04-01 08:00:00,2026-04-01 09:00:00,1.15659,1.1586757142857143,tp,199.02244782884736,2,C_30m_4h_1d,long
-1,2026-04-01 12:30:00,2026-04-01 14:00:00,1.1584100000000002,1.1604103571428575,sl,-121.40369317560959,3,C_30m_4h_1d,short
1,2026-04-01 16:00:00,2026-04-01 18:00:00,1.1604999999999999,1.16055,flip,2.359634255248139,4,C_30m_4h_1d,long
-1,2026-04-01 18:30:00,2026-04-01 18:30:00,1.16055,1.16142,flip,-42.45896524582781,0,C_30m_4h_1d,short
1,2026-04-01 19:00:00,2026-04-01 21:00:00,1.16142,1.1590060714285715,sl,-119.7886629339477,4,C_30m_4h_1d,long
-1,2026-04-02 03:00:00,2026-04-02 04:00:00,1.15891,1.1601335714285714,sl,-118.59077630460823,2,C_30m_4h_1d,short
-1,2026-04-02 04:30:00,2026-04-02 06:30:00,1.1562700000000001,1.1538325000000003,tp,195.67478090260357,4,C_30m_4h_1d,short
-1,2026-04-02 13:30:00,2026-04-02 17:00:00,1.15187,1.1534342857142856,sl,-119.36161635058816,7,C_30m_4h_1d,short
-1,2026-04-02 19:30:00,2026-04-03 00:00:00,1.1540000000000001,1.1508803571428572,tp,196.9466669784658,9,C_30m_4h_1d,short
-1,2026-04-03 04:00:00,2026-04-03 19:00:00,1.15374,1.1517685714285713,tp,200.2291114281266,30,C_30m_4h_1d,short
-1,2026-04-06 00:00:00,2026-04-06 05:00:00,1.15189,1.1528553571428573,sl,-122.13975797114821,10,C_30m_4h_1d,short
-1,2026-04-06 09:30:00,2026-04-06 09:30:00,1.15229,1.1533389285714286,sl,-120.91836039143674,0,C_30m_4h_1d,short
1,2026-04-06 16:00:00,2026-04-06 17:30:00,1.1553799999999999,1.1542400000000002,flip,-79.85615304194253,3,C_30m_4h_1d,long
-1,2026-04-06 18:00:00,2026-04-07 11:00:00,1.1542400000000002,1.1558664285714286,sl,-118.91061525710293,34,C_30m_4h_1d,short
1,2026-04-07 15:00:00,2026-04-07 19:30:00,1.15605,1.15708,flip,69.8146889281264,9,C_30m_4h_1d,long
-1,2026-04-07 20:00:00,2026-04-07 20:30:00,1.15708,1.1578,flip,-48.43457627987102,1,C_30m_4h_1d,short
1,2026-04-07 21:00:00,2026-04-08 01:00:00,1.1578,1.1605767857142857,tp,196.5588503850241,8,C_30m_4h_1d,long
1,2026-04-08 08:30:00,2026-04-08 21:30:00,1.16863,1.1658089285714286,sl,-119.90089873486471,26,C_30m_4h_1d,long
1,2026-04-08 23:00:00,2026-04-09 18:30:00,1.16682,1.170227142857143,tp,197.8364829125311,39,C_30m_4h_1d,long
1,2026-04-10 01:00:00,2026-04-10 03:00:00,1.17022,1.1687092857142858,sl,-120.6802545766414,4,C_30m_4h_1d,long
1,2026-04-10 05:00:00,2026-04-10 09:30:00,1.16929,1.1683932142857143,sl,-119.47345203087497,9,C_30m_4h_1d,long
1,2026-04-10 11:30:00,2026-04-10 12:00:00,1.16863,1.1703675,tp,197.1311958509269,1,C_30m_4h_1d,long
1,2026-04-10 21:30:00,2026-04-13 00:00:00,1.17295,1.1713814285714286,sl,-120.25002946907547,5,C_30m_4h_1d,long
1,2026-04-14 07:30:00,2026-04-14 08:00:00,1.1768399999999999,1.1759989285714285,sl,-119.04752917438469,1,C_30m_4h_1d,long
1,2026-04-14 09:00:00,2026-04-14 10:00:00,1.17647,1.1779199999999999,tp,196.4284231377448,2,C_30m_4h_1d,long
1,2026-04-14 18:00:00,2026-04-14 18:00:00,1.18093,1.1794096428571428,sl,-119.82133811401832,0,C_30m_4h_1d,long
1,2026-04-14 23:30:00,2026-04-15 05:00:00,1.1795799999999999,1.1783157142857141,sl,-118.62312473287814,11,C_30m_4h_1d,long
1,2026-04-15 15:00:00,2026-04-15 18:00:00,1.17834,1.180707857142857,tp,195.72815580924282,6,C_30m_4h_1d,long
1,2026-04-16 01:30:00,2026-04-16 05:30:00,1.18017,1.1816235714285714,tp,198.9902917394334,8,C_30m_4h_1d,long
1,2026-04-17 07:00:00,2026-04-17 09:00:00,1.17839,1.1775714285714287,sl,-121.38407796103613,4,C_30m_4h_1d,long
1,2026-04-20 10:00:00,2026-04-20 10:30:00,1.17657,1.1753860714285713,sl,-120.17023718142576,1,C_30m_4h_1d,long
1,2026-04-20 13:00:00,2026-04-20 18:30:00,1.1765999999999999,1.1787089285714283,tp,198.2808913493386,11,C_30m_4h_1d,long
1,2026-04-20 22:30:00,2026-04-21 09:00:00,1.1786699999999999,1.1772021428571429,sl,-120.9513437231049,21,C_30m_4h_1d,long
-1,2026-04-30 05:00:00,2026-04-30 11:00:00,1.1673200000000001,1.1684964285714288,sl,-119.74183028587385,12,C_30m_4h_1d,short
-1,2026-05-04 18:30:00,2026-05-06 02:00:00,1.17012,1.172015357142857,sl,-118.54441198301511,63,C_30m_4h_1d,short
1,2026-05-07 18:00:00,2026-05-07 18:00:00,1.17763,1.1763346428571428,sl,-117.35896786318497,0,C_30m_4h_1d,long
1,2026-05-08 16:00:00,2026-05-11 00:00:00,1.17744,1.1760664285714286,sl,-116.1853781845531,16,C_30m_4h_1d,long
1,2026-05-11 03:00:00,2026-05-11 07:00:00,1.17676,1.1753682142857143,sl,-115.0235244027076,8,C_30m_4h_1d,long
1,2026-05-11 09:30:00,2026-05-11 10:00:00,1.17596,1.177352857142857,tp,189.7888152644776,1,C_30m_4h_1d,long
1,2026-05-11 21:00:00,2026-05-12 03:30:00,1.1778499999999998,1.176662857142857,sl,-115.77117731132526,13,C_30m_4h_1d,long
-1,2026-05-13 15:30:00,2026-05-13 18:30:00,1.17029,1.1715810714285715,sl,-114.61346553821201,6,C_30m_4h_1d,short
-1,2026-05-13 20:00:00,2026-05-14 09:30:00,1.17079,1.1720575,sl,-113.46733088282988,27,C_30m_4h_1d,short
-1,2026-05-14 22:30:00,2026-05-15 04:00:00,1.1672500000000001,1.1651410714285717,tp,187.22109595665617,11,C_30m_4h_1d,short
-1,2026-05-15 06:30:00,2026-05-15 08:30:00,1.1651500000000001,1.16365,tp,190.34144755592817,4,C_30m_4h_1d,short
-1,2026-05-15 11:30:00,2026-05-15 13:30:00,1.16316,1.1644339285714285,sl,-116.10828300912743,4,C_30m_4h_1d,short
-1,2026-05-15 15:30:00,2026-05-18 14:30:00,1.16289,1.1646696428571428,sl,-114.94720017903616,46,C_30m_4h_1d,short
-1,2026-05-19 10:00:00,2026-05-19 12:00:00,1.1635900000000001,1.1618471428571429,tp,189.6628802954177,4,C_30m_4h_1d,short
-1,2026-05-19 16:00:00,2026-05-19 18:00:00,1.1616,1.1593892857142856,tp,192.82392830035266,4,C_30m_4h_1d,short
-1,2026-05-19 22:00:00,2026-05-20 17:00:00,1.16025,1.1616953571428572,sl,-117.6225962632035,38,C_30m_4h_1d,short
-1,2026-05-21 05:00:00,2026-05-21 10:00:00,1.16249,1.1610560714285716,tp,194.07728383426576,10,C_30m_4h_1d,short
-1,2026-05-21 13:30:00,2026-05-21 16:30:00,1.16127,1.1583360714285715,tp,197.31190523152853,6,C_30m_4h_1d,short
-1,2026-05-22 09:00:00,2026-05-22 09:00:00,1.16086,1.1614482142857143,sl,-120.36026219122941,0,C_30m_4h_1d,short
-1,2026-05-22 10:00:00,2026-05-22 12:00:00,1.16092,1.1597771428571428,tp,198.59443261548995,4,C_30m_4h_1d,short
-1,2026-05-22 17:30:00,2026-05-22 19:30:00,1.1595900000000001,1.1610053571428574,sl,-121.14260389547202,4,C_30m_4h_1d,short
-1,2026-05-25 12:30:00,2026-05-25 14:30:00,1.16416,1.1649892857142858,sl,-119.9311778565173,4,C_30m_4h_1d,short
-1,2026-05-25 15:00:00,2026-05-25 15:30:00,1.16432,1.1651492857142858,sl,-118.73186607795213,1,C_30m_4h_1d,short
-1,2026-05-25 16:30:00,2026-05-26 08:00:00,1.1643400000000002,1.1628828571428573,tp,195.90757902864087,31,C_30m_4h_1d,short
