label,side,entry_time,exit_time,entry,exit,reason,pnl_pct,bars_held
5m+30m|thr18,long,2021-01-14 02:15:00,2021-01-14 02:30:00,1.21655,1.21663,score,0.23333333333352765,3
5m+30m|thr18,long,2021-01-14 03:15:00,2021-01-14 03:25:00,1.2167299999999999,1.21672,score,-0.023624017956991036,2
5m+30m|thr18,short,2021-01-14 07:10:00,2021-01-14 07:20:00,1.2147000000000001,1.21487,score,-0.4760461240924826,2
5m+30m|thr18,short,2021-01-14 07:55:00,2021-01-14 07:55:00,1.21498,1.2154449999999999,sl,-0.9973366319128407,0
5m+30m|thr18,short,2021-01-14 08:05:00,2021-01-14 08:35:00,1.21512,1.21528,score,-0.29847418555043886,6
5m+30m|thr18,short,2021-01-14 09:15:00,2021-01-14 09:40:00,1.21472,1.21479,score,-0.12367832734147824,5
5m+30m|thr18,short,2021-01-14 11:00:00,2021-01-14 11:20:00,1.21578,1.2154,score,0.371735185449449,4
5m+30m|thr18,long,2021-01-14 11:35:00,2021-01-14 11:50:00,1.2160199999999999,1.2161600000000001,score,0.15764008320693249,3
5m+30m|thr18,long,2021-01-14 12:35:00,2021-01-14 12:55:00,1.21625,1.21649,score,0.353125279849949,4
5m+30m|thr18,long,2021-01-14 13:10:00,2021-01-14 13:20:00,1.21613,1.2155782142857143,sl,-0.9919667459498565,2
5m+30m|thr18,long,2021-01-14 13:30:00,2021-01-14 13:35:00,1.21545,1.2153800000000001,score,-0.11256212127695213,1
5m+30m|thr18,short,2021-01-14 17:25:00,2021-01-14 17:30:00,1.21195,1.21277,score,-0.8482846199280515,1
5m+30m|thr18,short,2021-01-14 18:05:00,2021-01-14 18:15:00,1.21358,1.2144489285714286,sl,-0.9724386110783076,2
5m+30m|thr18,long,2021-01-14 18:55:00,2021-01-14 18:55:00,1.21556,1.2153800000000001,score,-0.19509769577129912,0
5m+30m|thr18,long,2021-01-14 19:35:00,2021-01-14 20:00:00,1.21542,1.21624,score,1.1956164864124694,5
5m+30m|thr18,long,2021-01-14 20:25:00,2021-01-14 20:25:00,1.2162199999999999,1.21546,score,-0.6454464953525458,0
5m+30m|thr18,long,2021-01-14 21:00:00,2021-01-14 21:10:00,1.2151399999999999,1.21533,score,0.15017614732517173,2
5m+30m|thr18,long,2021-01-14 22:45:00,2021-01-14 22:55:00,1.2163199999999998,1.2163300000000001,score,0.022694696703349754,2
5m+30m|thr18,long,2021-01-14 23:40:00,2021-01-14 23:55:00,1.21569,1.2152442857142858,sl,-0.9679936563606961,3
5m+30m|thr18,short,2021-01-15 05:40:00,2021-01-15 05:50:00,1.2151800000000001,1.2150999999999998,score,0.24173679418392605,2
5m+30m|thr18,short,2021-01-15 06:25:00,2021-01-15 06:25:00,1.21451,1.2148057142857143,sl,-0.9607310877389287,0
5m+30m|thr18,short,2021-01-15 09:00:00,2021-01-15 09:10:00,1.2136900000000002,1.2141132142857145,sl,-0.9511237768615394,2
5m+30m|thr18,short,2021-01-15 09:35:00,2021-01-15 09:45:00,1.2143300000000001,1.21387,score,0.8352596076805522,2
5m+30m|thr18,short,2021-01-15 10:20:00,2021-01-15 10:50:00,1.21248,1.21252,score,-0.047540703815521404,6
5m+30m|thr18,short,2021-01-15 12:45:00,2021-01-15 12:45:00,1.21371,1.2134099999999999,score,0.3881125896015042,0
5m+30m|thr18,short,2021-01-15 15:50:00,2021-01-15 15:50:00,1.2121,1.212,score,0.11616355053422957,0
5m+30m|thr18,short,2021-01-15 16:25:00,2021-01-15 16:40:00,1.2112500000000002,1.2114,score,-0.14462613477758712,3
5m+30m|thr18,short,2021-01-15 18:50:00,2021-01-15 19:00:00,1.20968,1.2100199999999999,score,-0.381876300181643,2
5m+30m|thr18,short,2021-01-15 19:55:00,2021-01-15 20:00:00,1.20902,1.2088299999999998,score,0.3060668433199242,1
5m+30m|thr18,short,2021-01-15 20:20:00,2021-01-15 20:25:00,1.2087,1.2083599999999999,score,0.6231040434389524,1
5m+30m|thr18,short,2021-01-15 22:10:00,2021-01-15 22:25:00,1.20791,1.20801,score,-0.23298313258183356,3
5m+30m|thr18,short,2021-01-15 23:10:00,2021-01-15 23:10:00,1.20781,1.20783,score,-0.056486121510915366,0
5m+30m|thr18,short,2021-01-15 23:35:00,2021-01-15 23:45:00,1.20756,1.20757,score,-0.031406813946550864,2
5m+30m|thr18,short,2021-01-18 00:00:00,2021-01-18 00:00:00,1.20807,1.20777,score,1.0171031016875276,0
5m+30m|thr18,short,2021-01-18 00:40:00,2021-01-18 00:40:00,1.2077900000000001,1.2078799999999998,score,-0.2310649610492087,0
5m+30m|thr18,short,2021-01-18 01:35:00,2021-01-18 01:35:00,1.20794,1.20762,score,0.8411665420274687,0
5m+30m|thr18,short,2021-01-18 04:05:00,2021-01-18 04:25:00,1.20791,1.20797,score,-0.12653687853720866,4
5m+30m|thr18,short,2021-01-18 04:50:00,2021-01-18 04:50:00,1.20809,1.2083,score,-0.5071733064441278,0
5m+30m|thr18,long,2021-01-18 05:15:00,2021-01-18 05:20:00,1.2077,1.2073153571428572,sl,-0.9652853583473796,1
5m+30m|thr18,short,2021-01-18 08:05:00,2021-01-18 08:25:00,1.20749,1.2077499999999999,score,-0.6569409475618041,4
5m+30m|thr18,long,2021-01-18 08:55:00,2021-01-18 09:00:00,1.20804,1.20795,score,-0.2684218855358205,1
5m+30m|thr18,long,2021-01-18 09:15:00,2021-01-18 09:20:00,1.20834,1.2081,score,-0.5971517417493206,1
5m+30m|thr18,long,2021-01-18 09:45:00,2021-01-18 09:55:00,1.20747,1.2069567857142858,sl,-0.9404073590154365,2
5m+30m|thr18,short,2021-01-18 13:30:00,2021-01-18 13:50:00,1.20709,1.20668,score,0.5700222782230608,4
5m+30m|thr18,short,2021-01-18 15:45:00,2021-01-18 15:55:00,1.2064300000000001,1.20665,score,-0.3854437949602537,2
5m+30m|thr18,long,2021-01-18 17:40:00,2021-01-18 17:40:00,1.20736,1.2072,score,-0.2914340191599634,0
5m+30m|thr18,long,2021-01-18 18:00:00,2021-01-18 18:10:00,1.20753,1.20747,score,-0.11127424120440316,2
5m+30m|thr18,long,2021-01-18 18:20:00,2021-01-18 18:30:00,1.20777,1.2076500000000001,score,-0.23535760773115347,2
5m+30m|thr18,long,2021-01-18 19:15:00,2021-01-18 19:40:00,1.20732,1.20719,score,-0.31487815295420996,5
5m+30m|thr18,long,2021-01-18 21:10:00,2021-01-18 21:10:00,1.20774,1.2074560714285716,sl,-0.9233196300474129,0
5m+30m|thr18,long,2021-01-18 21:20:00,2021-01-18 21:30:00,1.2077499999999999,1.2079,score,0.4182094794923791,2
5m+30m|thr18,long,2021-01-18 22:55:00,2021-01-18 22:55:00,1.2079,1.2077307142857143,sl,-0.9182685285418624,0
5m+30m|thr18,long,2021-01-19 02:40:00,2021-01-19 02:45:00,1.20901,1.2086521428571428,sl,-0.9090858432564439,1
5m+30m|thr18,long,2021-01-19 03:10:00,2021-01-19 03:25:00,1.20889,1.20909,score,0.38095025812638905,3
5m+30m|thr18,long,2021-01-19 03:35:00,2021-01-19 03:45:00,1.20956,1.20934,score,-0.4142437233937802,2
5m+30m|thr18,long,2021-01-19 04:20:00,2021-01-19 04:25:00,1.20976,1.20948,score,-0.5834036785226043,1
5m+30m|thr18,long,2021-01-19 10:05:00,2021-01-19 10:05:00,1.21172,1.2112800000000001,score,-0.4526083487427222,0
5m+30m|thr18,long,2021-01-19 11:15:00,2021-01-19 11:20:00,1.21051,1.21115,score,0.6962119084221517,1
5m+30m|thr18,long,2021-01-19 11:30:00,2021-01-19 11:35:00,1.21147,1.21149,score,0.023730868436315822,1
5m+30m|thr18,long,2021-01-19 11:45:00,2021-01-19 11:55:00,1.21169,1.21177,score,0.09297051116556497,2
5m+30m|thr18,long,2021-01-19 12:55:00,2021-01-19 12:55:00,1.21284,1.2127700000000001,score,-0.09062158078521812,0
5m+30m|thr18,long,2021-01-19 16:15:00,2021-01-19 16:20:00,1.21452,1.21419,score,-0.4571682994486843,1
5m+30m|thr18,long,2021-01-19 16:45:00,2021-01-19 16:50:00,1.2132,1.2124960714285715,sl,-0.8919531639764536,1
5m+30m|thr18,short,2021-01-19 22:30:00,2021-01-19 22:40:00,1.21244,1.2124599999999999,score,-0.0489118530273415,2
5m+30m|thr18,short,2021-01-20 00:00:00,2021-01-20 00:00:00,1.21275,1.2126,score,0.5022611054185151,0
5m+30m|thr18,long,2021-01-20 00:10:00,2021-01-20 00:10:00,1.21257,1.21262,score,0.18087248541595288,0
5m+30m|thr18,long,2021-01-20 00:30:00,2021-01-20 01:15:00,1.21265,1.21347,score,2.896463760206865,9
5m+30m|thr18,long,2021-01-20 02:15:00,2021-01-20 02:35:00,1.21398,1.21421,score,0.35908395496775,4
5m+30m|thr18,long,2021-01-20 03:05:00,2021-01-20 03:05:00,1.2143599999999999,1.21377,score,-0.8906611415105032,0
5m+30m|thr18,long,2021-01-20 03:15:00,2021-01-20 03:20:00,1.2136,1.21377,score,0.29265977411099203,1
5m+30m|thr18,long,2021-01-20 08:35:00,2021-01-20 08:45:00,1.21495,1.21523,score,0.8898461332625993,2
5m+30m|thr18,long,2021-01-20 09:15:00,2021-01-20 09:20:00,1.21555,1.2153,score,-0.4206594166127922,1
5m+30m|thr18,long,2021-01-20 10:15:00,2021-01-20 10:20:00,1.21451,1.21441,score,-0.1606106482869311,1
5m+30m|thr18,short,2021-01-20 13:25:00,2021-01-20 13:30:00,1.21173,1.21153,score,0.28639997850336957,1
5m+30m|thr18,short,2021-01-20 13:45:00,2021-01-20 13:50:00,1.2116200000000001,1.21156,score,0.09649805630874567,1
5m+30m|thr18,short,2021-01-20 14:10:00,2021-01-20 14:15:00,1.21141,1.21065,score,1.3332375854649878,1
5m+30m|thr18,short,2021-01-20 14:30:00,2021-01-20 14:40:00,1.21093,1.21078,score,0.2501293515479448,2
5m+30m|thr18,short,2021-01-20 16:40:00,2021-01-20 16:45:00,1.21021,1.2098499999999999,score,0.4544713359190224,1
5m+30m|thr18,short,2021-01-20 17:55:00,2021-01-20 18:00:00,1.2103000000000002,1.20972,score,0.4240943980103133,1
5m+30m|thr18,short,2021-01-20 19:10:00,2021-01-20 19:10:00,1.21097,1.21139,score,-0.5422106121546213,0
5m+30m|thr18,short,2021-01-20 22:25:00,2021-01-20 22:30:00,1.21035,1.2102,score,0.402100178273742,1
5m+30m|thr18,short,2021-01-20 23:15:00,2021-01-20 23:15:00,1.21049,1.21067,score,-0.3963644849571101,0
5m+30m|thr18,long,2021-01-20 23:35:00,2021-01-20 23:40:00,1.2107999999999999,1.2104700000000002,score,-0.8243555527764476,1
5m+30m|thr18,long,2021-01-21 00:20:00,2021-01-21 00:20:00,1.21078,1.210515357142857,sl,-0.9338770762175393,0
5m+30m|thr18,long,2021-01-21 00:30:00,2021-01-21 00:30:00,1.21058,1.2102671428571428,sl,-0.9245383054553641,0
5m+30m|thr18,long,2021-01-21 01:05:00,2021-01-21 01:15:00,1.21123,1.21149,score,0.5986821630795309,2
5m+30m|thr18,long,2021-01-21 02:25:00,2021-01-21 02:40:00,1.2112399999999999,1.2109389285714285,sl,-0.9212797440316058,3
5m+30m|thr18,long,2021-01-21 11:20:00,2021-01-21 11:40:00,1.2135799999999999,1.2142600000000001,score,0.7146401095928107,4
5m+30m|thr18,long,2021-01-21 12:45:00,2021-01-21 12:55:00,1.21384,1.21385,score,0.013972841333015528,2
5m+30m|thr18,long,2021-01-21 14:50:00,2021-01-21 14:50:00,1.21549,1.2148878571428572,sl,-0.9193530761005481,0
5m+30m|thr18,long,2021-01-21 15:10:00,2021-01-21 15:25:00,1.21522,1.21612,score,1.0921914544075586,3
5m+30m|thr18,long,2021-01-21 16:15:00,2021-01-21 16:30:00,1.21489,1.21485,score,-0.02663597302015881,3
5m+30m|thr18,long,2021-01-21 18:20:00,2021-01-21 18:45:00,1.21464,1.2142600000000001,score,-0.3732370539286653,5
5m+30m|thr18,long,2021-01-21 21:05:00,2021-01-21 21:25:00,1.21567,1.21573,score,0.1347943119641794,4
5m+30m|thr18,long,2021-01-21 22:05:00,2021-01-21 22:20:00,1.21623,1.2163000000000002,score,0.15464983836466556,3
5m+30m|thr18,long,2021-01-21 22:55:00,2021-01-21 23:00:00,1.2169699999999999,1.21676,score,-0.5398668429308207,1
5m+30m|thr18,long,2021-01-21 23:50:00,2021-01-21 23:55:00,1.21698,1.2167089285714285,sl,-0.91457850268811,1
5m+30m|thr18,long,2021-01-22 01:55:00,2021-01-22 02:20:00,1.21661,1.21714,score,1.8898201870747335,5
5m+30m|thr18,long,2021-01-22 03:05:00,2021-01-22 03:15:00,1.2167599999999998,1.2162917857142856,sl,-0.9243309195319763,2
5m+30m|thr18,long,2021-01-22 04:35:00,2021-01-22 04:50:00,1.2173399999999999,1.21739,score,0.09862376092949734,3
5m+30m|thr18,long,2021-01-22 05:15:00,2021-01-22 05:15:00,1.21753,1.2172417857142857,sl,-0.9160738479459516,0
5m+30m|thr18,long,2021-01-22 05:30:00,2021-01-22 05:40:00,1.2172399999999999,1.2171100000000001,score,-0.43493593128480423,2
5m+30m|thr18,long,2021-01-22 06:20:00,2021-01-22 06:30:00,1.2173399999999999,1.21727,score,-0.2312450915419761,2
5m+30m|thr18,long,2021-01-22 06:40:00,2021-01-22 06:55:00,1.21748,1.21727,score,-0.7172733928882578,3
5m+30m|thr18,long,2021-01-22 11:50:00,2021-01-22 11:50:00,1.21703,1.2169,score,-0.11664176453983074,0
5m+30m|thr18,long,2021-01-22 12:20:00,2021-01-22 12:20:00,1.21722,1.2173,score,0.09623714888097128,0
5m+30m|thr18,long,2021-01-22 13:00:00,2021-01-22 13:00:00,1.21687,1.21736,score,0.7227279293675835,0
5m+30m|thr18,long,2021-01-22 14:15:00,2021-01-22 14:25:00,1.2172399999999999,1.2165875,sl,-0.9001017984464288,2
5m+30m|thr18,short,2021-01-22 16:25:00,2021-01-22 16:35:00,1.21585,1.216,score,-0.21886685835886868,2
5m+30m|thr18,short,2021-01-22 17:20:00,2021-01-22 17:45:00,1.21793,1.21705,score,0.8315411707168856,5
5m+30m|thr18,long,2021-01-22 18:10:00,2021-01-22 18:15:00,1.21782,1.21727,score,-0.5412183260169482,1
5m+30m|thr18,long,2021-01-22 18:25:00,2021-01-22 18:25:00,1.21738,1.21736,score,-0.020326275562877,0
5m+30m|thr18,long,2021-01-22 18:50:00,2021-01-22 19:00:00,1.21809,1.2174,score,-0.7428178240035754,2
5m+30m|thr18,long,2021-01-22 19:20:00,2021-01-22 19:20:00,1.2176799999999999,1.2170832142857142,sl,-0.8841838993297105,0
5m+30m|thr18,long,2021-01-22 19:30:00,2021-01-22 19:40:00,1.21711,1.2165292857142855,sl,-0.8753420603364133,2
5m+30m|thr18,long,2021-01-22 21:55:00,2021-01-22 22:00:00,1.21688,1.2165767857142857,sl,-0.8665886397330491,1
5m+30m|thr18,short,2021-01-25 02:40:00,2021-01-25 02:55:00,1.21703,1.21684,score,0.40354987159586936,3
5m+30m|thr18,short,2021-01-25 03:15:00,2021-01-25 03:20:00,1.21659,1.2164599999999999,score,0.24435576615830581,1
5m+30m|thr18,short,2021-01-25 04:55:00,2021-01-25 05:15:00,1.21743,1.21767,score,-0.5319395752080468,4
5m+30m|thr18,long,2021-01-25 05:25:00,2021-01-25 05:30:00,1.21762,1.21753,score,-0.19503492641261333,1
5m+30m|thr18,long,2021-01-25 06:10:00,2021-01-25 06:35:00,1.21776,1.21773,score,-0.08333228406766634,5
5m+30m|thr18,long,2021-01-25 10:15:00,2021-01-25 10:15:00,1.2175399999999998,1.2169603571428569,sl,-0.8562987418563771,0
5m+30m|thr18,short,2021-01-25 13:15:00,2021-01-25 13:20:00,1.21559,1.21589,score,-0.3897635652587549,1
5m+30m|thr18,short,2021-01-25 13:35:00,2021-01-25 13:45:00,1.21567,1.216227142857143,sl,-0.843838118785226,2
5m+30m|thr18,short,2021-01-25 14:00:00,2021-01-25 14:00:00,1.21561,1.21538,score,0.35938372145162834,0
5m+30m|thr18,short,2021-01-25 14:50:00,2021-01-25 14:55:00,1.21556,1.2154,score,0.23774137983275048,1
5m+30m|thr18,short,2021-01-25 18:45:00,2021-01-25 19:00:00,1.21347,1.21399,score,-0.5387142301742276,3
5m+30m|thr18,short,2021-01-25 19:20:00,2021-01-25 19:30:00,1.2141300000000002,1.21426,score,-0.17488397704349998,2
5m+30m|thr18,short,2021-01-25 19:55:00,2021-01-25 20:10:00,1.2144000000000001,1.21452,score,-0.1850184568954162,3
5m+30m|thr18,short,2021-01-25 23:10:00,2021-01-25 23:25:00,1.21381,1.21404,score,-0.7507784668735801,3
5m+30m|thr18,short,2021-01-26 00:00:00,2021-01-26 00:00:00,1.2136500000000001,1.2138685714285715,sl,-0.8248770373003502,0
5m+30m|thr18,long,2021-01-26 00:05:00,2021-01-26 00:05:00,1.21396,1.213705,sl,-0.8166282669273467,0
5m+30m|thr18,long,2021-01-26 00:45:00,2021-01-26 01:10:00,1.21376,1.21421,score,0.8842552952825267,5
5m+30m|thr18,long,2021-01-26 01:20:00,2021-01-26 01:25:00,1.21443,1.21424,score,-0.38752764152938635,1
5m+30m|thr18,long,2021-01-26 02:05:00,2021-01-26 02:15:00,1.2140199999999999,1.2137789285714284,sl,-0.8134292607956044,2
5m+30m|thr18,long,2021-01-26 02:20:00,2021-01-26 02:30:00,1.21384,1.2136203571428572,sl,-0.8052949681876485,2
5m+30m|thr18,long,2021-01-26 05:20:00,2021-01-26 05:20:00,1.21433,1.2140664285714284,sl,-0.797242018505772,0
5m+30m|thr18,short,2021-01-26 08:50:00,2021-01-26 08:50:00,1.2127400000000002,1.21299,score,-0.4758731428288672,0
5m+30m|thr18,short,2021-01-26 09:25:00,2021-01-26 09:25:00,1.2126700000000001,1.21252,score,0.2413879590439882,0
5m+30m|thr18,short,2021-01-26 09:50:00,2021-01-26 10:10:00,1.21158,1.2122582142857143,sl,-0.7869247464828654,4
5m+30m|thr18,short,2021-01-26 12:55:00,2021-01-26 13:05:00,1.21262,1.21301,score,-0.43294076586640146,2
5m+30m|thr18,long,2021-01-26 14:10:00,2021-01-26 14:10:00,1.21442,1.21376,score,-0.7623502752035749,0
5m+30m|thr18,long,2021-01-26 14:25:00,2021-01-26 14:30:00,1.21455,1.2140900000000001,score,-0.487915127963461,1
5m+30m|thr18,long,2021-01-26 14:45:00,2021-01-26 14:55:00,1.21485,1.21437,score,-0.5221347093621417,2
5m+30m|thr18,long,2021-01-26 15:25:00,2021-01-26 15:45:00,1.21477,1.21591,score,1.3959275979361427,4
5m+30m|thr18,long,2021-01-26 21:30:00,2021-01-26 21:45:00,1.21662,1.21672,score,0.21543830592792426,3
5m+30m|thr18,long,2021-01-26 22:10:00,2021-01-26 22:20:00,1.21678,1.21665,score,-0.28862987972839066,2
5m+30m|thr18,long,2021-01-26 23:00:00,2021-01-26 23:05:00,1.21679,1.21659,score,-0.5916714571551142,1
5m+30m|thr18,long,2021-01-27 02:55:00,2021-01-27 03:15:00,1.21627,1.2161300000000002,score,-0.32112603694939673,4
5m+30m|thr18,short,2021-01-27 07:50:00,2021-01-27 07:55:00,1.2160900000000001,1.2163214285714286,sl,-0.7611014755343926,1
5m+30m|thr18,long,2021-01-27 08:45:00,2021-01-27 08:45:00,1.21637,1.2160260714285716,sl,-0.7534904607790486,0
5m+30m|thr18,long,2021-01-27 09:10:00,2021-01-27 09:25:00,1.21604,1.2156510714285715,sl,-0.7459555561712581,3
5m+30m|thr18,short,2021-01-27 13:05:00,2021-01-27 13:10:00,1.2126700000000001,1.21235,score,0.41381639558875094,1
5m+30m|thr18,short,2021-01-27 14:00:00,2021-01-27 14:05:00,1.21159,1.21135,score,0.28099671091662926,1
5m+30m|thr18,short,2021-01-27 14:25:00,2021-01-27 14:35:00,1.21134,1.2119550000000001,sl,-0.7454441316745994,2
5m+30m|thr18,short,2021-01-27 15:10:00,2021-01-27 15:15:00,1.21113,1.21129,score,-0.17139418417840735,1
5m+30m|thr18,short,2021-01-27 15:55:00,2021-01-27 15:55:00,1.21072,1.2111699999999999,score,-0.4277120530796956,0
5m+30m|thr18,short,2021-01-27 16:30:00,2021-01-27 16:30:00,1.21042,1.20908,score,1.2109606932103447,0
5m+30m|thr18,short,2021-01-27 16:50:00,2021-01-27 17:00:00,1.20632,1.2076410714285715,sl,-0.7441082349173758,2
5m+30m|thr18,short,2021-01-27 18:20:00,2021-01-27 18:25:00,1.2091100000000001,1.2101407142857143,sl,-0.736667152568202,1
5m+30m|thr18,short,2021-01-27 18:55:00,2021-01-27 19:05:00,1.21005,1.21045,score,-0.31331666235813177,2
5m+30m|thr18,short,2021-01-27 19:25:00,2021-01-27 19:35:00,1.21037,1.21096,score,-0.5403731546938859,2
5m+30m|thr18,short,2021-01-27 20:05:00,2021-01-27 20:30:00,1.2115200000000002,1.21183,flip,-0.29207413162119106,5
5m+30m|thr18,long,2021-01-27 20:35:00,2021-01-27 20:40:00,1.21183,1.2113800000000001,score,-0.46670896819395735,1
5m+30m|thr18,long,2021-01-27 20:55:00,2021-01-27 21:05:00,1.21181,1.2112560714285714,sl,-0.7131757518738484,2
5m+30m|thr18,long,2021-01-27 21:20:00,2021-01-27 21:30:00,1.21101,1.210257857142857,sl,-0.7060439943551099,2
5m+30m|thr18,long,2021-01-27 21:55:00,2021-01-27 22:05:00,1.21025,1.20985,score,-0.2633237742821846,2
5m+30m|thr18,long,2021-01-28 00:50:00,2021-01-28 00:55:00,1.2109699999999999,1.2105189285714284,sl,-0.696350316668737,1
5m+30m|thr18,short,2021-01-28 07:15:00,2021-01-28 07:30:00,1.20944,1.2094,score,0.08196531115953444,3
5m+30m|thr18,short,2021-01-28 07:50:00,2021-01-28 07:50:00,1.20937,1.2097203571428572,sl,-0.690206466613645,0
5m+30m|thr18,long,2021-01-28 08:25:00,2021-01-28 08:30:00,1.20982,1.20956,score,-0.318875387575377,1
5m+30m|thr18,long,2021-01-28 08:45:00,2021-01-28 08:45:00,1.21006,1.20968,score,-0.4209674517440172,0
5m+30m|thr18,long,2021-01-28 08:55:00,2021-01-28 09:00:00,1.2101199999999999,1.2095049999999998,sl,-0.6759059735543148,1
5m+30m|thr18,long,2021-01-28 09:10:00,2021-01-28 09:30:00,1.20902,1.20839,score,-0.5943480140865582,4
5m+30m|thr18,long,2021-01-28 11:40:00,2021-01-28 11:40:00,1.21082,1.21069,score,-0.09801301252889609,0
5m+30m|thr18,long,2021-01-28 12:05:00,2021-01-28 12:10:00,1.21084,1.2106400000000002,score,-0.15627688579391655,1
5m+30m|thr18,long,2021-01-28 12:40:00,2021-01-28 12:55:00,1.2113099999999999,1.21081,score,-0.4276119965660516,3
5m+30m|thr18,long,2021-01-28 13:20:00,2021-01-28 13:30:00,1.21079,1.21035,score,-0.39293760881740464,2
5m+30m|thr18,long,2021-01-28 17:15:00,2021-01-28 17:25:00,1.21399,1.21354,score,-0.267086857923049,2
5m+30m|thr18,long,2021-01-28 20:40:00,2021-01-28 20:50:00,1.2132699999999998,1.2132800000000001,score,0.01129357961654315,2
5m+30m|thr18,long,2021-01-28 21:20:00,2021-01-28 21:20:00,1.21396,1.2136500000000001,score,-0.43226872634811686,0
5m+30m|thr18,long,2021-01-28 21:45:00,2021-01-28 21:45:00,1.21394,1.2137200000000001,score,-0.33474229112275605,0
5m+30m|thr18,long,2021-01-28 22:00:00,2021-01-28 22:05:00,1.21321,1.21341,score,0.3058223788971039,1
5m+30m|thr18,short,2021-01-29 04:15:00,2021-01-29 04:25:00,1.21073,1.21069,score,0.05641837984460647,2
5m+30m|thr18,short,2021-01-29 04:50:00,2021-01-29 05:00:00,1.21049,1.21015,score,0.4950472076597078,2
5m+30m|thr18,short,2021-01-29 05:15:00,2021-01-29 05:25:00,1.21035,1.2103199999999998,score,0.0419870887323506,2
5m+30m|thr18,short,2021-01-29 05:50:00,2021-01-29 06:00:00,1.20978,1.20963,score,0.21604446557551088,2
5m+30m|thr18,short,2021-01-29 06:10:00,2021-01-29 06:50:00,1.2096,1.210052142857143,sl,-0.6533801908901621,8
5m+30m|thr18,short,2021-01-29 08:30:00,2021-01-29 08:30:00,1.2101,1.210445,sl,-0.6468463889812606,0
5m+30m|thr18,short,2021-01-29 08:50:00,2021-01-29 09:00:00,1.2103300000000001,1.2107135714285715,sl,-0.6403779250914479,2
5m+30m|thr18,short,2021-01-29 09:15:00,2021-01-29 09:20:00,1.2105000000000001,1.21015,score,0.564300329630986,1
5m+30m|thr18,short,2021-01-29 10:55:00,2021-01-29 10:55:00,1.21096,1.2118567857142857,sl,-0.6396171491368433,0
5m+30m|thr18,long,2021-01-29 11:40:00,2021-01-29 11:40:00,1.2111399999999999,1.21113,score,-0.006985889430180746,0
5m+30m|thr18,long,2021-01-29 11:50:00,2021-01-29 12:00:00,1.21182,1.2109400000000001,score,-0.6146904478340207,2
5m+30m|thr18,long,2021-01-29 12:10:00,2021-01-29 12:30:00,1.21105,1.2124300000000001,score,0.9800745485238667,4
5m+30m|thr18,long,2021-01-29 13:00:00,2021-01-29 13:05:00,1.21349,1.2132,score,-0.20766491057164044,1
5m+30m|thr18,long,2021-01-29 13:35:00,2021-01-29 13:40:00,1.21386,1.21349,score,-0.3271534974308183,1
5m+30m|thr18,long,2021-01-29 16:50:00,2021-01-29 17:25:00,1.2143599999999999,1.2145700000000001,score,0.14242293214392568,7
5m+30m|thr18,short,2021-02-01 03:15:00,2021-02-01 03:15:00,1.21281,1.2132835714285715,sl,-0.6328810049994862,0
5m+30m|thr18,short,2021-02-01 05:50:00,2021-02-01 06:10:00,1.21302,1.2133028571428572,sl,-0.6265521949494914,4
5m+30m|thr18,long,2021-02-01 06:15:00,2021-02-01 06:25:00,1.21332,1.2130360714285713,sl,-0.6202866729999965,2
5m+30m|thr18,long,2021-02-01 06:55:00,2021-02-01 07:10:00,1.21294,1.2128,score,-0.2982910186585539,3
5m+30m|thr18,long,2021-02-01 08:10:00,2021-02-01 08:25:00,1.2131399999999999,1.2130100000000001,score,-0.3001899138648965,3
5m+30m|thr18,long,2021-02-01 09:05:00,2021-02-01 09:05:00,1.21281,1.2125164285714285,sl,-0.608098996944762,0
5m+30m|thr18,short,2021-02-01 12:30:00,2021-02-01 12:30:00,1.20878,1.2081199999999999,score,0.5610334225368983,0
5m+30m|thr18,short,2021-02-01 12:50:00,2021-02-01 13:20:00,1.2077200000000001,1.20764,score,0.05721258866292965,6
5m+30m|thr18,short,2021-02-01 14:20:00,2021-02-01 14:40:00,1.2084300000000001,1.2085599999999999,score,-0.11921646204594255,4
5m+30m|thr18,short,2021-02-01 16:00:00,2021-02-01 16:05:00,1.2084300000000001,1.20909,score,-0.4818519514426612,1
5m+30m|thr18,short,2021-02-01 16:35:00,2021-02-01 16:50:00,1.2096500000000001,1.20902,score,0.4994183249310636,3
5m+30m|thr18,short,2021-02-01 20:35:00,2021-02-01 20:35:00,1.20668,1.20667,score,0.008952686178915828,0
5m+30m|thr18,short,2021-02-01 21:45:00,2021-02-01 21:50:00,1.2072500000000002,1.20685,score,0.5556750916924321,1
5m+30m|thr18,short,2021-02-01 22:10:00,2021-02-01 22:15:00,1.20693,1.2065599999999999,score,0.5199771767110258,1
5m+30m|thr18,short,2021-02-02 00:50:00,2021-02-02 01:10:00,1.20608,1.2063,score,-0.47887608767354234,4
5m+30m|thr18,short,2021-02-02 01:40:00,2021-02-02 02:10:00,1.20666,1.20642,score,0.5050222098935937,6
5m+30m|thr18,short,2021-02-02 03:30:00,2021-02-02 03:40:00,1.2074200000000002,1.2078528571428575,sl,-0.6182914769697616,2
5m+30m|thr18,long,2021-02-02 03:45:00,2021-02-02 03:45:00,1.20811,1.20766,score,-0.5650232881847816,0
5m+30m|thr18,long,2021-02-02 03:55:00,2021-02-02 04:00:00,1.20845,1.20841,score,-0.042962259888493164,1
5m+30m|thr18,long,2021-02-02 11:00:00,2021-02-02 11:05:00,1.20872,1.20801,score,-0.4165923474958887,1
5m+30m|thr18,long,2021-02-02 11:35:00,2021-02-02 11:50:00,1.20696,1.20648,score,-0.3074509998785563,3
5m+30m|thr18,short,2021-02-02 14:10:00,2021-02-02 14:15:00,1.2030800000000001,1.20349,score,-0.37440573948021943,1
5m+30m|thr18,short,2021-02-02 15:30:00,2021-02-02 15:45:00,1.2042300000000001,1.20438,score,-0.11716763743888398,3
5m+30m|thr18,short,2021-02-02 16:10:00,2021-02-02 16:25:00,1.20451,1.2045299999999999,score,-0.014014691197021121,3
5m+30m|thr18,short,2021-02-02 16:55:00,2021-02-02 17:05:00,1.20243,1.2033182142857144,sl,-0.5937323925644253,2
5m+30m|thr18,short,2021-02-02 21:45:00,2021-02-02 21:50:00,1.20222,1.20216,score,0.10383761464946041,1
5m+30m|thr18,short,2021-02-02 22:30:00,2021-02-02 22:35:00,1.20177,1.2020903571428572,sl,-0.5888334447852758,1
5m+30m|thr18,long,2021-02-02 23:50:00,2021-02-03 00:00:00,1.2043599999999999,1.20419,score,-0.1703387799387455,2
5m+30m|thr18,long,2021-02-03 03:10:00,2021-02-03 03:20:00,1.20467,1.2048,score,0.17719596901518433,2
5m+30m|thr18,long,2021-02-03 04:00:00,2021-02-03 04:10:00,1.20477,1.20462,score,-0.19070541007448244,2
5m+30m|thr18,short,2021-02-03 10:50:00,2021-02-03 10:55:00,1.2036,1.2032,score,0.310811568052829,1
5m+30m|thr18,short,2021-02-03 11:20:00,2021-02-03 11:30:00,1.20175,1.2026382142857144,sl,-0.584214743807971,2
5m+30m|thr18,short,2021-02-03 12:35:00,2021-02-03 12:45:00,1.20147,1.20218,score,-0.49326671882595713,2
5m+30m|thr18,short,2021-02-03 14:25:00,2021-02-03 14:30:00,1.20117,1.201727142857143,sl,-0.5734399291816317,1
5m+30m|thr18,short,2021-02-03 16:05:00,2021-02-03 16:10:00,1.2017,1.2025967857142856,sl,-0.5677055298898154,1
5m+30m|thr18,short,2021-02-03 16:30:00,2021-02-03 16:30:00,1.2023700000000002,1.20316,score,-0.5225754458995604,0
5m+30m|thr18,short,2021-02-03 16:40:00,2021-02-03 17:10:00,1.20262,1.20224,score,0.24562110042306795,6
5m+30m|thr18,long,2021-02-03 17:25:00,2021-02-03 17:30:00,1.20174,1.2010392857142858,sl,-0.5592589311361523,1
5m+30m|thr18,long,2021-02-03 19:45:00,2021-02-03 19:55:00,1.20294,1.2026000000000001,score,-0.4285287458674424,2
5m+30m|thr18,long,2021-02-03 20:15:00,2021-02-03 20:25:00,1.20242,1.20224,score,-0.2585322608783037,2
5m+30m|thr18,long,2021-02-03 21:05:00,2021-02-03 21:10:00,1.2028699999999999,1.2025700000000001,score,-0.5103426829730578,1
5m+30m|thr18,long,2021-02-03 21:35:00,2021-02-03 21:40:00,1.20282,1.20266,score,-0.3328918417111177,1
5m+30m|thr18,long,2021-02-03 22:15:00,2021-02-03 22:20:00,1.20257,1.20259,score,0.04446659239643804,1
5m+30m|thr18,long,2021-02-03 22:30:00,2021-02-03 22:50:00,1.20276,1.20354,score,1.690742509363658,4
5m+30m|thr18,long,2021-02-04 00:10:00,2021-02-04 00:20:00,1.20335,1.2030960714285712,sl,-0.5557154775280926,2
5m+30m|thr18,long,2021-02-04 00:25:00,2021-02-04 00:30:00,1.2031399999999999,1.20316,score,0.03803563712883134,1
5m+30m|thr18,long,2021-02-04 02:15:00,2021-02-04 02:25:00,1.2043,1.204,score,-0.47431024662992344,2
5m+30m|thr18,long,2021-02-04 02:40:00,2021-02-04 02:50:00,1.20391,1.2038,score,-0.18554639912879548,2
5m+30m|thr18,long,2021-02-04 03:00:00,2021-02-04 03:10:00,1.2036499999999999,1.20357,score,-0.11670745712363224,2
5m+30m|thr18,short,2021-02-04 07:45:00,2021-02-04 07:50:00,1.20148,1.2015099999999999,score,-0.04354626093564869,1
5m+30m|thr18,short,2021-02-04 08:35:00,2021-02-04 08:40:00,1.20126,1.2015,score,-0.2948631478369388,1
5m+30m|thr18,short,2021-02-04 09:20:00,2021-02-04 09:50:00,1.20055,1.2003899999999998,score,0.12094406752531935,6
5m+30m|thr18,short,2021-02-04 12:15:00,2021-02-04 12:20:00,1.19868,1.1991399999999999,score,-0.3153490577315087,1
5m+30m|thr18,short,2021-02-04 12:45:00,2021-02-04 12:55:00,1.19914,1.19881,score,0.27003756506459275,2
5m+30m|thr18,short,2021-02-04 13:15:00,2021-02-04 13:20:00,1.19876,1.1991399999999999,score,-0.3314386199655509,1
5m+30m|thr18,short,2021-02-04 13:45:00,2021-02-04 13:55:00,1.19896,1.1987999999999999,score,0.14549318562222485,2
5m+30m|thr18,short,2021-02-04 14:40:00,2021-02-04 14:45:00,1.19861,1.19908,score,-0.3493018407707357,1
5m+30m|thr18,short,2021-02-04 15:25:00,2021-02-04 15:40:00,1.19934,1.19866,score,0.5733364220142886,3
5m+30m|thr18,short,2021-02-04 21:40:00,2021-02-04 21:40:00,1.19611,1.19641,score,-0.39209151591464153,0
5m+30m|thr18,short,2021-02-04 22:15:00,2021-02-04 22:30:00,1.19639,1.19659,score,-0.2608497723932019,3
5m+30m|thr18,short,2021-02-04 23:50:00,2021-02-04 23:50:00,1.19602,1.1962857142857144,sl,-0.5339967483420585,0
5m+30m|thr18,short,2021-02-05 01:25:00,2021-02-05 02:05:00,1.1966400000000001,1.1964599999999999,score,0.2784148563773591,8
5m+30m|thr18,short,2021-02-05 02:45:00,2021-02-05 02:55:00,1.19676,1.19695,score,-0.2647252569779558,2
5m+30m|thr18,long,2021-02-05 03:10:00,2021-02-05 03:20:00,1.1963599999999999,1.19651,score,0.18234264719059992,2
5m+30m|thr18,long,2021-02-05 04:10:00,2021-02-05 04:20:00,1.19648,1.19636,score,-0.14746678802059335,2
5m+30m|thr18,long,2021-02-05 04:30:00,2021-02-05 04:40:00,1.19633,1.1959689285714283,sl,-0.5291424354443319,2
5m+30m|thr18,short,2021-02-05 07:50:00,2021-02-05 07:55:00,1.1959300000000002,1.1961528571428572,sl,-0.5238510110898885,1
5m+30m|thr18,short,2021-02-05 08:10:00,2021-02-05 08:20:00,1.19608,1.19635,score,-0.5269772187366455,2
5m+30m|thr18,long,2021-02-05 09:00:00,2021-02-05 09:00:00,1.19657,1.1963700000000002,score,-0.33042750358973627,0
5m+30m|thr18,long,2021-02-05 09:30:00,2021-02-05 09:50:00,1.19618,1.19631,score,0.21790375254351385,4
5m+30m|thr18,long,2021-02-05 11:00:00,2021-02-05 11:05:00,1.19848,1.19831,score,-0.11577185462955086,1
5m+30m|thr18,long,2021-02-05 11:50:00,2021-02-05 12:00:00,1.19788,1.19794,score,0.05678441919271613,2
5m+30m|thr18,long,2021-02-05 16:30:00,2021-02-05 16:35:00,1.2016499999999999,1.20133,score,-0.11532536975250593,1
5m+30m|thr18,long,2021-02-05 17:10:00,2021-02-05 17:15:00,1.2029699999999999,1.2024000000000001,score,-0.26782284145746155,1
5m+30m|thr18,long,2021-02-08 01:45:00,2021-02-08 02:10:00,1.20476,1.2047400000000001,score,-0.01991357391421065,5
5m+30m|thr18,long,2021-02-08 02:30:00,2021-02-08 02:30:00,1.20438,1.20393,sl,-0.5075969990755508,0
5m+30m|thr18,long,2021-02-08 03:00:00,2021-02-08 03:00:00,1.2033099999999999,1.20333,score,0.018798381849653552,0
5m+30m|thr18,short,2021-02-08 06:20:00,2021-02-08 06:25:00,1.20377,1.20379,score,-0.04787704884770475,1
5m+30m|thr18,long,2021-02-08 10:15:00,2021-02-08 10:15:00,1.20474,1.2041410714285712,sl,-0.502230242414815,0
5m+30m|thr18,long,2021-02-08 10:30:00,2021-02-08 10:40:00,1.2031399999999999,1.2030100000000001,score,-0.08022326691322687,2
5m+30m|thr18,short,2021-02-08 13:05:00,2021-02-08 13:10:00,1.20292,1.2034289285714286,sl,-0.49640570732153444,1
5m+30m|thr18,short,2021-02-08 13:20:00,2021-02-08 13:35:00,1.2029800000000002,1.2035403571428573,sl,-0.4914416502483191,3
5m+30m|thr18,short,2021-02-08 13:50:00,2021-02-08 13:55:00,1.20315,1.20302,score,0.10022405946998453,1
5m+30m|thr18,long,2021-02-08 16:35:00,2021-02-08 16:45:00,1.20549,1.20597,score,0.3012595924200939,2
5m+30m|thr18,long,2021-02-08 17:55:00,2021-02-08 18:10:00,1.20491,1.20459,score,-0.18953242559594974,3
5m+30m|thr18,long,2021-02-08 20:15:00,2021-02-08 20:30:00,1.2048699999999999,1.20476,score,-0.11612901062537703,3
5m+30m|thr18,long,2021-02-08 20:40:00,2021-02-08 20:50:00,1.20498,1.20483,score,-0.19117076702045863,2
5m+30m|thr18,long,2021-02-08 21:15:00,2021-02-08 21:15:00,1.2051699999999999,1.20488,score,-0.5133930775580344,0
5m+30m|thr18,long,2021-02-08 21:30:00,2021-02-08 21:50:00,1.20523,1.20543,score,0.34360957570348366,4
5m+30m|thr18,long,2021-02-08 22:15:00,2021-02-08 22:25:00,1.20566,1.2054200000000002,score,-0.3387131392492965,2
5m+30m|thr18,long,2021-02-08 22:40:00,2021-02-08 22:40:00,1.20577,1.20543,score,-0.48099402764853333,0
5m+30m|thr18,long,2021-02-08 22:55:00,2021-02-08 23:15:00,1.20521,1.2049100000000001,score,-0.3905867320598098,4
5m+30m|thr18,long,2021-02-09 02:15:00,2021-02-09 02:25:00,1.20546,1.2054500000000001,score,-0.014532060811959648,2
5m+30m|thr18,long,2021-02-09 03:00:00,2021-02-09 03:05:00,1.20584,1.2056,score,-0.2926443058449637,1
5m+30m|thr18,long,2021-02-09 03:20:00,2021-02-09 03:30:00,1.20603,1.20602,score,-0.012185361091374535,2
5m+30m|thr18,long,2021-02-09 04:05:00,2021-02-09 04:25:00,1.20631,1.20763,score,1.5394393806888647,4
5m+30m|thr18,long,2021-02-09 12:40:00,2021-02-09 12:45:00,1.2112,1.21092,score,-0.21114937150299565,1
5m+30m|thr18,long,2021-02-09 18:15:00,2021-02-09 18:25:00,1.2095,1.20948,score,-0.012668679058234452,2
5m+30m|thr18,long,2021-02-09 19:45:00,2021-02-09 19:50:00,1.21096,1.2105132142857145,sl,-0.48173557024799013,1
5m+30m|thr18,long,2021-02-09 20:25:00,2021-02-09 20:40:00,1.2104899999999998,1.21031,score,-0.18720154215789536,3
5m+30m|thr18,long,2021-02-10 04:40:00,2021-02-10 04:50:00,1.21244,1.21241,score,-0.036144819498542535,2
5m+30m|thr18,long,2021-02-10 06:25:00,2021-02-10 06:35:00,1.21299,1.2129100000000002,score,-0.1482976069844498,2
5m+30m|thr18,long,2021-02-10 10:15:00,2021-02-10 10:15:00,1.2128299999999999,1.21266,score,-0.14721832995599393,0
5m+30m|thr18,long,2021-02-10 10:30:00,2021-02-10 10:55:00,1.21321,1.21387,score,0.58233552785713,5
5m+30m|thr18,long,2021-02-10 11:15:00,2021-02-10 11:25:00,1.21306,1.2123625,sl,-0.4775529468381128,2
5m+30m|thr18,long,2021-02-10 13:45:00,2021-02-10 14:00:00,1.21257,1.2121114285714285,sl,-0.47277741736973167,3
5m+30m|thr18,short,2021-02-10 15:50:00,2021-02-10 16:05:00,1.2134,1.21362,flip,-0.13004897618793115,3
5m+30m|thr18,long,2021-02-10 16:10:00,2021-02-10 16:15:00,1.21362,1.2132800000000001,score,-0.17674828721920238,1
5m+30m|thr18,long,2021-02-10 16:30:00,2021-02-10 16:30:00,1.21381,1.213,score,-0.43722157082690966,0
5m+30m|thr18,long,2021-02-10 16:55:00,2021-02-10 17:30:00,1.2128299999999999,1.2128700000000001,score,0.02442625896967432,7
5m+30m|thr18,long,2021-02-10 18:45:00,2021-02-10 18:50:00,1.2130699999999999,1.21317,score,0.06251891515718848,1
5m+30m|thr18,short,2021-02-11 02:50:00,2021-02-11 03:30:00,1.21142,1.2116482142857143,sl,-0.46147890659496255,8
5m+30m|thr18,short,2021-02-11 04:20:00,2021-02-11 04:40:00,1.21181,1.21198,score,-0.3193352715768315,4
5m+30m|thr18,short,2021-02-11 05:10:00,2021-02-11 05:20:00,1.2118900000000001,1.2119199999999999,score,-0.0658175202832214,2
5m+30m|thr18,short,2021-02-11 06:20:00,2021-02-11 06:55:00,1.21235,1.2122199999999999,score,0.22713027908866945,7
5m+30m|thr18,long,2021-02-11 07:10:00,2021-02-11 07:40:00,1.21242,1.21262,score,0.43360370704871876,6
5m+30m|thr18,long,2021-02-11 08:45:00,2021-02-11 09:00:00,1.21286,1.2127400000000002,score,-0.25738716050397176,3
5m+30m|thr18,long,2021-02-11 09:10:00,2021-02-11 09:10:00,1.21292,1.21276,score,-0.2565872605565888,0
5m+30m|thr18,long,2021-02-11 09:25:00,2021-02-11 09:30:00,1.2129699999999999,1.2126732142857142,sl,-0.45448018526118067,1
5m+30m|thr18,long,2021-02-11 12:10:00,2021-02-11 12:15:00,1.21242,1.2127400000000002,score,0.26195068455768067,1
5m+30m|thr18,long,2021-02-11 14:10:00,2021-02-11 14:10:00,1.21303,1.2128700000000001,score,-0.21252053546513,0
5m+30m|thr18,long,2021-02-11 15:00:00,2021-02-11 15:15:00,1.21356,1.21458,score,1.187836731369583,3
5m+30m|thr18,long,2021-02-11 16:25:00,2021-02-11 16:30:00,1.21352,1.21392,score,0.2996441079160829,1
5m+30m|thr18,short,2021-02-11 20:35:00,2021-02-11 20:45:00,1.213,1.21279,score,0.19612834555987227,2
5m+30m|thr18,long,2021-02-11 23:25:00,2021-02-11 23:25:00,1.21319,1.21316,score,-0.053184722556622814,0
5m+30m|thr18,long,2021-02-12 02:55:00,2021-02-12 03:00:00,1.21267,1.21289,score,0.37879855149663777,1
5m+30m|thr18,short,2021-02-12 06:45:00,2021-02-12 07:10:00,1.21222,1.21234,score,-0.254581905720537,5
5m+30m|thr18,short,2021-02-12 07:40:00,2021-02-12 07:40:00,1.2123000000000002,1.2124907142857144,sl,-0.46797609598014456,0
5m+30m|thr18,long,2021-02-12 08:55:00,2021-02-12 09:10:00,1.21244,1.2121389285714286,sl,-0.46329633502034306,3
5m+30m|thr18,short,2021-02-12 12:30:00,2021-02-12 12:35:00,1.21068,1.2111696428571428,sl,-0.45866337167013965,1
5m+30m|thr18,short,2021-02-12 12:45:00,2021-02-12 12:45:00,1.21073,1.21061,score,0.11055781445835475,0
5m+30m|thr18,short,2021-02-12 14:50:00,2021-02-12 15:15:00,1.2111100000000001,1.21033,score,0.8674678694227571,5
5m+30m|thr18,short,2021-02-12 17:20:00,2021-02-12 17:25:00,1.20939,1.2100899999999999,score,-0.4162819184032533,1
5m+30m|thr18,short,2021-02-12 18:00:00,2021-02-12 18:10:00,1.21188,1.2126825,sl,-0.45969417560821685,2
5m+30m|thr18,long,2021-02-12 19:30:00,2021-02-12 19:30:00,1.21287,1.2124300000000001,score,-0.46375499760591826,0
5m+30m|thr18,long,2021-02-15 00:05:00,2021-02-15 00:05:00,1.2125,1.2122321428571428,sl,-0.4504596838760756,0
5m+30m|thr18,long,2021-02-15 00:30:00,2021-02-15 00:50:00,1.21216,1.2122300000000001,score,0.11163115844142564,4
5m+30m|thr18,long,2021-02-15 01:40:00,2021-02-15 02:00:00,1.21223,1.2119482142857143,sl,-0.44707139862172907,4
5m+30m|thr18,long,2021-02-15 04:25:00,2021-02-15 04:25:00,1.21321,1.21293,score,-0.33429570014855425,0
5m+30m|thr18,long,2021-02-15 05:00:00,2021-02-15 05:00:00,1.21332,1.21302,score,-0.40325299586074054,0
5m+30m|thr18,long,2021-02-15 05:15:00,2021-02-15 05:30:00,1.2134099999999999,1.21331,score,-0.1415366496502565,3
5m+30m|thr18,long,2021-02-15 05:50:00,2021-02-15 05:55:00,1.21374,1.2134775,sl,-0.43380983117891625,1
5m+30m|thr18,long,2021-02-15 08:15:00,2021-02-15 08:20:00,1.21403,1.21392,score,-0.19684121089711865,1
5m+30m|thr18,long,2021-02-15 11:00:00,2021-02-15 11:00:00,1.21404,1.2133842857142858,sl,-0.4275033207581558,0
5m+30m|thr18,long,2021-02-15 11:45:00,2021-02-15 11:50:00,1.2143,1.2138900000000001,score,-0.2939298693937148,1
5m+30m|thr18,long,2021-02-15 12:00:00,2021-02-15 12:15:00,1.21353,1.21339,score,-0.09895092110020537,3
5m+30m|thr18,long,2021-02-15 13:55:00,2021-02-15 14:05:00,1.21333,1.2128907142857144,sl,-0.4192994796456351,2
5m+30m|thr18,short,2021-02-15 18:05:00,2021-02-15 18:15:00,1.2128,1.2132178571428573,sl,-0.4151064848491788,2
5m+30m|thr18,short,2021-02-15 18:30:00,2021-02-15 18:40:00,1.21313,1.21323,score,-0.0926469545895391,2
5m+30m|thr18,long,2021-02-15 19:55:00,2021-02-15 20:00:00,1.2131699999999999,1.21307,score,-0.12588608127969547,1
5m+30m|thr18,long,2021-02-15 22:50:00,2021-02-15 22:55:00,1.21309,1.21299,score,-0.2764628625595629,1
5m+30m|thr18,long,2021-02-15 23:05:00,2021-02-15 23:15:00,1.2132699999999998,1.2132,score,-0.18420618138645312,2
5m+30m|thr18,long,2021-02-15 23:30:00,2021-02-15 23:40:00,1.21315,1.212945357142857,sl,-0.4041633992025344,2
5m+30m|thr18,long,2021-02-16 02:10:00,2021-02-16 02:10:00,1.21352,1.21339,score,-0.19188975301263927,0
5m+30m|thr18,long,2021-02-16 03:25:00,2021-02-16 03:50:00,1.21399,1.21412,score,0.15193484678818517,5
5m+30m|thr18,long,2021-02-16 04:30:00,2021-02-16 05:05:00,1.2145,1.21445,score,-0.057930755963374936,7
5m+30m|thr18,long,2021-02-16 09:25:00,2021-02-16 09:30:00,1.21333,1.2129357142857142,sl,-0.3991429085886308,1
5m+30m|thr18,long,2021-02-16 11:00:00,2021-02-16 11:00:00,1.2155799999999999,1.21481,score,-0.36084141880894677,0
5m+30m|thr18,long,2021-02-16 11:45:00,2021-02-16 12:05:00,1.2151399999999999,1.21539,score,0.1288576143490214,4
5m+30m|thr18,long,2021-02-16 12:30:00,2021-02-16 12:35:00,1.21582,1.21576,score,-0.04279877805766841,1
5m+30m|thr18,long,2021-02-16 12:45:00,2021-02-16 12:50:00,1.21657,1.21625,score,-0.2504228445120429,1
5m+30m|thr18,long,2021-02-16 13:55:00,2021-02-16 13:55:00,1.2167299999999999,1.21646,score,-0.2613155722300315,0
5m+30m|thr18,short,2021-02-16 17:45:00,2021-02-16 17:55:00,1.21106,1.21198,score,-0.33556993954189795,2
5m+30m|thr18,short,2021-02-16 18:15:00,2021-02-16 18:20:00,1.2111800000000001,1.21094,score,0.0951332386125942,1
5m+30m|thr18,short,2021-02-16 19:05:00,2021-02-16 19:05:00,1.21065,1.2104899999999998,score,0.08578462304504386,0
5m+30m|thr18,short,2021-02-16 19:15:00,2021-02-16 19:15:00,1.21061,1.21059,score,0.012371950703812208,0
5m+30m|thr18,short,2021-02-16 19:25:00,2021-02-16 19:35:00,1.21055,1.21072,score,-0.11865052382525547,2
5m+30m|thr18,short,2021-02-16 20:30:00,2021-02-16 20:40:00,1.21105,1.2113,score,-0.3022153469137157,2
5m+30m|thr18,short,2021-02-16 21:00:00,2021-02-16 21:15:00,1.21117,1.21103,score,0.20027936457316484,3
5m+30m|thr18,short,2021-02-16 21:45:00,2021-02-16 21:55:00,1.21127,1.2115496428571428,sl,-0.38365760317668524,2
5m+30m|thr18,short,2021-02-16 22:15:00,2021-02-16 22:20:00,1.21136,1.21156,score,-0.25231290059449646,1
5m+30m|thr18,short,2021-02-16 22:40:00,2021-02-16 22:45:00,1.2114,1.2116775,sl,-0.37729789813897346,1
5m+30m|thr18,short,2021-02-16 23:30:00,2021-02-17 00:00:00,1.21054,1.2108582142857143,sl,-0.37352491915758373,6
5m+30m|thr18,short,2021-02-17 03:15:00,2021-02-17 03:25:00,1.2088,1.20885,score,-0.03826352830385768,2
5m+30m|thr18,short,2021-02-17 04:15:00,2021-02-17 04:20:00,1.20922,1.209630357142857,sl,-0.3694070346829693,1
5m+30m|thr18,short,2021-02-17 04:30:00,2021-02-17 04:40:00,1.20927,1.2096099999999999,score,-0.3197049972891413,2
5m+30m|thr18,short,2021-02-17 05:00:00,2021-02-17 05:05:00,1.2094,1.20939,score,0.009612164396058278,1
5m+30m|thr18,short,2021-02-17 05:40:00,2021-02-17 06:05:00,1.20873,1.2090353571428571,sl,-0.3626120360072088,5
5m+30m|thr18,short,2021-02-17 07:15:00,2021-02-17 07:20:00,1.20914,1.2094057142857144,sl,-0.3589859156471367,1
5m+30m|thr18,short,2021-02-17 07:40:00,2021-02-17 08:00:00,1.20924,1.20905,score,0.2452278885255556,4
5m+30m|thr18,short,2021-02-17 08:30:00,2021-02-17 08:50:00,1.20878,1.2087999999999999,score,-0.019531683022374003,4
5m+30m|thr18,short,2021-02-17 11:20:00,2021-02-17 11:30:00,1.20744,1.2073399999999999,score,0.04085795397511,2
5m+30m|thr18,short,2021-02-17 11:55:00,2021-02-17 12:05:00,1.2065700000000001,1.2061899999999999,score,0.15281890909073206,2
5m+30m|thr18,short,2021-02-17 14:00:00,2021-02-17 14:05:00,1.20615,1.20582,score,0.21801900482358796,1
5m+30m|thr18,short,2021-02-17 14:25:00,2021-02-17 14:35:00,1.20598,1.20647,score,-0.3289253868469338,2
5m+30m|thr18,short,2021-02-17 15:00:00,2021-02-17 15:05:00,1.20628,1.20608,score,0.1487031148736287,1
5m+30m|thr18,short,2021-02-17 15:55:00,2021-02-17 16:35:00,1.20374,1.204615357142857,sl,-0.35996775450485846,8
5m+30m|thr18,short,2021-02-17 17:40:00,2021-02-17 17:40:00,1.20326,1.2030699999999999,score,0.08728720853717482,0
5m+30m|thr18,short,2021-02-17 18:00:00,2021-02-17 18:10:00,1.2032100000000001,1.20274,score,0.21496528986906957,2
5m+30m|thr18,short,2021-02-17 18:50:00,2021-02-17 18:50:00,1.20334,1.20397,score,-0.28712183959644616,0
5m+30m|thr18,short,2021-02-17 19:10:00,2021-02-17 19:30:00,1.20401,1.20438,score,-0.1902906137844337,4
5m+30m|thr18,short,2021-02-17 20:05:00,2021-02-17 20:15:00,1.20426,1.20416,score,0.09142966268415655,2
5m+30m|thr18,short,2021-02-17 20:50:00,2021-02-17 20:50:00,1.20347,1.203809642857143,sl,-0.3555307740369051,0
5m+30m|thr18,short,2021-02-17 22:30:00,2021-02-17 22:50:00,1.2041,1.20432,score,-0.23238680304268913,4
5m+30m|thr18,short,2021-02-18 00:50:00,2021-02-18 00:50:00,1.20426,1.2045,score,-0.2502298978005299,0
5m+30m|thr18,short,2021-02-18 01:00:00,2021-02-18 01:15:00,1.2043000000000001,1.2043599999999999,score,-0.05785821654776751,3
5m+30m|thr18,long,2021-02-18 01:25:00,2021-02-18 01:30:00,1.20444,1.2043000000000001,score,-0.19352666825059867,1
5m+30m|thr18,long,2021-02-18 01:55:00,2021-02-18 02:05:00,1.20455,1.20438,score,-0.2955792331700614,2
5m+30m|thr18,long,2021-02-18 02:25:00,2021-02-18 02:30:00,1.2046299999999999,1.204400714285714,sl,-0.34167965810841955,1
5m+30m|thr18,long,2021-02-18 02:45:00,2021-02-18 02:55:00,1.20489,1.2045739285714285,sl,-0.3382628615273354,2
5m+30m|thr18,long,2021-02-18 03:40:00,2021-02-18 03:55:00,1.20435,1.20439,score,0.030418966817676685,3
5m+30m|thr18,short,2021-02-18 07:45:00,2021-02-18 07:55:00,1.20434,1.2045467857142858,sl,-0.33518442258023873,2
5m+30m|thr18,long,2021-02-18 08:25:00,2021-02-18 08:30:00,1.20468,1.20449,score,-0.22986319229753438,1
5m+30m|thr18,long,2021-02-18 08:55:00,2021-02-18 09:05:00,1.20434,1.20428,score,-0.06809557564628474,2
5m+30m|thr18,long,2021-02-18 09:15:00,2021-02-18 09:20:00,1.20383,1.20444,score,0.5572231230883209,1
5m+30m|thr18,long,2021-02-18 09:30:00,2021-02-18 09:30:00,1.20472,1.2042925,sl,-0.33442522190588136,0
5m+30m|thr18,long,2021-02-18 10:15:00,2021-02-18 10:15:00,1.20496,1.20485,score,-0.05173665076793353,0
5m+30m|thr18,long,2021-02-18 10:25:00,2021-02-18 10:35:00,1.20545,1.20565,score,0.09611402792340559,2
5m+30m|thr18,long,2021-02-18 10:50:00,2021-02-18 10:50:00,1.2065,1.20642,score,-0.03916748023974084,0
5m+30m|thr18,long,2021-02-18 12:00:00,2021-02-18 12:00:00,1.2074,1.20676,score,-0.31198236542141905,0
5m+30m|thr18,long,2021-02-18 15:15:00,2021-02-18 15:15:00,1.2085,1.2080600000000001,score,-0.19270973669143893,0
5m+30m|thr18,long,2021-02-18 15:45:00,2021-02-18 15:50:00,1.20862,1.2082,score,-0.15918526758765536,1
5m+30m|thr18,long,2021-02-18 16:15:00,2021-02-18 16:45:00,1.2078,1.2074,score,-0.1555128841908487,6
5m+30m|thr18,long,2021-02-18 18:55:00,2021-02-18 19:05:00,1.20791,1.20787,score,-0.017600577423430946,2
5m+30m|thr18,long,2021-02-18 19:15:00,2021-02-18 19:15:00,1.20797,1.20778,score,-0.12415762928585315,0
5m+30m|thr18,long,2021-02-18 19:35:00,2021-02-18 19:50:00,1.20807,1.20815,score,0.06668595817340732,3
5m+30m|thr18,long,2021-02-18 20:35:00,2021-02-18 20:45:00,1.20848,1.2082,score,-0.2923561803324237,2
5m+30m|thr18,long,2021-02-18 21:00:00,2021-02-18 21:20:00,1.2081199999999999,1.20856,score,0.4110076639631,4
5m+30m|thr18,long,2021-02-18 21:30:00,2021-02-18 21:35:00,1.20882,1.20865,score,-0.1569077270446278,1
5m+30m|thr18,long,2021-02-18 22:15:00,2021-02-18 22:30:00,1.20888,1.20899,score,0.14427396129390188,3
5m+30m|thr18,long,2021-02-18 23:20:00,2021-02-18 23:20:00,1.20938,1.20919,score,-0.23589611285468157,0
5m+30m|thr18,long,2021-02-18 23:40:00,2021-02-18 23:45:00,1.20942,1.20936,score,-0.08852128542943845,1
5m+30m|thr18,long,2021-02-19 07:35:00,2021-02-19 07:40:00,1.20956,1.20937,score,-0.23743705120246628,1
5m+30m|thr18,long,2021-02-19 08:05:00,2021-02-19 08:20:00,1.20962,1.20974,score,0.1347521535885369,3
5m+30m|thr18,long,2021-02-19 09:05:00,2021-02-19 09:25:00,1.2094099999999999,1.2101300000000001,score,0.7794652572956358,4
5m+30m|thr18,long,2021-02-19 09:50:00,2021-02-19 10:00:00,1.2106599999999998,1.2110100000000001,score,0.21652251887505936,2
5m+30m|thr18,long,2021-02-19 10:30:00,2021-02-19 10:50:00,1.2117099999999998,1.21278,score,0.5315516056835135,4
5m+30m|thr18,long,2021-02-19 18:10:00,2021-02-19 18:40:00,1.21298,1.21354,score,0.21227569499341659,6
5m+30m|thr18,short,2021-02-19 22:20:00,2021-02-19 23:00:00,1.21176,1.21159,score,0.18531812076743429,8
5m+30m|thr18,short,2021-02-22 00:25:00,2021-02-22 00:55:00,1.21195,1.21216,score,-0.18621592765779518,6
5m+30m|thr18,short,2021-02-22 01:15:00,2021-02-22 01:15:00,1.21207,1.2119,score,0.12860287773677784,0
5m+30m|thr18,short,2021-02-22 02:00:00,2021-02-22 02:10:00,1.21242,1.21264,flip,-0.15137854758824668,2
5m+30m|thr18,long,2021-02-22 02:15:00,2021-02-22 02:25:00,1.2126299999999999,1.21234,score,-0.18994076496048318,2
5m+30m|thr18,long,2021-02-22 02:35:00,2021-02-22 02:40:00,1.2129299999999998,1.21268,score,-0.15883755895587942,1
5m+30m|thr18,long,2021-02-22 03:05:00,2021-02-22 03:25:00,1.21272,1.21332,score,0.4393506819421803,4
5m+30m|thr18,long,2021-02-22 04:10:00,2021-02-22 04:15:00,1.21233,1.2118489285714285,sl,-0.33704473743284263,1
5m+30m|thr18,short,2021-02-22 06:25:00,2021-02-22 06:40:00,1.21214,1.2123864285714285,sl,-0.3336742900585141,3
5m+30m|thr18,long,2021-02-22 07:20:00,2021-02-22 07:20:00,1.212,1.21207,score,0.09678050708962664,0
5m+30m|thr18,long,2021-02-22 08:45:00,2021-02-22 09:00:00,1.2120499999999998,1.2117939285714283,sl,-0.33130535222882534,3
5m+30m|thr18,short,2021-02-22 12:55:00,2021-02-22 13:25:00,1.21273,1.2133889285714288,sl,-0.32799229870653707,6
5m+30m|thr18,long,2021-02-22 13:30:00,2021-02-22 13:50:00,1.21379,1.21357,score,-0.10132868462163344,4
5m+30m|thr18,long,2021-02-22 14:20:00,2021-02-22 14:25:00,1.214,1.2135500000000001,score,-0.21143641885956657,1
5m+30m|thr18,long,2021-02-22 16:30:00,2021-02-22 16:30:00,1.21457,1.213652857142857,sl,-0.32158472468465965,0
5m+30m|thr18,long,2021-02-22 20:35:00,2021-02-22 20:50:00,1.21685,1.21662,score,-0.2190486720832979,3
5m+30m|thr18,long,2021-02-23 01:10:00,2021-02-23 01:15:00,1.21638,1.21603,score,-0.31489311270601256,1
5m+30m|thr18,long,2021-02-23 01:30:00,2021-02-23 01:35:00,1.21665,1.21652,score,-0.10882781594144396,1
5m+30m|thr18,long,2021-02-23 02:20:00,2021-02-23 02:25:00,1.2166,1.21642,score,-0.17947300849406328,1
5m+30m|thr18,long,2021-02-23 02:50:00,2021-02-23 03:00:00,1.21689,1.21663,score,-0.26879359116611035,2
5m+30m|thr18,long,2021-02-23 03:20:00,2021-02-23 03:35:00,1.21689,1.2171800000000002,score,0.21393000388389133,3
5m+30m|thr18,long,2021-02-23 03:45:00,2021-02-23 03:50:00,1.2175799999999999,1.21747,score,-0.06777265612327346,1
5m+30m|thr18,long,2021-02-23 04:40:00,2021-02-23 04:40:00,1.2175099999999999,1.21727,score,-0.18354933664753265,0
5m+30m|thr18,long,2021-02-23 04:55:00,2021-02-23 05:10:00,1.21708,1.2167071428571428,sl,-0.30708459554503464,3
5m+30m|thr18,long,2021-02-23 09:40:00,2021-02-23 09:50:00,1.21731,1.2175500000000001,score,0.15337630609938013,2
5m+30m|thr18,long,2021-02-23 10:10:00,2021-02-23 10:20:00,1.21664,1.21642,score,-0.09520347384556073,2
5m+30m|thr18,long,2021-02-23 10:30:00,2021-02-23 10:40:00,1.21624,1.2155221428571428,sl,-0.30459547791212244,2
5m+30m|thr18,short,2021-02-23 13:15:00,2021-02-23 13:25:00,1.21479,1.2150999999999998,score,-0.143736950071005,2
5m+30m|thr18,short,2021-02-23 14:20:00,2021-02-23 14:30:00,1.2154500000000001,1.2155099999999999,score,-0.027596519874110412,2
5m+30m|thr18,short,2021-02-23 17:00:00,2021-02-23 17:05:00,1.2141600000000001,1.2148092857142858,sl,-0.29983618843355003,1
5m+30m|thr18,short,2021-02-23 17:45:00,2021-02-23 18:00:00,1.21634,1.21667,flip,-0.08732192032200213,3
5m+30m|thr18,long,2021-02-23 18:05:00,2021-02-23 18:05:00,1.2166599999999999,1.21602,score,-0.16384571404504564,0
5m+30m|thr18,long,2021-02-23 18:45:00,2021-02-23 18:55:00,1.21521,1.2144,sl,-0.2943261502055441,2
5m+30m|thr18,short,2021-02-23 20:45:00,2021-02-23 20:50:00,1.21498,1.21529,score,-0.21235965356392042,1
5m+30m|thr18,long,2021-02-23 21:45:00,2021-02-23 21:50:00,1.21489,1.214497857142857,sl,-0.28925929216784946,1
5m+30m|thr18,short,2021-02-24 00:30:00,2021-02-24 00:35:00,1.21464,1.2149999999999999,score,-0.24483259782881392,1
5m+30m|thr18,short,2021-02-24 01:00:00,2021-02-24 01:10:00,1.2148,1.2147999999999999,score,1.3588846841035357e-13,2
5m+30m|thr18,long,2021-02-24 01:20:00,2021-02-24 01:20:00,1.2147299999999999,1.21479,score,0.03812812686581224,0
5m+30m|thr18,long,2021-02-24 01:30:00,2021-02-24 01:45:00,1.2147999999999999,1.21513,score,0.2115079555489754,3
5m+30m|thr18,long,2021-02-24 02:15:00,2021-02-24 02:30:00,1.21547,1.21542,score,-0.03375257809172075,3
5m+30m|thr18,long,2021-02-24 03:10:00,2021-02-24 03:20:00,1.21596,1.2155335714285713,sl,-0.2860772083111149,2
5m+30m|thr18,long,2021-02-24 03:50:00,2021-02-24 03:55:00,1.21606,1.2158,score,-0.10062545904047879,1
5m+30m|thr18,long,2021-02-24 04:40:00,2021-02-24 04:50:00,1.2158499999999999,1.2152660714285712,sl,-0.282210181637599,2
5m+30m|thr18,short,2021-02-24 08:45:00,2021-02-24 09:05:00,1.21549,1.2158746428571428,sl,-0.279388079821223,4
5m+30m|thr18,long,2021-02-24 09:40:00,2021-02-24 09:50:00,1.21582,1.21539,score,-0.2707474923769966,2
5m+30m|thr18,long,2021-02-24 10:05:00,2021-02-24 10:10:00,1.21591,1.21567,score,-0.11074120252389148,1
5m+30m|thr18,long,2021-02-24 10:25:00,2021-02-24 10:35:00,1.21648,1.21656,score,0.028131936420181636,2
5m+30m|thr18,long,2021-02-24 11:20:00,2021-02-24 11:25:00,1.21749,1.21698,score,-0.14425844679754038,1
5m+30m|thr18,long,2021-02-24 11:40:00,2021-02-24 11:50:00,1.21621,1.2163000000000002,score,0.026376781439928883,2
5m+30m|thr18,long,2021-02-24 13:50:00,2021-02-24 13:55:00,1.2165599999999999,1.21627,score,-0.1474736363427058,1
5m+30m|thr18,long,2021-02-24 14:20:00,2021-02-24 14:30:00,1.21667,1.2165300000000001,score,-0.06495071981675903,2
5m+30m|thr18,long,2021-02-24 14:55:00,2021-02-24 14:55:00,1.21621,1.2155810714285713,sl,-0.2697575712230329,0
5m+30m|thr18,short,2021-02-24 17:25:00,2021-02-24 17:35:00,1.21228,1.21204,score,0.06129245798608862,2
5m+30m|thr18,short,2021-02-24 18:45:00,2021-02-24 18:55:00,1.21319,1.214017142857143,sl,-0.26767292009066346,2
5m+30m|thr18,short,2021-02-24 19:20:00,2021-02-24 19:20:00,1.21422,1.2146599999999999,score,-0.18017401058279153,0
5m+30m|thr18,short,2021-02-24 19:40:00,2021-02-24 19:50:00,1.21437,1.21465,score,-0.13867234503670792,2
5m+30m|thr18,short,2021-02-24 20:50:00,2021-02-24 21:00:00,1.21461,1.21451,score,0.05873891318379272,2
5m+30m|thr18,long,2021-02-24 22:05:00,2021-02-24 22:15:00,1.2150999999999998,1.21541,score,0.2402520686625439,2
5m+30m|thr18,long,2021-02-24 23:20:00,2021-02-24 23:25:00,1.21702,1.21705,score,0.01848961057419021,1
5m+30m|thr18,long,2021-02-25 00:20:00,2021-02-25 00:35:00,1.21662,1.21635,score,-0.13355119676190583,3
5m+30m|thr18,long,2021-02-25 06:00:00,2021-02-25 06:05:00,1.21696,1.21678,score,-0.17369686108536223,1
5m+30m|thr18,long,2021-02-25 06:20:00,2021-02-25 06:25:00,1.21755,1.21736,score,-0.1623964429199995,1
5m+30m|thr18,long,2021-02-25 06:55:00,2021-02-25 07:00:00,1.2177,1.21758,score,-0.09403884478707253,1
5m+30m|thr18,long,2021-02-25 07:15:00,2021-02-25 07:25:00,1.218,1.2182,score,0.14155320846900157,2
5m+30m|thr18,long,2021-02-25 08:15:00,2021-02-25 08:25:00,1.21766,1.21787,score,0.14561026054086879,2
5m+30m|thr18,long,2021-02-25 10:55:00,2021-02-25 11:20:00,1.22048,1.22115,score,0.18199027728729003,5
5m+30m|thr18,long,2021-02-25 12:00:00,2021-02-25 12:35:00,1.2220499999999999,1.22302,score,0.30068139891509205,7
5m+30m|thr18,long,2021-02-25 17:25:00,2021-02-25 17:25:00,1.2231999999999998,1.2228,score,-0.08830508928392863,0
5m+30m|thr18,long,2021-02-25 17:40:00,2021-02-25 17:50:00,1.22228,1.22237,score,0.01847729258706468,2
5m+30m|thr18,long,2021-02-25 19:55:00,2021-02-25 19:55:00,1.22216,1.2212739285714285,sl,-0.26634577328737763,0
5m+30m|thr18,short,2021-02-25 22:45:00,2021-02-25 22:55:00,1.2168700000000001,1.21638,score,0.17178164147238795,2
5m+30m|thr18,short,2021-02-25 23:10:00,2021-02-25 23:20:00,1.21693,1.2169699999999999,score,-0.012447577378733608,2
5m+30m|thr18,short,2021-02-26 00:20:00,2021-02-26 00:45:00,1.21783,1.21816,score,-0.16275876913980225,5
5m+30m|thr18,short,2021-02-26 01:05:00,2021-02-26 01:10:00,1.2178900000000001,1.21781,score,0.04588746491450417,1
5m+30m|thr18,short,2021-02-26 01:55:00,2021-02-26 02:00:00,1.2158200000000001,1.21639,sl,-0.26410694315318733,1
5m+30m|thr18,short,2021-02-26 04:35:00,2021-02-26 05:10:00,1.2179,1.21753,score,0.14973943901361106,7
5m+30m|thr18,short,2021-02-26 08:35:00,2021-02-26 08:35:00,1.21561,1.21545,score,0.0801411864722625,0
5m+30m|thr18,short,2021-02-26 10:45:00,2021-02-26 11:10:00,1.21519,1.21406,score,0.31540115171797806,5
5m+30m|thr18,short,2021-02-26 13:40:00,2021-02-26 14:05:00,1.2099600000000001,1.211012142857143,sl,-0.266918691493694,5
5m+30m|thr18,short,2021-02-26 14:55:00,2021-02-26 15:05:00,1.2114500000000001,1.21075,score,0.19332923813901373,2
5m+30m|thr18,short,2021-02-26 15:55:00,2021-02-26 16:00:00,1.21168,1.2128135714285715,sl,-0.2661827969601472,1
5m+30m|thr18,short,2021-02-26 16:15:00,2021-02-26 16:20:00,1.21224,1.2127999999999999,score,-0.12430832712909343,1
5m+30m|thr18,short,2021-02-26 16:35:00,2021-02-26 16:45:00,1.21258,1.21316,score,-0.13665039666606335,2
5m+30m|thr18,short,2021-02-26 17:00:00,2021-02-26 17:00:00,1.2124300000000001,1.2118,score,0.12442489251464686,0
5m+30m|thr18,short,2021-02-26 17:20:00,2021-02-26 17:35:00,1.21184,1.2132232142857142,sl,-0.26215563067774056,3
5m+30m|thr18,long,2021-02-26 18:15:00,2021-02-26 18:20:00,1.21145,1.2097914285714286,sl,-0.2595340743709632,1
5m+30m|thr18,short,2021-02-26 21:50:00,2021-02-26 21:55:00,1.2087400000000001,1.20783,score,0.49261090540426405,1
5m+30m|thr18,short,2021-02-26 22:15:00,2021-02-26 22:45:00,1.20756,1.2074799999999999,score,0.04081957185850442,6
5m+30m|thr18,short,2021-03-01 00:45:00,2021-03-01 00:50:00,1.20732,1.20715,score,0.11559441322064644,1
5m+30m|thr18,short,2021-03-01 01:20:00,2021-03-01 01:25:00,1.20814,1.20871,score,-0.25527180092359425,1
5m+30m|thr18,short,2021-03-01 01:35:00,2021-03-01 02:05:00,1.20863,1.20916,score,-0.2325167426737942,6
5m+30m|thr18,long,2021-03-01 02:35:00,2021-03-01 02:45:00,1.20974,1.20953,score,-0.08859443187210608,2
5m+30m|thr18,long,2021-03-01 03:10:00,2021-03-01 03:15:00,1.20872,1.20882,score,0.03500545501099939,1
5m+30m|thr18,long,2021-03-01 03:40:00,2021-03-01 04:00:00,1.20894,1.2085700000000001,score,-0.13520675507897784,4
5m+30m|thr18,long,2021-03-01 04:20:00,2021-03-01 04:30:00,1.20825,1.20805,score,-0.09524940906225654,2
5m+30m|thr18,long,2021-03-01 05:15:00,2021-03-01 05:25:00,1.20865,1.2084300000000001,score,-0.1290071725983352,2
5m+30m|thr18,long,2021-03-01 05:40:00,2021-03-01 06:10:00,1.20835,1.20817,score,-0.12571369536853627,6
5m+30m|thr18,long,2021-03-01 08:45:00,2021-03-01 08:55:00,1.20895,1.20899,score,0.0329318292041067,2
5m+30m|thr18,long,2021-03-01 09:30:00,2021-03-01 09:30:00,1.2090999999999998,1.2088700000000001,score,-0.10711898583466783,0
5m+30m|thr18,long,2021-03-01 09:40:00,2021-03-01 09:40:00,1.20929,1.2086975,sl,-0.2524215654401161,0
5m+30m|thr18,long,2021-03-01 09:50:00,2021-03-01 09:55:00,1.2085599999999999,1.2078967857142855,sl,-0.24989734978571493,1
5m+30m|thr18,short,2021-03-01 12:55:00,2021-03-01 13:00:00,1.20449,1.2050889285714286,sl,-0.2473983762878578,1
5m+30m|thr18,short,2021-03-01 13:20:00,2021-03-01 13:30:00,1.20475,1.20438,score,0.11946406339730692,2
5m+30m|thr18,short,2021-03-01 13:55:00,2021-03-01 14:15:00,1.20431,1.2046599999999998,score,-0.11806003548491369,4
5m+30m|thr18,short,2021-03-01 15:20:00,2021-03-01 15:20:00,1.2049100000000001,1.20428,score,0.28519564057197794,0
5m+30m|thr18,short,2021-03-01 16:15:00,2021-03-01 16:35:00,1.20565,1.20491,score,0.2069414294408998,4
5m+30m|thr18,short,2021-03-01 18:25:00,2021-03-01 18:45:00,1.20583,1.20536,score,0.12849374810924022,4
5m+30m|thr18,long,2021-03-01 19:05:00,2021-03-01 19:15:00,1.2058,1.20547,score,-0.11737872568053417,2
5m+30m|thr18,long,2021-03-01 19:40:00,2021-03-01 19:40:00,1.2054,1.2048032142857144,sl,-0.24997095372851905,0
5m+30m|thr18,long,2021-03-01 22:20:00,2021-03-01 22:25:00,1.2048699999999999,1.20463,score,-0.15615086957406654,1
5m+30m|thr18,short,2021-03-01 22:35:00,2021-03-01 22:45:00,1.20462,1.2045,score,0.08148488276784176,2
5m+30m|thr18,long,2021-03-02 00:20:00,2021-03-02 00:20:00,1.20464,1.20452,score,-0.09939983253299695,0
5m+30m|thr18,long,2021-03-02 01:50:00,2021-03-02 01:50:00,1.20478,1.20479,score,0.008687444959580059,0
5m+30m|thr18,short,2021-03-02 07:00:00,2021-03-02 07:00:00,1.20204,1.20181,score,0.15990549952336455,0
5m+30m|thr18,short,2021-03-02 07:15:00,2021-03-02 07:20:00,1.20207,1.2019499999999999,score,0.08078906626705872,1
5m+30m|thr18,short,2021-03-02 08:25:00,2021-03-02 08:45:00,1.20245,1.2026299999999999,score,-0.10347816433166981,4
5m+30m|thr18,short,2021-03-02 09:30:00,2021-03-02 09:40:00,1.2016900000000001,1.2005,score,0.43717400674503143,2
5m+30m|thr18,short,2021-03-02 11:15:00,2021-03-02 11:30:00,1.2004700000000001,1.20062,score,-0.03707220108852132,3
5m+30m|thr18,short,2021-03-02 12:45:00,2021-03-02 13:10:00,1.2022000000000002,1.20282,score,-0.19911733123843386,5
5m+30m|thr18,long,2021-03-02 13:25:00,2021-03-02 13:25:00,1.20288,1.20244,score,-0.14767375952958406,0
5m+30m|thr18,long,2021-03-02 13:45:00,2021-03-02 14:00:00,1.20279,1.20295,score,0.06015164431526441,3
5m+30m|thr18,long,2021-03-02 14:45:00,2021-03-02 15:00:00,1.20306,1.2027700000000001,score,-0.12242822672727358,3
5m+30m|thr18,long,2021-03-02 15:10:00,2021-03-02 15:15:00,1.20257,1.20271,score,0.05345650473975899,1
5m+30m|thr18,long,2021-03-02 17:00:00,2021-03-02 17:00:00,1.20432,1.20391,score,-0.1299883133962799,0
5m+30m|thr18,long,2021-03-03 02:40:00,2021-03-03 02:45:00,1.20896,1.2086700000000001,score,-0.22601551856777255,1
5m+30m|thr18,long,2021-03-03 03:15:00,2021-03-03 03:25:00,1.20887,1.20885,score,-0.012149485849557247,2
5m+30m|thr18,long,2021-03-03 03:45:00,2021-03-03 03:50:00,1.2091399999999999,1.20907,score,-0.038968857001182716,1
5m+30m|thr18,long,2021-03-03 04:15:00,2021-03-03 04:35:00,1.20865,1.20842,score,-0.13337990735658548,4
5m+30m|thr18,short,2021-03-03 06:50:00,2021-03-03 07:10:00,1.20889,1.20894,score,-0.04398460622785168,4
5m+30m|thr18,long,2021-03-03 07:20:00,2021-03-03 07:20:00,1.20895,1.20868,score,-0.2684184815658573,0
5m+30m|thr18,long,2021-03-03 07:40:00,2021-03-03 08:00:00,1.2086299999999999,1.2083867857142856,sl,-0.23910547913453653,4
5m+30m|thr18,long,2021-03-03 10:20:00,2021-03-03 10:30:00,1.20823,1.20792,score,-0.08086112567089745,2
5m+30m|thr18,long,2021-03-03 12:45:00,2021-03-03 12:50:00,1.20872,1.2086700000000001,score,-0.010444912660351144,1
5m+30m|thr18,long,2021-03-03 13:00:00,2021-03-03 13:10:00,1.2084,1.20827,score,-0.04001477691439785,2
5m+30m|thr18,short,2021-03-03 15:20:00,2021-03-03 15:50:00,1.2047700000000001,1.2055714285714287,sl,-0.23540121619073465,6
5m+30m|thr18,short,2021-03-03 17:00:00,2021-03-03 17:00:00,1.2052800000000001,1.206242142857143,sl,-0.23304720402882734,0
5m+30m|thr18,short,2021-03-03 17:15:00,2021-03-03 17:15:00,1.20546,1.20537,score,0.02012482397406255,0
5m+30m|thr18,short,2021-03-03 18:10:00,2021-03-03 19:00:00,1.20767,1.20713,score,0.11266472607459127,10
5m+30m|thr18,long,2021-03-03 19:20:00,2021-03-03 19:40:00,1.20696,1.2067400000000001,score,-0.09198165413973289,4
5m+30m|thr18,long,2021-03-03 21:15:00,2021-03-03 21:15:00,1.2068999999999999,1.206447857142857,sl,-0.23112481094762827,0
5m+30m|thr18,long,2021-03-03 22:45:00,2021-03-03 22:45:00,1.20685,1.20671,score,-0.061901253714688104,0
5m+30m|thr18,long,2021-03-03 22:55:00,2021-03-03 23:05:00,1.20654,1.20652,score,-0.009300505689082602,2
5m+30m|thr18,short,2021-03-04 04:15:00,2021-03-04 04:20:00,1.2058900000000001,1.20549,score,0.17965803844831751,1
5m+30m|thr18,short,2021-03-04 05:55:00,2021-03-04 05:55:00,1.20527,1.20493,score,0.21584123826267904,0
5m+30m|thr18,short,2021-03-04 07:15:00,2021-03-04 07:15:00,1.2052800000000001,1.2056925,sl,-0.23205653801122422,0
5m+30m|thr18,short,2021-03-04 07:30:00,2021-03-04 07:35:00,1.2055,1.2059210714285713,sl,-0.22973597263111195,1
5m+30m|thr18,short,2021-03-04 07:45:00,2021-03-04 08:05:00,1.2056900000000002,1.20604,flip,-0.18667490841423107,4
5m+30m|thr18,long,2021-03-04 08:10:00,2021-03-04 08:15:00,1.20603,1.2057,score,-0.17544478297157085,1
5m+30m|thr18,long,2021-03-04 08:30:00,2021-03-04 08:35:00,1.2061,1.20571,score,-0.22259437000180493,1
5m+30m|thr18,long,2021-03-04 08:55:00,2021-03-04 09:05:00,1.20598,1.2055857142857143,sl,-0.2215914722909248,2
5m+30m|thr18,long,2021-03-04 09:10:00,2021-03-04 09:15:00,1.20589,1.2054421428571427,sl,-0.21937555756801555,1
5m+30m|thr18,short,2021-03-04 13:05:00,2021-03-04 13:25:00,1.20453,1.20428,score,0.07654947703660757,4
5m+30m|thr18,short,2021-03-04 16:20:00,2021-03-04 16:35:00,1.2037200000000001,1.2040899999999999,score,-0.14068124576077154,3
5m+30m|thr18,short,2021-03-04 16:50:00,2021-03-04 17:05:00,1.20376,1.20332,score,0.15175078308526987,3
5m+30m|thr18,short,2021-03-04 18:25:00,2021-03-04 18:30:00,1.2043000000000001,1.2052792857142858,sl,-0.21805799213594645,1
5m+30m|thr18,long,2021-03-04 18:35:00,2021-03-04 18:35:00,1.20476,1.2046700000000001,score,-0.021209008919310036,0
5m+30m|thr18,long,2021-03-04 19:25:00,2021-03-04 19:25:00,1.20265,1.201699642857143,sl,-0.21566532212539388,0
5m+30m|thr18,short,2021-03-04 21:15:00,2021-03-04 21:15:00,1.19712,1.1973099999999999,score,-0.032278093735988694,0
5m+30m|thr18,short,2021-03-04 22:30:00,2021-03-04 22:30:00,1.19697,1.19719,score,-0.05236144616724314,0
5m+30m|thr18,short,2021-03-04 22:40:00,2021-03-04 22:40:00,1.1968,1.1972399999999999,score,-0.10547500843726082,0
5m+30m|thr18,short,2021-03-04 23:55:00,2021-03-04 23:55:00,1.19719,1.1969999999999998,score,0.08413692261576837,0
5m+30m|thr18,short,2021-03-05 01:25:00,2021-03-05 01:45:00,1.19629,1.19642,score,-0.058851900246166905,4
5m+30m|thr18,short,2021-03-05 02:45:00,2021-03-05 02:50:00,1.19632,1.19664,score,-0.14219243055086153,1
5m+30m|thr18,short,2021-03-05 03:20:00,2021-03-05 03:35:00,1.19546,1.1960332142857142,sl,-0.2104384493389224,3
5m+30m|thr18,short,2021-03-05 05:50:00,2021-03-05 06:00:00,1.19621,1.19606,score,0.08286013942725368,2
5m+30m|thr18,short,2021-03-05 07:50:00,2021-03-05 07:55:00,1.19587,1.1961239285714287,sl,-0.2091626662398057,1
5m+30m|thr18,short,2021-03-05 08:45:00,2021-03-05 08:55:00,1.1956,1.19539,score,0.13439047601715562,2
5m+30m|thr18,short,2021-03-05 12:35:00,2021-03-05 12:40:00,1.19338,1.1941300000000001,sl,-0.20841494433757923,1
5m+30m|thr18,short,2021-03-05 12:50:00,2021-03-05 12:55:00,1.1932500000000001,1.19308,score,0.04578716007915361,1
5m+30m|thr18,short,2021-03-05 13:30:00,2021-03-05 13:30:00,1.1929800000000002,1.1936499999999999,score,-0.16083562949604208,0
5m+30m|thr18,short,2021-03-05 14:35:00,2021-03-05 14:45:00,1.1938,1.1935,score,0.0805757178906169,2
5m+30m|thr18,short,2021-03-05 15:45:00,2021-03-05 16:05:00,1.19222,1.19345,score,-0.19303837171508956,4
5m+30m|thr18,short,2021-03-05 20:50:00,2021-03-05 21:00:00,1.19121,1.19146,score,-0.07291423101744449,2
5m+30m|thr18,short,2021-03-05 22:00:00,2021-03-05 22:00:00,1.19119,1.1913,score,-0.04638857387876015,0
5m+30m|thr18,short,2021-03-05 23:00:00,2021-03-05 23:00:00,1.19153,1.19167,score,-0.06311282619066198,0
5m+30m|thr18,short,2021-03-08 01:00:00,2021-03-08 01:00:00,1.1917600000000002,1.1920942857142858,sl,-0.20223152735092115,0
5m+30m|thr18,long,2021-03-08 01:05:00,2021-03-08 01:15:00,1.19237,1.1927,score,0.16802298997237042,2
5m+30m|thr18,long,2021-03-08 02:20:00,2021-03-08 02:20:00,1.19194,1.19236,score,0.14056955817951278,0
5m+30m|thr18,long,2021-03-08 02:35:00,2021-03-08 02:50:00,1.19281,1.19289,score,0.02800621821232395,3
5m+30m|thr18,long,2021-03-08 03:25:00,2021-03-08 03:30:00,1.1923,1.19226,score,-0.01652204519630256,1
5m+30m|thr18,short,2021-03-08 06:50:00,2021-03-08 06:50:00,1.19025,1.1904299999999999,score,-0.09848091216292357,0
5m+30m|thr18,short,2021-03-08 07:15:00,2021-03-08 07:50:00,1.19076,1.1910932142857145,sl,-0.20242517016746175,7
5m+30m|thr18,short,2021-03-08 08:15:00,2021-03-08 08:20:00,1.19102,1.19084,score,0.10554029561836557,1
5m+30m|thr18,short,2021-03-08 08:55:00,2021-03-08 08:55:00,1.19002,1.18929,score,0.3583783472468506,0
5m+30m|thr18,short,2021-03-08 12:50:00,2021-03-08 13:00:00,1.18748,1.1877499999999999,score,-0.08817424306034274,2
5m+30m|thr18,short,2021-03-08 13:10:00,2021-03-08 13:25:00,1.1876900000000001,1.18787,score,-0.06059824186199547,3
5m+30m|thr18,short,2021-03-08 14:15:00,2021-03-08 14:20:00,1.18639,1.1870435714285714,sl,-0.20355238004521586,1
5m+30m|thr18,short,2021-03-08 15:40:00,2021-03-08 15:40:00,1.18653,1.1872125000000002,sl,-0.20151685624476365,0
5m+30m|thr18,short,2021-03-08 15:55:00,2021-03-08 16:00:00,1.1867400000000001,1.1875028571428572,sl,-0.19950168768231605,1
5m+30m|thr18,short,2021-03-08 16:20:00,2021-03-08 16:35:00,1.18746,1.18777,score,-0.07479746520905707,3
5m+30m|thr18,short,2021-03-08 16:55:00,2021-03-08 17:00:00,1.18734,1.1882078571428571,sl,-0.1967586961534023,1
5m+30m|thr18,short,2021-03-08 17:30:00,2021-03-08 17:35:00,1.1879,1.18743,score,0.09568686065563874,1
5m+30m|thr18,long,2021-03-08 17:45:00,2021-03-08 17:50:00,1.18683,1.18581,sl,-0.19574797779842468,1
5m+30m|thr18,short,2021-03-08 20:25:00,2021-03-08 20:45:00,1.18599,1.18573,score,0.09184862145767157,4
5m+30m|thr18,short,2021-03-08 21:15:00,2021-03-08 21:20:00,1.1854500000000001,1.18547,score,-0.008472185794181637,1
5m+30m|thr18,short,2021-03-08 21:35:00,2021-03-08 21:45:00,1.1854200000000001,1.18579,score,-0.17322228163450798,2
5m+30m|thr18,short,2021-03-08 22:30:00,2021-03-08 22:55:00,1.1849,1.18459,score,0.13645500435106406,5
5m+30m|thr18,short,2021-03-09 01:20:00,2021-03-09 01:30:00,1.18502,1.1852399999999998,score,-0.14939083545083223,2
5m+30m|thr18,short,2021-03-09 01:40:00,2021-03-09 02:05:00,1.18503,1.18489,score,0.10115524906279176,5
5m+30m|thr18,short,2021-03-09 04:35:00,2021-03-09 04:45:00,1.18489,1.1853399999999998,score,-0.15212182835688204,2
5m+30m|thr18,long,2021-03-09 05:15:00,2021-03-09 05:20:00,1.18644,1.1858614285714286,sl,-0.1922530154567917,1
5m+30m|thr18,long,2021-03-09 05:55:00,2021-03-09 06:05:00,1.18641,1.1862000000000001,score,-0.07343459669135353,2
5m+30m|thr18,long,2021-03-09 06:25:00,2021-03-09 06:30:00,1.18569,1.18585,score,0.063768070887606,1
5m+30m|thr18,long,2021-03-09 06:40:00,2021-03-09 06:50:00,1.18564,1.18568,score,0.016671508485891846,2
5m+30m|thr18,long,2021-03-09 08:55:00,2021-03-09 08:55:00,1.18566,1.1857,score,0.01836766574889547,0
5m+30m|thr18,long,2021-03-09 10:35:00,2021-03-09 10:40:00,1.1888699999999999,1.18835,score,-0.11157644244516138,1
5m+30m|thr18,long,2021-03-09 10:50:00,2021-03-09 11:00:00,1.1894799999999999,1.1896200000000001,score,0.028101260448759324,2
5m+30m|thr18,long,2021-03-09 11:15:00,2021-03-09 11:15:00,1.19024,1.1894900000000002,score,-0.14907364980532956,0
5m+30m|thr18,long,2021-03-09 17:00:00,2021-03-09 17:10:00,1.19023,1.19058,score,0.06817943421994865,2
5m+30m|thr18,long,2021-03-09 17:50:00,2021-03-09 17:55:00,1.18903,1.1882253571428572,sl,-0.1889405178107163,1
5m+30m|thr18,short,2021-03-09 20:55:00,2021-03-09 21:00:00,1.18927,1.18974,score,-0.13675514679138268,1
5m+30m|thr18,short,2021-03-09 21:20:00,2021-03-09 21:35:00,1.18963,1.1899499999999998,score,-0.1213511822053372,3
5m+30m|thr18,long,2021-03-09 21:45:00,2021-03-09 21:45:00,1.1903,1.1899432142857143,sl,-0.18447004934264194,0
5m+30m|thr18,long,2021-03-09 23:05:00,2021-03-09 23:15:00,1.18989,1.19002,score,0.06087511628317582,2
5m+30m|thr18,long,2021-03-09 23:25:00,2021-03-09 23:30:00,1.1899199999999999,1.18999,score,0.03490173333575985,1
5m+30m|thr18,long,2021-03-10 00:05:00,2021-03-10 00:05:00,1.18966,1.18977,score,0.05543490210038901,0
5m+30m|thr18,long,2021-03-10 00:20:00,2021-03-10 00:25:00,1.1893399999999998,1.18944,score,0.04721473496583185,1
5m+30m|thr18,long,2021-03-10 03:35:00,2021-03-10 03:40:00,1.1889399999999999,1.1884674999999998,sl,-0.18460961371606707,1
5m+30m|thr18,short,2021-03-10 06:05:00,2021-03-10 06:10:00,1.1880300000000001,1.18815,score,-0.06962419717284311,1
5m+30m|thr18,short,2021-03-10 06:50:00,2021-03-10 07:00:00,1.1878,1.18776,score,0.02751894044267409,2
5m+30m|thr18,short,2021-03-10 07:20:00,2021-03-10 07:25:00,1.18747,1.1877475000000002,sl,-0.18234246501160473,1
5m+30m|thr18,short,2021-03-10 08:00:00,2021-03-10 08:00:00,1.18744,1.1872,score,0.12441927704915375,0
5m+30m|thr18,short,2021-03-10 08:20:00,2021-03-10 08:35:00,1.18702,1.1874314285714287,sl,-0.18176323313198023,3
5m+30m|thr18,short,2021-03-10 09:40:00,2021-03-10 09:45:00,1.18804,1.1885285714285714,sl,-0.17994560080066044,1
5m+30m|thr18,long,2021-03-10 12:00:00,2021-03-10 12:10:00,1.19003,1.18981,score,-0.06497218779881281,2
5m+30m|thr18,long,2021-03-10 12:30:00,2021-03-10 12:30:00,1.19004,1.1894817857142856,sl,-0.17749642291466572,0
5m+30m|thr18,long,2021-03-10 12:40:00,2021-03-10 12:55:00,1.1895799999999999,1.18946,score,-0.03741597599384215,3
5m+30m|thr18,long,2021-03-10 17:15:00,2021-03-10 17:25:00,1.19031,1.1892321428571428,sl,-0.17534729892558065,2
5m+30m|thr18,long,2021-03-10 19:45:00,2021-03-10 19:50:00,1.19103,1.19073,score,-0.09760295434169104,1
5m+30m|thr18,long,2021-03-10 20:10:00,2021-03-10 20:10:00,1.19213,1.1914357142857142,sl,-0.17261779639290792,0
5m+30m|thr18,long,2021-03-10 21:05:00,2021-03-10 21:25:00,1.19167,1.19199,score,0.06047349530505415,4
5m+30m|thr18,long,2021-03-10 21:50:00,2021-03-10 21:55:00,1.1923599999999999,1.192,score,-0.12805061052521385,1
5m+30m|thr18,long,2021-03-11 05:45:00,2021-03-11 06:10:00,1.19305,1.1927392857142856,sl,-0.17021584727677722,5
5m+30m|thr18,long,2021-03-11 06:15:00,2021-03-11 06:25:00,1.19275,1.1927,score,-0.026839495372583358,2
5m+30m|thr18,long,2021-03-11 09:15:00,2021-03-11 09:35:00,1.19344,1.1943000000000001,score,0.2935758460808549,4
5m+30m|thr18,long,2021-03-11 10:20:00,2021-03-11 10:45:00,1.1945599999999998,1.19661,score,0.44320218325014066,5
5m+30m|thr18,long,2021-03-11 18:55:00,2021-03-11 19:05:00,1.19766,1.19723,score,-0.08101078209533885,2
5m+30m|thr18,long,2021-03-11 21:00:00,2021-03-11 21:05:00,1.19864,1.19851,score,-0.026347113764564813,1
5m+30m|thr18,long,2021-03-11 21:40:00,2021-03-11 21:45:00,1.19816,1.1981,score,-0.0217688457246121,1
5m+30m|thr18,long,2021-03-12 04:10:00,2021-03-12 04:15:00,1.19798,1.197629642857143,sl,-0.17432180672774844,1
5m+30m|thr18,short,2021-03-12 07:00:00,2021-03-12 07:15:00,1.1965400000000002,1.19655,score,-0.006972872269002026,3
5m+30m|thr18,short,2021-03-12 08:00:00,2021-03-12 08:00:00,1.19626,1.19593,score,0.25544581183114323,0
5m+30m|thr18,short,2021-03-12 08:20:00,2021-03-12 08:50:00,1.1953500000000001,1.1946999999999999,score,0.3267848603714915,6
5m+30m|thr18,short,2021-03-12 10:15:00,2021-03-12 10:20:00,1.19417,1.1945,score,-0.0731371495755119,1
5m+30m|thr18,short,2021-03-12 10:50:00,2021-03-12 11:15:00,1.19338,1.19284,score,0.1042029065922247,5
5m+30m|thr18,short,2021-03-12 14:30:00,2021-03-12 14:45:00,1.19262,1.1932007142857144,sl,-0.17864182422997443,3
5m+30m|thr18,short,2021-03-12 15:00:00,2021-03-12 15:15:00,1.1934,1.19343,score,-0.01008544066731534,3
5m+30m|thr18,short,2021-03-12 16:25:00,2021-03-12 16:35:00,1.19252,1.1924599999999999,score,0.010666222940263138,2
5m+30m|thr18,long,2021-03-12 19:20:00,2021-03-12 19:20:00,1.19556,1.1951500000000002,score,-0.10759760119461988,0
5m+30m|thr18,long,2021-03-12 20:05:00,2021-03-12 20:10:00,1.19479,1.19486,score,0.023154507129369152,1
5m+30m|thr18,long,2021-03-12 20:30:00,2021-03-12 20:40:00,1.1953799999999999,1.19523,score,-0.05254232324464976,2
5m+30m|thr18,long,2021-03-15 03:10:00,2021-03-15 03:35:00,1.19543,1.19615,score,0.28145630948987943,5
5m+30m|thr18,long,2021-03-15 04:25:00,2021-03-15 04:25:00,1.19528,1.1947357142857142,sl,-0.17830592273220403,0
5m+30m|thr18,short,2021-03-15 06:10:00,2021-03-15 06:25:00,1.19503,1.19532,score,-0.15362975902031303,3
5m+30m|thr18,long,2021-03-15 06:40:00,2021-03-15 06:45:00,1.19491,1.194615357142857,sl,-0.17498656591467884,1
5m+30m|thr18,short,2021-03-15 09:35:00,2021-03-15 09:40:00,1.1929400000000001,1.19255,score,0.10286812217458274,1
5m+30m|thr18,short,2021-03-15 10:05:00,2021-03-15 10:05:00,1.1925400000000002,1.1932942857142859,sl,-0.17426538147727788,0
5m+30m|thr18,short,2021-03-15 11:00:00,2021-03-15 11:10:00,1.1936200000000001,1.1930699999999999,score,0.11576688479321247,2
5m+30m|thr18,short,2021-03-15 11:55:00,2021-03-15 12:00:00,1.19273,1.19255,score,0.03986107460896973,1
5m+30m|thr18,short,2021-03-15 13:25:00,2021-03-15 13:45:00,1.19306,1.19284,score,0.08825734030459308,4
5m+30m|thr18,short,2021-03-15 16:45:00,2021-03-15 16:50:00,1.19198,1.1926807142857143,sl,-0.17496158065957282,1
5m+30m|thr18,short,2021-03-15 17:20:00,2021-03-15 17:30:00,1.1932,1.19162,flip,0.41398688952432505,2
5m+30m|thr18,long,2021-03-15 17:35:00,2021-03-15 17:45:00,1.19161,1.1917200000000001,score,0.02635039305087842,2
5m+30m|thr18,long,2021-03-15 20:10:00,2021-03-15 20:20:00,1.19309,1.19288,score,-0.0838857980362165,2
5m+30m|thr18,long,2021-03-15 20:50:00,2021-03-15 20:50:00,1.1931,1.1928,score,-0.1382609338423033,0
5m+30m|thr18,long,2021-03-15 21:00:00,2021-03-15 21:20:00,1.19265,1.1922589285714285,sl,-0.17539387035994394,4
5m+30m|thr18,long,2021-03-15 23:05:00,2021-03-15 23:05:00,1.1925299999999999,1.19292,score,0.21425401736581812,0
5m+30m|thr18,long,2021-03-16 02:40:00,2021-03-16 02:40:00,1.1926299999999999,1.19266,score,0.01662807165970129,0
5m+30m|thr18,long,2021-03-16 02:55:00,2021-03-16 02:55:00,1.19254,1.192230357142857,sl,-0.1759487525465997,0
5m+30m|thr18,long,2021-03-16 03:50:00,2021-03-16 03:55:00,1.1931699999999998,1.1928539285714284,sl,-0.17418926502113374,1
5m+30m|thr18,long,2021-03-16 04:15:00,2021-03-16 04:25:00,1.1924299999999999,1.19249,score,0.02815467304022501,2
5m+30m|thr18,long,2021-03-16 06:35:00,2021-03-16 06:50:00,1.19383,1.19371,score,-0.06717235742821004,3
5m+30m|thr18,short,2021-03-16 10:45:00,2021-03-16 10:45:00,1.19226,1.19285,score,-0.16113292914430383,0
5m+30m|thr18,short,2021-03-16 11:05:00,2021-03-16 11:05:00,1.1924700000000001,1.19302,score,-0.14021721901855125,0
5m+30m|thr18,long,2021-03-16 11:55:00,2021-03-16 12:00:00,1.1933,1.1928400000000001,score,-0.10752013724959998,1
5m+30m|thr18,long,2021-03-16 12:15:00,2021-03-16 12:40:00,1.19336,1.19436,score,0.2461076815720976,5
5m+30m|thr18,long,2021-03-16 13:30:00,2021-03-16 13:35:00,1.1948999999999999,1.19473,score,-0.06090426056792468,1
5m+30m|thr18,long,2021-03-16 13:50:00,2021-03-16 13:50:00,1.19505,1.1946,score,-0.17654609230401186,0
5m+30m|thr18,long,2021-03-16 14:25:00,2021-03-16 14:25:00,1.19428,1.1937753571428573,sl,-0.16805506595991962,0
5m+30m|thr18,short,2021-03-16 17:30:00,2021-03-16 18:05:00,1.1889800000000001,1.189726785714286,sl,-0.16637451530032038,7
5m+30m|thr18,short,2021-03-16 18:55:00,2021-03-16 19:00:00,1.18936,1.1899739285714286,sl,-0.16471077014731716,1
5m+30m|thr18,short,2021-03-16 19:20:00,2021-03-16 19:25:00,1.1902300000000001,1.1906299999999999,score,-0.10442041277257724,1
5m+30m|thr18,short,2021-03-16 19:45:00,2021-03-16 20:00:00,1.19046,1.19075,score,-0.08196872283755931,3
5m+30m|thr18,short,2021-03-16 20:20:00,2021-03-16 20:35:00,1.19051,1.19049,score,0.006965422207550444,3
5m+30m|thr18,short,2021-03-16 21:40:00,2021-03-16 21:50:00,1.1905400000000002,1.1907299999999998,score,-0.07466956855157446,2
5m+30m|thr18,short,2021-03-17 00:30:00,2021-03-17 00:40:00,1.19018,1.19045,score,-0.14395632692467153,2
5m+30m|thr18,short,2021-03-17 01:25:00,2021-03-17 01:25:00,1.19025,1.1902899999999998,score,-0.03263244438079515,0
5m+30m|thr18,long,2021-03-17 01:40:00,2021-03-17 01:50:00,1.19045,1.1902367857142857,sl,-0.1587568419132477,2
5m+30m|thr18,long,2021-03-17 02:00:00,2021-03-17 02:15:00,1.1902899999999998,1.1900724999999999,sl,-0.15716927349411525,3
5m+30m|thr18,long,2021-03-17 02:30:00,2021-03-17 02:45:00,1.1905,1.19035,score,-0.07921331384096371,3
5m+30m|thr18,long,2021-03-17 02:55:00,2021-03-17 03:05:00,1.1901899999999999,1.1900600000000001,score,-0.057440553449385215,2
5m+30m|thr18,short,2021-03-17 05:20:00,2021-03-17 05:45:00,1.19028,1.19006,score,0.13032417273684974,5
5m+30m|thr18,long,2021-03-17 07:35:00,2021-03-17 07:50:00,1.19011,1.1899021428571428,sl,-0.15553428381363907,3
5m+30m|thr18,long,2021-03-17 08:00:00,2021-03-17 08:05:00,1.1898499999999999,1.18983,score,-0.013687016975542834,1
5m+30m|thr18,long,2021-03-17 09:20:00,2021-03-17 09:30:00,1.18976,1.18992,score,0.059827471980082016,2
5m+30m|thr18,short,2021-03-17 11:30:00,2021-03-17 12:15:00,1.19109,1.19108,score,0.002714582344472013,9
5m+30m|thr18,long,2021-03-17 12:25:00,2021-03-17 12:40:00,1.19129,1.1912800000000001,score,-0.00316161531995936,3
5m+30m|thr18,long,2021-03-17 16:15:00,2021-03-17 16:30:00,1.1909699999999999,1.1911,score,0.03376255770051113,3
5m+30m|thr18,short,2021-03-17 19:50:00,2021-03-17 20:00:00,1.1907100000000002,1.1910678571428572,sl,-0.1547735007727983,2
5m+30m|thr18,long,2021-03-17 20:05:00,2021-03-17 20:10:00,1.1933799999999999,1.19583,score,0.40088815909548436,1
5m+30m|thr18,short,2021-03-18 07:45:00,2021-03-18 08:00:00,1.19639,1.19681,sl,-0.1572346473560252,3
5m+30m|thr18,short,2021-03-18 08:55:00,2021-03-18 09:00:00,1.19783,1.1982135714285713,sl,-0.15566230088246494,1
5m+30m|thr18,long,2021-03-18 09:30:00,2021-03-18 09:35:00,1.19644,1.1957360714285714,sl,-0.15410567787364032,1
5m+30m|thr18,short,2021-03-18 09:55:00,2021-03-18 10:30:00,1.1945400000000002,1.1955546428571429,sl,-0.1525646210949039,7
5m+30m|thr18,short,2021-03-18 12:35:00,2021-03-18 12:40:00,1.19384,1.19421,score,-0.08736816190941203,1
5m+30m|thr18,short,2021-03-18 13:30:00,2021-03-18 13:35:00,1.1945700000000001,1.19407,score,0.13528404798638594,1
5m+30m|thr18,short,2021-03-18 16:40:00,2021-03-18 16:40:00,1.1916900000000001,1.1916,score,0.01529750388771376,0
5m+30m|thr18,short,2021-03-18 17:45:00,2021-03-18 17:50:00,1.19199,1.19257,score,-0.1188200099684146,1
5m+30m|thr18,short,2021-03-18 18:25:00,2021-03-18 18:40:00,1.19356,1.1925999999999999,score,0.1662548534905183,3
5m+30m|thr18,short,2021-03-18 19:20:00,2021-03-18 19:20:00,1.19236,1.19285,score,-0.11463128352783389,0
5m+30m|thr18,short,2021-03-18 22:55:00,2021-03-18 23:00:00,1.1917,1.19118,score,0.18506292442966843,1
5m+30m|thr18,short,2021-03-19 00:40:00,2021-03-19 00:55:00,1.19187,1.19176,score,0.051962174699116105,3
5m+30m|thr18,short,2021-03-19 04:30:00,2021-03-19 04:35:00,1.19063,1.19099,score,-0.11130046834971617,1
5m+30m|thr18,short,2021-03-19 05:35:00,2021-03-19 05:40:00,1.19121,1.1915785714285716,sl,-0.15225639069133512,1
5m+30m|thr18,long,2021-03-19 07:20:00,2021-03-19 07:30:00,1.1913799999999999,1.191115357142857,sl,-0.15073382678442176,2
5m+30m|thr18,long,2021-03-19 09:20:00,2021-03-19 09:25:00,1.19286,1.19244,score,-0.1073335477037176,1
5m+30m|thr18,long,2021-03-19 09:35:00,2021-03-19 09:45:00,1.19299,1.19302,score,0.007176969351390354,2
5m+30m|thr18,long,2021-03-19 10:00:00,2021-03-19 10:05:00,1.19328,1.19338,score,0.02080349792749322,1
5m+30m|thr18,short,2021-03-19 13:50:00,2021-03-19 14:05:00,1.19018,1.19039,score,-0.05973893164605214,3
5m+30m|thr18,short,2021-03-19 17:25:00,2021-03-19 17:30:00,1.18859,1.1890699999999998,score,-0.1433557026868728,1
5m+30m|thr18,short,2021-03-19 18:05:00,2021-03-19 18:30:00,1.1905700000000001,1.1904299999999999,score,0.03188310469819373,5
5m+30m|thr18,long,2021-03-19 18:50:00,2021-03-19 18:55:00,1.1908699999999999,1.19069,score,-0.03746064061681695,1
5m+30m|thr18,long,2021-03-19 19:15:00,2021-03-19 19:15:00,1.19112,1.1907400000000001,score,-0.10904229349745578,0
5m+30m|thr18,long,2021-03-19 19:55:00,2021-03-19 20:05:00,1.19099,1.1908400000000001,score,-0.06315470133686628,2
5m+30m|thr18,long,2021-03-19 20:30:00,2021-03-19 20:40:00,1.19072,1.19075,score,0.013915736940616572,2
5m+30m|thr18,long,2021-03-19 21:20:00,2021-03-19 21:30:00,1.19067,1.19076,score,0.037531257926581886,2
5m+30m|thr18,long,2021-03-19 21:40:00,2021-03-19 21:45:00,1.19096,1.19072,score,-0.10983471914280231,1
5m+30m|thr18,long,2021-03-19 22:00:00,2021-03-19 22:05:00,1.19058,1.1906400000000001,score,0.02715913055175092,1
5m+30m|thr18,short,2021-03-22 04:40:00,2021-03-22 04:45:00,1.1886700000000001,1.18889,score,-0.07389541126889418,1
5m+30m|thr18,short,2021-03-22 05:25:00,2021-03-22 05:40:00,1.1895200000000001,1.1898,score,-0.10970882299515196,3
5m+30m|thr18,long,2021-03-22 06:20:00,2021-03-22 06:30:00,1.18973,1.18964,score,-0.043678754648331014,2
5m+30m|thr18,long,2021-03-22 06:40:00,2021-03-22 06:45:00,1.18988,1.18957,score,-0.14836339639481294,1
5m+30m|thr18,long,2021-03-22 07:00:00,2021-03-22 07:10:00,1.18939,1.18927,score,-0.06347668476756008,2
5m+30m|thr18,short,2021-03-22 10:45:00,2021-03-22 11:35:00,1.18991,1.19004,score,-0.019973001094169458,10
5m+30m|thr18,long,2021-03-22 12:05:00,2021-03-22 12:25:00,1.19027,1.19086,score,0.13265466900549647,4
5m+30m|thr18,long,2021-03-22 12:55:00,2021-03-22 13:15:00,1.19082,1.19205,score,0.3212750116781652,4
5m+30m|thr18,long,2021-03-22 13:25:00,2021-03-22 13:25:00,1.19279,1.1923700000000002,score,-0.10300554455004655,0
5m+30m|thr18,long,2021-03-22 17:35:00,2021-03-22 17:40:00,1.19371,1.1934200000000001,score,-0.05829722894655014,1
5m+30m|thr18,long,2021-03-22 18:50:00,2021-03-22 19:00:00,1.19372,1.1935900000000002,score,-0.03461574200548084,2
5m+30m|thr18,long,2021-03-22 19:20:00,2021-03-22 19:25:00,1.19441,1.19408,score,-0.09405310808542064,1
5m+30m|thr18,long,2021-03-22 20:45:00,2021-03-22 20:45:00,1.19418,1.19416,score,-0.008376924443426284,0
5m+30m|thr18,long,2021-03-22 20:55:00,2021-03-22 21:05:00,1.19427,1.1939764285714285,sl,-0.14127683073907019,2
5m+30m|thr18,short,2021-03-23 06:15:00,2021-03-23 06:25:00,1.1931100000000001,1.19275,score,0.1654729752713834,2
5m+30m|thr18,short,2021-03-23 08:45:00,2021-03-23 08:50:00,1.19225,1.1926689285714285,sl,-0.1415187921843933,1
5m+30m|thr18,short,2021-03-23 09:35:00,2021-03-23 09:35:00,1.19262,1.19142,score,0.3360086440559068,0
5m+30m|thr18,short,2021-03-23 10:00:00,2021-03-23 10:25:00,1.19046,1.18927,score,0.23329478644353122,5
5m+30m|thr18,short,2021-03-23 12:35:00,2021-03-23 12:35:00,1.1889800000000001,1.18854,score,0.08432932334052445,0
5m+30m|thr18,short,2021-03-23 12:55:00,2021-03-23 13:20:00,1.1885400000000002,1.18811,score,0.08050819785153239,5
5m+30m|thr18,short,2021-03-23 13:40:00,2021-03-23 14:00:00,1.18795,1.18838,score,-0.09590696736381443,4
5m+30m|thr18,short,2021-03-23 14:40:00,2021-03-23 14:40:00,1.18878,1.18926,score,-0.11867215725029928,0
5m+30m|thr18,short,2021-03-23 14:55:00,2021-03-23 15:05:00,1.18912,1.1885299999999999,score,0.14789545016946673,2
5m+30m|thr18,short,2021-03-23 17:55:00,2021-03-23 17:55:00,1.18653,1.1870935714285715,sl,-0.14677817703501783,0
5m+30m|thr18,short,2021-03-23 18:05:00,2021-03-23 18:05:00,1.18656,1.18666,score,-0.02314386272702347,0
5m+30m|thr18,short,2021-03-23 18:25:00,2021-03-23 18:25:00,1.18669,1.18652,score,0.04003338165762318,0
5m+30m|thr18,short,2021-03-23 21:50:00,2021-03-23 21:50:00,1.18517,1.1850399999999999,score,0.04796599793959387,0
5m+30m|thr18,short,2021-03-23 22:15:00,2021-03-23 22:30:00,1.1847100000000002,1.1847999999999999,score,-0.031437312400921284,3
5m+30m|thr18,short,2021-03-23 23:40:00,2021-03-23 23:40:00,1.18507,1.1853,score,-0.09893998711728166,0
5m+30m|thr18,short,2021-03-23 23:50:00,2021-03-23 23:55:00,1.18506,1.18486,score,0.08518075643044808,1
5m+30m|thr18,short,2021-03-24 01:30:00,2021-03-24 01:45:00,1.18439,1.18414,score,0.13008287292696064,3
5m+30m|thr18,short,2021-03-24 04:00:00,2021-03-24 04:15:00,1.18475,1.1845999999999999,score,0.053246357312082014,3
5m+30m|thr18,short,2021-03-24 06:00:00,2021-03-24 06:10:00,1.18482,1.18475,score,0.039942869089561434,2
5m+30m|thr18,short,2021-03-24 07:00:00,2021-03-24 07:00:00,1.18456,1.18427,score,0.1593155926542129,0
5m+30m|thr18,short,2021-03-24 09:05:00,2021-03-24 09:05:00,1.1842300000000001,1.1841,score,0.034381506476787976,0
5m+30m|thr18,short,2021-03-24 11:35:00,2021-03-24 12:00:00,1.18384,1.1830699999999998,score,0.11322909318744441,5
5m+30m|thr18,short,2021-03-24 13:50:00,2021-03-24 13:55:00,1.18295,1.1834814285714286,sl,-0.15080896791896256,1
5m+30m|thr18,short,2021-03-24 14:15:00,2021-03-24 14:20:00,1.1833200000000001,1.18346,score,-0.044337836568103826,1
5m+30m|thr18,short,2021-03-24 17:10:00,2021-03-24 17:25:00,1.1828,1.18281,score,-0.0024374327464379356,3
5m+30m|thr18,short,2021-03-24 17:55:00,2021-03-24 18:05:00,1.1829,1.1835010714285714,sl,-0.14883312554662753,2
5m+30m|thr18,long,2021-03-24 18:10:00,2021-03-24 18:15:00,1.18363,1.1832200000000002,score,-0.09243269062633166,1
5m+30m|thr18,long,2021-03-24 18:30:00,2021-03-24 18:30:00,1.18361,1.1833500000000001,score,-0.059817115744219954,0
5m+30m|thr18,long,2021-03-24 18:40:00,2021-03-24 18:40:00,1.18369,1.18344,score,-0.05718521420680755,0
5m+30m|thr18,long,2021-03-24 18:55:00,2021-03-24 19:05:00,1.18257,1.18246,score,-0.023821691575202426,2
5m+30m|thr18,short,2021-03-24 20:50:00,2021-03-24 20:55:00,1.18253,1.18215,score,0.13086769271287768,1
5m+30m|thr18,short,2021-03-25 00:15:00,2021-03-25 00:15:00,1.1813,1.1811,score,0.11148259359749944,0
5m+30m|thr18,short,2021-03-25 00:40:00,2021-03-25 00:50:00,1.1810800000000001,1.18113,score,-0.026361433211399044,2
5m+30m|thr18,short,2021-03-25 02:10:00,2021-03-25 02:10:00,1.1812,1.1814442857142857,sl,-0.1471721157006254,0
5m+30m|thr18,short,2021-03-25 03:05:00,2021-03-25 03:05:00,1.18144,1.1812799999999999,score,0.07204611120928012,0
5m+30m|thr18,short,2021-03-25 03:45:00,2021-03-25 04:00:00,1.18096,1.181422857142857,sl,-0.14642085565571197,3
5m+30m|thr18,long,2021-03-25 05:35:00,2021-03-25 05:35:00,1.18268,1.18238,score,-0.12225259393904953,0
5m+30m|thr18,long,2021-03-25 06:10:00,2021-03-25 06:20:00,1.18231,1.1820207142857142,sl,-0.14373412115976436,2
5m+30m|thr18,long,2021-03-25 08:00:00,2021-03-25 08:00:00,1.1820599999999999,1.1817621428571428,sl,-0.1422967799481667,0
5m+30m|thr18,short,2021-03-25 12:30:00,2021-03-25 12:35:00,1.1814900000000002,1.1809699999999999,score,0.1327587511253364,1
5m+30m|thr18,short,2021-03-25 15:45:00,2021-03-25 16:00:00,1.18076,1.18084,score,-0.011176531060971386,3
5m+30m|thr18,short,2021-03-25 19:05:00,2021-03-25 19:10:00,1.17669,1.1774764285714285,sl,-0.14208963434932867,1
5m+30m|thr18,short,2021-03-25 20:50:00,2021-03-25 21:00:00,1.17804,1.1774499999999999,score,0.1862057333218151,2
5m+30m|thr18,short,2021-03-25 21:40:00,2021-03-25 21:40:00,1.1766100000000002,1.177069642857143,sl,-0.14253079533905355,0
5m+30m|thr18,short,2021-03-25 23:45:00,2021-03-26 00:00:00,1.1767100000000001,1.17692,score,-0.05208413470351786,3
5m+30m|thr18,short,2021-03-26 00:25:00,2021-03-26 00:25:00,1.1769100000000001,1.1771399999999999,score,-0.07679093473180759,0
5m+30m|thr18,short,2021-03-26 00:45:00,2021-03-26 00:45:00,1.17684,1.1771057142857142,sl,-0.13981673669130973,0
5m+30m|thr18,short,2021-03-26 01:10:00,2021-03-26 01:15:00,1.1772,1.17744,score,-0.11656300574692278,1
5m+30m|thr18,short,2021-03-26 01:25:00,2021-03-26 01:30:00,1.17726,1.177542857142857,sl,-0.13725293926692747,1
5m+30m|thr18,short,2021-03-26 01:45:00,2021-03-26 01:45:00,1.17745,1.17766,score,-0.10243292436669013,0
5m+30m|thr18,short,2021-03-26 02:00:00,2021-03-26 02:00:00,1.1775200000000001,1.1777717857142858,sl,-0.13485608063059126,0
5m+30m|thr18,short,2021-03-26 02:10:00,2021-03-26 02:15:00,1.1776200000000001,1.1774,score,0.11098600838298127,1
5m+30m|thr18,long,2021-03-26 02:45:00,2021-03-26 03:05:00,1.17735,1.17797,score,0.23392970122177187,4
5m+30m|thr18,long,2021-03-26 04:00:00,2021-03-26 04:05:00,1.17841,1.1781300000000001,score,-0.08115951224905993,1
5m+30m|thr18,long,2021-03-26 04:30:00,2021-03-26 04:40:00,1.17798,1.17777,score,-0.07848363538938637,2
5m+30m|thr18,long,2021-03-26 08:15:00,2021-03-26 08:15:00,1.1786299999999998,1.1783525,sl,-0.13536024544394842,0
5m+30m|thr18,long,2021-03-26 09:00:00,2021-03-26 09:00:00,1.17838,1.1780060714285714,sl,-0.13400664298950896,0
5m+30m|thr18,long,2021-03-26 09:10:00,2021-03-26 09:15:00,1.17784,1.17807,score,0.06895663866375522,1
5m+30m|thr18,long,2021-03-26 09:25:00,2021-03-26 09:30:00,1.17842,1.17805,score,-0.10419077231695593,1
5m+30m|thr18,long,2021-03-26 10:10:00,2021-03-26 10:15:00,1.1779,1.17807,score,0.03391576519449693,1
5m+30m|thr18,long,2021-03-26 10:25:00,2021-03-26 10:30:00,1.17834,1.1776939285714285,sl,-0.1326533928750268,1
5m+30m|thr18,long,2021-03-26 11:20:00,2021-03-26 11:25:00,1.179,1.179,score,0.0,1
5m+30m|thr18,long,2021-03-26 11:40:00,2021-03-26 11:45:00,1.1796499999999999,1.17946,score,-0.037683866752630926,1
5m+30m|thr18,long,2021-03-26 12:30:00,2021-03-26 12:45:00,1.17871,1.178158214285714,sl,-0.13095002027875025,3
5m+30m|thr18,short,2021-03-26 15:20:00,2021-03-26 15:30:00,1.17842,1.17851,score,-0.01649970255510995,2
5m+30m|thr18,long,2021-03-26 16:05:00,2021-03-26 16:10:00,1.17879,1.17856,score,-0.040753781448901176,1
5m+30m|thr18,long,2021-03-26 16:25:00,2021-03-26 16:25:00,1.17807,1.17832,score,0.04961427219394906,0
5m+30m|thr18,long,2021-03-26 16:35:00,2021-03-26 16:50:00,1.17845,1.17855,score,0.019441562608893126,3
5m+30m|thr18,long,2021-03-26 17:00:00,2021-03-26 17:05:00,1.17908,1.1788,score,-0.05273753145139709,1
5m+30m|thr18,long,2021-03-26 17:15:00,2021-03-26 17:25:00,1.17922,1.17904,score,-0.03413653501454286,2
5m+30m|thr18,long,2021-03-26 17:40:00,2021-03-26 17:50:00,1.1798199999999999,1.17961,score,-0.041010391837928845,2
5m+30m|thr18,long,2021-03-26 18:40:00,2021-03-26 18:45:00,1.17991,1.1792810714285715,sl,-0.12847969900091236,1
5m+30m|thr18,long,2021-03-26 22:05:00,2021-03-26 22:10:00,1.17988,1.17972,score,-0.05489722167712422,1
5m+30m|thr18,long,2021-03-26 22:40:00,2021-03-26 22:45:00,1.17937,1.17934,score,-0.012848137805190774,1
5m+30m|thr18,long,2021-03-29 00:00:00,2021-03-29 00:10:00,1.17892,1.1788800000000001,score,-0.015537230507168306,2
5m+30m|thr18,short,2021-03-29 05:25:00,2021-03-29 05:30:00,1.17862,1.1790432142857143,sl,-0.12636207611100841,1
5m+30m|thr18,short,2021-03-29 05:40:00,2021-03-29 05:55:00,1.1787400000000001,1.17913,score,-0.12973173147393036,3
5m+30m|thr18,short,2021-03-29 09:35:00,2021-03-29 09:35:00,1.17784,1.17824,score,-0.10004132366473682,0
5m+30m|thr18,short,2021-03-29 09:45:00,2021-03-29 09:50:00,1.1778300000000002,1.1782599999999999,score,-0.09351807252201572,1
5m+30m|thr18,short,2021-03-29 10:20:00,2021-03-29 10:25:00,1.1779,1.1786221428571428,sl,-0.12186554407329153,1
5m+30m|thr18,long,2021-03-29 10:55:00,2021-03-29 10:55:00,1.17925,1.1786100000000002,score,-0.11313407871768016,0
5m+30m|thr18,long,2021-03-29 11:15:00,2021-03-29 11:15:00,1.17784,1.1771103571428572,sl,-0.1195155478453818,0
5m+30m|thr18,short,2021-03-29 14:00:00,2021-03-29 14:00:00,1.17707,1.17702,score,0.010131409743977363,0
5m+30m|thr18,short,2021-03-29 15:10:00,2021-03-29 15:10:00,1.17811,1.1784299999999999,score,-0.06586334512231411,0
5m+30m|thr18,long,2021-03-29 16:00:00,2021-03-29 16:25:00,1.17862,1.1787,score,0.015030728407392314,5
5m+30m|thr18,long,2021-03-29 16:35:00,2021-03-29 16:35:00,1.17881,1.17821,score,-0.11248976655267545,0
5m+30m|thr18,long,2021-03-29 16:45:00,2021-03-29 16:55:00,1.17824,1.1775939285714285,sl,-0.11678848263169178,2
5m+30m|thr18,short,2021-03-29 20:25:00,2021-03-29 20:45:00,1.17744,1.1774499999999999,score,-0.002854829575396747,4
5m+30m|thr18,short,2021-03-29 23:25:00,2021-03-29 23:30:00,1.1764700000000001,1.17642,score,0.01860101946136483,1
5m+30m|thr18,short,2021-03-29 23:45:00,2021-03-29 23:55:00,1.17648,1.17648,score,-0.0,2
5m+30m|thr18,short,2021-03-30 01:20:00,2021-03-30 01:55:00,1.177,1.17681,score,0.07306515748838073,7
5m+30m|thr18,long,2021-03-30 05:55:00,2021-03-30 05:55:00,1.17669,1.1764039285714285,sl,-0.11650871127911835,0
5m+30m|thr18,long,2021-03-30 06:45:00,2021-03-30 06:45:00,1.17709,1.17686,score,-0.11053763982603242,0
5m+30m|thr18,long,2021-03-30 07:05:00,2021-03-30 07:10:00,1.17669,1.1764532142857143,sl,-0.11423824776806686,1
5m+30m|thr18,short,2021-03-30 12:15:00,2021-03-30 12:25:00,1.1746400000000001,1.17428,score,0.07421916159685599,2
5m+30m|thr18,short,2021-03-30 13:00:00,2021-03-30 13:10:00,1.1738600000000001,1.1743207142857144,sl,-0.11383805690635473,2
5m+30m|thr18,short,2021-03-30 15:25:00,2021-03-30 15:25:00,1.17372,1.1733799999999999,score,0.06176746797534574,0
5m+30m|thr18,short,2021-03-30 18:25:00,2021-03-30 18:35:00,1.1726400000000001,1.1725299999999999,score,0.017468340397063194,2
5m+30m|thr18,short,2021-03-30 22:20:00,2021-03-30 22:50:00,1.17208,1.17185,score,0.10685507334374846,6
5m+30m|thr18,short,2021-03-31 01:20:00,2021-03-31 01:25:00,1.17162,1.17187,score,-0.11423420172093307,1
5m+30m|thr18,short,2021-03-31 02:35:00,2021-03-31 02:45:00,1.17219,1.1723967857142858,sl,-0.11341824313724341,2
5m+30m|thr18,long,2021-03-31 03:25:00,2021-03-31 03:35:00,1.17237,1.17223,score,-0.058453322439097635,2
5m+30m|thr18,long,2021-03-31 04:05:00,2021-03-31 04:20:00,1.1722,1.1718067857142855,sl,-0.11169952748148,3
5m+30m|thr18,short,2021-03-31 07:35:00,2021-03-31 07:35:00,1.17039,1.1705742857142858,sl,-0.11058253220666521,0
5m+30m|thr18,short,2021-03-31 08:30:00,2021-03-31 08:30:00,1.1707800000000002,1.1709975000000001,sl,-0.10947670688459855,0
5m+30m|thr18,short,2021-03-31 08:45:00,2021-03-31 08:50:00,1.1709,1.171164642857143,sl,-0.10838193981575259,1
5m+30m|thr18,short,2021-03-31 09:00:00,2021-03-31 09:00:00,1.17076,1.17063,score,0.04368737788813196,0
5m+30m|thr18,short,2021-03-31 09:45:00,2021-03-31 10:10:00,1.17219,1.172807142857143,sl,-0.10773499419647638,5
5m+30m|thr18,long,2021-03-31 10:15:00,2021-03-31 10:25:00,1.1733799999999999,1.1736,score,0.03106435407130642,2
5m+30m|thr18,long,2021-03-31 11:20:00,2021-03-31 11:35:00,1.1739899999999999,1.1745400000000001,score,0.09121326866263894,3
5m+30m|thr18,long,2021-03-31 14:55:00,2021-03-31 15:05:00,1.17291,1.1723421428571428,sl,-0.10788042048185108,2
5m+30m|thr18,long,2021-03-31 17:55:00,2021-03-31 18:05:00,1.17434,1.1741300000000001,score,-0.0264976161902248,2
5m+30m|thr18,long,2021-03-31 18:25:00,2021-03-31 18:40:00,1.17373,1.17357,score,-0.016317406759507033,3
5m+30m|thr18,long,2021-03-31 19:40:00,2021-03-31 19:45:00,1.17496,1.17466,score,-0.04866759884527827,1
5m+30m|thr18,long,2021-03-31 20:15:00,2021-03-31 20:15:00,1.17533,1.1747632142857143,sl,-0.10588679005908248,0
5m+30m|thr18,long,2021-03-31 20:30:00,2021-03-31 20:45:00,1.17429,1.17389,score,-0.0712855329796548,3
5m+30m|thr18,short,2021-04-01 00:10:00,2021-04-01 00:20:00,1.1727100000000001,1.17283,score,-0.03786002430131819,2
5m+30m|thr18,short,2021-04-01 01:20:00,2021-04-01 01:35:00,1.17241,1.1727710714285715,sl,-0.10373646658568188,3
5m+30m|thr18,short,2021-04-01 04:10:00,2021-04-01 04:20:00,1.17273,1.17318,score,-0.09177366554533127,2
5m+30m|thr18,short,2021-04-01 04:35:00,2021-04-01 04:40:00,1.17292,1.17315,score,-0.057497543184426764,1
5m+30m|thr18,short,2021-04-01 09:35:00,2021-04-01 09:40:00,1.17197,1.1724499999999998,sl,-0.10120638983252747,1
5m+30m|thr18,short,2021-04-01 09:55:00,2021-04-01 09:55:00,1.17226,1.1727796428571429,sl,-0.10019432593420222,0
5m+30m|thr18,long,2021-04-01 10:15:00,2021-04-01 10:30:00,1.17327,1.17391,score,0.08017715370018652,3
5m+30m|thr18,long,2021-04-01 11:00:00,2021-04-01 11:05:00,1.17417,1.17373,score,-0.0453247969054507,1
5m+30m|thr18,long,2021-04-01 12:00:00,2021-04-01 12:05:00,1.1728399999999999,1.17328,score,0.060470609709662976,1
5m+30m|thr18,long,2021-04-01 13:10:00,2021-04-01 13:30:00,1.17418,1.1743400000000002,score,0.02749095240705645,4
5m+30m|thr18,long,2021-04-01 14:00:00,2021-04-01 14:10:00,1.17376,1.17372,score,-0.0073799858587368945,2
5m+30m|thr18,long,2021-04-01 16:05:00,2021-04-01 16:15:00,1.17532,1.1753200000000001,score,3.160489112511998e-14,2
5m+30m|thr18,long,2021-04-01 16:30:00,2021-04-01 16:30:00,1.1760599999999999,1.17571,score,-0.04453794726685628,0
5m+30m|thr18,long,2021-04-01 17:10:00,2021-04-01 17:15:00,1.1743999999999999,1.17424,score,-0.018463614461481564,1
5m+30m|thr18,long,2021-04-01 18:15:00,2021-04-01 18:25:00,1.17657,1.1764400000000002,score,-0.014863587684357726,2
5m+30m|thr18,long,2021-04-01 19:20:00,2021-04-01 19:20:00,1.17788,1.177269285714286,sl,-0.09956807051126072,0
5m+30m|thr18,long,2021-04-02 01:55:00,2021-04-02 01:55:00,1.17821,1.17794,score,-0.11500112144045883,0
5m+30m|thr18,long,2021-04-02 02:30:00,2021-04-02 02:40:00,1.1776499999999999,1.17763,score,-0.011808773162583932,2
5m+30m|thr18,long,2021-04-02 03:35:00,2021-04-02 03:40:00,1.1773799999999999,1.1770617857142855,sl,-0.0973042908601177,1
5m+30m|thr18,long,2021-04-02 07:20:00,2021-04-02 07:30:00,1.17769,1.17764,score,-0.017629247991088313,2
5m+30m|thr18,long,2021-04-02 10:00:00,2021-04-02 10:05:00,1.17754,1.1772282142857142,sl,-0.09615495547160563,1
5m+30m|thr18,long,2021-04-02 11:10:00,2021-04-02 11:45:00,1.17763,1.17834,score,0.16174742817335602,7
5m+30m|thr18,long,2021-04-02 12:30:00,2021-04-02 12:35:00,1.17844,1.17826,score,-0.04943534308010906,1
5m+30m|thr18,long,2021-04-02 12:50:00,2021-04-02 13:00:00,1.1780199999999998,1.17804,score,0.006242737846105536,2
5m+30m|thr18,short,2021-04-02 19:30:00,2021-04-02 19:35:00,1.1758600000000001,1.17613,score,-0.08612587391789633,1
5m+30m|thr18,short,2021-04-02 19:50:00,2021-04-02 20:05:00,1.1759600000000001,1.1761,score,-0.049137712072882755,3
5m+30m|thr18,short,2021-04-02 20:45:00,2021-04-02 20:50:00,1.17607,1.1762299999999999,score,-0.08347409920052477,1
5m+30m|thr18,short,2021-04-02 22:25:00,2021-04-02 22:25:00,1.17626,1.17645,score,-0.06789961940457064,0
5m+30m|thr18,short,2021-04-02 22:35:00,2021-04-02 22:35:00,1.17628,1.1760899999999999,score,0.07273200752253116,0
5m+30m|thr18,short,2021-04-02 23:10:00,2021-04-02 23:25:00,1.1759300000000001,1.1761410714285716,sl,-0.09423990117554966,3
5m+30m|thr18,short,2021-04-05 00:10:00,2021-04-05 00:55:00,1.17578,1.17551,score,0.06660331599228396,9
5m+30m|thr18,long,2021-04-05 01:40:00,2021-04-05 01:40:00,1.17645,1.17628,score,-0.03717925420955066,0
5m+30m|thr18,long,2021-04-05 02:30:00,2021-04-05 02:40:00,1.17641,1.17635,score,-0.01764692793187108,2
5m+30m|thr18,long,2021-04-05 03:00:00,2021-04-05 03:05:00,1.17681,1.1765014285714284,sl,-0.09341527350230279,1
5m+30m|thr18,long,2021-04-05 03:15:00,2021-04-05 03:40:00,1.17624,1.17646,score,0.062465318413022615,5
5m+30m|thr18,long,2021-04-05 04:25:00,2021-04-05 04:35:00,1.1768399999999999,1.17672,score,-0.03331580409758895,2
5m+30m|thr18,long,2021-04-05 04:50:00,2021-04-05 04:55:00,1.17715,1.17693,score,-0.0647935730167644,1
5m+30m|thr18,long,2021-04-05 07:15:00,2021-04-05 07:15:00,1.1766999999999999,1.1765114285714284,sl,-0.09212468018026644,0
5m+30m|thr18,short,2021-04-05 11:40:00,2021-04-05 11:50:00,1.17528,1.17465,score,0.10253846811958715,2
5m+30m|thr18,short,2021-04-05 14:40:00,2021-04-05 14:55:00,1.1756900000000001,1.1759199999999999,score,-0.06898415659735964,3
5m+30m|thr18,long,2021-04-05 15:15:00,2021-04-05 15:45:00,1.17612,1.1776900000000001,score,0.42447820745402504,6
5m+30m|thr18,long,2021-04-05 16:45:00,2021-04-05 17:05:00,1.17878,1.18032,score,0.25637465359793826,4
5m+30m|thr18,long,2021-04-06 01:45:00,2021-04-06 01:55:00,1.1814099999999998,1.1813500000000001,score,-0.03165207060810335,2
5m+30m|thr18,long,2021-04-06 02:25:00,2021-04-06 02:30:00,1.1817,1.18158,score,-0.06346514596866565,1
5m+30m|thr18,long,2021-04-06 03:00:00,2021-04-06 03:10:00,1.18173,1.18182,score,0.05178032890408318,2
5m+30m|thr18,long,2021-04-06 03:40:00,2021-04-06 03:55:00,1.18153,1.18134,score,-0.07087118431698498,3
5m+30m|thr18,short,2021-04-06 07:50:00,2021-04-06 08:00:00,1.18066,1.18085,score,-0.07593727719886983,2
5m+30m|thr18,short,2021-04-06 08:20:00,2021-04-06 08:25:00,1.18068,1.18089,score,-0.07501359569848895,1
5m+30m|thr18,short,2021-04-06 08:40:00,2021-04-06 08:45:00,1.18072,1.1810125,sl,-0.0956959156553354,1
5m+30m|thr18,short,2021-04-06 09:20:00,2021-04-06 09:35:00,1.1812500000000001,1.18085,score,0.10076698127130254,3
5m+30m|thr18,long,2021-04-06 09:45:00,2021-04-06 10:00:00,1.18065,1.1801957142857142,sl,-0.09574662631149508,3
5m+30m|thr18,short,2021-04-06 11:50:00,2021-04-06 11:50:00,1.18066,1.1814989285714286,sl,-0.09478916004838012,0
5m+30m|thr18,long,2021-04-06 13:10:00,2021-04-06 13:10:00,1.18187,1.1811917857142857,sl,-0.09384126844789632,0
5m+30m|thr18,long,2021-04-06 13:25:00,2021-04-06 13:30:00,1.18102,1.1803535714285713,sl,-0.09290285576341736,1
5m+30m|thr18,long,2021-04-06 15:40:00,2021-04-06 15:45:00,1.18283,1.18317,score,0.042984331615075276,1
5m+30m|thr18,long,2021-04-06 16:30:00,2021-04-06 16:40:00,1.18336,1.1836900000000001,score,0.04136675947786792,2
5m+30m|thr18,long,2021-04-06 17:00:00,2021-04-06 17:15:00,1.18401,1.18422,score,0.03406778702412227,3
5m+30m|thr18,long,2021-04-06 22:55:00,2021-04-06 23:15:00,1.18684,1.18748,score,0.1594452384418931,4
5m+30m|thr18,long,2021-04-07 05:15:00,2021-04-07 05:30:00,1.18696,1.1869100000000001,score,-0.012114470841970551,3
5m+30m|thr18,long,2021-04-07 09:30:00,2021-04-07 09:40:00,1.1875099999999998,1.18748,score,-0.00567382668638441,2
5m+30m|thr18,long,2021-04-07 09:55:00,2021-04-07 10:10:00,1.18692,1.18721,score,0.03786714168720668,3
5m+30m|thr18,long,2021-04-07 10:20:00,2021-04-07 10:25:00,1.18739,1.1871,score,-0.03390591228324634,1
5m+30m|thr18,long,2021-04-07 10:40:00,2021-04-07 10:40:00,1.1867299999999998,1.18719,score,0.0548932822634844,0
5m+30m|thr18,long,2021-04-07 10:55:00,2021-04-07 11:05:00,1.18757,1.18771,score,0.017222505614500637,2
5m+30m|thr18,long,2021-04-07 11:20:00,2021-04-07 11:30:00,1.1867699999999999,1.18703,score,0.03253827419325436,2
5m+30m|thr18,long,2021-04-07 13:15:00,2021-04-07 13:25:00,1.18899,1.1886400000000001,score,-0.06390424236169258,2
5m+30m|thr18,long,2021-04-07 16:50:00,2021-04-07 16:55:00,1.18945,1.18909,score,-0.04554534924122549,1
5m+30m|thr18,long,2021-04-07 17:15:00,2021-04-07 17:15:00,1.19005,1.1898900000000001,score,-0.016712298458720187,0
5m+30m|thr18,long,2021-04-07 17:25:00,2021-04-07 17:30:00,1.19037,1.19028,score,-0.008909579809497695,1
5m+30m|thr18,long,2021-04-07 18:25:00,2021-04-07 18:50:00,1.1894,1.18885,score,-0.05016837180058946,5
5m+30m|thr18,short,2021-04-07 23:30:00,2021-04-07 23:45:00,1.18703,1.18705,score,-0.00481068409711128,3
5m+30m|thr18,short,2021-04-08 01:30:00,2021-04-08 02:05:00,1.18707,1.1870399999999999,score,0.009546496456383197,7
5m+30m|thr18,short,2021-04-08 03:00:00,2021-04-08 03:10:00,1.18719,1.18743,score,-0.09427657558729934,2
5m+30m|thr18,short,2021-04-08 06:20:00,2021-04-08 07:00:00,1.18713,1.1872099999999999,score,-0.03042762693949929,8
5m+30m|thr18,long,2021-04-08 07:35:00,2021-04-08 07:45:00,1.1870399999999999,1.18699,score,-0.024981140344722284,2
5m+30m|thr18,long,2021-04-08 08:00:00,2021-04-08 08:15:00,1.18733,1.18748,score,0.0798162854473815,3
5m+30m|thr18,long,2021-04-08 08:40:00,2021-04-08 08:40:00,1.18804,1.1878289285714285,sl,-0.09315700744347528,0
5m+30m|thr18,long,2021-04-08 09:05:00,2021-04-08 09:10:00,1.18716,1.18729,score,0.03680927544114442,1
5m+30m|thr18,long,2021-04-08 09:30:00,2021-04-08 09:35:00,1.18723,1.1868346428571428,sl,-0.09259353012345199,1
5m+30m|thr18,long,2021-04-08 11:00:00,2021-04-08 11:00:00,1.18841,1.18812,score,-0.034896430846517584,0
5m+30m|thr18,long,2021-04-08 11:20:00,2021-04-08 11:20:00,1.18797,1.18816,score,0.025868749432028444,0
5m+30m|thr18,short,2021-04-08 14:40:00,2021-04-08 14:45:00,1.18784,1.18829,sl,-0.09157731800807258,1
5m+30m|thr18,long,2021-04-08 15:35:00,2021-04-08 15:45:00,1.18828,1.18836,score,0.010762154764965972,2
5m+30m|thr18,long,2021-04-08 15:55:00,2021-04-08 16:00:00,1.1892399999999999,1.18893,score,-0.03735781717117517,1
5m+30m|thr18,long,2021-04-08 16:50:00,2021-04-08 17:10:00,1.1893799999999999,1.19018,score,0.10713551194541913,4
5m+30m|thr18,long,2021-04-09 03:10:00,2021-04-09 03:15:00,1.19183,1.1915321428571428,sl,-0.09146694332338393,1
5m+30m|thr18,long,2021-04-09 03:25:00,2021-04-09 03:45:00,1.19156,1.19167,score,0.03674585027428424,4
5m+30m|thr18,long,2021-04-09 04:00:00,2021-04-09 04:00:00,1.1919899999999999,1.19166,score,-0.10220174298176699,0
5m+30m|thr18,long,2021-04-09 04:30:00,2021-04-09 04:30:00,1.19157,1.1912592857142856,sl,-0.08989771496307528,0
5m+30m|thr18,short,2021-04-09 07:05:00,2021-04-09 07:05:00,1.19053,1.19058,score,-0.020663056872061752,0
5m+30m|thr18,short,2021-04-09 08:25:00,2021-04-09 08:45:00,1.18988,1.18959,score,0.1306144765992265,4
5m+30m|thr18,short,2021-04-09 10:25:00,2021-04-09 10:25:00,1.1895200000000001,1.18976,score,-0.03358071289581161,0
5m+30m|thr18,short,2021-04-09 12:00:00,2021-04-09 12:10:00,1.18852,1.1891992857142857,sl,-0.08976244488175807,2
5m+30m|thr18,short,2021-04-09 17:15:00,2021-04-09 17:20:00,1.1886700000000001,1.1891399999999999,score,-0.05340004734689008,1
5m+30m|thr18,short,2021-04-09 17:45:00,2021-04-09 17:50:00,1.18914,1.18953,score,-0.04422616019977735,1
5m+30m|thr18,long,2021-04-09 18:20:00,2021-04-09 18:30:00,1.18841,1.18863,score,0.027551833052535397,2
5m+30m|thr18,long,2021-04-09 19:55:00,2021-04-09 19:55:00,1.1901199999999998,1.18994,score,-0.03897780232519031,0
5m+30m|thr18,long,2021-04-09 20:15:00,2021-04-09 20:25:00,1.1904,1.19068,score,0.07014785948336082,2
5m+30m|thr18,long,2021-04-12 01:40:00,2021-04-12 01:40:00,1.18993,1.18984,score,-0.015260709013962441,0
5m+30m|thr18,long,2021-04-12 02:10:00,2021-04-12 02:10:00,1.19004,1.18991,score,-0.047629087320987196,0
5m+30m|thr18,long,2021-04-12 02:25:00,2021-04-12 02:30:00,1.19017,1.1899749999999998,sl,-0.08784687929623135,1
5m+30m|thr18,long,2021-04-12 02:45:00,2021-04-12 02:55:00,1.1902599999999999,1.1900489285714284,sl,-0.08696841050326902,2
5m+30m|thr18,short,2021-04-12 06:40:00,2021-04-12 07:15:00,1.1891100000000001,1.18899,score,0.03638889568531597,7
5m+30m|thr18,short,2021-04-12 09:25:00,2021-04-12 09:30:00,1.18892,1.18883,score,0.019213914523337424,1
5m+30m|thr18,short,2021-04-12 10:20:00,2021-04-12 10:20:00,1.18843,1.18784,score,0.07913413733253499,0
5m+30m|thr18,long,2021-04-12 13:40:00,2021-04-12 13:55:00,1.1909699999999999,1.19092,score,-0.009068484016505006,3
5m+30m|thr18,long,2021-04-12 14:20:00,2021-04-12 14:35:00,1.19118,1.1912,score,0.0029865097789417722,3
5m+30m|thr18,long,2021-04-12 20:50:00,2021-04-12 20:55:00,1.1917,1.1914096428571428,sl,-0.08738527613127263,1
5m+30m|thr18,long,2021-04-12 21:05:00,2021-04-12 21:15:00,1.19152,1.1912574999999999,sl,-0.08651142336995989,2
5m+30m|thr18,short,2021-04-12 23:10:00,2021-04-12 23:20:00,1.19073,1.1910942857142857,sl,-0.08564630913626028,2
5m+30m|thr18,short,2021-04-12 23:30:00,2021-04-12 23:50:00,1.1908800000000002,1.19108,score,-0.05365233196053817,4
5m+30m|thr18,long,2021-04-13 00:55:00,2021-04-13 00:55:00,1.19129,1.19112,score,-0.035365592255062674,0
5m+30m|thr18,long,2021-04-13 01:10:00,2021-04-13 01:15:00,1.1915,1.1914,score,-0.019874709564095788,1
5m+30m|thr18,long,2021-04-13 02:00:00,2021-04-13 02:05:00,1.1913099999999999,1.1911160714285713,sl,-0.08370091970710071,1
5m+30m|thr18,long,2021-04-13 02:10:00,2021-04-13 02:25:00,1.19119,1.1910800000000001,score,-0.049750651924063076,3
5m+30m|thr18,short,2021-04-13 05:50:00,2021-04-13 06:05:00,1.18974,1.18981,score,-0.01758585531830067,3
5m+30m|thr18,short,2021-04-13 08:10:00,2021-04-13 08:30:00,1.18868,1.1889725,sl,-0.08219054543760608,4
5m+30m|thr18,short,2021-04-13 09:05:00,2021-04-13 09:05:00,1.18924,1.1894960714285714,sl,-0.08136863998323,0
5m+30m|thr18,short,2021-04-13 09:25:00,2021-04-13 09:50:00,1.18991,1.18949,score,0.1070425145922542,5
5m+30m|thr18,short,2021-04-13 10:50:00,2021-04-13 11:05:00,1.1904000000000001,1.18983,score,0.06330131411664187,3
5m+30m|thr18,long,2021-04-13 12:05:00,2021-04-13 12:10:00,1.18947,1.1896600000000002,score,0.022476355662623352,1
5m+30m|thr18,long,2021-04-13 12:25:00,2021-04-13 12:35:00,1.19015,1.18984,score,-0.041360704165650394,2
5m+30m|thr18,long,2021-04-13 12:55:00,2021-04-13 13:05:00,1.1895499999999999,1.18924,score,-0.04240259999913121,2
5m+30m|thr18,short,2021-04-13 15:25:00,2021-04-13 15:30:00,1.18927,1.1900939285714285,sl,-0.0816455223854651,1
5m+30m|thr18,short,2021-04-13 15:50:00,2021-04-13 16:35:00,1.19253,1.1938757142857144,sl,-0.08082906716161044,9
5m+30m|thr18,long,2021-04-13 17:25:00,2021-04-13 17:30:00,1.1931399999999999,1.19322,score,0.007987813695978422,1
5m+30m|thr18,long,2021-04-14 02:50:00,2021-04-14 03:00:00,1.19539,1.1956,score,0.07658404052140896,2
5m+30m|thr18,long,2021-04-14 03:50:00,2021-04-14 03:50:00,1.19588,1.1955253571428572,sl,-0.08086649503216822,0
5m+30m|thr18,long,2021-04-14 04:10:00,2021-04-14 04:25:00,1.19573,1.1956900000000001,score,-0.008490981978339099,3
5m+30m|thr18,long,2021-04-14 04:40:00,2021-04-14 04:55:00,1.19567,1.1957,score,0.006806205979744695,3
5m+30m|thr18,long,2021-04-14 05:05:00,2021-04-14 05:40:00,1.19556,1.1957900000000001,score,0.051137294261239453,7
5m+30m|thr18,long,2021-04-14 06:20:00,2021-04-14 06:30:00,1.1962199999999998,1.19592,score,-0.07070426167407175,2
5m+30m|thr18,long,2021-04-14 06:55:00,2021-04-14 07:05:00,1.19591,1.1958600000000001,score,-0.013213172305742723,2
5m+30m|thr18,long,2021-04-14 09:00:00,2021-04-14 09:10:00,1.19648,1.19653,score,0.011961249013377147,2
5m+30m|thr18,long,2021-04-14 10:00:00,2021-04-14 10:00:00,1.19698,1.1964925,sl,-0.07983279341480862,0
5m+30m|thr18,long,2021-04-14 10:20:00,2021-04-14 10:20:00,1.19709,1.1964632142857143,sl,-0.07903446548066054,0
5m+30m|thr18,long,2021-04-14 10:30:00,2021-04-14 10:35:00,1.19671,1.1959932142857141,sl,-0.07824412082585393,1
5m+30m|thr18,long,2021-04-14 12:30:00,2021-04-14 12:35:00,1.19593,1.195342857142857,sl,-0.07746167961759538,1
5m+30m|thr18,short,2021-04-14 15:20:00,2021-04-14 15:20:00,1.1957,1.196219642857143,sl,-0.07668706282141943,0
5m+30m|thr18,long,2021-04-14 16:30:00,2021-04-14 16:45:00,1.1965299999999999,1.19651,score,-0.0023194384957995733,3
5m+30m|thr18,long,2021-04-14 16:55:00,2021-04-14 17:10:00,1.1960899999999999,1.1956900000000001,score,-0.04476284230920804,3
5m+30m|thr18,long,2021-04-14 18:15:00,2021-04-14 18:20:00,1.19743,1.19719,score,-0.02315158731818677,1
5m+30m|thr18,long,2021-04-14 19:20:00,2021-04-14 19:30:00,1.19821,1.19829,score,0.011300334799931177,2
5m+30m|thr18,long,2021-04-14 23:40:00,2021-04-14 23:50:00,1.19797,1.19801,score,0.007899865138882236,2
5m+30m|thr18,long,2021-04-15 00:15:00,2021-04-15 00:20:00,1.1980899999999999,1.1977632142857142,sl,-0.07540985551136142,1
5m+30m|thr18,long,2021-04-15 03:10:00,2021-04-15 03:20:00,1.19845,1.19827,score,-0.06743100628311889,2
5m+30m|thr18,long,2021-04-15 03:40:00,2021-04-15 03:45:00,1.19858,1.19842,score,-0.05186805666393319,1
5m+30m|thr18,long,2021-04-15 03:55:00,2021-04-15 04:05:00,1.19881,1.1986700000000001,score,-0.03902087317080218,2
5m+30m|thr18,long,2021-04-15 04:30:00,2021-04-15 04:30:00,1.1985,1.19839,score,-0.021192417833567144,0
5m+30m|thr18,long,2021-04-15 04:40:00,2021-04-15 04:45:00,1.19794,1.1974985714285715,sl,-0.07286063341673357,1
5m+30m|thr18,short,2021-04-15 09:20:00,2021-04-15 09:25:00,1.1976,1.19739,score,0.04431936460248388,1
5m+30m|thr18,short,2021-04-15 09:55:00,2021-04-15 09:55:00,1.19746,1.19753,score,-0.010583886356254266,0
5m+30m|thr18,short,2021-04-15 10:25:00,2021-04-15 10:50:00,1.19856,1.19788,score,0.08930854567705196,5
5m+30m|thr18,long,2021-04-15 11:10:00,2021-04-15 11:25:00,1.1978499999999999,1.19766,score,-0.022469103405400048,3
5m+30m|thr18,short,2021-04-15 15:25:00,2021-04-15 15:30:00,1.19683,1.1972210714285716,sl,-0.07313777628774508,1
5m+30m|thr18,short,2021-04-15 15:45:00,2021-04-15 15:55:00,1.19716,1.19589,score,0.13732114834903497,2
5m+30m|thr18,short,2021-04-15 16:15:00,2021-04-15 16:25:00,1.19639,1.1972,score,-0.05952762557770388,2
5m+30m|thr18,long,2021-04-15 17:15:00,2021-04-15 17:15:00,1.1984299999999999,1.19761,score,-0.060551794701219,0
5m+30m|thr18,long,2021-04-15 17:55:00,2021-04-15 18:00:00,1.1971399999999999,1.1973200000000002,score,0.012821494274821143,1
5m+30m|thr18,short,2021-04-15 19:55:00,2021-04-15 20:05:00,1.1968400000000001,1.19645,score,0.06042319450319752,2
5m+30m|thr18,short,2021-04-15 20:30:00,2021-04-15 20:50:00,1.19595,1.1964278571428573,sl,-0.07331126269334892,4
5m+30m|thr18,long,2021-04-15 22:25:00,2021-04-15 22:30:00,1.19695,1.19729,score,0.07086605011612952,1
5m+30m|thr18,long,2021-04-15 22:50:00,2021-04-15 22:55:00,1.19712,1.19738,score,0.0548897099724517,1
5m+30m|thr18,long,2021-04-15 23:15:00,2021-04-15 23:35:00,1.19718,1.1967696428571428,sl,-0.07383570766730124,4
5m+30m|thr18,short,2021-04-16 02:55:00,2021-04-16 03:00:00,1.19688,1.1970578571428572,sl,-0.07309735059062823,1
5m+30m|thr18,long,2021-04-16 03:05:00,2021-04-16 03:05:00,1.1973,1.1970878571428571,sl,-0.07236637708472196,0
5m+30m|thr18,short,2021-04-16 05:40:00,2021-04-16 05:50:00,1.19527,1.19513,score,0.020942538120091038,2
5m+30m|thr18,short,2021-04-16 07:20:00,2021-04-16 07:20:00,1.19573,1.1959507142857144,sl,-0.07185213869507566,0
5m+30m|thr18,short,2021-04-16 08:05:00,2021-04-16 08:20:00,1.1963700000000002,1.196599285714286,sl,-0.07113361730812488,3
5m+30m|thr18,long,2021-04-16 08:55:00,2021-04-16 09:00:00,1.1971,1.1968139285714285,sl,-0.07042228113504365,1
5m+30m|thr18,long,2021-04-16 09:25:00,2021-04-16 09:35:00,1.19621,1.19649,score,0.0484565228065478,2
5m+30m|thr18,long,2021-04-16 10:50:00,2021-04-16 11:05:00,1.1974099999999999,1.19831,score,0.10028946221679104,3
5m+30m|thr18,long,2021-04-16 13:40:00,2021-04-16 13:40:00,1.19848,1.19831,score,-0.023537379618605133,0
5m+30m|thr18,long,2021-04-16 13:55:00,2021-04-16 13:55:00,1.19922,1.19882,score,-0.045291488149896815,0
5m+30m|thr18,long,2021-04-16 17:45:00,2021-04-16 17:50:00,1.1981899999999999,1.1975342857142854,sl,-0.07051722949624158,1
5m+30m|thr18,short,2021-04-16 22:40:00,2021-04-16 22:45:00,1.19799,1.19825,score,-0.06617601255537098,1
5m+30m|thr18,short,2021-04-16 22:55:00,2021-04-16 23:00:00,1.19794,1.1982,score,-0.06766319391278054,1
5m+30m|thr18,short,2021-04-16 23:30:00,2021-04-16 23:40:00,1.1981,1.19815,score,-0.01459103975516189,2
5m+30m|thr18,long,2021-04-19 00:05:00,2021-04-19 00:10:00,1.19722,1.19756,score,0.08307537996372084,1
5m+30m|thr18,short,2021-04-19 03:20:00,2021-04-19 03:35:00,1.1966400000000001,1.1969635714285716,sl,-0.06915850853868324,3
5m+30m|thr18,short,2021-04-19 06:45:00,2021-04-19 06:55:00,1.19543,1.1956367857142858,sl,-0.06846692345329641,2
5m+30m|thr18,short,2021-04-19 07:25:00,2021-04-19 07:25:00,1.19568,1.1958653571428572,sl,-0.06778225421876344,0
5m+30m|thr18,short,2021-04-19 07:35:00,2021-04-19 07:40:00,1.19567,1.19564,score,0.009994277058199254,1
5m+30m|thr18,short,2021-04-19 08:20:00,2021-04-19 08:30:00,1.1958,1.1960132142857143,sl,-0.06720437444715781,2
5m+30m|thr18,short,2021-04-19 09:00:00,2021-04-19 09:10:00,1.19663,1.1968903571428573,sl,-0.06653233070268624,2
5m+30m|thr18,long,2021-04-19 09:35:00,2021-04-19 09:35:00,1.19732,1.1969235714285713,sl,-0.06586700739565937,0
5m+30m|thr18,long,2021-04-19 10:35:00,2021-04-19 11:00:00,1.1989699999999999,1.20184,score,0.2477608504573248,5
5m+30m|thr18,long,2021-04-19 19:10:00,2021-04-19 19:25:00,1.2033099999999999,1.2033,score,-0.0013441180731246975,3
5m+30m|thr18,long,2021-04-19 19:45:00,2021-04-19 20:05:00,1.20356,1.20374,score,0.024986770946058206,4
5m+30m|thr18,long,2021-04-20 01:30:00,2021-04-20 01:40:00,1.20386,1.20376,score,-0.026414255915845196,2
5m+30m|thr18,long,2021-04-20 02:05:00,2021-04-20 02:10:00,1.20399,1.2037939285714285,sl,-0.06765822979584692,1
5m+30m|thr18,long,2021-04-20 02:35:00,2021-04-20 02:50:00,1.20393,1.2041,score,0.06812663292522331,3
5m+30m|thr18,long,2021-04-20 03:55:00,2021-04-20 04:00:00,1.2040199999999999,1.203740357142857,sl,-0.06766291382714067,1
5m+30m|thr18,long,2021-04-20 05:20:00,2021-04-20 05:30:00,1.20462,1.20446,score,-0.02653391294482933,2
5m+30m|thr18,long,2021-04-20 05:50:00,2021-04-20 06:15:00,1.2049699999999999,1.2069400000000001,score,0.3097918650721952,5
5m+30m|thr18,long,2021-04-20 10:45:00,2021-04-20 10:50:00,1.20772,1.2073,score,-0.02792754568404831,1
5m+30m|thr18,long,2021-04-20 11:30:00,2021-04-20 11:35:00,1.20669,1.20679,score,0.008607906653811961,1
5m+30m|thr18,short,2021-04-20 17:45:00,2021-04-20 17:50:00,1.2048100000000002,1.20455,score,0.019995063579040854,1
5m+30m|thr18,short,2021-04-20 21:50:00,2021-04-20 21:50:00,1.20262,1.20292,score,-0.06431306963018392,0
5m+30m|thr18,short,2021-04-20 22:25:00,2021-04-20 22:45:00,1.20332,1.2036542857142858,sl,-0.06918248775932911,4
5m+30m|thr18,short,2021-04-20 22:55:00,2021-04-20 23:10:00,1.2035200000000001,1.20346,score,0.015220147307096215,3
5m+30m|thr18,short,2021-04-21 01:55:00,2021-04-21 02:00:00,1.20332,1.2032,score,0.03678469285993615,1
5m+30m|thr18,long,2021-04-21 03:40:00,2021-04-21 03:40:00,1.2042,1.20404,score,-0.027481598804402492,0
5m+30m|thr18,long,2021-04-21 04:20:00,2021-04-21 04:25:00,1.20325,1.20331,score,0.009186659037113722,1
5m+30m|thr18,long,2021-04-21 05:05:00,2021-04-21 05:10:00,1.2036,1.20358,score,-0.003001833851700623,1
5m+30m|thr18,long,2021-04-21 05:25:00,2021-04-21 05:30:00,1.2033,1.20334,score,0.005904480672255505,1
5m+30m|thr18,short,2021-04-21 08:55:00,2021-04-21 09:00:00,1.20323,1.20292,score,0.0754642579434372,1
5m+30m|thr18,short,2021-04-21 09:40:00,2021-04-21 09:40:00,1.20299,1.20316,score,-0.02586654264190972,0
5m+30m|thr18,short,2021-04-21 10:15:00,2021-04-21 10:20:00,1.2023700000000002,1.20197,score,0.04244540839772174,1
5m+30m|thr18,short,2021-04-21 12:30:00,2021-04-21 12:30:00,1.20126,1.20059,score,0.0862332437105303,0
5m+30m|thr18,short,2021-04-21 12:50:00,2021-04-21 13:00:00,1.20046,1.2004299999999999,score,0.0033523855199959836,2
5m+30m|thr18,short,2021-04-21 13:40:00,2021-04-21 13:45:00,1.20041,1.2007999999999999,score,-0.040448112612411324,1
5m+30m|thr18,short,2021-04-21 16:05:00,2021-04-21 16:10:00,1.20102,1.20025,score,0.09165099231477236,1
5m+30m|thr18,short,2021-04-21 18:00:00,2021-04-21 18:10:00,1.20275,1.2036628571428571,sl,-0.07118510468026021,2
5m+30m|thr18,long,2021-04-21 19:20:00,2021-04-21 19:30:00,1.20299,1.2031,score,0.0142989210270863,2
5m+30m|thr18,long,2021-04-21 23:40:00,2021-04-21 23:50:00,1.20357,1.2034,score,-0.057165529921102846,2
5m+30m|thr18,long,2021-04-22 02:10:00,2021-04-22 02:25:00,1.20367,1.2037,score,0.013909563483997934,3
5m+30m|thr18,long,2021-04-22 03:05:00,2021-04-22 03:05:00,1.2039199999999999,1.2037271428571428,sl,-0.07018368317935741,0
5m+30m|thr18,long,2021-04-22 03:25:00,2021-04-22 03:25:00,1.20349,1.2032692857142857,sl,-0.06948184634756384,0
5m+30m|thr18,long,2021-04-22 04:10:00,2021-04-22 04:15:00,1.20407,1.2037,score,-0.07154955912441925,1
5m+30m|thr18,long,2021-04-22 04:35:00,2021-04-22 04:50:00,1.20408,1.2043300000000001,score,0.04486824162430262,3
5m+30m|thr18,long,2021-04-22 05:15:00,2021-04-22 05:20:00,1.20461,1.20449,score,-0.021617645203976986,1
5m+30m|thr18,long,2021-04-22 06:00:00,2021-04-22 06:00:00,1.2047299999999999,1.2044149999999998,sl,-0.06830403825704727,0
5m+30m|thr18,short,2021-04-22 09:50:00,2021-04-22 10:10:00,1.20427,1.2048014285714284,sl,-0.0676209978744768,4
5m+30m|thr18,long,2021-04-22 11:15:00,2021-04-22 11:25:00,1.20384,1.20391,score,0.009466939702430394,2
5m+30m|thr18,long,2021-04-22 14:10:00,2021-04-22 14:35:00,1.20543,1.2052800000000001,score,-0.0167002206778928,5
5m+30m|thr18,long,2021-04-22 14:55:00,2021-04-22 15:05:00,1.20476,1.20503,score,0.02808643113610866,2
5m+30m|thr18,long,2021-04-22 16:20:00,2021-04-22 16:20:00,1.2040499999999998,1.202875714285714,sl,-0.0671533193973385,0
5m+30m|thr18,short,2021-04-22 20:25:00,2021-04-22 20:25:00,1.20071,1.20122,sl,-0.0664817862033651,0
5m+30m|thr18,short,2021-04-22 21:25:00,2021-04-22 21:50:00,1.19993,1.20048,score,-0.055752547439859315,5
5m+30m|thr18,short,2021-04-22 22:55:00,2021-04-22 23:35:00,1.20146,1.2016,score,-0.0216427255531631,8
5m+30m|thr18,short,2021-04-23 00:35:00,2021-04-23 00:35:00,1.20151,1.20179,score,-0.06438601545369844,0
5m+30m|thr18,short,2021-04-23 00:55:00,2021-04-23 01:15:00,1.20166,1.20162,score,0.008205580672559054,4
5m+30m|thr18,short,2021-04-23 01:50:00,2021-04-23 01:50:00,1.20143,1.2016517857142857,sl,-0.06448121126358984,0
5m+30m|thr18,long,2021-04-23 02:30:00,2021-04-23 02:45:00,1.20159,1.201407857142857,sl,-0.06383639915095395,3
5m+30m|thr18,long,2021-04-23 02:50:00,2021-04-23 02:55:00,1.2014,1.2013800000000001,score,-0.0065538703128027054,1
5m+30m|thr18,long,2021-04-23 03:15:00,2021-04-23 03:20:00,1.2017799999999998,1.20164,score,-0.03466097844654147,1
5m+30m|thr18,long,2021-04-23 03:30:00,2021-04-23 03:30:00,1.20189,1.20163,score,-0.0572783527532332,0
5m+30m|thr18,long,2021-04-23 03:50:00,2021-04-23 03:50:00,1.20143,1.20164,score,0.04011107965884817,0
5m+30m|thr18,long,2021-04-23 04:00:00,2021-04-23 04:10:00,1.20211,1.20211,score,0.0,2
5m+30m|thr18,long,2021-04-23 04:20:00,2021-04-23 04:20:00,1.2023,1.20226,score,-0.006640901478550894,0
5m+30m|thr18,long,2021-04-23 05:00:00,2021-04-23 05:00:00,1.20259,1.2023000000000001,score,-0.046766867034995864,0
5m+30m|thr18,long,2021-04-23 05:25:00,2021-04-23 05:40:00,1.20207,1.20215,score,0.013673501004238926,3
5m+30m|thr18,long,2021-04-23 07:45:00,2021-04-23 07:55:00,1.20255,1.20261,score,0.01733405368598326,2
5m+30m|thr18,long,2021-04-23 08:40:00,2021-04-23 08:40:00,1.2028999999999999,1.20271,score,-0.050290291937878324,0
5m+30m|thr18,long,2021-04-23 08:50:00,2021-04-23 08:50:00,1.20299,1.2027585714285716,sl,-0.06188730888329508,0
5m+30m|thr18,long,2021-04-23 09:10:00,2021-04-23 09:30:00,1.20265,1.2022975,sl,-0.061268435794462124,4
5m+30m|thr18,long,2021-04-23 11:20:00,2021-04-23 11:30:00,1.20599,1.2058200000000001,score,-0.01614772801104167,2
5m+30m|thr18,long,2021-04-23 16:30:00,2021-04-23 16:40:00,1.20658,1.2066400000000002,score,0.004916806027240776,2
5m+30m|thr18,long,2021-04-23 19:50:00,2021-04-23 20:05:00,1.2074099999999999,1.20741,score,2.891041872646422e-14,3
5m+30m|thr18,long,2021-04-23 20:15:00,2021-04-23 20:25:00,1.20798,1.20788,score,-0.015028514025415074,2
5m+30m|thr18,long,2021-04-23 22:00:00,2021-04-23 22:05:00,1.20933,1.20915,score,-0.03757796440311649,1
5m+30m|thr18,long,2021-04-26 04:10:00,2021-04-26 04:10:00,1.21104,1.21051,score,-0.062110033549275516,0
5m+30m|thr18,long,2021-04-26 04:50:00,2021-04-26 05:00:00,1.2109699999999999,1.21076,score,-0.025642445618905826,2
5m+30m|thr18,long,2021-04-26 05:15:00,2021-04-26 05:15:00,1.21116,1.2108,score,-0.04396236833467873,0
5m+30m|thr18,long,2021-04-26 05:30:00,2021-04-26 05:30:00,1.2110699999999999,1.21096,score,-0.014663155327529983,0
5m+30m|thr18,long,2021-04-26 05:50:00,2021-04-26 06:20:00,1.21118,1.21136,score,0.02802565345837847,6
5m+30m|thr18,long,2021-04-26 09:35:00,2021-04-26 09:50:00,1.21037,1.21001,score,-0.035049955537931346,3
5m+30m|thr18,long,2021-04-26 10:00:00,2021-04-26 10:00:00,1.2093099999999999,1.2098200000000001,score,0.04040359461025364,0
5m+30m|thr18,short,2021-04-26 12:30:00,2021-04-26 12:35:00,1.21027,1.21001,score,0.02301128296284781,1
5m+30m|thr18,short,2021-04-26 18:00:00,2021-04-26 18:20:00,1.20808,1.20777,score,0.02385587761135904,4
5m+30m|thr18,short,2021-04-26 19:50:00,2021-04-26 19:50:00,1.2086000000000001,1.2089299999999998,score,-0.04994991004372417,0
5m+30m|thr18,short,2021-04-26 21:20:00,2021-04-26 21:25:00,1.20876,1.2090342857142857,sl,-0.05885656283470239,1
5m+30m|thr18,long,2021-04-26 21:55:00,2021-04-26 22:05:00,1.20915,1.20916,score,0.0020678123216577434,2
5m+30m|thr18,long,2021-04-26 22:45:00,2021-04-26 22:50:00,1.20896,1.2086985714285716,sl,-0.058288675329571944,1
5m+30m|thr18,long,2021-04-26 23:30:00,2021-04-26 23:30:00,1.20874,1.20865,score,-0.015586129390367584,0
5m+30m|thr18,short,2021-04-27 06:05:00,2021-04-27 06:15:00,1.20678,1.2071325,sl,-0.05754992728237257,2
5m+30m|thr18,short,2021-04-27 07:40:00,2021-04-27 07:50:00,1.20727,1.2075099999999999,score,-0.060199395632646764,2
5m+30m|thr18,short,2021-04-27 08:00:00,2021-04-27 08:10:00,1.20724,1.20713,score,0.025837365607737785,2
5m+30m|thr18,short,2021-04-27 09:00:00,2021-04-27 09:00:00,1.2075,1.2077517857142857,sl,-0.05663080770929974,0
5m+30m|thr18,short,2021-04-27 09:15:00,2021-04-27 09:20:00,1.20758,1.20713,score,0.0850075445687024,1
5m+30m|thr18,short,2021-04-27 09:55:00,2021-04-27 10:05:00,1.20693,1.20672,score,0.027010306816625612,2
5m+30m|thr18,short,2021-04-27 13:20:00,2021-04-27 13:30:00,1.20693,1.20749,score,-0.056500047468813694,2
5m+30m|thr18,long,2021-04-27 14:35:00,2021-04-27 14:40:00,1.20838,1.20831,score,-0.0076905452692944635,1
5m+30m|thr18,long,2021-04-27 14:50:00,2021-04-27 15:00:00,1.2089699999999999,1.20868,score,-0.028606062954241156,2
5m+30m|thr18,long,2021-04-27 17:50:00,2021-04-27 17:50:00,1.20834,1.20818,score,-0.010207779178583202,0
5m+30m|thr18,long,2021-04-27 20:35:00,2021-04-27 20:40:00,1.20813,1.20775,score,-0.0592743356749678,1
5m+30m|thr18,long,2021-04-27 21:20:00,2021-04-27 21:35:00,1.2085,1.20852,score,0.0028730063385916053,3
5m+30m|thr18,long,2021-04-27 22:50:00,2021-04-27 23:05:00,1.20887,1.20872,score,-0.02302570080044073,3
5m+30m|thr18,long,2021-04-28 00:20:00,2021-04-28 00:30:00,1.20919,1.20907,score,-0.019936851162528465,2
5m+30m|thr18,short,2021-04-28 05:35:00,2021-04-28 05:35:00,1.2078600000000002,1.2082103571428573,sl,-0.055160994984357226,0
5m+30m|thr18,short,2021-04-28 08:35:00,2021-04-28 08:40:00,1.20727,1.20722,score,0.01612935422964339,1
5m+30m|thr18,short,2021-04-28 11:15:00,2021-04-28 11:30:00,1.2076200000000001,1.20774,score,-0.009974497561948818,3
5m+30m|thr18,short,2021-04-28 16:50:00,2021-04-28 16:55:00,1.20678,1.20723,score,-0.035271570065288194,1
5m+30m|thr18,long,2021-04-28 18:55:00,2021-04-28 19:00:00,1.2098799999999998,1.20951,score,-0.027146007595230247,1
5m+30m|thr18,long,2021-04-28 21:40:00,2021-04-28 21:45:00,1.2122199999999999,1.21218,score,-0.0015379158730503683,1
5m+30m|thr18,long,2021-04-28 22:45:00,2021-04-28 23:05:00,1.21254,1.21256,score,0.0008328536210591278,4
5m+30m|thr18,long,2021-04-29 04:35:00,2021-04-29 04:40:00,1.2147999999999999,1.21485,score,0.007930355354615797,1
5m+30m|thr18,long,2021-04-29 05:30:00,2021-04-29 05:45:00,1.21417,1.2137714285714285,sl,-0.05411901075561168,3
5m+30m|thr18,long,2021-04-29 08:50:00,2021-04-29 08:55:00,1.21365,1.21341,score,-0.04364157027328651,1
5m+30m|thr18,long,2021-04-29 09:10:00,2021-04-29 09:30:00,1.21287,1.2125024999999998,sl,-0.05314140494532271,4
5m+30m|thr18,short,2021-04-29 11:45:00,2021-04-29 12:05:00,1.21136,1.2120692857142856,sl,-0.05260999089586948,4
5m+30m|thr18,short,2021-04-29 12:25:00,2021-04-29 12:25:00,1.21176,1.2115799999999999,score,0.015086368423801136,0
5m+30m|thr18,short,2021-04-29 13:05:00,2021-04-29 13:10:00,1.2118900000000001,1.21227,score,-0.030271121443400672,1
5m+30m|thr18,short,2021-04-29 14:20:00,2021-04-29 14:35:00,1.21262,1.2131910714285714,sl,-0.051932043456714795,3
5m+30m|thr18,long,2021-04-29 15:30:00,2021-04-29 15:45:00,1.21241,1.21292,score,0.048460309224839335,3
5m+30m|thr18,long,2021-04-29 15:55:00,2021-04-29 15:55:00,1.2128999999999999,1.212213214285714,sl,-0.051897326114396035,0
5m+30m|thr18,short,2021-04-29 20:00:00,2021-04-29 20:10:00,1.2117200000000001,1.21217,score,-0.04882105927229438,2
5m+30m|thr18,short,2021-04-29 20:30:00,2021-04-29 20:35:00,1.2119,1.21172,score,0.02575163825232935,1
5m+30m|thr18,short,2021-04-29 21:25:00,2021-04-29 21:30:00,1.21136,1.2116889285714285,sl,-0.051147658643052436,1
5m+30m|thr18,long,2021-04-29 22:45:00,2021-04-29 23:00:00,1.21274,1.2125700000000001,score,-0.027609189758206126,3
5m+30m|thr18,long,2021-04-29 23:30:00,2021-04-29 23:40:00,1.2123,1.2120010714285714,sl,-0.05036009015903983,2
5m+30m|thr25,long,2021-01-14 02:15:00,2021-01-14 02:30:00,1.21655,1.21663,score,0.23333333333352765,3
5m+30m|thr25,long,2021-01-14 03:15:00,2021-01-14 03:25:00,1.2167299999999999,1.21672,score,-0.023624017956991036,2
5m+30m|thr25,short,2021-01-14 07:15:00,2021-01-14 07:20:00,1.21459,1.2149467857142857,sl,-1.0020970931537654,1
5m+30m|thr25,short,2021-01-14 07:55:00,2021-01-14 07:55:00,1.21498,1.2154449999999999,sl,-0.9920761222222281,0
5m+30m|thr25,short,2021-01-14 08:05:00,2021-01-14 08:35:00,1.21512,1.21528,score,-0.29689986621307085,6
5m+30m|thr25,short,2021-01-14 09:15:00,2021-01-14 09:40:00,1.21472,1.21479,score,-0.12302597885784658,5
5m+30m|thr25,short,2021-01-14 11:00:00,2021-01-14 11:20:00,1.21578,1.2154,score,0.36977444673513155,4
5m+30m|thr25,long,2021-01-14 11:35:00,2021-01-14 11:50:00,1.2160199999999999,1.2161600000000001,score,0.15680860147969602,3
5m+30m|thr25,long,2021-01-14 12:45:00,2021-01-14 12:55:00,1.21665,1.21649,score,-0.2549093900450846,2
5m+30m|thr25,long,2021-01-14 13:10:00,2021-01-14 13:20:00,1.21613,1.2155782142857143,sl,-0.980672839130994,2
5m+30m|thr25,long,2021-01-14 13:30:00,2021-01-14 13:35:00,1.21545,1.2153800000000001,score,-0.11128056006108888,1
5m+30m|thr25,short,2021-01-14 18:05:00,2021-01-14 18:15:00,1.21358,1.2144489285714286,sl,-0.9697533051390733,2
5m+30m|thr25,long,2021-01-14 19:45:00,2021-01-14 20:00:00,1.21584,1.21624,score,0.5716440535555947,3
5m+30m|thr25,long,2021-01-14 20:25:00,2021-01-14 20:25:00,1.2162199999999999,1.21546,score,-0.6408366911325631,0
5m+30m|thr25,long,2021-01-14 21:00:00,2021-01-14 21:10:00,1.2151399999999999,1.21533,score,0.1491035833827458,2
5m+30m|thr25,long,2021-01-14 22:45:00,2021-01-14 22:55:00,1.2163199999999998,1.2163300000000001,score,0.022532610288150946,2
5m+30m|thr25,long,2021-01-14 23:40:00,2021-01-14 23:55:00,1.21569,1.2152442857142858,sl,-0.9610802076486217,3
5m+30m|thr25,short,2021-01-15 05:40:00,2021-01-15 05:50:00,1.2151800000000001,1.2150999999999998,score,0.240010300505553,2
5m+30m|thr25,short,2021-01-15 06:25:00,2021-01-15 06:25:00,1.21451,1.2148057142857143,sl,-0.953869508577191,0
5m+30m|thr25,short,2021-01-15 09:00:00,2021-01-15 09:10:00,1.2136900000000002,1.2141132142857145,sl,-0.9443308134914192,2
5m+30m|thr25,short,2021-01-15 09:35:00,2021-01-15 09:45:00,1.2143300000000001,1.21387,score,0.8292941507573351,2
5m+30m|thr25,short,2021-01-15 10:20:00,2021-01-15 10:50:00,1.21248,1.21252,score,-0.04720116624169037,6
5m+30m|thr25,short,2021-01-15 12:45:00,2021-01-15 12:45:00,1.21371,1.2134099999999999,score,0.3853406742432897,0
5m+30m|thr25,short,2021-01-15 15:50:00,2021-01-15 15:50:00,1.2121,1.212,score,0.11533390589394314,0
5m+30m|thr25,short,2021-01-15 16:25:00,2021-01-15 16:40:00,1.2112500000000002,1.2114,score,-0.14359320924275504,3
5m+30m|thr25,short,2021-01-15 18:50:00,2021-01-15 19:00:00,1.20968,1.2100199999999999,score,-0.37914892464739797,2
5m+30m|thr25,short,2021-01-15 19:55:00,2021-01-15 20:00:00,1.20902,1.2088299999999998,score,0.30388090190403294,1
5m+30m|thr25,short,2021-01-15 20:20:00,2021-01-15 20:25:00,1.2087,1.2083599999999999,score,0.6186538098880455,1
5m+30m|thr25,short,2021-01-15 22:10:00,2021-01-15 22:25:00,1.20791,1.20801,score,-0.23131915789842633,3
5m+30m|thr25,short,2021-01-15 23:35:00,2021-01-15 23:45:00,1.20756,1.20757,score,-0.031200936180593955,2
5m+30m|thr25,short,2021-01-18 00:40:00,2021-01-18 00:40:00,1.2077900000000001,1.2078799999999998,score,-0.22713214840569926,0
5m+30m|thr25,short,2021-01-18 01:35:00,2021-01-18 01:35:00,1.20794,1.20762,score,0.8268495707447557,0
5m+30m|thr25,short,2021-01-18 04:05:00,2021-01-18 04:25:00,1.20791,1.20797,score,-0.1243831732176238,4
5m+30m|thr25,short,2021-01-18 04:50:00,2021-01-18 04:50:00,1.20809,1.2083,score,-0.4985410257946653,0
5m+30m|thr25,long,2021-01-18 05:15:00,2021-01-18 05:20:00,1.2077,1.2073153571428572,sl,-0.9488558380745307,1
5m+30m|thr25,short,2021-01-18 08:05:00,2021-01-18 08:25:00,1.20749,1.2077499999999999,score,-0.6457595652662,4
5m+30m|thr25,long,2021-01-18 08:35:00,2021-01-18 08:35:00,1.20782,1.20751,score,-0.8435058393198586,0
5m+30m|thr25,long,2021-01-18 08:55:00,2021-01-18 09:00:00,1.20804,1.20795,score,-0.261467570890068,1
5m+30m|thr25,long,2021-01-18 09:15:00,2021-01-18 09:20:00,1.20834,1.2081,score,-0.5816806444686569,1
5m+30m|thr25,long,2021-01-18 09:45:00,2021-01-18 09:55:00,1.20747,1.2069567857142858,sl,-0.9160431434943375,2
5m+30m|thr25,long,2021-01-18 10:00:00,2021-01-18 10:05:00,1.20681,1.20717,score,0.49952883811820187,1
5m+30m|thr25,short,2021-01-18 13:30:00,2021-01-18 13:50:00,1.20709,1.20668,score,0.5583125037364249,4
5m+30m|thr25,short,2021-01-18 15:45:00,2021-01-18 15:55:00,1.2064300000000001,1.20665,score,-0.377525753703467,2
5m+30m|thr25,long,2021-01-18 17:40:00,2021-01-18 17:40:00,1.20736,1.2072,score,-0.285447188868461,0
5m+30m|thr25,long,2021-01-18 18:00:00,2021-01-18 18:10:00,1.20753,1.20747,score,-0.10898837217707856,2
5m+30m|thr25,long,2021-01-18 18:20:00,2021-01-18 18:30:00,1.20777,1.2076500000000001,score,-0.23052273615589292,2
5m+30m|thr25,long,2021-01-18 19:15:00,2021-01-18 19:40:00,1.20732,1.20719,score,-0.3084097177671567,5
5m+30m|thr25,long,2021-01-18 21:10:00,2021-01-18 21:10:00,1.20774,1.2074560714285716,sl,-0.9043521877912202,0
5m+30m|thr25,long,2021-01-18 21:20:00,2021-01-18 21:30:00,1.2077499999999999,1.2079,score,0.4096183438822147,2
5m+30m|thr25,long,2021-01-18 22:55:00,2021-01-18 22:55:00,1.2079,1.2077307142857143,sl,-0.8994048493521302,0
5m+30m|thr25,long,2021-01-19 02:40:00,2021-01-19 02:45:00,1.20901,1.2086521428571428,sl,-0.8904108008586089,1
5m+30m|thr25,long,2021-01-19 03:10:00,2021-01-19 03:25:00,1.20889,1.20909,score,0.37312452607396535,3
5m+30m|thr25,long,2021-01-19 03:35:00,2021-01-19 03:45:00,1.20956,1.20934,score,-0.40573405496719395,2
5m+30m|thr25,long,2021-01-19 04:20:00,2021-01-19 04:25:00,1.20976,1.20948,score,-0.5714190144644389,1
5m+30m|thr25,long,2021-01-19 10:05:00,2021-01-19 10:05:00,1.21172,1.2112800000000001,score,-0.4433105688189839,0
5m+30m|thr25,long,2021-01-19 11:20:00,2021-01-19 11:20:00,1.21084,1.21115,score,0.33335842411826583,0
5m+30m|thr25,long,2021-01-19 11:35:00,2021-01-19 11:35:00,1.21145,1.21149,score,0.04683361608257671,0
5m+30m|thr25,long,2021-01-19 11:45:00,2021-01-19 11:55:00,1.21169,1.21177,score,0.09072365266544287,2
5m+30m|thr25,long,2021-01-19 16:15:00,2021-01-19 16:20:00,1.21452,1.21419,score,-0.44657065772564214,1
5m+30m|thr25,long,2021-01-19 16:45:00,2021-01-19 16:50:00,1.2132,1.2124960714285715,sl,-0.8712767520796628,1
5m+30m|thr25,short,2021-01-19 22:35:00,2021-01-19 22:40:00,1.21258,1.2124599999999999,score,0.2784068192238589,1
5m+30m|thr25,short,2021-01-20 00:00:00,2021-01-20 00:00:00,1.21275,1.2126,score,0.4924745015658947,0
5m+30m|thr25,long,2021-01-20 00:10:00,2021-01-20 00:10:00,1.21257,1.21262,score,0.1773481683953669,0
5m+30m|thr25,long,2021-01-20 00:30:00,2021-01-20 01:15:00,1.21265,1.21347,score,2.8400258973327412,9
5m+30m|thr25,long,2021-01-20 02:15:00,2021-01-20 02:35:00,1.21398,1.21421,score,0.35208717106553394,4
5m+30m|thr25,long,2021-01-20 08:35:00,2021-01-20 08:45:00,1.21495,1.21523,score,0.878203778866907,2
5m+30m|thr25,long,2021-01-20 09:15:00,2021-01-20 09:20:00,1.21555,1.2153,score,-0.4151556943117975,1
5m+30m|thr25,long,2021-01-20 10:15:00,2021-01-20 10:20:00,1.21451,1.21441,score,-0.15850928939219452,1
5m+30m|thr25,short,2021-01-20 13:30:00,2021-01-20 13:30:00,1.2116500000000001,1.21153,score,0.16987530666515693,0
5m+30m|thr25,short,2021-01-20 13:45:00,2021-01-20 13:50:00,1.2116200000000001,1.21156,score,0.09511747077517375,1
5m+30m|thr25,short,2021-01-20 14:10:00,2021-01-20 14:15:00,1.21141,1.21065,score,1.3141631233077589,1
5m+30m|thr25,short,2021-01-20 14:30:00,2021-01-20 14:40:00,1.21093,1.21078,score,0.24655078242978612,2
5m+30m|thr25,short,2021-01-20 16:40:00,2021-01-20 16:45:00,1.21021,1.2098499999999999,score,0.4479692717760368,1
5m+30m|thr25,short,2021-01-20 17:55:00,2021-01-20 18:00:00,1.2103000000000002,1.20972,score,0.41802693289071935,1
5m+30m|thr25,short,2021-01-20 22:25:00,2021-01-20 22:30:00,1.21035,1.2102,score,0.3986285846803536,1
5m+30m|thr25,long,2021-01-20 23:35:00,2021-01-20 23:40:00,1.2107999999999999,1.2104700000000002,score,-0.8206765987094418,1
5m+30m|thr25,long,2021-01-21 00:30:00,2021-01-21 00:30:00,1.21058,1.2102671428571428,sl,-0.929709346824485,0
5m+30m|thr25,long,2021-01-21 01:05:00,2021-01-21 01:15:00,1.21123,1.21149,score,0.6020306562830812,2
5m+30m|thr25,long,2021-01-21 02:25:00,2021-01-21 02:40:00,1.2112399999999999,1.2109389285714285,sl,-0.9264325599190709,3
5m+30m|thr25,long,2021-01-21 11:20:00,2021-01-21 11:40:00,1.2135799999999999,1.2142600000000001,score,0.7186371679612225,4
5m+30m|thr25,long,2021-01-21 14:50:00,2021-01-21 14:50:00,1.21549,1.2148878571428572,sl,-0.9243546059994924,0
5m+30m|thr25,long,2021-01-21 15:10:00,2021-01-21 15:25:00,1.21522,1.21612,score,1.0981332719275052,3
5m+30m|thr25,long,2021-01-21 16:20:00,2021-01-21 16:30:00,1.21448,1.21485,score,0.24849306366083343,2
5m+30m|thr25,long,2021-01-21 18:25:00,2021-01-21 18:45:00,1.21448,1.2142600000000001,score,-0.22537574119375756,4
5m+30m|thr25,long,2021-01-21 21:05:00,2021-01-21 21:25:00,1.21567,1.21573,score,0.13615254511662342,4
5m+30m|thr25,long,2021-01-21 22:10:00,2021-01-21 22:20:00,1.2163899999999999,1.2163000000000002,score,-0.20032274465776084,2
5m+30m|thr25,long,2021-01-21 22:55:00,2021-01-21 23:00:00,1.2169699999999999,1.21676,score,-0.5432145069518971,1
5m+30m|thr25,long,2021-01-21 23:50:00,2021-01-21 23:55:00,1.21698,1.2167089285714285,sl,-0.9202497188185128,1
5m+30m|thr25,long,2021-01-22 03:10:00,2021-01-22 03:25:00,1.2165899999999998,1.21656,score,-0.05656169003423099,3
5m+30m|thr25,long,2021-01-22 04:35:00,2021-01-22 04:50:00,1.2173399999999999,1.21739,score,0.09812734770013984,3
5m+30m|thr25,long,2021-01-22 06:10:00,2021-01-22 06:10:00,1.21749,1.2173,score,-0.6169188946641977,0
5m+30m|thr25,long,2021-01-22 06:40:00,2021-01-22 06:55:00,1.21748,1.21727,score,-0.7212909068896182,3
5m+30m|thr25,long,2021-01-22 13:00:00,2021-01-22 13:00:00,1.21687,1.21736,score,0.7269420828455146,0
5m+30m|thr25,long,2021-01-22 14:15:00,2021-01-22 14:25:00,1.2172399999999999,1.2165875,sl,-0.9053502010199039,2
5m+30m|thr25,short,2021-01-22 16:25:00,2021-01-22 16:35:00,1.21585,1.216,score,-0.22014304887936512,2
5m+30m|thr25,short,2021-01-22 17:20:00,2021-01-22 17:45:00,1.21793,1.21705,score,0.8363898032025375,5
5m+30m|thr25,long,2021-01-22 18:10:00,2021-01-22 18:15:00,1.21782,1.21727,score,-0.5443741153509789,1
5m+30m|thr25,long,2021-01-22 18:55:00,2021-01-22 19:00:00,1.2179799999999998,1.2174,score,-0.6397685774476336,1
5m+30m|thr25,long,2021-01-22 19:20:00,2021-01-22 19:20:00,1.2176799999999999,1.2170832142857142,sl,-0.8906177396249505,0
5m+30m|thr25,long,2021-01-22 19:30:00,2021-01-22 19:40:00,1.21711,1.2165292857142855,sl,-0.8817115622287008,2
5m+30m|thr25,long,2021-01-22 21:55:00,2021-01-22 22:00:00,1.21688,1.2165767857142857,sl,-0.8728944466064141,1
5m+30m|thr25,short,2021-01-25 02:40:00,2021-01-25 02:55:00,1.21703,1.21684,score,0.4064863369929216,3
5m+30m|thr25,short,2021-01-25 03:15:00,2021-01-25 03:20:00,1.21659,1.2164599999999999,score,0.24613384193629204,1
5m+30m|thr25,short,2021-01-25 04:55:00,2021-01-25 05:15:00,1.21743,1.21767,score,-0.5358102793412038,4
5m+30m|thr25,long,2021-01-25 05:25:00,2021-01-25 05:30:00,1.21762,1.21753,score,-0.196454114852353,1
5m+30m|thr25,long,2021-01-25 06:10:00,2021-01-25 06:35:00,1.21776,1.21773,score,-0.08393865860981235,5
5m+30m|thr25,long,2021-01-25 10:20:00,2021-01-25 10:25:00,1.21708,1.2176200000000001,score,0.7599911807596884,1
5m+30m|thr25,short,2021-01-25 13:35:00,2021-01-25 13:45:00,1.21567,1.216227142857143,sl,-0.8701295852092051,2
5m+30m|thr25,short,2021-01-25 14:50:00,2021-01-25 14:55:00,1.21556,1.2154,score,0.24409859179749185,1
5m+30m|thr25,short,2021-01-25 18:45:00,2021-01-25 19:00:00,1.21347,1.21399,score,-0.553119465611362,3
5m+30m|thr25,short,2021-01-25 19:25:00,2021-01-25 19:30:00,1.21385,1.21426,score,-0.5803133784159564,1
5m+30m|thr25,short,2021-01-25 19:55:00,2021-01-25 20:10:00,1.2144000000000001,1.21452,score,-0.1890770575156877,3
5m+30m|thr25,short,2021-01-25 23:10:00,2021-01-25 23:25:00,1.21381,1.21404,score,-0.7672476883905555,3
5m+30m|thr25,short,2021-01-26 00:00:00,2021-01-26 00:00:00,1.2136500000000001,1.2138685714285715,sl,-0.8429716993757522,0
5m+30m|thr25,long,2021-01-26 00:10:00,2021-01-26 00:25:00,1.21416,1.2139900000000001,score,-0.455030909064702,3
5m+30m|thr25,long,2021-01-26 00:45:00,2021-01-26 01:10:00,1.21376,1.21421,score,0.9078033926626774,5
5m+30m|thr25,long,2021-01-26 01:20:00,2021-01-26 01:25:00,1.21443,1.21424,score,-0.397847668662861,1
5m+30m|thr25,long,2021-01-26 02:05:00,2021-01-26 02:15:00,1.2140199999999999,1.2137789285714284,sl,-0.8350912305313459,2
5m+30m|thr25,long,2021-01-26 02:20:00,2021-01-26 02:30:00,1.21384,1.2136203571428572,sl,-0.8267403182260324,2
5m+30m|thr25,long,2021-01-26 05:25:00,2021-01-26 05:50:00,1.2142199999999999,1.2139585714285712,sl,-0.8184729150437723,5
5m+30m|thr25,short,2021-01-26 08:50:00,2021-01-26 08:50:00,1.2127400000000002,1.21299,score,-0.4885458485143359,0
5m+30m|thr25,short,2021-01-26 09:25:00,2021-01-26 09:25:00,1.2126700000000001,1.21252,score,0.24781622381807428,0
5m+30m|thr25,short,2021-01-26 09:50:00,2021-01-26 10:10:00,1.21158,1.2122582142857143,sl,-0.8078808896463721,4
5m+30m|thr25,short,2021-01-26 12:55:00,2021-01-26 13:05:00,1.21262,1.21301,score,-0.44447016395861405,2
5m+30m|thr25,long,2021-01-26 14:10:00,2021-01-26 14:10:00,1.21442,1.21376,score,-0.7826519896677703,0
5m+30m|thr25,long,2021-01-26 14:25:00,2021-01-26 14:30:00,1.21455,1.2140900000000001,score,-0.5009085168725561,1
5m+30m|thr25,long,2021-01-26 14:45:00,2021-01-26 14:55:00,1.21485,1.21437,score,-0.5360393803855571,2
5m+30m|thr25,long,2021-01-26 15:25:00,2021-01-26 15:45:00,1.21477,1.21591,score,1.4331017479663535,4
5m+30m|thr25,long,2021-01-26 21:30:00,2021-01-26 21:45:00,1.21662,1.21672,score,0.22117552032117788,3
5m+30m|thr25,long,2021-01-26 22:10:00,2021-01-26 22:20:00,1.21678,1.21665,score,-0.29631621709150935,2
5m+30m|thr25,long,2021-01-26 23:00:00,2021-01-26 23:05:00,1.21679,1.21659,score,-0.6074279215658737,1
5m+30m|thr25,long,2021-01-27 03:00:00,2021-01-27 03:15:00,1.21626,1.2161300000000002,score,-0.2929422389733558,3
5m+30m|thr25,short,2021-01-27 07:50:00,2021-01-27 07:55:00,1.2160900000000001,1.2163214285714286,sl,-0.7817372891476314,1
5m+30m|thr25,long,2021-01-27 08:45:00,2021-01-27 08:45:00,1.21637,1.2160260714285716,sl,-0.7739199162561552,0
5m+30m|thr25,long,2021-01-27 09:10:00,2021-01-27 09:25:00,1.21604,1.2156510714285715,sl,-0.7661807170935935,3
5m+30m|thr25,short,2021-01-27 14:00:00,2021-01-27 14:05:00,1.21159,1.21135,score,0.28700715510584895,1
5m+30m|thr25,short,2021-01-27 14:25:00,2021-01-27 14:35:00,1.21134,1.2119550000000001,sl,-0.7613889814737163,2
5m+30m|thr25,short,2021-01-27 15:10:00,2021-01-27 15:15:00,1.21113,1.21129,score,-0.17506025975274667,1
5m+30m|thr25,short,2021-01-27 15:55:00,2021-01-27 15:55:00,1.21072,1.2111699999999999,score,-0.4368606990396648,0
5m+30m|thr25,short,2021-01-27 16:30:00,2021-01-27 16:30:00,1.21042,1.20908,score,1.2368628172534943,0
5m+30m|thr25,short,2021-01-27 16:50:00,2021-01-27 17:00:00,1.20632,1.2076410714285715,sl,-0.76002451024359,2
5m+30m|thr25,short,2021-01-27 18:55:00,2021-01-27 19:05:00,1.21005,1.21045,score,-0.3232509309390565,2
5m+30m|thr25,short,2021-01-27 19:25:00,2021-01-27 19:35:00,1.21037,1.21096,score,-0.5575066579434341,2
5m+30m|thr25,short,2021-01-27 20:05:00,2021-01-27 20:30:00,1.2115200000000002,1.21183,flip,-0.3013348675400127,5
5m+30m|thr25,long,2021-01-27 20:35:00,2021-01-27 20:40:00,1.21183,1.2113800000000001,score,-0.48150681585475436,1
5m+30m|thr25,long,2021-01-27 20:55:00,2021-01-27 21:05:00,1.21181,1.2112560714285714,sl,-0.7357882724183812,2
5m+30m|thr25,long,2021-01-27 21:20:00,2021-01-27 21:30:00,1.21101,1.210257857142857,sl,-0.7284303896941974,2
5m+30m|thr25,long,2021-01-27 21:55:00,2021-01-27 22:05:00,1.21025,1.20985,score,-0.2716729283864495,2
5m+30m|thr25,long,2021-01-28 00:55:00,2021-01-28 01:00:00,1.21077,1.21079,score,0.031260329421146114,1
5m+30m|thr25,short,2021-01-28 07:15:00,2021-01-28 07:30:00,1.20944,1.2094,score,0.08545551963747934,3
5m+30m|thr25,short,2021-01-28 07:50:00,2021-01-28 07:50:00,1.20937,1.2097203571428572,sl,-0.7195965150039771,0
5m+30m|thr25,long,2021-01-28 08:25:00,2021-01-28 08:30:00,1.20982,1.20956,score,-0.33245358993170493,1
5m+30m|thr25,long,2021-01-28 08:45:00,2021-01-28 08:45:00,1.21006,1.20968,score,-0.4388928905452694,0
5m+30m|thr25,long,2021-01-28 09:00:00,2021-01-28 09:00:00,1.21037,1.2097389285714284,sl,-0.7046870850491678,0
5m+30m|thr25,long,2021-01-28 09:10:00,2021-01-28 09:30:00,1.20902,1.20839,score,-0.6196562627623559,4
5m+30m|thr25,long,2021-01-28 12:40:00,2021-01-28 12:55:00,1.2113099999999999,1.21081,score,-0.44753634405884696,3
5m+30m|thr25,long,2021-01-28 13:20:00,2021-01-28 13:30:00,1.21079,1.21035,score,-0.4112463221461636,2
5m+30m|thr25,long,2021-01-28 17:15:00,2021-01-28 17:25:00,1.21399,1.21354,score,-0.2795316242316473,2
5m+30m|thr25,long,2021-01-28 20:40:00,2021-01-28 20:50:00,1.2132699999999998,1.2132800000000001,score,0.01181979779218968,2
5m+30m|thr25,long,2021-01-28 21:45:00,2021-01-28 21:45:00,1.21394,1.2137200000000001,score,-0.35268525529698,0
5m+30m|thr25,short,2021-01-29 04:15:00,2021-01-29 04:25:00,1.21073,1.21069,score,0.05916081784413689,2
5m+30m|thr25,short,2021-01-29 04:50:00,2021-01-29 05:00:00,1.21049,1.21015,score,0.5191109308220311,2
5m+30m|thr25,short,2021-01-29 05:55:00,2021-01-29 06:00:00,1.2099600000000001,1.20963,score,0.4992632970218432,1
5m+30m|thr25,short,2021-01-29 06:10:00,2021-01-29 06:50:00,1.2096,1.210052142857143,sl,-0.6874272045485184,8
5m+30m|thr25,short,2021-01-29 08:30:00,2021-01-29 08:30:00,1.2101,1.210445,sl,-0.6805529325030333,0
5m+30m|thr25,short,2021-01-29 08:50:00,2021-01-29 09:00:00,1.2103300000000001,1.2107135714285715,sl,-0.6737474031780029,2
5m+30m|thr25,short,2021-01-29 09:15:00,2021-01-29 09:20:00,1.2105000000000001,1.21015,score,0.5937054773508545,1
5m+30m|thr25,short,2021-01-29 10:55:00,2021-01-29 10:55:00,1.21096,1.2118567857142857,sl,-0.6729469839197314,0
5m+30m|thr25,long,2021-01-29 11:40:00,2021-01-29 11:40:00,1.2111399999999999,1.21113,score,-0.007349917412910202,0
5m+30m|thr25,long,2021-01-29 11:50:00,2021-01-29 12:00:00,1.21182,1.2109400000000001,score,-0.6467213761738488,2
5m+30m|thr25,long,2021-01-29 12:10:00,2021-01-29 12:30:00,1.21105,1.2124300000000001,score,1.031145291109953,4
5m+30m|thr25,long,2021-01-29 13:00:00,2021-01-29 13:05:00,1.21349,1.2132,score,-0.21848612943498139,1
5m+30m|thr25,long,2021-01-29 16:50:00,2021-01-29 17:25:00,1.2143599999999999,1.2145700000000001,score,0.15062078824099173,7
5m+30m|thr25,short,2021-02-01 03:15:00,2021-02-01 03:15:00,1.21281,1.2132835714285715,sl,-0.6693096006438262,0
5m+30m|thr25,short,2021-02-01 05:50:00,2021-02-01 06:10:00,1.21302,1.2133028571428572,sl,-0.6626165046373879,4
5m+30m|thr25,long,2021-02-01 06:15:00,2021-02-01 06:25:00,1.21332,1.2130360714285713,sl,-0.6559903395910139,2
5m+30m|thr25,long,2021-02-01 07:00:00,2021-02-01 07:10:00,1.21284,1.2128,score,-0.08881099982113973,2
5m+30m|thr25,long,2021-02-01 08:10:00,2021-02-01 08:25:00,1.2131399999999999,1.2130100000000001,score,-0.3185821953241115,3
5m+30m|thr25,long,2021-02-01 09:10:00,2021-02-01 09:15:00,1.2123599999999999,1.21251,score,0.2859174385890612,1
5m+30m|thr25,short,2021-02-01 12:30:00,2021-02-01 12:30:00,1.20878,1.2081199999999999,score,0.6040860182086252,0
5m+30m|thr25,short,2021-02-01 12:50:00,2021-02-01 13:20:00,1.2077200000000001,1.20764,score,0.06160296960654615,6
5m+30m|thr25,short,2021-02-01 14:20:00,2021-02-01 14:40:00,1.2084300000000001,1.2085599999999999,score,-0.12836489765013362,4
5m+30m|thr25,short,2021-02-01 16:00:00,2021-02-01 16:05:00,1.2084300000000001,1.20909,score,-0.5188283175658918,1
5m+30m|thr25,short,2021-02-01 16:35:00,2021-02-01 16:50:00,1.2096500000000001,1.20902,score,0.5377426998267394,3
5m+30m|thr25,short,2021-02-01 20:35:00,2021-02-01 20:35:00,1.20668,1.20667,score,0.009639697616654857,0
5m+30m|thr25,short,2021-02-01 21:45:00,2021-02-01 21:50:00,1.2072500000000002,1.20685,score,0.598316499648677,1
5m+30m|thr25,short,2021-02-02 00:50:00,2021-02-02 01:10:00,1.20608,1.2063,score,-0.511285908429009,4
5m+30m|thr25,short,2021-02-02 01:40:00,2021-02-02 02:10:00,1.20666,1.20642,score,0.5392015721993998,6
5m+30m|thr25,short,2021-02-02 03:30:00,2021-02-02 03:40:00,1.2074200000000002,1.2078528571428575,sl,-0.6601367819641579,2
5m+30m|thr25,long,2021-02-02 03:45:00,2021-02-02 03:45:00,1.20811,1.20766,score,-0.6032634592104372,0
5m+30m|thr25,long,2021-02-02 11:00:00,2021-02-02 11:05:00,1.20872,1.20801,score,-0.4451021873272061,1
5m+30m|thr25,long,2021-02-02 11:35:00,2021-02-02 11:50:00,1.20696,1.20648,score,-0.32849166184751516,3
5m+30m|thr25,short,2021-02-02 15:30:00,2021-02-02 15:45:00,1.2042300000000001,1.20438,score,-0.12597378023688466,3
5m+30m|thr25,short,2021-02-02 16:10:00,2021-02-02 16:25:00,1.20451,1.2045299999999999,score,-0.015068014236117354,3
5m+30m|thr25,short,2021-02-02 16:55:00,2021-02-02 17:05:00,1.20243,1.2033182142857144,sl,-0.6383564231159348,2
5m+30m|thr25,short,2021-02-02 21:45:00,2021-02-02 21:50:00,1.20222,1.20216,score,0.11164189305256371,1
5m+30m|thr25,long,2021-02-02 23:50:00,2021-02-03 00:00:00,1.2043599999999999,1.20419,score,-0.18499109652526227,2
5m+30m|thr25,long,2021-02-03 03:10:00,2021-02-03 03:20:00,1.20467,1.2048,score,0.192438131937795,2
5m+30m|thr25,long,2021-02-03 04:00:00,2021-02-03 04:10:00,1.20477,1.20462,score,-0.20710963725150958,2
5m+30m|thr25,short,2021-02-03 10:50:00,2021-02-03 10:55:00,1.2036,1.2032,score,0.3375471681052622,1
5m+30m|thr25,short,2021-02-03 11:20:00,2021-02-03 11:30:00,1.20175,1.2026382142857144,sl,-0.6344681234779638,2
5m+30m|thr25,short,2021-02-03 12:35:00,2021-02-03 12:45:00,1.20147,1.20218,score,-0.5356968696608362,2
5m+30m|thr25,short,2021-02-03 14:25:00,2021-02-03 14:30:00,1.20117,1.201727142857143,sl,-0.6227664735465759,1
5m+30m|thr25,short,2021-02-03 16:10:00,2021-02-03 16:10:00,1.2018,1.2026528571428572,sl,-0.61653880881111,0
5m+30m|thr25,short,2021-02-03 16:30:00,2021-02-03 16:30:00,1.2023700000000002,1.20316,score,-0.567526694678106,0
5m+30m|thr25,short,2021-02-03 16:40:00,2021-02-03 17:10:00,1.20262,1.20224,score,0.266749102660853,6
5m+30m|thr25,long,2021-02-03 17:25:00,2021-02-03 17:30:00,1.20174,1.2010392857142858,sl,-0.6073656448028264,1
5m+30m|thr25,long,2021-02-03 19:45:00,2021-02-03 19:55:00,1.20294,1.2026000000000001,score,-0.46539022188089413,2
5m+30m|thr25,long,2021-02-03 20:20:00,2021-02-03 20:25:00,1.20228,1.20224,score,-0.062393525347624615,1
5m+30m|thr25,long,2021-02-03 21:05:00,2021-02-03 21:10:00,1.2028699999999999,1.2025700000000001,score,-0.556279874156518,1
5m+30m|thr25,long,2021-02-03 21:35:00,2021-02-03 21:40:00,1.20282,1.20266,score,-0.36285624932643196,1
5m+30m|thr25,long,2021-02-03 22:15:00,2021-02-03 22:20:00,1.20257,1.20259,score,0.04846913896826773,1
5m+30m|thr25,long,2021-02-03 22:30:00,2021-02-03 22:50:00,1.20276,1.20354,score,1.8429303715314438,4
5m+30m|thr25,long,2021-02-04 00:25:00,2021-02-04 00:30:00,1.2031399999999999,1.20316,score,0.041878098699217096,1
5m+30m|thr25,long,2021-02-04 02:15:00,2021-02-04 02:25:00,1.2043,1.204,score,-0.5222263335602562,2
5m+30m|thr25,long,2021-02-04 02:50:00,2021-02-04 02:50:00,1.2038,1.2038,score,0.0,0
5m+30m|thr25,long,2021-02-04 03:00:00,2021-02-04 03:10:00,1.2036499999999999,1.20357,score,-0.128935880975346,2
5m+30m|thr25,short,2021-02-04 08:35:00,2021-02-04 08:40:00,1.20126,1.2015,score,-0.3260200081677107,1
5m+30m|thr25,short,2021-02-04 09:20:00,2021-02-04 09:50:00,1.20055,1.2003899999999998,score,0.13372368222917405,6
5m+30m|thr25,short,2021-02-04 12:45:00,2021-02-04 12:55:00,1.19914,1.19881,score,0.30032310268071044,2
5m+30m|thr25,short,2021-02-04 13:20:00,2021-02-04 13:20:00,1.19878,1.1991399999999999,score,-0.3597920410294513,0
5m+30m|thr25,short,2021-02-04 14:40:00,2021-02-04 14:45:00,1.19861,1.19908,score,-0.38748431898029134,1
5m+30m|thr25,short,2021-02-04 15:25:00,2021-02-04 15:40:00,1.19934,1.19866,score,0.6360083088614968,3
5m+30m|thr25,short,2021-02-04 22:15:00,2021-02-04 22:30:00,1.19639,1.19659,score,-0.2914778274966658,3
5m+30m|thr25,short,2021-02-04 23:55:00,2021-02-05 00:00:00,1.19611,1.1963939285714285,sl,-0.5966967525752894,1
5m+30m|thr25,short,2021-02-05 01:25:00,2021-02-05 02:05:00,1.1966400000000001,1.1964599999999999,score,0.3111053413431453,8
5m+30m|thr25,short,2021-02-05 02:45:00,2021-02-05 02:55:00,1.19676,1.19695,score,-0.2958083577359566,2
5m+30m|thr25,long,2021-02-05 03:10:00,2021-02-05 03:20:00,1.1963599999999999,1.19651,score,0.20375267409852726,2
5m+30m|thr25,long,2021-02-05 04:10:00,2021-02-05 04:20:00,1.19648,1.19636,score,-0.16478181524100155,2
5m+30m|thr25,long,2021-02-05 04:30:00,2021-02-05 04:40:00,1.19633,1.1959689285714283,sl,-0.5912724634741836,2
5m+30m|thr25,short,2021-02-05 07:50:00,2021-02-05 07:55:00,1.1959300000000002,1.1961528571428572,sl,-0.5853597388394418,1
5m+30m|thr25,short,2021-02-05 08:10:00,2021-02-05 08:20:00,1.19608,1.19635,score,-0.5888530147001797,2
5m+30m|thr25,long,2021-02-05 09:00:00,2021-02-05 09:00:00,1.19657,1.1963700000000002,score,-0.3692251291149415,0
5m+30m|thr25,long,2021-02-05 09:30:00,2021-02-05 09:50:00,1.19618,1.19631,score,0.2434892383153551,4
5m+30m|thr25,long,2021-02-05 11:00:00,2021-02-05 11:05:00,1.19848,1.19831,score,-0.12936537518543276,1
5m+30m|thr25,long,2021-02-05 11:50:00,2021-02-05 12:00:00,1.19788,1.19794,score,0.06345184429374728,2
5m+30m|thr25,long,2021-02-05 16:30:00,2021-02-05 16:35:00,1.2016499999999999,1.20133,score,-0.12886646563769888,1
5m+30m|thr25,long,2021-02-05 17:10:00,2021-02-05 17:15:00,1.2029699999999999,1.2024000000000001,score,-0.29926964959866426,1
5m+30m|thr25,long,2021-02-08 01:45:00,2021-02-08 02:10:00,1.20476,1.2047400000000001,score,-0.022251755134595104,5
5m+30m|thr25,long,2021-02-08 02:30:00,2021-02-08 02:30:00,1.20438,1.20393,sl,-0.5671972383834232,0
5m+30m|thr25,short,2021-02-08 06:20:00,2021-02-08 06:25:00,1.20377,1.20379,score,-0.05347859676161115,1
5m+30m|thr25,short,2021-02-08 07:35:00,2021-02-08 07:50:00,1.2040600000000001,1.20386,score,0.4222508989491749,3
5m+30m|thr25,long,2021-02-08 10:15:00,2021-02-08 10:15:00,1.20474,1.2041410714285712,sl,-0.5652129890214647,0
5m+30m|thr25,long,2021-02-08 10:30:00,2021-02-08 10:40:00,1.2031399999999999,1.2030100000000001,score,-0.09028375563979019,2
5m+30m|thr25,short,2021-02-08 13:05:00,2021-02-08 13:10:00,1.20292,1.2034289285714286,sl,-0.558658021574852,1
5m+30m|thr25,short,2021-02-08 13:20:00,2021-02-08 13:35:00,1.2029800000000002,1.2035403571428573,sl,-0.5530714413591035,3
5m+30m|thr25,short,2021-02-08 13:50:00,2021-02-08 13:55:00,1.20315,1.20302,score,0.11279277001026727,1
5m+30m|thr25,long,2021-02-08 16:35:00,2021-02-08 16:45:00,1.20549,1.20597,score,0.33903938935344097,2
5m+30m|thr25,long,2021-02-08 17:55:00,2021-02-08 18:10:00,1.20491,1.20459,score,-0.21330095191498788,3
5m+30m|thr25,long,2021-02-08 20:15:00,2021-02-08 20:30:00,1.2048699999999999,1.20476,score,-0.13069229939654184,3
5m+30m|thr25,long,2021-02-08 20:40:00,2021-02-08 20:50:00,1.20498,1.20483,score,-0.21514475138260242,2
5m+30m|thr25,long,2021-02-08 21:30:00,2021-02-08 21:50:00,1.20523,1.20543,score,0.3908325598555532,4
5m+30m|thr25,long,2021-02-08 22:20:00,2021-02-08 22:25:00,1.2055799999999999,1.2054200000000002,score,-0.25684213058452404,1
5m+30m|thr25,long,2021-02-08 22:40:00,2021-02-08 22:40:00,1.20577,1.20543,score,-0.5483836060043787,0
5m+30m|thr25,long,2021-02-08 23:00:00,2021-02-08 23:00:00,1.20525,1.2049221428571428,sl,-0.5423237367448748,0
5m+30m|thr25,long,2021-02-09 02:15:00,2021-02-09 02:25:00,1.20546,1.2054500000000001,score,-0.016538189199486547,2
5m+30m|thr25,long,2021-02-09 03:00:00,2021-02-09 03:05:00,1.20584,1.2056,score,-0.33304339699936675,1
5m+30m|thr25,long,2021-02-09 03:20:00,2021-02-09 03:30:00,1.20603,1.20602,score,-0.013867531233241411,2
5m+30m|thr25,long,2021-02-09 04:05:00,2021-02-09 04:25:00,1.20631,1.20763,score,1.751956592283185,4
5m+30m|thr25,long,2021-02-09 12:40:00,2021-02-09 12:45:00,1.2112,1.21092,score,-0.2402982137533676,1
5m+30m|thr25,long,2021-02-09 18:15:00,2021-02-09 18:25:00,1.2095,1.20948,score,-0.014417570493527342,2
5m+30m|thr25,long,2021-02-09 20:30:00,2021-02-09 20:40:00,1.21052,1.21031,score,-0.2552368873909013,2
5m+30m|thr25,long,2021-02-10 04:40:00,2021-02-10 04:50:00,1.21244,1.21241,score,-0.04151959056375075,2
5m+30m|thr25,long,2021-02-10 06:25:00,2021-02-10 06:35:00,1.21299,1.2129100000000002,score,-0.1703496105113114,2
5m+30m|thr25,long,2021-02-10 10:30:00,2021-02-10 10:55:00,1.21321,1.21387,score,0.6710170158831681,5
5m+30m|thr25,long,2021-02-10 11:15:00,2021-02-10 11:25:00,1.21306,1.2123625,sl,-0.5502775255576399,2
5m+30m|thr25,long,2021-02-10 13:45:00,2021-02-10 14:00:00,1.21257,1.2121114285714285,sl,-0.5447747503020636,3
5m+30m|thr25,short,2021-02-10 15:50:00,2021-02-10 16:05:00,1.2134,1.21362,flip,-0.14985360113851118,3
5m+30m|thr25,long,2021-02-10 16:10:00,2021-02-10 16:15:00,1.21362,1.2132800000000001,score,-0.2036645586243329,1
5m+30m|thr25,long,2021-02-10 16:30:00,2021-02-10 16:30:00,1.21381,1.213,score,-0.5038042497863924,0
5m+30m|thr25,long,2021-02-10 17:00:00,2021-02-10 17:30:00,1.21247,1.2128700000000001,score,0.28026602175778753,6
5m+30m|thr25,short,2021-02-11 02:50:00,2021-02-11 03:30:00,1.21142,1.2116482142857143,sl,-0.5335564389211285,8
5m+30m|thr25,short,2021-02-11 04:20:00,2021-02-11 04:40:00,1.21181,1.21198,score,-0.3692116538578657,4
5m+30m|thr25,short,2021-02-11 05:10:00,2021-02-11 05:20:00,1.2118900000000001,1.2119199999999999,score,-0.07609743639216225,2
5m+30m|thr25,short,2021-02-11 06:20:00,2021-02-11 06:55:00,1.21235,1.2122199999999999,score,0.26260533504314093,7
5m+30m|thr25,long,2021-02-11 07:10:00,2021-02-11 07:40:00,1.21242,1.21262,score,0.5013274637901727,6
5m+30m|thr25,long,2021-02-11 08:45:00,2021-02-11 09:00:00,1.21286,1.2127400000000002,score,-0.2975879825056757,3
5m+30m|thr25,long,2021-02-11 09:10:00,2021-02-11 09:10:00,1.21292,1.21276,score,-0.29666314767288143,0
5m+30m|thr25,long,2021-02-11 09:25:00,2021-02-11 09:30:00,1.2129699999999999,1.2126732142857142,sl,-0.5254646003159643,1
5m+30m|thr25,long,2021-02-11 12:15:00,2021-02-11 12:15:00,1.21254,1.2127400000000002,score,0.19577793979531688,0
5m+30m|thr25,long,2021-02-11 14:10:00,2021-02-11 14:10:00,1.21303,1.2128700000000001,score,-0.24521084350343533,0
5m+30m|thr25,long,2021-02-11 15:00:00,2021-02-11 15:15:00,1.21356,1.21458,score,1.3705520090376877,3
5m+30m|thr25,long,2021-02-11 16:25:00,2021-02-11 16:30:00,1.21352,1.21392,score,0.3457359275522479,1
5m+30m|thr25,short,2021-02-11 20:35:00,2021-02-11 20:45:00,1.213,1.21279,score,0.22629717615011624,2
5m+30m|thr25,long,2021-02-12 02:55:00,2021-02-12 03:00:00,1.21267,1.21289,score,0.4375640967911845,1
5m+30m|thr25,short,2021-02-12 06:45:00,2021-02-12 07:10:00,1.21222,1.21234,score,-0.2940768944227973,5
5m+30m|thr25,short,2021-02-12 07:40:00,2021-02-12 07:40:00,1.2123000000000002,1.2124907142857144,sl,-0.540576348426808,0
5m+30m|thr25,short,2021-02-12 12:45:00,2021-02-12 12:45:00,1.21073,1.21061,score,0.1303024032905064,0
5m+30m|thr25,short,2021-02-12 14:50:00,2021-02-12 15:15:00,1.2111100000000001,1.21033,score,1.0223894956394792,5
5m+30m|thr25,short,2021-02-12 17:20:00,2021-02-12 17:25:00,1.20939,1.2100899999999999,score,-0.4906259650669797,1
5m+30m|thr25,long,2021-02-12 19:30:00,2021-02-12 19:30:00,1.21287,1.2124300000000001,score,-0.5520982737419968,0
5m+30m|thr25,long,2021-02-15 00:05:00,2021-02-15 00:05:00,1.2125,1.2122321428571428,sl,-0.5362702615437499,0
5m+30m|thr25,long,2021-02-15 00:30:00,2021-02-15 00:50:00,1.21216,1.2122300000000001,score,0.13289640044742437,4
5m+30m|thr25,long,2021-02-15 02:00:00,2021-02-15 02:00:00,1.2121199999999999,1.2118842857142855,sl,-0.5322365229327867,0
5m+30m|thr25,long,2021-02-15 04:25:00,2021-02-15 04:25:00,1.21321,1.21293,score,-0.3979775526391733,0
5m+30m|thr25,long,2021-02-15 05:00:00,2021-02-15 05:00:00,1.21332,1.21302,score,-0.48007090822812126,0
5m+30m|thr25,long,2021-02-15 05:15:00,2021-02-15 05:30:00,1.2134099999999999,1.21331,score,-0.16849875547763848,3
5m+30m|thr25,long,2021-02-15 05:50:00,2021-02-15 05:55:00,1.21374,1.2134775,sl,-0.5164486855400094,1
5m+30m|thr25,long,2021-02-15 08:15:00,2021-02-15 08:20:00,1.21403,1.21392,score,-0.23433859106340482,1
5m+30m|thr25,long,2021-02-15 11:00:00,2021-02-15 11:00:00,1.21404,1.2133842857142858,sl,-0.5089408127739753,0
5m+30m|thr25,long,2021-02-15 11:45:00,2021-02-15 11:50:00,1.2143,1.2138900000000001,score,-0.34992220963919074,1
5m+30m|thr25,long,2021-02-15 12:00:00,2021-02-15 12:15:00,1.21353,1.21339,score,-0.11780063396972167,3
5m+30m|thr25,long,2021-02-15 13:55:00,2021-02-15 14:05:00,1.21333,1.2128907142857144,sl,-0.4991741762101464,2
5m+30m|thr25,short,2021-02-15 18:05:00,2021-02-15 18:15:00,1.2128,1.2132178571428573,sl,-0.4941824344480451,2
5m+30m|thr25,short,2021-02-15 18:30:00,2021-02-15 18:40:00,1.21313,1.21323,score,-0.11029578971740435,2
5m+30m|thr25,long,2021-02-15 19:55:00,2021-02-15 20:00:00,1.2131699999999999,1.21307,score,-0.14986682304548304,1
5m+30m|thr25,long,2021-02-15 22:50:00,2021-02-15 22:55:00,1.21309,1.21299,score,-0.3291278152491391,1
5m+30m|thr25,long,2021-02-15 23:05:00,2021-02-15 23:15:00,1.2132699999999998,1.2132,score,-0.21929664430805065,2
5m+30m|thr25,long,2021-02-15 23:35:00,2021-02-15 23:40:00,1.21305,1.2128410714285713,sl,-0.48115473938036385,1
5m+30m|thr25,long,2021-02-16 03:25:00,2021-02-16 03:50:00,1.21399,1.21412,score,0.1817493940077884,5
5m+30m|thr25,long,2021-02-16 09:25:00,2021-02-16 09:30:00,1.21333,1.2129357142857142,sl,-0.478160685926638,1
5m+30m|thr25,long,2021-02-16 11:00:00,2021-02-16 11:00:00,1.2155799999999999,1.21481,score,-0.4322767024435666,0
5m+30m|thr25,long,2021-02-16 11:45:00,2021-02-16 12:05:00,1.2151399999999999,1.21539,score,0.15436738055015842,4
5m+30m|thr25,long,2021-02-16 12:45:00,2021-02-16 12:50:00,1.21657,1.21625,score,-0.30032591689456434,1
5m+30m|thr25,short,2021-02-16 17:45:00,2021-02-16 17:55:00,1.21106,1.21198,score,-0.4051561277922221,2
5m+30m|thr25,short,2021-02-16 18:15:00,2021-02-16 18:20:00,1.2111800000000001,1.21094,score,0.11486074894917625,1
5m+30m|thr25,short,2021-02-16 19:15:00,2021-02-16 19:15:00,1.21061,1.21059,score,0.014904267629886952,0
5m+30m|thr25,short,2021-02-16 19:25:00,2021-02-16 19:35:00,1.21055,1.21072,score,-0.14293616292643188,2
5m+30m|thr25,short,2021-02-16 20:30:00,2021-02-16 20:40:00,1.21105,1.2113,score,-0.3640734206023974,2
5m+30m|thr25,short,2021-02-16 21:00:00,2021-02-16 21:15:00,1.21117,1.21103,score,0.24127296671351636,3
5m+30m|thr25,short,2021-02-16 21:45:00,2021-02-16 21:55:00,1.21127,1.2115496428571428,sl,-0.46218544939920714,2
5m+30m|thr25,short,2021-02-16 22:15:00,2021-02-16 22:20:00,1.21136,1.21156,score,-0.303956836473224,1
5m+30m|thr25,short,2021-02-16 22:40:00,2021-02-16 22:45:00,1.2114,1.2116775,sl,-0.4545240265404828,1
5m+30m|thr25,short,2021-02-16 23:30:00,2021-02-17 00:00:00,1.21054,1.2108582142857143,sl,-0.449978786275078,6
5m+30m|thr25,short,2021-02-17 03:15:00,2021-02-17 03:25:00,1.2088,1.20885,score,-0.04609538786221673,2
5m+30m|thr25,short,2021-02-17 04:15:00,2021-02-17 04:20:00,1.20922,1.209630357142857,sl,-0.44501804453370497,1
5m+30m|thr25,short,2021-02-17 04:30:00,2021-02-17 04:40:00,1.20927,1.2096099999999999,score,-0.3851428894508445,2
5m+30m|thr25,short,2021-02-17 05:45:00,2021-02-17 05:55:00,1.2087,1.2090075000000002,sl,-0.4367164351938596,2
5m+30m|thr25,short,2021-02-17 07:15:00,2021-02-17 07:20:00,1.20914,1.2094057142857144,sl,-0.43234927084192093,1
5m+30m|thr25,short,2021-02-17 07:40:00,2021-02-17 08:00:00,1.20924,1.20905,score,0.29534333847889355,4
5m+30m|thr25,short,2021-02-17 08:30:00,2021-02-17 08:50:00,1.20878,1.2087999999999999,score,-0.023523231817649946,4
5m+30m|thr25,short,2021-02-17 11:55:00,2021-02-17 12:05:00,1.2065700000000001,1.2061899999999999,score,0.18383938783363662,2
5m+30m|thr25,short,2021-02-17 14:00:00,2021-02-17 14:05:00,1.20615,1.20582,score,0.262274352181577,1
5m+30m|thr25,short,2021-02-17 14:25:00,2021-02-17 14:35:00,1.20598,1.20647,score,-0.39569345260134214,2
5m+30m|thr25,short,2021-02-17 15:55:00,2021-02-17 16:35:00,1.20374,1.204615357142857,sl,-0.43124818207425286,8
5m+30m|thr25,short,2021-02-17 17:40:00,2021-02-17 17:40:00,1.20326,1.2030699999999999,score,0.10457172768647198,0
5m+30m|thr25,short,2021-02-17 18:00:00,2021-02-17 18:10:00,1.2032100000000001,1.20274,score,0.25753248535446205,2
5m+30m|thr25,short,2021-02-17 19:10:00,2021-02-17 19:30:00,1.20401,1.20438,score,-0.22980772030380442,4
5m+30m|thr25,short,2021-02-17 20:05:00,2021-02-17 20:15:00,1.20426,1.20416,score,0.11041659875769769,2
5m+30m|thr25,short,2021-02-17 20:55:00,2021-02-17 21:20:00,1.20374,1.2037499999999999,score,-0.012070441036677012,5
5m+30m|thr25,short,2021-02-17 22:30:00,2021-02-17 22:50:00,1.2041,1.20432,score,-0.28340101830994974,4
5m+30m|thr25,short,2021-02-18 00:50:00,2021-02-18 00:50:00,1.20426,1.2045,score,-0.30516108023241645,0
5m+30m|thr25,short,2021-02-18 01:00:00,2021-02-18 01:15:00,1.2043000000000001,1.2043599999999999,score,-0.0705594176284734,3
5m+30m|thr25,long,2021-02-18 01:25:00,2021-02-18 01:30:00,1.20444,1.2043000000000001,score,-0.23601019564900347,1
5m+30m|thr25,long,2021-02-18 01:55:00,2021-02-18 02:05:00,1.20455,1.20438,score,-0.360465631330543,2
5m+30m|thr25,long,2021-02-18 02:25:00,2021-02-18 02:30:00,1.2046299999999999,1.204400714285714,sl,-0.41668615332658804,1
5m+30m|thr25,long,2021-02-18 02:45:00,2021-02-18 02:55:00,1.20489,1.2045739285714285,sl,-0.41251929179332214,2
5m+30m|thr25,long,2021-02-18 03:40:00,2021-02-18 03:55:00,1.20435,1.20439,score,0.03709662536423172,3
5m+30m|thr25,short,2021-02-18 07:45:00,2021-02-18 07:55:00,1.20434,1.2045467857142858,sl,-0.40876506512903116,2
5m+30m|thr25,long,2021-02-18 08:25:00,2021-02-18 08:30:00,1.20468,1.20449,score,-0.2803234173204331,1
5m+30m|thr25,long,2021-02-18 09:00:00,2021-02-18 09:05:00,1.20464,1.2043303571428572,sl,-0.4018741803045366,1
5m+30m|thr25,long,2021-02-18 09:15:00,2021-02-18 09:20:00,1.20383,1.20444,score,0.6741439374610169,1
5m+30m|thr25,long,2021-02-18 09:30:00,2021-02-18 09:30:00,1.20472,1.2042925,sl,-0.40459687787610144,0
5m+30m|thr25,long,2021-02-18 10:25:00,2021-02-18 10:35:00,1.20545,1.20565,score,0.11646340036069744,2
5m+30m|thr25,long,2021-02-18 10:50:00,2021-02-18 10:50:00,1.2065,1.20642,score,-0.04746006416374331,0
5m+30m|thr25,long,2021-02-18 12:00:00,2021-02-18 12:00:00,1.2074,1.20676,score,-0.37803563032971155,0
5m+30m|thr25,long,2021-02-18 15:15:00,2021-02-18 15:15:00,1.2085,1.2080600000000001,score,-0.23351046358795033,0
5m+30m|thr25,long,2021-02-18 16:15:00,2021-02-18 16:45:00,1.2078,1.2074,score,-0.18936266123342008,6
5m+30m|thr25,long,2021-02-18 19:15:00,2021-02-18 19:15:00,1.20797,1.20778,score,-0.15126489284952008,0
5m+30m|thr25,long,2021-02-18 19:40:00,2021-02-18 19:50:00,1.2082,1.20815,score,-0.05456784958904104,2
5m+30m|thr25,long,2021-02-18 20:35:00,2021-02-18 20:45:00,1.20848,1.2082,score,-0.35495375642007204,2
5m+30m|thr25,long,2021-02-18 21:00:00,2021-02-18 21:20:00,1.2081199999999999,1.20856,score,0.49901019391913726,4
5m+30m|thr25,long,2021-02-18 21:30:00,2021-02-18 21:35:00,1.20882,1.20865,score,-0.1905038814725858,1
5m+30m|thr25,long,2021-02-18 22:15:00,2021-02-18 22:30:00,1.20888,1.20899,score,0.17516504852623793,3
5m+30m|thr25,long,2021-02-18 23:20:00,2021-02-18 23:20:00,1.20938,1.20919,score,-0.28640479324724627,0
5m+30m|thr25,long,2021-02-18 23:40:00,2021-02-18 23:45:00,1.20942,1.20936,score,-0.10747493947480552,1
5m+30m|thr25,short,2021-02-19 06:50:00,2021-02-19 06:55:00,1.20898,1.2092264285714285,sl,-0.38852190620172034,1
5m+30m|thr25,long,2021-02-19 07:35:00,2021-02-19 07:40:00,1.20956,1.20937,score,-0.2853929115176317,1
5m+30m|thr25,long,2021-02-19 08:05:00,2021-02-19 08:20:00,1.20962,1.20974,score,0.161968442798384,3
5m+30m|thr25,long,2021-02-19 09:05:00,2021-02-19 09:25:00,1.2094099999999999,1.2101300000000001,score,0.9368961502842768,4
5m+30m|thr25,long,2021-02-19 09:50:00,2021-02-19 10:00:00,1.2106599999999998,1.2110100000000001,score,0.26025420951758643,2
5m+30m|thr25,long,2021-02-19 10:35:00,2021-02-19 10:50:00,1.21189,1.21278,score,0.48799993737390834,3
5m+30m|thr25,long,2021-02-19 18:15:00,2021-02-19 18:40:00,1.21318,1.21354,score,0.16727030555050515,5
5m+30m|thr25,short,2021-02-19 22:20:00,2021-02-19 23:00:00,1.21176,1.21159,score,0.22143181096794295,8
5m+30m|thr25,short,2021-02-22 00:25:00,2021-02-22 00:55:00,1.21195,1.21216,score,-0.22250457711088054,6
5m+30m|thr25,short,2021-02-22 01:15:00,2021-02-22 01:15:00,1.21207,1.2119,score,0.15366423960601622,0
5m+30m|thr25,short,2021-02-22 02:00:00,2021-02-22 02:10:00,1.21242,1.21264,flip,-0.1808782961717408,2
5m+30m|thr25,long,2021-02-22 02:15:00,2021-02-22 02:25:00,1.2126299999999999,1.21234,score,-0.2269552884934454,2
5m+30m|thr25,long,2021-02-22 02:35:00,2021-02-22 02:40:00,1.2129299999999998,1.21268,score,-0.18979087519167456,1
5m+30m|thr25,long,2021-02-22 03:05:00,2021-02-22 03:25:00,1.21272,1.21332,score,0.5249687227000722,4
5m+30m|thr25,long,2021-02-22 04:10:00,2021-02-22 04:15:00,1.21233,1.2118489285714285,sl,-0.4027260058428363,1
5m+30m|thr25,short,2021-02-22 06:25:00,2021-02-22 06:40:00,1.21214,1.2123864285714285,sl,-0.39869874578440795,3
5m+30m|thr25,long,2021-02-22 07:20:00,2021-02-22 07:20:00,1.212,1.21207,score,0.11564051514501322,0
5m+30m|thr25,long,2021-02-22 08:50:00,2021-02-22 09:00:00,1.21206,1.2118167857142856,sl,-0.395868163478014,2
5m+30m|thr25,short,2021-02-22 12:55:00,2021-02-22 13:25:00,1.21273,1.2133889285714288,sl,-0.3919094818432339,6
5m+30m|thr25,long,2021-02-22 13:30:00,2021-02-22 13:50:00,1.21379,1.21357,score,-0.12107501439066362,4
5m+30m|thr25,long,2021-02-22 14:20:00,2021-02-22 14:25:00,1.214,1.2135500000000001,score,-0.2526398872315662,1
5m+30m|thr25,long,2021-02-22 20:40:00,2021-02-22 20:50:00,1.21677,1.21662,score,-0.17242132474734123,2
5m+30m|thr25,long,2021-02-23 01:10:00,2021-02-23 01:15:00,1.21638,1.21603,score,-0.3809740287255849,1
5m+30m|thr25,long,2021-02-23 01:30:00,2021-02-23 01:35:00,1.21665,1.21652,score,-0.1316655392057633,1
5m+30m|thr25,long,2021-02-23 02:20:00,2021-02-23 02:25:00,1.2166,1.21642,score,-0.2171357591975014,1
5m+30m|thr25,long,2021-02-23 02:50:00,2021-02-23 03:00:00,1.21689,1.21663,score,-0.3252004352911194,2
5m+30m|thr25,long,2021-02-23 03:20:00,2021-02-23 03:35:00,1.21689,1.2171800000000002,score,0.2588236203216581,3
5m+30m|thr25,long,2021-02-23 03:45:00,2021-02-23 03:50:00,1.2175799999999999,1.21747,score,-0.08199487635292499,1
5m+30m|thr25,long,2021-02-23 04:55:00,2021-02-23 05:10:00,1.21708,1.2167071428571428,sl,-0.3737475545765935,3
5m+30m|thr25,long,2021-02-23 09:40:00,2021-02-23 09:50:00,1.21731,1.2175500000000001,score,0.18667175158327895,2
5m+30m|thr25,long,2021-02-23 10:10:00,2021-02-23 10:20:00,1.21664,1.21642,score,-0.11587056483188785,2
5m+30m|thr25,long,2021-02-23 10:30:00,2021-02-23 10:40:00,1.21624,1.2155221428571428,sl,-0.37071809089834146,2
5m+30m|thr25,short,2021-02-23 13:15:00,2021-02-23 13:25:00,1.21479,1.2150999999999998,score,-0.17493985165875142,2
5m+30m|thr25,short,2021-02-23 14:20:00,2021-02-23 14:30:00,1.2154500000000001,1.2155099999999999,score,-0.03358726542263349,2
5m+30m|thr25,short,2021-02-23 17:00:00,2021-02-23 17:05:00,1.2141600000000001,1.2148092857142858,sl,-0.36492563881854423,1
5m+30m|thr25,short,2021-02-23 17:45:00,2021-02-23 18:00:00,1.21634,1.21667,flip,-0.10627805710460736,3
5m+30m|thr25,long,2021-02-23 18:05:00,2021-02-23 18:05:00,1.2166599999999999,1.21602,score,-0.19941389389299763,0
5m+30m|thr25,long,2021-02-23 18:50:00,2021-02-23 18:55:00,1.21503,1.214235,sl,-0.3582194629203827,1
5m+30m|thr25,short,2021-02-23 20:45:00,2021-02-23 20:50:00,1.21498,1.21529,score,-0.25845940291918096,1
5m+30m|thr25,long,2021-02-23 21:45:00,2021-02-23 21:50:00,1.21489,1.214497857142857,sl,-0.3520526742619871,1
5m+30m|thr25,short,2021-02-24 00:35:00,2021-02-24 00:35:00,1.2148700000000001,1.2149999999999999,score,-0.1006870648387143,0
5m+30m|thr25,long,2021-02-24 01:20:00,2021-02-24 01:20:00,1.2147299999999999,1.21479,score,0.04667006116265354,0
5m+30m|thr25,long,2021-02-24 01:30:00,2021-02-24 01:45:00,1.2147999999999999,1.21513,score,0.2588925822818074,3
5m+30m|thr25,long,2021-02-24 02:15:00,2021-02-24 02:30:00,1.21547,1.21542,score,-0.0413142478643578,3
5m+30m|thr25,long,2021-02-24 03:10:00,2021-02-24 03:20:00,1.21596,1.2155335714285713,sl,-0.3501677608267811,2
5m+30m|thr25,long,2021-02-24 03:50:00,2021-02-24 03:55:00,1.21606,1.2158,score,-0.12316881824452014,1
5m+30m|thr25,long,2021-02-24 04:40:00,2021-02-24 04:50:00,1.2158499999999999,1.2152660714285712,sl,-0.3454343950360681,2
5m+30m|thr25,short,2021-02-24 08:45:00,2021-02-24 09:05:00,1.21549,1.2158746428571428,sl,-0.3419800510857074,4
5m+30m|thr25,long,2021-02-24 09:40:00,2021-02-24 09:50:00,1.21582,1.21539,score,-0.3314036924326185,2
5m+30m|thr25,long,2021-02-24 10:05:00,2021-02-24 10:10:00,1.21591,1.21567,score,-0.13555081562766186,1
5m+30m|thr25,long,2021-02-24 10:25:00,2021-02-24 10:35:00,1.21648,1.21656,score,0.03443440056665863,2
5m+30m|thr25,long,2021-02-24 11:20:00,2021-02-24 11:25:00,1.21749,1.21698,score,-0.176577007282972,1
5m+30m|thr25,long,2021-02-24 11:45:00,2021-02-24 11:50:00,1.21627,1.2163000000000002,score,0.01204287169989495,1
5m+30m|thr25,long,2021-02-24 13:55:00,2021-02-24 13:55:00,1.21679,1.21627,score,-0.3228337433718917,0
5m+30m|thr25,long,2021-02-24 14:20:00,2021-02-24 14:30:00,1.21667,1.2165300000000001,score,-0.07911130963129173,2
5m+30m|thr25,long,2021-02-24 14:55:00,2021-02-24 14:55:00,1.21621,1.2155810714285713,sl,-0.32857025761405145,0
5m+30m|thr25,short,2021-02-24 17:25:00,2021-02-24 17:35:00,1.21228,1.21204,score,0.07465547164804853,2
5m+30m|thr25,short,2021-02-24 18:45:00,2021-02-24 18:55:00,1.21319,1.214017142857143,sl,-0.3260311097543914,2
5m+30m|thr25,short,2021-02-24 19:40:00,2021-02-24 19:50:00,1.21437,1.21465,score,-0.17006203370093706,2
5m+30m|thr25,long,2021-02-24 22:05:00,2021-02-24 22:15:00,1.2150999999999998,1.21541,score,0.29397564850397884,2
5m+30m|thr25,long,2021-02-24 23:20:00,2021-02-24 23:25:00,1.21702,1.21705,score,0.022624135098575335,1
5m+30m|thr25,long,2021-02-25 00:25:00,2021-02-25 00:35:00,1.21658,1.21635,score,-0.14872371612841828,2
5m+30m|thr25,long,2021-02-25 06:00:00,2021-02-25 06:05:00,1.21696,1.21678,score,-0.21263459510241922,1
5m+30m|thr25,long,2021-02-25 06:20:00,2021-02-25 06:25:00,1.21755,1.21736,score,-0.1988009551272037,1
5m+30m|thr25,long,2021-02-25 07:20:00,2021-02-25 07:25:00,1.21831,1.2182,score,-0.09112298209441834,1
5m+30m|thr25,long,2021-02-25 08:15:00,2021-02-25 08:25:00,1.21766,1.21787,score,0.17741816900169366,2
5m+30m|thr25,long,2021-02-25 11:00:00,2021-02-25 11:20:00,1.22089,1.22115,score,0.08482647911851561,4
5m+30m|thr25,long,2021-02-25 12:00:00,2021-02-25 12:35:00,1.2220499999999999,1.22302,score,0.364804693171729,7
5m+30m|thr25,long,2021-02-25 17:25:00,2021-02-25 17:25:00,1.2231999999999998,1.2228,score,-0.10713702649368909,0
5m+30m|thr25,long,2021-02-25 19:55:00,2021-02-25 19:55:00,1.22216,1.2212739285714285,sl,-0.32292247681932157,0
5m+30m|thr25,short,2021-02-25 22:45:00,2021-02-25 22:55:00,1.2168700000000001,1.21638,score,0.20827119744265557,2
5m+30m|thr25,short,2021-02-26 00:20:00,2021-02-26 00:45:00,1.21783,1.21816,score,-0.19742429665309333,5
5m+30m|thr25,short,2021-02-26 01:05:00,2021-02-26 01:10:00,1.2178900000000001,1.21781,score,0.05566090560784447,1
5m+30m|thr25,short,2021-02-26 01:55:00,2021-02-26 02:00:00,1.2158200000000001,1.21639,sl,-0.3203583301151024,1
5m+30m|thr25,short,2021-02-26 04:35:00,2021-02-26 05:10:00,1.2179,1.21753,score,0.18163201641748938,7
5m+30m|thr25,short,2021-02-26 08:35:00,2021-02-26 08:35:00,1.21561,1.21545,score,0.09721022993630908,0
5m+30m|thr25,short,2021-02-26 10:45:00,2021-02-26 11:10:00,1.21519,1.21406,score,0.38257754633184904,5
5m+30m|thr25,short,2021-02-26 13:40:00,2021-02-26 14:05:00,1.2099600000000001,1.211012142857143,sl,-0.3237689447408079,5
5m+30m|thr25,short,2021-02-26 14:55:00,2021-02-26 15:05:00,1.2114500000000001,1.21075,score,0.23450588293211244,2
5m+30m|thr25,short,2021-02-26 15:55:00,2021-02-26 16:00:00,1.21168,1.2128135714285715,sl,-0.322876314122721,1
5m+30m|thr25,short,2021-02-26 16:15:00,2021-02-26 16:20:00,1.21224,1.2127999999999999,score,-0.15078440431374798,1
5m+30m|thr25,short,2021-02-26 16:40:00,2021-02-26 16:45:00,1.21255,1.21316,score,-0.17775028441304055,1
5m+30m|thr25,short,2021-02-26 17:20:00,2021-02-26 17:35:00,1.21184,1.2132232142857142,sl,-0.3163622040942259,3
5m+30m|thr25,long,2021-02-26 18:15:00,2021-02-26 18:20:00,1.21145,1.2097914285714286,sl,-0.31319858205328366,1
5m+30m|thr25,short,2021-02-26 21:55:00,2021-02-26 21:55:00,1.2084700000000002,1.20783,score,0.41808829228680655,0
5m+30m|thr25,short,2021-02-26 22:20:00,2021-02-26 22:45:00,1.20761,1.2074799999999999,score,0.08027093502652925,5
5m+30m|thr25,short,2021-03-01 00:45:00,2021-03-01 00:50:00,1.20732,1.20715,score,0.13885545345254305,1
5m+30m|thr25,short,2021-03-01 01:20:00,2021-03-01 01:25:00,1.20814,1.20871,score,-0.30664009343802734,1
5m+30m|thr25,short,2021-03-01 01:35:00,2021-03-01 02:05:00,1.20863,1.20916,score,-0.27930603945062704,6
5m+30m|thr25,long,2021-03-01 02:35:00,2021-03-01 02:45:00,1.20974,1.20953,score,-0.10642227135571009,2
5m+30m|thr25,long,2021-03-01 03:10:00,2021-03-01 03:15:00,1.20872,1.20882,score,0.04204959559409519,1
5m+30m|thr25,long,2021-03-01 03:40:00,2021-03-01 04:00:00,1.20894,1.2085700000000001,score,-0.16241438286902526,4
5m+30m|thr25,long,2021-03-01 04:20:00,2021-03-01 04:30:00,1.20825,1.20805,score,-0.11441642825056615,2
5m+30m|thr25,long,2021-03-01 05:15:00,2021-03-01 05:25:00,1.20865,1.2084300000000001,score,-0.15496725966833133,2
5m+30m|thr25,long,2021-03-01 05:50:00,2021-03-01 05:50:00,1.20857,1.2082282142857141,sl,-0.3056175742460277,0
5m+30m|thr25,long,2021-03-01 06:00:00,2021-03-01 06:10:00,1.20826,1.20817,score,-0.07431332594816423,2
5m+30m|thr25,long,2021-03-01 08:50:00,2021-03-01 08:55:00,1.20921,1.20899,score,-0.2012121768293228,1
5m+30m|thr25,long,2021-03-01 09:30:00,2021-03-01 09:30:00,1.2090999999999998,1.2088700000000001,score,-0.12668973516942386,0
5m+30m|thr25,long,2021-03-01 09:40:00,2021-03-01 09:40:00,1.20929,1.2086975,sl,-0.29853924612409827,0
5m+30m|thr25,long,2021-03-01 09:50:00,2021-03-01 09:55:00,1.2085599999999999,1.2078967857142855,sl,-0.2955538536628573,1
5m+30m|thr25,short,2021-03-01 12:55:00,2021-03-01 13:00:00,1.20449,1.2050889285714286,sl,-0.29259831512622875,1
5m+30m|thr25,short,2021-03-01 13:20:00,2021-03-01 13:30:00,1.20475,1.20438,score,0.14129027115163226,2
5m+30m|thr25,short,2021-03-01 15:20:00,2021-03-01 15:20:00,1.2049100000000001,1.20428,score,0.3389269663281086,0
5m+30m|thr25,short,2021-03-01 16:15:00,2021-03-01 16:35:00,1.20565,1.20491,score,0.24592953366096423,4
5m+30m|thr25,short,2021-03-01 18:30:00,2021-03-01 18:45:00,1.20547,1.20536,score,0.03561355541411612,3
5m+30m|thr25,long,2021-03-01 19:05:00,2021-03-01 19:15:00,1.2058,1.20547,score,-0.13894582709266942,2
5m+30m|thr25,long,2021-03-01 19:45:00,2021-03-01 19:55:00,1.20498,1.204400357142857,sl,-0.29590047696958793,2
5m+30m|thr25,long,2021-03-01 22:20:00,2021-03-01 22:25:00,1.2048699999999999,1.20463,score,-0.18484194302176113,1
5m+30m|thr25,short,2021-03-01 22:35:00,2021-03-01 22:45:00,1.20462,1.2045,score,0.09645686955693875,2
5m+30m|thr25,long,2021-03-02 00:20:00,2021-03-02 00:20:00,1.20464,1.20452,score,-0.11766350217295388,0
5m+30m|thr25,long,2021-03-02 01:50:00,2021-03-02 01:50:00,1.20478,1.20479,score,0.010283671237973524,0
5m+30m|thr25,short,2021-03-02 07:00:00,2021-03-02 07:00:00,1.20204,1.20181,score,0.189286446578155,0
5m+30m|thr25,short,2021-03-02 07:15:00,2021-03-02 07:20:00,1.20207,1.2019499999999999,score,0.0956332041214393,1
5m+30m|thr25,short,2021-03-02 08:25:00,2021-03-02 08:45:00,1.20245,1.2026299999999999,score,-0.12249118437549558,4
5m+30m|thr25,short,2021-03-02 09:30:00,2021-03-02 09:40:00,1.2016900000000001,1.2005,score,0.5175001142534827,2
5m+30m|thr25,short,2021-03-02 11:15:00,2021-03-02 11:30:00,1.2004700000000001,1.20062,score,-0.043883826583786055,3
5m+30m|thr25,short,2021-03-02 12:45:00,2021-03-02 13:10:00,1.2022000000000002,1.20282,score,-0.23570303832321612,5
5m+30m|thr25,long,2021-03-02 13:45:00,2021-03-02 14:00:00,1.20279,1.20295,score,0.07162833802710851,3
5m+30m|thr25,long,2021-03-02 14:45:00,2021-03-02 15:00:00,1.20306,1.2027700000000001,score,-0.145787043860666,3
5m+30m|thr25,long,2021-03-02 15:15:00,2021-03-02 15:15:00,1.20278,1.20271,score,-0.032147239708943114,0
5m+30m|thr25,long,2021-03-03 02:40:00,2021-03-03 02:45:00,1.20896,1.2086700000000001,score,-0.2696795874077992,1
5m+30m|thr25,long,2021-03-03 03:15:00,2021-03-03 03:25:00,1.20887,1.20885,score,-0.014496652052425408,2
5m+30m|thr25,long,2021-03-03 03:45:00,2021-03-03 03:50:00,1.2091399999999999,1.20907,score,-0.04649727303871501,1
5m+30m|thr25,long,2021-03-03 04:15:00,2021-03-03 04:35:00,1.20865,1.20842,score,-0.1591476488532738,4
5m+30m|thr25,short,2021-03-03 06:50:00,2021-03-03 07:10:00,1.20889,1.20894,score,-0.0524820177613809,4
5m+30m|thr25,long,2021-03-03 07:40:00,2021-03-03 08:00:00,1.2086299999999999,1.2083867857142856,sl,-0.2885011490660389,4
5m+30m|thr25,long,2021-03-03 10:20:00,2021-03-03 10:30:00,1.20823,1.20792,score,-0.09756584313863056,2
5m+30m|thr25,long,2021-03-03 13:00:00,2021-03-03 13:10:00,1.2084,1.20827,score,-0.04830262676382197,2
5m+30m|thr25,short,2021-03-03 15:20:00,2021-03-03 15:50:00,1.2047700000000001,1.2055714285714287,sl,-0.28415745287635397,6
5m+30m|thr25,short,2021-03-03 17:00:00,2021-03-03 17:00:00,1.2052800000000001,1.206242142857143,sl,-0.2813158783475904,0
5m+30m|thr25,short,2021-03-03 17:15:00,2021-03-03 17:15:00,1.20546,1.20537,score,0.024293072111492696,0
5m+30m|thr25,short,2021-03-03 18:10:00,2021-03-03 19:00:00,1.20767,1.20713,score,0.13599981388553287,10
5m+30m|thr25,long,2021-03-03 19:30:00,2021-03-03 19:40:00,1.2067999999999999,1.2067400000000001,score,-0.03288452056955412,2
5m+30m|thr25,long,2021-03-03 21:15:00,2021-03-03 21:15:00,1.2068999999999999,1.206447857142857,sl,-0.27977680321838927,0
5m+30m|thr25,long,2021-03-03 22:45:00,2021-03-03 22:45:00,1.20685,1.20671,score,-0.07493152642720895,0
5m+30m|thr25,long,2021-03-03 22:55:00,2021-03-03 23:05:00,1.20654,1.20652,score,-0.011258270972022939,2
5m+30m|thr25,short,2021-03-04 05:55:00,2021-03-04 05:55:00,1.20527,1.20493,score,0.2592342353313066,0
5m+30m|thr25,short,2021-03-04 07:15:00,2021-03-04 07:15:00,1.2052800000000001,1.2056925,sl,-0.2787094795655261,0
5m+30m|thr25,short,2021-03-04 07:30:00,2021-03-04 07:35:00,1.2055,1.2059210714285713,sl,-0.27592238476987085,1
5m+30m|thr25,short,2021-03-04 07:55:00,2021-03-04 08:05:00,1.2057,1.20604,flip,-0.22871708812482508,2
5m+30m|thr25,long,2021-03-04 08:10:00,2021-03-04 08:15:00,1.20603,1.2057,score,-0.2106813255873223,1
5m+30m|thr25,long,2021-03-04 08:30:00,2021-03-04 08:35:00,1.2061,1.20571,score,-0.26730049275876316,1
5m+30m|thr25,long,2021-03-04 08:55:00,2021-03-04 09:05:00,1.20598,1.2055857142857143,sl,-0.2660961718574631,2
5m+30m|thr25,long,2021-03-04 09:10:00,2021-03-04 09:15:00,1.20589,1.2054421428571427,sl,-0.2634352101388885,1
5m+30m|thr25,short,2021-03-04 13:05:00,2021-03-04 13:25:00,1.20453,1.20428,score,0.09192376667992505,4
5m+30m|thr25,short,2021-03-04 16:20:00,2021-03-04 16:35:00,1.2037200000000001,1.2040899999999999,score,-0.16893583747632956,3
5m+30m|thr25,short,2021-03-04 16:50:00,2021-03-04 17:05:00,1.20376,1.20332,score,0.18222859407851108,3
5m+30m|thr25,short,2021-03-04 18:25:00,2021-03-04 18:30:00,1.2043000000000001,1.2052792857142858,sl,-0.2618530232703207,1
5m+30m|thr25,long,2021-03-04 18:35:00,2021-03-04 18:35:00,1.20476,1.2046700000000001,score,-0.025468651947534008,0
5m+30m|thr25,long,2021-03-04 19:25:00,2021-03-04 19:25:00,1.20265,1.201699642857143,sl,-0.2589798065181421,0
5m+30m|thr25,short,2021-03-04 23:55:00,2021-03-04 23:55:00,1.19719,1.1969999999999998,score,0.10194281352545317,0
5m+30m|thr25,short,2021-03-05 01:25:00,2021-03-05 01:45:00,1.19629,1.19642,score,-0.07130672368196615,4
5m+30m|thr25,short,2021-03-05 02:45:00,2021-03-05 02:50:00,1.19632,1.19664,score,-0.17228460444856797,1
5m+30m|thr25,short,2021-03-05 03:20:00,2021-03-05 03:35:00,1.19546,1.1960332142857142,sl,-0.25497352330690987,3
5m+30m|thr25,short,2021-03-05 07:55:00,2021-03-05 07:55:00,1.1958600000000001,1.196119285714286,sl,-0.25242378807384075,0
5m+30m|thr25,short,2021-03-05 08:45:00,2021-03-05 08:55:00,1.1956,1.19539,score,0.16218646303926837,2
5m+30m|thr25,short,2021-03-05 12:35:00,2021-03-05 12:40:00,1.19338,1.1941300000000001,sl,-0.2515214148234951,1
5m+30m|thr25,short,2021-03-05 12:50:00,2021-03-05 12:55:00,1.1932500000000001,1.19308,score,0.055257320056688666,1
5m+30m|thr25,short,2021-03-05 13:30:00,2021-03-05 13:30:00,1.1929800000000002,1.1936499999999999,score,-0.19410126857000903,0
5m+30m|thr25,short,2021-03-05 14:35:00,2021-03-05 14:45:00,1.1938,1.1935,score,0.0972411965403026,2
5m+30m|thr25,short,2021-03-05 15:45:00,2021-03-05 16:05:00,1.19222,1.19345,score,-0.23296450512857222,4
5m+30m|thr25,short,2021-03-05 20:50:00,2021-03-05 21:00:00,1.19121,1.19146,score,-0.08799508405966078,2
5m+30m|thr25,short,2021-03-08 01:00:00,2021-03-08 01:00:00,1.1917600000000002,1.1920942857142858,sl,-0.2453805772636476,0
5m+30m|thr25,long,2021-03-08 01:10:00,2021-03-08 01:15:00,1.19278,1.1923717857142857,sl,-0.24292677149101113,1
5m+30m|thr25,long,2021-03-08 02:20:00,2021-03-08 02:20:00,1.19194,1.19236,score,0.16745119268253214,0
5m+30m|thr25,long,2021-03-08 02:35:00,2021-03-08 02:50:00,1.19281,1.19289,score,0.033361950502768176,3
5m+30m|thr25,long,2021-03-08 03:30:00,2021-03-08 03:30:00,1.19215,1.19226,score,0.053657856066141756,0
5m+30m|thr25,short,2021-03-08 06:50:00,2021-03-08 06:50:00,1.19025,1.1904299999999999,score,-0.11766885277547029,0
5m+30m|thr25,short,2021-03-08 07:15:00,2021-03-08 07:50:00,1.19076,1.1910932142857145,sl,-0.24186552524086072,7
5m+30m|thr25,short,2021-03-08 08:15:00,2021-03-08 08:20:00,1.19102,1.19084,score,0.12610368074629336,1
5m+30m|thr25,short,2021-03-08 08:55:00,2021-03-08 08:55:00,1.19002,1.18929,score,0.4282044921592667,0
5m+30m|thr25,short,2021-03-08 12:50:00,2021-03-08 13:00:00,1.18748,1.1877499999999999,score,-0.10535404067025037,2
5m+30m|thr25,short,2021-03-08 13:10:00,2021-03-08 13:25:00,1.1876900000000001,1.18787,score,-0.07240515388723229,3
5m+30m|thr25,short,2021-03-08 14:15:00,2021-03-08 14:20:00,1.18639,1.1870435714285714,sl,-0.2432123597719329,1
5m+30m|thr25,short,2021-03-08 15:40:00,2021-03-08 15:40:00,1.18653,1.1872125000000002,sl,-0.2407802361742136,0
5m+30m|thr25,short,2021-03-08 16:20:00,2021-03-08 16:35:00,1.18746,1.18777,score,-0.09027367912269386,3
5m+30m|thr25,short,2021-03-08 17:00:00,2021-03-08 17:00:00,1.1878600000000001,1.1880199999999999,score,-0.04267405706591696,0
5m+30m|thr25,short,2021-03-08 17:30:00,2021-03-08 17:35:00,1.1879,1.18743,score,0.11644215404588226,1
5m+30m|thr25,long,2021-03-08 17:45:00,2021-03-08 17:50:00,1.18683,1.18581,sl,-0.23820737799104416,1
5m+30m|thr25,short,2021-03-08 20:25:00,2021-03-08 20:45:00,1.18599,1.18573,score,0.11177136814181678,4
5m+30m|thr25,short,2021-03-08 21:15:00,2021-03-08 21:20:00,1.1854500000000001,1.18547,score,-0.01030987490436911,1
5m+30m|thr25,short,2021-03-08 22:30:00,2021-03-08 22:55:00,1.1849,1.18459,score,0.16754445787825298,5
5m+30m|thr25,short,2021-03-09 01:20:00,2021-03-09 01:30:00,1.18502,1.1852399999999998,score,-0.18342754563397445,2
5m+30m|thr25,short,2021-03-09 01:45:00,2021-03-09 01:45:00,1.18497,1.1852410714285715,sl,-0.23668108826595102,0
5m+30m|thr25,short,2021-03-09 04:35:00,2021-03-09 04:45:00,1.18489,1.1853399999999998,score,-0.183947657011138,2
5m+30m|thr25,long,2021-03-09 05:15:00,2021-03-09 05:20:00,1.18644,1.1858614285714286,sl,-0.2324748008131801,1
5m+30m|thr25,long,2021-03-09 05:55:00,2021-03-09 06:05:00,1.18641,1.1862000000000001,score,-0.08879805186959704,2
5m+30m|thr25,long,2021-03-09 06:45:00,2021-03-09 06:50:00,1.18566,1.18568,score,0.010189425435014355,1
5m+30m|thr25,long,2021-03-09 08:55:00,2021-03-09 08:55:00,1.18566,1.1857,score,0.02212641193159022,0
5m+30m|thr25,long,2021-03-09 10:35:00,2021-03-09 10:40:00,1.1888699999999999,1.18835,score,-0.13440936704499137,1
5m+30m|thr25,long,2021-03-09 10:50:00,2021-03-09 11:00:00,1.1894799999999999,1.1896200000000001,score,0.03385188259556297,2
5m+30m|thr25,long,2021-03-09 17:00:00,2021-03-09 17:10:00,1.19023,1.19058,score,0.08278198917193483,2
5m+30m|thr25,long,2021-03-09 17:50:00,2021-03-09 17:55:00,1.18903,1.1882253571428572,sl,-0.22940747570724343,1
5m+30m|thr25,short,2021-03-09 20:55:00,2021-03-09 21:00:00,1.18927,1.18974,score,-0.16604513091688605,1
5m+30m|thr25,short,2021-03-09 21:20:00,2021-03-09 21:35:00,1.18963,1.1899499999999998,score,-0.14734197146482686,3
5m+30m|thr25,long,2021-03-09 21:45:00,2021-03-09 21:45:00,1.1903,1.1899432142857143,sl,-0.22397952992635387,0
5m+30m|thr25,long,2021-03-09 21:55:00,2021-03-09 21:55:00,1.19039,1.1900567857142856,sl,-0.22173973462709032,0
5m+30m|thr25,long,2021-03-09 23:10:00,2021-03-09 23:15:00,1.19015,1.19002,score,-0.07524117774971778,1
5m+30m|thr25,long,2021-03-09 23:25:00,2021-03-09 23:30:00,1.1899199999999999,1.18999,score,0.041670462000790165,1
5m+30m|thr25,long,2021-03-10 00:05:00,2021-03-10 00:05:00,1.18966,1.18977,score,0.06618576674313736,0
5m+30m|thr25,long,2021-03-10 00:20:00,2021-03-10 00:25:00,1.1893399999999998,1.18944,score,0.05637140712593898,1
5m+30m|thr25,long,2021-03-10 03:35:00,2021-03-10 03:40:00,1.1889399999999999,1.1884674999999998,sl,-0.22041220186202087,1
5m+30m|thr25,short,2021-03-10 06:50:00,2021-03-10 07:00:00,1.1878,1.18776,score,0.032981518141001254,2
5m+30m|thr25,short,2021-03-10 07:20:00,2021-03-10 07:25:00,1.18747,1.1877475000000002,sl,-0.21853789502481066,1
5m+30m|thr25,short,2021-03-10 08:00:00,2021-03-10 08:00:00,1.18744,1.1872,score,0.14911681107908864,0
5m+30m|thr25,short,2021-03-10 08:20:00,2021-03-10 08:35:00,1.18702,1.1874314285714287,sl,-0.2178436841853534,3
5m+30m|thr25,short,2021-03-10 09:40:00,2021-03-10 09:45:00,1.18804,1.1885285714285714,sl,-0.21566524734349993,1
5m+30m|thr25,long,2021-03-10 12:05:00,2021-03-10 12:10:00,1.19011,1.18981,score,-0.10562262643745839,1
5m+30m|thr25,long,2021-03-10 12:30:00,2021-03-10 12:30:00,1.19004,1.1894817857142856,sl,-0.21245236860569033,0
5m+30m|thr25,long,2021-03-10 12:40:00,2021-03-10 12:55:00,1.1895799999999999,1.18946,score,-0.044784636180567286,3
5m+30m|thr25,long,2021-03-10 17:15:00,2021-03-10 17:25:00,1.19031,1.1892321428571428,sl,-0.20987999855782777,2
5m+30m|thr25,long,2021-03-10 19:35:00,2021-03-10 19:50:00,1.1905599999999998,1.19073,score,0.06528306965051242,3
5m+30m|thr25,long,2021-03-10 20:10:00,2021-03-10 20:10:00,1.19213,1.1914357142857142,sl,-0.20843402926875462,0
5m+30m|thr25,long,2021-03-10 21:05:00,2021-03-10 21:25:00,1.19167,1.19199,score,0.07302105897416855,4
5m+30m|thr25,long,2021-03-10 21:50:00,2021-03-10 21:55:00,1.1923599999999999,1.192,score,-0.15461965834242858,1
5m+30m|thr25,long,2021-03-11 05:45:00,2021-03-11 06:10:00,1.19305,1.1927392857142856,sl,-0.20553370298238446,5
5m+30m|thr25,long,2021-03-11 06:15:00,2021-03-11 06:25:00,1.19275,1.1927,score,-0.03240838593092762,2
5m+30m|thr25,long,2021-03-11 09:15:00,2021-03-11 09:35:00,1.19344,1.1943000000000001,score,0.3544895009280188,4
5m+30m|thr25,long,2021-03-11 10:25:00,2021-03-11 10:45:00,1.19465,1.19661,score,0.5520024739361388,4
5m+30m|thr25,long,2021-03-11 21:40:00,2021-03-11 21:45:00,1.19816,1.1981,score,-0.026468319160657523,1
5m+30m|thr25,long,2021-03-12 04:10:00,2021-03-12 04:15:00,1.19798,1.197629642857143,sl,-0.21195451865028636,1
5m+30m|thr25,short,2021-03-12 08:00:00,2021-03-12 08:00:00,1.19626,1.19593,score,0.31071717224468975,0
5m+30m|thr25,short,2021-03-12 08:20:00,2021-03-12 08:50:00,1.1953500000000001,1.1946999999999999,score,0.3974920043477749,6
5m+30m|thr25,short,2021-03-12 10:50:00,2021-03-12 11:15:00,1.19338,1.19284,score,0.12727147948291054,5
5m+30m|thr25,short,2021-03-12 14:30:00,2021-03-12 14:45:00,1.19262,1.1932007142857144,sl,-0.21818978002453726,3
5m+30m|thr25,short,2021-03-12 15:05:00,2021-03-12 15:15:00,1.1933,1.19343,score,-0.05448847479530513,2
5m+30m|thr25,short,2021-03-12 16:25:00,2021-03-12 16:35:00,1.19252,1.1924599999999999,score,0.013002077433953917,2
5m+30m|thr25,long,2021-03-12 20:05:00,2021-03-12 20:10:00,1.19479,1.19486,score,0.028398005092162153,1
5m+30m|thr25,long,2021-03-15 03:10:00,2021-03-15 03:35:00,1.19543,1.19615,score,0.34622754858869537,5
5m+30m|thr25,long,2021-03-15 04:25:00,2021-03-15 04:25:00,1.19528,1.1947357142857142,sl,-0.219339273787487,0
5m+30m|thr25,short,2021-03-15 06:10:00,2021-03-15 06:25:00,1.19503,1.19532,score,-0.18898441094562715,3
5m+30m|thr25,long,2021-03-15 06:45:00,2021-03-15 06:45:00,1.19478,1.1945024999999998,sl,-0.21525603694015583,0
5m+30m|thr25,short,2021-03-15 09:35:00,2021-03-15 09:40:00,1.1929400000000001,1.19255,score,0.1265410529718783,1
5m+30m|thr25,short,2021-03-15 10:05:00,2021-03-15 10:05:00,1.1925400000000002,1.1932942857142859,sl,-0.21436888710047308,0
5m+30m|thr25,short,2021-03-15 11:00:00,2021-03-15 11:10:00,1.1936200000000001,1.1930699999999999,score,0.1424081940189908,2
5m+30m|thr25,short,2021-03-15 12:00:00,2021-03-15 12:00:00,1.1925400000000002,1.19255,score,-0.0027466390471334395,0
5m+30m|thr25,short,2021-03-15 13:25:00,2021-03-15 13:45:00,1.19306,1.19284,score,0.10830538048399406,4
5m+30m|thr25,short,2021-03-15 16:45:00,2021-03-15 16:50:00,1.19198,1.1926807142857143,sl,-0.21470486758402682,1
5m+30m|thr25,short,2021-03-15 17:20:00,2021-03-15 17:30:00,1.1932,1.19162,flip,0.5080258189355819,2
5m+30m|thr25,long,2021-03-15 17:35:00,2021-03-15 17:45:00,1.19161,1.1917200000000001,score,0.03233599987750434,2
5m+30m|thr25,long,2021-03-15 20:10:00,2021-03-15 20:20:00,1.19309,1.19288,score,-0.10294082330331789,2
5m+30m|thr25,long,2021-03-15 21:00:00,2021-03-15 21:20:00,1.19265,1.1922589285714285,sl,-0.21693202886328428,4
5m+30m|thr25,long,2021-03-15 22:05:00,2021-03-15 22:15:00,1.19322,1.19306,score,-0.09991037740539246,2
5m+30m|thr25,long,2021-03-16 02:40:00,2021-03-16 02:40:00,1.1926299999999999,1.19266,score,0.020220881535321096,0
5m+30m|thr25,long,2021-03-16 02:55:00,2021-03-16 02:55:00,1.19254,1.192230357142857,sl,-0.21396581361595074,0
5m+30m|thr25,long,2021-03-16 03:50:00,2021-03-16 03:55:00,1.1931699999999998,1.1928539285714284,sl,-0.21182615547979122,1
5m+30m|thr25,long,2021-03-16 04:15:00,2021-03-16 04:25:00,1.1924299999999999,1.19249,score,0.034238023498048595,2
5m+30m|thr25,long,2021-03-16 06:35:00,2021-03-16 06:50:00,1.19383,1.19371,score,-0.08168621772877792,3
5m+30m|thr25,short,2021-03-16 10:45:00,2021-03-16 10:45:00,1.19226,1.19285,score,-0.19594875090433594,0
5m+30m|thr25,short,2021-03-16 11:05:00,2021-03-16 11:05:00,1.1924700000000001,1.19302,score,-0.17051380538958,0
5m+30m|thr25,long,2021-03-16 11:55:00,2021-03-16 12:00:00,1.1933,1.1928400000000001,score,-0.13075189970793538,1
5m+30m|thr25,long,2021-03-16 12:15:00,2021-03-16 12:40:00,1.19336,1.19436,score,0.2992839083116696,5
5m+30m|thr25,long,2021-03-16 13:30:00,2021-03-16 13:35:00,1.1948999999999999,1.19473,score,-0.074063779802261,1
5m+30m|thr25,long,2021-03-16 14:25:00,2021-03-16 14:25:00,1.19428,1.1937753571428573,sl,-0.20651346870776158,0
5m+30m|thr25,short,2021-03-16 17:30:00,2021-03-16 18:05:00,1.1889800000000001,1.189726785714286,sl,-0.204448334020684,7
5m+30m|thr25,short,2021-03-16 19:20:00,2021-03-16 19:25:00,1.1902300000000001,1.1906299999999999,score,-0.12961252873756476,1
5m+30m|thr25,short,2021-03-16 19:45:00,2021-03-16 20:00:00,1.19046,1.19075,score,-0.10174421994963367,3
5m+30m|thr25,short,2021-03-16 21:40:00,2021-03-16 21:50:00,1.1905400000000002,1.1907299999999998,score,-0.09264406497723142,2
5m+30m|thr25,short,2021-03-17 00:30:00,2021-03-17 00:40:00,1.19018,1.19045,score,-0.17860956697883085,2
5m+30m|thr25,short,2021-03-17 01:25:00,2021-03-17 01:25:00,1.19025,1.1902899999999998,score,-0.04048774294834907,0
5m+30m|thr25,long,2021-03-17 01:40:00,2021-03-17 01:50:00,1.19045,1.1902367857142857,sl,-0.19697286944456108,2
5m+30m|thr25,long,2021-03-17 02:00:00,2021-03-17 02:15:00,1.1902899999999998,1.1900724999999999,sl,-0.19500314075011543,3
5m+30m|thr25,long,2021-03-17 02:30:00,2021-03-17 02:45:00,1.1905,1.19035,score,-0.09828158293797092,3
5m+30m|thr25,long,2021-03-17 02:55:00,2021-03-17 03:05:00,1.1901899999999999,1.1900600000000001,score,-0.0712676726184294,2
5m+30m|thr25,short,2021-03-17 05:20:00,2021-03-17 05:45:00,1.19028,1.19006,score,0.1616958737185854,5
5m+30m|thr25,long,2021-03-17 07:35:00,2021-03-17 07:50:00,1.19011,1.1899021428571428,sl,-0.19297457552423614,3
5m+30m|thr25,long,2021-03-17 08:00:00,2021-03-17 08:05:00,1.1898499999999999,1.18983,score,-0.016981762646061552,1
5m+30m|thr25,long,2021-03-17 09:25:00,2021-03-17 09:30:00,1.18984,1.18992,score,0.03673196109963956,1
5m+30m|thr25,short,2021-03-17 11:30:00,2021-03-17 12:15:00,1.19109,1.19108,score,0.0033614471369329602,9
5m+30m|thr25,long,2021-03-17 12:25:00,2021-03-17 12:40:00,1.19129,1.1912800000000001,score,-0.003915004747232248,3
5m+30m|thr25,long,2021-03-17 16:20:00,2021-03-17 16:30:00,1.19116,1.1911,score,-0.018432462282146803,2
5m+30m|thr25,short,2021-03-17 19:50:00,2021-03-17 20:00:00,1.1907100000000002,1.1910678571428572,sl,-0.19105247155460506,2
5m+30m|thr25,long,2021-03-17 20:05:00,2021-03-17 20:10:00,1.1933799999999999,1.19583,score,0.494856504697146,1
5m+30m|thr25,short,2021-03-18 07:45:00,2021-03-18 08:00:00,1.19639,1.19681,sl,-0.19409051188603046,3
5m+30m|thr25,short,2021-03-18 09:00:00,2021-03-18 09:00:00,1.1978600000000001,1.1982575000000002,sl,-0.19214960676717016,0
5m+30m|thr25,long,2021-03-18 09:30:00,2021-03-18 09:35:00,1.19644,1.1957360714285714,sl,-0.19022811069949846,1
5m+30m|thr25,short,2021-03-18 09:55:00,2021-03-18 10:30:00,1.1945400000000002,1.1955546428571429,sl,-0.18832582959250346,7
5m+30m|thr25,short,2021-03-18 12:35:00,2021-03-18 12:40:00,1.19384,1.19421,score,-0.10784729417265784,1
5m+30m|thr25,short,2021-03-18 13:30:00,2021-03-18 13:35:00,1.1945700000000001,1.19407,score,0.16699468320259997,1
5m+30m|thr25,short,2021-03-18 17:45:00,2021-03-18 17:50:00,1.19199,1.19257,score,-0.14652353564082643,1
5m+30m|thr25,short,2021-03-18 18:25:00,2021-03-18 18:40:00,1.19356,1.1925999999999999,score,0.20501806856735583,3
5m+30m|thr25,short,2021-03-18 19:20:00,2021-03-18 19:20:00,1.19236,1.19285,score,-0.14135818505661715,0
5m+30m|thr25,short,2021-03-18 22:55:00,2021-03-18 23:00:00,1.1917,1.19118,score,0.2282113426069753,1
5m+30m|thr25,short,2021-03-19 00:40:00,2021-03-19 00:55:00,1.19187,1.19176,score,0.06407743576628801,3
5m+30m|thr25,short,2021-03-19 04:30:00,2021-03-19 04:35:00,1.19063,1.19099,score,-0.13725077236919464,1
5m+30m|thr25,short,2021-03-19 05:35:00,2021-03-19 05:40:00,1.19121,1.1915785714285716,sl,-0.1877557887256176,1
5m+30m|thr25,short,2021-03-19 05:50:00,2021-03-19 06:00:00,1.19126,1.19149,score,-0.10784286545933519,2
5m+30m|thr25,long,2021-03-19 06:50:00,2021-03-19 06:55:00,1.19198,1.19181,score,-0.08994346200355247,1
5m+30m|thr25,long,2021-03-19 07:20:00,2021-03-19 07:30:00,1.1913799999999999,1.191115357142857,sl,-0.18390036756373254,2
5m+30m|thr25,long,2021-03-19 09:20:00,2021-03-19 09:25:00,1.19286,1.19244,score,-0.13095055898012314,1
5m+30m|thr25,long,2021-03-19 09:35:00,2021-03-19 09:45:00,1.19299,1.19302,score,0.008756145384685042,2
5m+30m|thr25,long,2021-03-19 10:00:00,2021-03-19 10:05:00,1.19328,1.19338,score,0.025380971193340277,1
5m+30m|thr25,short,2021-03-19 13:50:00,2021-03-19 14:05:00,1.19018,1.19039,score,-0.07288351740240619,3
5m+30m|thr25,short,2021-03-19 17:25:00,2021-03-19 17:30:00,1.18859,1.1890699999999998,score,-0.17489880658425433,1
5m+30m|thr25,short,2021-03-19 18:05:00,2021-03-19 18:30:00,1.1905700000000001,1.1904299999999999,score,0.03889846624445127,5
5m+30m|thr25,long,2021-03-19 18:50:00,2021-03-19 18:55:00,1.1908699999999999,1.19069,score,-0.04570324873698159,1
5m+30m|thr25,long,2021-03-19 19:15:00,2021-03-19 19:15:00,1.19112,1.1907400000000001,score,-0.13303528665038167,0
5m+30m|thr25,long,2021-03-19 19:55:00,2021-03-19 20:05:00,1.19099,1.1908400000000001,score,-0.07705087197074847,2
5m+30m|thr25,long,2021-03-19 21:25:00,2021-03-19 21:30:00,1.19068,1.19076,score,0.041691999247000656,1
5m+30m|thr25,long,2021-03-19 21:40:00,2021-03-19 21:45:00,1.19096,1.19072,score,-0.1338425856906697,1
5m+30m|thr25,long,2021-03-19 22:00:00,2021-03-19 22:05:00,1.19058,1.1906400000000001,score,0.033095621189058406,1
5m+30m|thr25,short,2021-03-22 05:25:00,2021-03-22 05:40:00,1.1895200000000001,1.1898,score,-0.1343772539705871,3
5m+30m|thr25,long,2021-03-22 06:20:00,2021-03-22 06:30:00,1.18973,1.18964,score,-0.05350008273042095,2
5m+30m|thr25,long,2021-03-22 06:40:00,2021-03-22 06:45:00,1.18988,1.18957,score,-0.18172344988302053,1
5m+30m|thr25,long,2021-03-22 07:00:00,2021-03-22 07:10:00,1.18939,1.18927,score,-0.07774965000397688,2
5m+30m|thr25,long,2021-03-22 08:05:00,2021-03-22 08:10:00,1.18926,1.18893,sl,-0.1713824427946449,1
5m+30m|thr25,short,2021-03-22 10:45:00,2021-03-22 11:35:00,1.18991,1.19004,score,-0.02421936356292492,10
5m+30m|thr25,long,2021-03-22 12:05:00,2021-03-22 12:25:00,1.19027,1.19086,score,0.16085773198607964,4
5m+30m|thr25,long,2021-03-22 12:55:00,2021-03-22 13:15:00,1.19082,1.19205,score,0.3895797268938161,4
5m+30m|thr25,long,2021-03-22 13:25:00,2021-03-22 13:25:00,1.19279,1.1923700000000002,score,-0.12490505160903935,0
5m+30m|thr25,long,2021-03-22 17:35:00,2021-03-22 17:40:00,1.19371,1.1934200000000001,score,-0.07069151881134868,1
5m+30m|thr25,long,2021-03-22 18:50:00,2021-03-22 19:00:00,1.19372,1.1935900000000002,score,-0.04197522629064944,2
5m+30m|thr25,long,2021-03-22 19:20:00,2021-03-22 19:25:00,1.19441,1.19408,score,-0.11404928123740221,1
5m+30m|thr25,short,2021-03-23 06:15:00,2021-03-23 06:25:00,1.1931100000000001,1.19275,score,0.20280035827325338,2
5m+30m|thr25,short,2021-03-23 08:45:00,2021-03-23 08:50:00,1.19225,1.1926689285714285,sl,-0.17344259212311625,1
5m+30m|thr25,short,2021-03-23 09:35:00,2021-03-23 09:35:00,1.19262,1.19142,score,0.4118054521331401,0
5m+30m|thr25,short,2021-03-23 10:00:00,2021-03-23 10:25:00,1.19046,1.18927,score,0.28592140919951387,5
5m+30m|thr25,short,2021-03-23 12:35:00,2021-03-23 12:35:00,1.1889800000000001,1.18854,score,0.10335232661618174,0
5m+30m|thr25,short,2021-03-23 12:55:00,2021-03-23 13:20:00,1.1885400000000002,1.18811,score,0.09866923188785082,5
5m+30m|thr25,short,2021-03-23 13:40:00,2021-03-23 14:00:00,1.18795,1.18838,score,-0.11754165482541143,4
5m+30m|thr25,short,2021-03-23 14:40:00,2021-03-23 14:40:00,1.18878,1.18926,score,-0.1454422147661874,0
5m+30m|thr25,short,2021-03-23 14:55:00,2021-03-23 15:05:00,1.18912,1.1885299999999999,score,0.18125769620182158,2
5m+30m|thr25,short,2021-03-23 17:55:00,2021-03-23 17:55:00,1.18653,1.1870935714285715,sl,-0.1798883886663542,0
5m+30m|thr25,short,2021-03-23 18:05:00,2021-03-23 18:05:00,1.18656,1.18666,score,-0.028364653776060164,0
5m+30m|thr25,short,2021-03-23 22:15:00,2021-03-23 22:30:00,1.1847100000000002,1.1847999999999999,score,-0.03829664639043291,3
5m+30m|thr25,short,2021-03-23 23:40:00,2021-03-23 23:40:00,1.18507,1.1853,score,-0.12052778724155445,0
5m+30m|thr25,short,2021-03-23 23:50:00,2021-03-23 23:55:00,1.18506,1.18486,score,0.10376641828297208,1
5m+30m|thr25,short,2021-03-24 04:00:00,2021-03-24 04:15:00,1.18475,1.1845999999999999,score,0.0642894790994874,3
5m+30m|thr25,short,2021-03-24 06:00:00,2021-03-24 06:10:00,1.18482,1.18475,score,0.048226890573118006,2
5m+30m|thr25,short,2021-03-24 07:00:00,2021-03-24 07:00:00,1.18456,1.18427,score,0.19235712978700628,0
5m+30m|thr25,short,2021-03-24 09:05:00,2021-03-24 09:05:00,1.1842300000000001,1.1841,score,0.04151211939425575,0
5m+30m|thr25,short,2021-03-24 11:35:00,2021-03-24 12:00:00,1.18384,1.1830699999999998,score,0.1367124398249936,5
5m+30m|thr25,short,2021-03-24 13:50:00,2021-03-24 13:55:00,1.18295,1.1834814285714286,sl,-0.18208625867522849,1
5m+30m|thr25,short,2021-03-24 17:10:00,2021-03-24 17:25:00,1.1828,1.18281,score,-0.00295171408795191,3
5m+30m|thr25,short,2021-03-24 17:55:00,2021-03-24 18:05:00,1.1829,1.1835010714285714,sl,-0.18023587894759668,2
5m+30m|thr25,long,2021-03-24 18:10:00,2021-03-24 18:15:00,1.18363,1.1832200000000002,score,-0.1119353448860341,1
5m+30m|thr25,long,2021-03-24 18:30:00,2021-03-24 18:30:00,1.18361,1.1833500000000001,score,-0.07243811075439652,0
5m+30m|thr25,long,2021-03-24 18:55:00,2021-03-24 19:05:00,1.18257,1.18246,score,-0.02896147708479471,2
5m+30m|thr25,short,2021-03-24 20:50:00,2021-03-24 20:55:00,1.18253,1.18215,score,0.1591038013265754,1
5m+30m|thr25,short,2021-03-25 00:15:00,2021-03-25 00:15:00,1.1813,1.1811,score,0.13553615911929734,0
5m+30m|thr25,short,2021-03-25 00:40:00,2021-03-25 00:50:00,1.1810800000000001,1.18113,score,-0.032049195224617126,2
5m+30m|thr25,short,2021-03-25 02:10:00,2021-03-25 02:10:00,1.1812,1.1814442857142857,sl,-0.17892607848308098,0
5m+30m|thr25,short,2021-03-25 03:05:00,2021-03-25 03:05:00,1.18144,1.1812799999999999,score,0.08759083259260132,0
5m+30m|thr25,short,2021-03-25 03:45:00,2021-03-25 04:00:00,1.18096,1.181422857142857,sl,-0.17801272602417623,3
5m+30m|thr25,long,2021-03-25 06:20:00,2021-03-25 06:30:00,1.18213,1.18219,score,0.03668782725206789,2
5m+30m|thr25,short,2021-03-25 12:30:00,2021-03-25 12:35:00,1.1814900000000002,1.1809699999999999,score,0.16642643272833552,1
5m+30m|thr25,short,2021-03-25 15:45:00,2021-03-25 16:00:00,1.18076,1.18084,score,-0.014010904584352637,3
5m+30m|thr25,short,2021-03-25 19:10:00,2021-03-25 19:25:00,1.1770100000000001,1.1774799999999999,score,-0.11679656209775684,3
5m+30m|thr25,short,2021-03-25 20:55:00,2021-03-25 21:00:00,1.17801,1.1774499999999999,score,0.23064545750691537,1
5m+30m|thr25,short,2021-03-25 21:40:00,2021-03-25 21:40:00,1.1766100000000002,1.177069642857143,sl,-0.17926212127198654,0
5m+30m|thr25,short,2021-03-25 23:45:00,2021-03-26 00:00:00,1.1767100000000001,1.17692,score,-0.06550663279018576,3
5m+30m|thr25,short,2021-03-26 01:10:00,2021-03-26 01:15:00,1.1772,1.17744,score,-0.14889636524754488,1
5m+30m|thr25,short,2021-03-26 01:45:00,2021-03-26 01:45:00,1.17745,1.17766,score,-0.13216843129016445,0
5m+30m|thr25,short,2021-03-26 02:00:00,2021-03-26 02:00:00,1.1775200000000001,1.1777717857142858,sl,-0.17400378576598777,0
5m+30m|thr25,long,2021-03-26 02:45:00,2021-03-26 03:05:00,1.17735,1.17797,score,0.2993492155845213,4
5m+30m|thr25,long,2021-03-26 04:00:00,2021-03-26 04:05:00,1.17841,1.1781300000000001,score,-0.10385614226021717,1
5m+30m|thr25,long,2021-03-26 04:30:00,2021-03-26 04:40:00,1.17798,1.17777,score,-0.10043194415813576,2
5m+30m|thr25,long,2021-03-26 08:15:00,2021-03-26 08:15:00,1.1786299999999998,1.1783525,sl,-0.17321435919998956,0
5m+30m|thr25,long,2021-03-26 09:00:00,2021-03-26 09:00:00,1.17838,1.1780060714285714,sl,-0.17148221560798968,0
5m+30m|thr25,long,2021-03-26 09:10:00,2021-03-26 09:15:00,1.17784,1.17807,score,0.08824067908235005,1
5m+30m|thr25,long,2021-03-26 09:25:00,2021-03-26 09:30:00,1.17842,1.17805,score,-0.13332819988795597,1
5m+30m|thr25,long,2021-03-26 10:10:00,2021-03-26 10:15:00,1.1779,1.17807,score,0.043400464557924866,1
5m+30m|thr25,long,2021-03-26 11:20:00,2021-03-26 11:25:00,1.179,1.179,score,0.0,1
5m+30m|thr25,long,2021-03-26 11:45:00,2021-03-26 11:45:00,1.17964,1.17946,score,-0.04729367801896479,0
5m+30m|thr25,long,2021-03-26 12:30:00,2021-03-26 12:45:00,1.17871,1.178158214285714,sl,-0.16927758610924332,3
5m+30m|thr25,short,2021-03-26 15:20:00,2021-03-26 15:30:00,1.17842,1.17851,score,-0.02132897584974839,2
5m+30m|thr25,long,2021-03-26 16:05:00,2021-03-26 16:10:00,1.17879,1.17856,score,-0.05268194486574761,1
5m+30m|thr25,long,2021-03-26 16:25:00,2021-03-26 16:25:00,1.17807,1.17832,score,0.0641357994117204,0
5m+30m|thr25,long,2021-03-26 16:40:00,2021-03-26 16:50:00,1.17885,1.1781610714285713,sl,-0.1674860590351131,2
5m+30m|thr25,long,2021-03-26 17:00:00,2021-03-26 17:05:00,1.17908,1.1788,score,-0.06739034711280485,1
5m+30m|thr25,long,2021-03-26 17:20:00,2021-03-26 17:25:00,1.17937,1.17904,score,-0.07997214913816918,1
5m+30m|thr25,long,2021-03-26 17:40:00,2021-03-26 17:50:00,1.1798199999999999,1.17961,score,-0.052289227926135995,2
5m+30m|thr25,long,2021-03-26 18:40:00,2021-03-26 18:45:00,1.17991,1.1792810714285715,sl,-0.16381468120299092,1
5m+30m|thr25,long,2021-03-26 22:05:00,2021-03-26 22:10:00,1.17988,1.17972,score,-0.0699952672515536,1
5m+30m|thr25,long,2021-03-26 22:40:00,2021-03-26 22:45:00,1.17937,1.17934,score,-0.016381682203306498,1
5m+30m|thr25,short,2021-03-29 05:25:00,2021-03-29 05:30:00,1.17862,1.1790432142857143,sl,-0.1613127648964124,1
5m+30m|thr25,short,2021-03-29 09:35:00,2021-03-29 09:35:00,1.17784,1.17824,score,-0.1290502119170807,0
5m+30m|thr25,short,2021-03-29 09:45:00,2021-03-29 09:50:00,1.1778300000000002,1.1782599999999999,score,-0.12063541979400091,1
5m+30m|thr25,short,2021-03-29 10:20:00,2021-03-29 10:25:00,1.1779,1.1786221428571428,sl,-0.15720278093033746,1
5m+30m|thr25,long,2021-03-29 11:15:00,2021-03-29 11:15:00,1.17784,1.1771103571428572,sl,-0.15563075312103405,0
5m+30m|thr25,short,2021-03-29 15:10:00,2021-03-29 15:10:00,1.17811,1.1784299999999999,score,-0.08569255322684596,0
5m+30m|thr25,long,2021-03-29 16:00:00,2021-03-29 16:25:00,1.17862,1.1787,score,0.019555968372040038,5
5m+30m|thr25,long,2021-03-29 16:35:00,2021-03-29 16:35:00,1.17881,1.17821,score,-0.1463566007752741,0
5m+30m|thr25,long,2021-03-29 16:45:00,2021-03-29 16:55:00,1.17824,1.1775939285714285,sl,-0.15194951373352295,2
5m+30m|thr25,short,2021-03-29 20:25:00,2021-03-29 20:45:00,1.17744,1.1774499999999999,score,-0.0037143214467614113,4
5m+30m|thr25,short,2021-03-29 23:50:00,2021-03-29 23:55:00,1.17636,1.17648,score,-0.06791936307555065,1
5m+30m|thr25,short,2021-03-30 01:20:00,2021-03-30 01:55:00,1.177,1.17681,score,0.09448123213710631,7
5m+30m|thr25,long,2021-03-30 05:55:00,2021-03-30 05:55:00,1.17669,1.1764039285714285,sl,-0.1506584940723356,0
5m+30m|thr25,long,2021-03-30 07:10:00,2021-03-30 07:15:00,1.17659,1.1763607142857144,sl,-0.14915190913161228,1
5m+30m|thr25,short,2021-03-30 12:15:00,2021-03-30 12:25:00,1.1746400000000001,1.17428,score,0.09690213096399666,2
5m+30m|thr25,short,2021-03-30 15:25:00,2021-03-30 15:25:00,1.17372,1.1733799999999999,score,0.0814595276944371,0
5m+30m|thr25,short,2021-03-30 18:25:00,2021-03-30 18:35:00,1.1726400000000001,1.1725299999999999,score,0.023037414435029036,2
5m+30m|thr25,short,2021-03-30 22:20:00,2021-03-30 22:50:00,1.17208,1.17185,score,0.14092149300681225,6
5m+30m|thr25,short,2021-03-31 01:20:00,2021-03-31 01:25:00,1.17162,1.17187,score,-0.15065315810666716,1
5m+30m|thr25,short,2021-03-31 02:35:00,2021-03-31 02:45:00,1.17219,1.1723967857142858,sl,-0.14957706412023225,2
5m+30m|thr25,long,2021-03-31 03:30:00,2021-03-31 03:35:00,1.17245,1.17223,score,-0.11605353280279207,1
5m+30m|thr25,long,2021-03-31 04:05:00,2021-03-31 04:20:00,1.1722,1.1718067857142855,sl,-0.146920758151002,3
5m+30m|thr25,short,2021-03-31 07:35:00,2021-03-31 07:35:00,1.17039,1.1705742857142858,sl,-0.145451550569492,0
5m+30m|thr25,short,2021-03-31 08:45:00,2021-03-31 08:50:00,1.1709,1.171164642857143,sl,-0.14399703506379702,1
5m+30m|thr25,short,2021-03-31 09:00:00,2021-03-31 09:00:00,1.17076,1.17063,score,0.05804336863039203,0
5m+30m|thr25,short,2021-03-31 09:45:00,2021-03-31 10:10:00,1.17219,1.172807142857143,sl,-0.143137498399463,5
5m+30m|thr25,long,2021-03-31 10:20:00,2021-03-31 10:25:00,1.17315,1.1736,score,0.08430109325000962,1
5m+30m|thr25,long,2021-03-31 11:20:00,2021-03-31 11:35:00,1.1739899999999999,1.1745400000000001,score,0.12155352541305532,3
5m+30m|thr25,long,2021-03-31 18:00:00,2021-03-31 18:05:00,1.1752099999999999,1.1742274999999998,sl,-0.14376466960209902,1
5m+30m|thr25,long,2021-03-31 18:25:00,2021-03-31 18:40:00,1.17373,1.17357,score,-0.021799147439964382,3
5m+30m|thr25,long,2021-03-31 19:40:00,2021-03-31 19:45:00,1.17496,1.17466,score,-0.06501720392299104,1
5m+30m|thr25,long,2021-03-31 20:15:00,2021-03-31 20:15:00,1.17533,1.1747632142857143,sl,-0.14145885939244845,0
5m+30m|thr25,long,2021-03-31 20:30:00,2021-03-31 20:45:00,1.17429,1.17389,score,-0.09523350533960002,3
5m+30m|thr25,short,2021-04-01 00:10:00,2021-04-01 00:20:00,1.1727100000000001,1.17283,score,-0.05057888572546705,2
5m+30m|thr25,short,2021-04-01 01:20:00,2021-04-01 01:35:00,1.17241,1.1727710714285715,sl,-0.13858614688787332,3
5m+30m|thr25,short,2021-04-01 04:10:00,2021-04-01 04:20:00,1.17273,1.17318,score,-0.12260451037436149,2
5m+30m|thr25,short,2021-04-01 04:35:00,2021-04-01 04:40:00,1.17292,1.17315,score,-0.07681351821316647,1
5m+30m|thr25,short,2021-04-01 09:35:00,2021-04-01 09:40:00,1.17197,1.1724499999999998,sl,-0.1352061051331193,1
5m+30m|thr25,short,2021-04-01 09:55:00,2021-04-01 09:55:00,1.17226,1.1727796428571429,sl,-0.1338540440817881,0
5m+30m|thr25,long,2021-04-01 10:15:00,2021-04-01 10:30:00,1.17327,1.17391,score,0.10711221584328852,3
5m+30m|thr25,long,2021-04-01 11:00:00,2021-04-01 11:05:00,1.17417,1.17373,score,-0.06055140654336493,1
5m+30m|thr25,long,2021-04-01 12:00:00,2021-04-01 12:05:00,1.1728399999999999,1.17328,score,0.08078536965302135,1
5m+30m|thr25,long,2021-04-01 13:15:00,2021-04-01 13:30:00,1.17421,1.1743400000000002,score,0.030744433975234745,3
5m+30m|thr25,long,2021-04-01 14:00:00,2021-04-01 14:10:00,1.17376,1.17372,score,-0.00985485426128692,2
5m+30m|thr25,long,2021-04-01 16:05:00,2021-04-01 16:15:00,1.17532,1.1753200000000001,score,4.2203549158996e-14,2
5m+30m|thr25,long,2021-04-01 16:30:00,2021-04-01 16:30:00,1.1760599999999999,1.17571,score,-0.05947368840715805,0
5m+30m|thr25,long,2021-04-01 17:10:00,2021-04-01 17:15:00,1.1743999999999999,1.17424,score,-0.024655362914968074,1
5m+30m|thr25,long,2021-04-01 18:15:00,2021-04-01 18:25:00,1.17657,1.1764400000000002,score,-0.019848071965584337,2
5m+30m|thr25,long,2021-04-01 19:20:00,2021-04-01 19:20:00,1.17788,1.177269285714286,sl,-0.13295808999476247,0
5m+30m|thr25,long,2021-04-02 01:55:00,2021-04-02 01:55:00,1.17821,1.17794,score,-0.15356659394388752,0
5m+30m|thr25,long,2021-04-02 02:30:00,2021-04-02 02:40:00,1.1776499999999999,1.17763,score,-0.01576882947330994,2
5m+30m|thr25,long,2021-04-02 03:35:00,2021-04-02 03:40:00,1.1773799999999999,1.1770617857142855,sl,-0.1299351548606429,1
5m+30m|thr25,long,2021-04-02 07:25:00,2021-04-02 07:30:00,1.17769,1.17764,score,-0.02480580229151173,1
5m+30m|thr25,long,2021-04-02 10:00:00,2021-04-02 10:05:00,1.17754,1.1772282142857142,sl,-0.1283877452891213,1
5m+30m|thr25,long,2021-04-02 11:15:00,2021-04-02 11:45:00,1.17808,1.17834,score,0.07691738635473643,6
5m+30m|thr25,long,2021-04-02 12:30:00,2021-04-02 12:35:00,1.17844,1.17826,score,-0.06529687235728178,1
5m+30m|thr25,long,2021-04-02 12:50:00,2021-04-02 13:00:00,1.1780199999999998,1.17804,score,0.008245745470736726,2
5m+30m|thr25,short,2021-04-02 19:30:00,2021-04-02 19:35:00,1.1758600000000001,1.17613,score,-0.11375970804456716,1
5m+30m|thr25,short,2021-04-02 19:50:00,2021-04-02 20:05:00,1.1759600000000001,1.1761,score,-0.06490374524057636,3
5m+30m|thr25,short,2021-04-02 20:45:00,2021-04-02 20:50:00,1.17607,1.1762299999999999,score,-0.11025710071037942,1
5m+30m|thr25,short,2021-04-02 22:25:00,2021-04-02 22:25:00,1.17626,1.17645,score,-0.08968548623570068,0
5m+30m|thr25,short,2021-04-02 22:35:00,2021-04-02 22:35:00,1.17628,1.1760899999999999,score,0.0960683655778747,0
5m+30m|thr25,short,2021-04-02 23:10:00,2021-04-02 23:25:00,1.1759300000000001,1.1761410714285716,sl,-0.12447715368437853,3
5m+30m|thr25,short,2021-04-05 00:10:00,2021-04-05 00:55:00,1.17578,1.17551,score,0.0879732586435663,9
5m+30m|thr25,long,2021-04-05 01:40:00,2021-04-05 01:40:00,1.17645,1.17628,score,-0.04910836792466344,0
5m+30m|thr25,long,2021-04-05 02:30:00,2021-04-05 02:40:00,1.17641,1.17635,score,-0.02330901595642358,2
5m+30m|thr25,long,2021-04-05 03:00:00,2021-04-05 03:05:00,1.17681,1.1765014285714284,sl,-0.12338794089515953,1
5m+30m|thr25,long,2021-04-05 03:15:00,2021-04-05 03:40:00,1.17624,1.17646,score,0.08250756784599422,5
5m+30m|thr25,long,2021-04-05 04:25:00,2021-04-05 04:35:00,1.1768399999999999,1.17672,score,-0.04400531425695269,2
5m+30m|thr25,long,2021-04-05 04:50:00,2021-04-05 04:55:00,1.17715,1.17693,score,-0.0855828523328324,1
5m+30m|thr25,long,2021-04-05 07:20:00,2021-04-05 07:25:00,1.17649,1.1763014285714286,sl,-0.12168325549877004,1
5m+30m|thr25,short,2021-04-05 11:40:00,2021-04-05 11:50:00,1.17528,1.17465,score,0.13543834931348708,2
5m+30m|thr25,short,2021-04-05 14:40:00,2021-04-05 14:55:00,1.1756900000000001,1.1759199999999999,score,-0.09111800156242775,3
5m+30m|thr25,long,2021-04-05 15:20:00,2021-04-05 15:45:00,1.17627,1.1776900000000001,score,0.482667344027303,5
5m+30m|thr25,long,2021-04-05 16:50:00,2021-04-05 17:05:00,1.17947,1.18032,score,0.2173219997607628,3
5m+30m|thr25,long,2021-04-06 01:45:00,2021-04-06 01:55:00,1.1814099999999998,1.1813500000000001,score,-0.04116628225333626,2
5m+30m|thr25,long,2021-04-06 02:25:00,2021-04-06 02:30:00,1.1817,1.18158,score,-0.08254196524907312,1
5m+30m|thr25,long,2021-04-06 03:00:00,2021-04-06 03:10:00,1.18173,1.18182,score,0.0673448401284166,2
5m+30m|thr25,long,2021-04-06 03:45:00,2021-04-06 03:55:00,1.18139,1.18134,score,-0.024456000013599762,2
5m+30m|thr25,short,2021-04-06 07:50:00,2021-04-06 08:00:00,1.18066,1.18085,score,-0.09929207829331803,2
5m+30m|thr25,short,2021-04-06 08:20:00,2021-04-06 08:25:00,1.18068,1.18089,score,-0.09808431500186207,1
5m+30m|thr25,short,2021-04-06 09:20:00,2021-04-06 09:35:00,1.1812500000000001,1.18085,score,0.13308914461033972,3
5m+30m|thr25,long,2021-04-06 09:45:00,2021-04-06 10:00:00,1.18065,1.1801957142857142,sl,-0.12645845329844924,3
5m+30m|thr25,short,2021-04-06 11:50:00,2021-04-06 11:50:00,1.18066,1.1814989285714286,sl,-0.12519386876546473,0
5m+30m|thr25,long,2021-04-06 13:25:00,2021-04-06 13:30:00,1.18102,1.1803535714285713,sl,-0.12394193007781008,1
5m+30m|thr25,long,2021-04-06 15:40:00,2021-04-06 15:45:00,1.18283,1.18317,score,0.05734550331847724,1
5m+30m|thr25,long,2021-04-06 16:35:00,2021-04-06 16:40:00,1.18398,1.1836900000000001,score,-0.0457705003373858,1
5m+30m|thr25,long,2021-04-06 22:55:00,2021-04-06 23:15:00,1.18684,1.18748,score,0.2102104330142467,4
5m+30m|thr25,long,2021-04-07 05:15:00,2021-04-07 05:30:00,1.18696,1.1869100000000001,score,-0.015971553533454388,3
5m+30m|thr25,long,2021-04-07 09:30:00,2021-04-07 09:40:00,1.1875099999999998,1.18748,score,-0.007480295907533872,2
5m+30m|thr25,long,2021-04-07 09:55:00,2021-04-07 10:10:00,1.18692,1.18721,score,0.049923524395370705,3
5m+30m|thr25,long,2021-04-07 10:25:00,2021-04-07 10:25:00,1.1872399999999999,1.1871,score,-0.021694320114700294,0
5m+30m|thr25,long,2021-04-07 10:40:00,2021-04-07 10:40:00,1.1867299999999998,1.18719,score,0.07250403721929623,0
5m+30m|thr25,long,2021-04-07 11:00:00,2021-04-07 11:05:00,1.18794,1.18771,score,-0.03540962699608361,1
5m+30m|thr25,long,2021-04-07 11:20:00,2021-04-07 11:30:00,1.1867699999999999,1.18703,score,0.042778646164765,2
5m+30m|thr25,long,2021-04-07 13:15:00,2021-04-07 13:25:00,1.18899,1.1886400000000001,score,-0.08401604080725877,2
5m+30m|thr25,long,2021-04-07 16:50:00,2021-04-07 16:55:00,1.18945,1.18909,score,-0.059879278417444684,1
5m+30m|thr25,long,2021-04-07 17:15:00,2021-04-07 17:15:00,1.19005,1.1898900000000001,score,-0.02197195518481903,0
5m+30m|thr25,long,2021-04-07 17:30:00,2021-04-07 17:30:00,1.19084,1.19028,score,-0.06997542327222607,0
5m+30m|thr25,long,2021-04-07 18:25:00,2021-04-07 18:50:00,1.1894,1.18885,score,-0.06564732335046604,5
5m+30m|thr25,short,2021-04-07 23:30:00,2021-04-07 23:45:00,1.18703,1.18705,score,-0.006294972771197218,3
5m+30m|thr25,short,2021-04-08 01:30:00,2021-04-08 02:05:00,1.18707,1.1870399999999999,score,0.01249197287540638,7
5m+30m|thr25,short,2021-04-08 03:00:00,2021-04-08 03:10:00,1.18719,1.18743,score,-0.12336467419262295,2
5m+30m|thr25,short,2021-04-08 06:20:00,2021-04-08 07:00:00,1.18713,1.1872099999999999,score,-0.039815768237891895,8
5m+30m|thr25,long,2021-04-08 07:35:00,2021-04-08 07:45:00,1.1870399999999999,1.18699,score,-0.03268882243960104,2
5m+30m|thr25,long,2021-04-08 08:00:00,2021-04-08 08:15:00,1.18733,1.18748,score,0.10444280552345504,3
5m+30m|thr25,long,2021-04-08 08:40:00,2021-04-08 08:40:00,1.18804,1.1878289285714285,sl,-0.12189967444651531,0
5m+30m|thr25,long,2021-04-08 09:10:00,2021-04-08 09:10:00,1.18732,1.18729,score,-0.010493971974081188,0
5m+30m|thr25,long,2021-04-08 09:30:00,2021-04-08 09:35:00,1.18723,1.1868346428571428,sl,-0.12057573798230936,1
5m+30m|thr25,short,2021-04-08 14:45:00,2021-04-08 14:45:00,1.1878,1.1882489285714286,sl,-0.11936998060248624,0
5m+30m|thr25,long,2021-04-08 15:35:00,2021-04-08 15:45:00,1.18828,1.18836,score,0.01402834493822693,2
5m+30m|thr25,long,2021-04-08 15:55:00,2021-04-08 16:00:00,1.1892399999999999,1.18893,score,-0.04869548495274027,1
5m+30m|thr25,long,2021-04-08 16:50:00,2021-04-08 17:10:00,1.1893799999999999,1.19018,score,0.13964990743269837,4
5m+30m|thr25,long,2021-04-09 03:10:00,2021-04-09 03:15:00,1.19183,1.1915321428571428,sl,-0.11922610847064322,1
5m+30m|thr25,long,2021-04-09 03:25:00,2021-04-09 03:45:00,1.19156,1.19167,score,0.04789779314214591,4
5m+30m|thr25,long,2021-04-09 04:00:00,2021-04-09 04:00:00,1.1919899999999999,1.19166,score,-0.1332187963421072,0
5m+30m|thr25,long,2021-04-09 04:30:00,2021-04-09 04:30:00,1.19157,1.1912592857142856,sl,-0.11718063735393718,0
5m+30m|thr25,short,2021-04-09 07:05:00,2021-04-09 07:05:00,1.19053,1.19058,score,-0.02693405694397661,0
5m+30m|thr25,short,2021-04-09 08:25:00,2021-04-09 08:45:00,1.18988,1.18959,score,0.17025446777857337,4
5m+30m|thr25,short,2021-04-09 12:00:00,2021-04-09 12:10:00,1.18852,1.1891992857142857,sl,-0.11744203508874379,2
5m+30m|thr25,short,2021-04-09 17:20:00,2021-04-09 17:20:00,1.18851,1.1891399999999999,score,-0.09377963987085063,0
5m+30m|thr25,short,2021-04-09 17:50:00,2021-04-09 17:50:00,1.18924,1.18953,score,-0.044979737027543695,0
5m+30m|thr25,long,2021-04-09 18:20:00,2021-04-09 18:30:00,1.18841,1.18863,score,0.03601327883809784,2
5m+30m|thr25,long,2021-04-09 19:55:00,2021-04-09 19:55:00,1.1901199999999998,1.18994,score,-0.05094827850316706,0
5m+30m|thr25,long,2021-04-09 20:15:00,2021-04-09 20:25:00,1.1904,1.19068,score,0.09169097455885995,2
5m+30m|thr25,long,2021-04-12 02:10:00,2021-04-12 02:10:00,1.19004,1.18991,score,-0.06236402871299191,0
5m+30m|thr25,long,2021-04-12 02:25:00,2021-04-12 02:30:00,1.19017,1.1899749999999998,sl,-0.11502394043068039,1
5m+30m|thr25,long,2021-04-12 02:45:00,2021-04-12 02:55:00,1.1902599999999999,1.1900489285714284,sl,-0.11387370102637362,2
5m+30m|thr25,short,2021-04-12 06:40:00,2021-04-12 07:15:00,1.1891100000000001,1.18899,score,0.04764647535778304,7
5m+30m|thr25,short,2021-04-12 09:25:00,2021-04-12 09:30:00,1.18892,1.18883,score,0.025158095282132135,1
5m+30m|thr25,short,2021-04-12 10:20:00,2021-04-12 10:20:00,1.18843,1.18784,score,0.10361575017225776,0
5m+30m|thr25,long,2021-04-12 13:40:00,2021-04-12 13:55:00,1.1909699999999999,1.19092,score,-0.011873987712114412,3
5m+30m|thr25,long,2021-04-12 14:20:00,2021-04-12 14:35:00,1.19118,1.1912,score,0.003910441960610205,3
5m+30m|thr25,long,2021-04-12 21:05:00,2021-04-12 21:15:00,1.19152,1.1912574999999999,sl,-0.11441953176671656,2
5m+30m|thr25,short,2021-04-12 23:15:00,2021-04-12 23:20:00,1.19082,1.1911,score,-0.09427586388121291,1
5m+30m|thr25,short,2021-04-12 23:30:00,2021-04-12 23:50:00,1.1908800000000002,1.19108,score,-0.07108050121315802,4
5m+30m|thr25,long,2021-04-13 01:10:00,2021-04-13 01:15:00,1.1915,1.1914,score,-0.026441705908173442,1
5m+30m|thr25,long,2021-04-13 02:00:00,2021-04-13 02:05:00,1.1913099999999999,1.1911160714285713,sl,-0.11135735573902393,1
5m+30m|thr25,long,2021-04-13 02:10:00,2021-04-13 02:25:00,1.19119,1.1910800000000001,score,-0.06618924934090367,3
5m+30m|thr25,short,2021-04-13 05:50:00,2021-04-13 06:05:00,1.18974,1.18981,score,-0.023396569040195152,3
5m+30m|thr25,short,2021-04-13 08:10:00,2021-04-13 08:30:00,1.18868,1.1889725,sl,-0.10934792399782269,4
5m+30m|thr25,short,2021-04-13 09:05:00,2021-04-13 09:05:00,1.18924,1.1894960714285714,sl,-0.10825444475784447,0
5m+30m|thr25,short,2021-04-13 09:25:00,2021-04-13 09:50:00,1.18991,1.18949,score,0.1424114743106949,5
5m+30m|thr25,short,2021-04-13 10:50:00,2021-04-13 11:05:00,1.1904000000000001,1.18983,score,0.08421731779652813,3
5m+30m|thr25,long,2021-04-13 12:05:00,2021-04-13 12:10:00,1.18947,1.1896600000000002,score,0.029902987231181424,1
5m+30m|thr25,long,2021-04-13 12:25:00,2021-04-13 12:35:00,1.19015,1.18984,score,-0.05502709723511115,2
5m+30m|thr25,long,2021-04-13 12:55:00,2021-04-13 13:05:00,1.1895499999999999,1.18924,score,-0.05641325601780952,2
5m+30m|thr25,short,2021-04-13 15:25:00,2021-04-13 15:30:00,1.18927,1.1900939285714285,sl,-0.10862281457112088,1
5m+30m|thr25,short,2021-04-13 15:50:00,2021-04-13 16:35:00,1.19253,1.1938757142857144,sl,-0.10753658642540967,9
5m+30m|thr25,long,2021-04-14 02:50:00,2021-04-14 03:00:00,1.19539,1.1956,score,0.10178731331704506,2
5m+30m|thr25,long,2021-04-14 03:50:00,2021-04-14 03:50:00,1.19588,1.1955253571428572,sl,-0.10747909369432604,0
5m+30m|thr25,long,2021-04-14 04:10:00,2021-04-14 04:25:00,1.19573,1.1956900000000001,score,-0.011285304837852977,3
5m+30m|thr25,long,2021-04-14 04:40:00,2021-04-14 04:55:00,1.19567,1.1957,score,0.00904608082629111,3
5m+30m|thr25,long,2021-04-14 05:10:00,2021-04-14 05:40:00,1.19571,1.1957900000000001,score,0.024291078446373064,6
5m+30m|thr25,long,2021-04-14 06:20:00,2021-04-14 06:30:00,1.1962199999999998,1.19592,score,-0.09358918484154694,2
5m+30m|thr25,long,2021-04-14 06:55:00,2021-04-14 07:05:00,1.19591,1.1958600000000001,score,-0.01748989376292217,2
5m+30m|thr25,long,2021-04-14 09:00:00,2021-04-14 09:10:00,1.19648,1.19653,score,0.015832759134224016,2
5m+30m|thr25,long,2021-04-14 10:20:00,2021-04-14 10:20:00,1.19709,1.1964632142857143,sl,-0.10567235810702842,0
5m+30m|thr25,long,2021-04-14 10:30:00,2021-04-14 10:35:00,1.19671,1.1959932142857141,sl,-0.10461563452595812,1
5m+30m|thr25,long,2021-04-14 12:30:00,2021-04-14 12:35:00,1.19593,1.195342857142857,sl,-0.10356947818069855,1
5m+30m|thr25,short,2021-04-14 15:20:00,2021-04-14 15:20:00,1.1957,1.196219642857143,sl,-0.10253378339889155,0
5m+30m|thr25,long,2021-04-14 16:40:00,2021-04-14 16:45:00,1.1967999999999999,1.19651,score,-0.0448204773239175,1
5m+30m|thr25,long,2021-04-14 16:55:00,2021-04-14 17:10:00,1.1960899999999999,1.1956900000000001,score,-0.05960372284707496,3
5m+30m|thr25,long,2021-04-14 18:15:00,2021-04-14 18:20:00,1.19743,1.19719,score,-0.03082737205227024,1
5m+30m|thr25,long,2021-04-14 19:20:00,2021-04-14 19:30:00,1.19821,1.19829,score,0.015046900258067436,2
5m+30m|thr25,long,2021-04-14 23:45:00,2021-04-14 23:50:00,1.19807,1.19801,score,-0.015867678913360383,1
5m+30m|thr25,long,2021-04-15 00:15:00,2021-04-15 00:20:00,1.1980899999999999,1.1977632142857142,sl,-0.10014772205611709,1
5m+30m|thr25,long,2021-04-15 00:30:00,2021-04-15 00:35:00,1.1979499999999998,1.19784,score,-0.0295043897674395,1
5m+30m|thr25,long,2021-04-15 03:10:00,2021-04-15 03:20:00,1.19845,1.19827,score,-0.08928495568590308,2
5m+30m|thr25,long,2021-04-15 03:40:00,2021-04-15 03:45:00,1.19858,1.19842,score,-0.06867815558482253,1
5m+30m|thr25,long,2021-04-15 03:55:00,2021-04-15 04:05:00,1.19881,1.1986700000000001,score,-0.051667283701096405,2
5m+30m|thr25,long,2021-04-15 04:30:00,2021-04-15 04:30:00,1.1985,1.19839,score,-0.028060742252646487,0
5m+30m|thr25,long,2021-04-15 04:40:00,2021-04-15 04:45:00,1.19794,1.1974985714285715,sl,-0.09647428956563683,1
5m+30m|thr25,short,2021-04-15 09:20:00,2021-04-15 09:25:00,1.1976,1.19739,score,0.05868298165306766,1
5m+30m|thr25,short,2021-04-15 09:55:00,2021-04-15 09:55:00,1.19746,1.19753,score,-0.014014054904284727,0
5m+30m|thr25,short,2021-04-15 10:25:00,2021-04-15 10:50:00,1.19856,1.19788,score,0.11825286292879002,5
5m+30m|thr25,long,2021-04-15 11:10:00,2021-04-15 11:25:00,1.1978499999999999,1.19766,score,-0.029751193292741222,3
5m+30m|thr25,short,2021-04-15 15:25:00,2021-04-15 15:30:00,1.19683,1.1972210714285716,sl,-0.09684125263382878,1
5m+30m|thr25,short,2021-04-15 15:45:00,2021-04-15 15:55:00,1.19716,1.19589,score,0.1818260370252007,2
5m+30m|thr25,short,2021-04-15 16:15:00,2021-04-15 16:25:00,1.19639,1.1972,score,-0.07882014083368194,2
5m+30m|thr25,long,2021-04-15 17:05:00,2021-04-15 17:05:00,1.19825,1.19743,score,-0.07701248053421103,0
5m+30m|thr25,long,2021-04-15 17:15:00,2021-04-15 17:15:00,1.1984299999999999,1.19761,score,-0.07953904494062465,0
5m+30m|thr25,long,2021-04-15 18:00:00,2021-04-15 18:00:00,1.19716,1.1973200000000002,score,0.014587140692967196,0
5m+30m|thr25,short,2021-04-15 19:55:00,2021-04-15 20:05:00,1.1968400000000001,1.19645,score,0.07935138105176924,2
5m+30m|thr25,short,2021-04-15 20:30:00,2021-04-15 20:50:00,1.19595,1.1964278571428573,sl,-0.09627676903210469,4
5m+30m|thr25,long,2021-04-15 22:50:00,2021-04-15 22:55:00,1.19712,1.19738,score,0.07138744133421177,1
5m+30m|thr25,long,2021-04-15 23:20:00,2021-04-15 23:35:00,1.19719,1.1967999999999999,sl,-0.09602787575512575,3
5m+30m|thr25,short,2021-04-16 03:00:00,2021-04-16 03:00:00,1.19687,1.1970425,sl,-0.09506759699757449,0
5m+30m|thr25,long,2021-04-16 03:05:00,2021-04-16 03:05:00,1.1973,1.1970878571428571,sl,-0.09411692102759875,0
5m+30m|thr25,long,2021-04-16 03:25:00,2021-04-16 03:30:00,1.19657,1.1962571428571427,sl,-0.09317575181732278,1
5m+30m|thr25,short,2021-04-16 05:40:00,2021-04-16 05:50:00,1.19527,1.19513,score,0.026964687371566532,2
5m+30m|thr25,short,2021-04-16 07:20:00,2021-04-16 07:20:00,1.19573,1.1959507142857144,sl,-0.09251364117286519,0
5m+30m|thr25,short,2021-04-16 08:05:00,2021-04-16 08:20:00,1.1963700000000002,1.196599285714286,sl,-0.09158850476113653,3
5m+30m|thr25,long,2021-04-16 08:55:00,2021-04-16 09:00:00,1.1971,1.1968139285714285,sl,-0.09067261971352517,1
5m+30m|thr25,long,2021-04-16 09:25:00,2021-04-16 09:35:00,1.19621,1.19649,score,0.062390479181616276,2
5m+30m|thr25,long,2021-04-16 10:50:00,2021-04-16 11:05:00,1.1974099999999999,1.19831,score,0.12912828329742815,3
5m+30m|thr25,long,2021-04-16 13:40:00,2021-04-16 13:40:00,1.19848,1.19831,score,-0.030305690710558934,0
5m+30m|thr25,long,2021-04-16 13:55:00,2021-04-16 13:55:00,1.19922,1.19882,score,-0.058315320308924855,0
5m+30m|thr25,long,2021-04-16 17:45:00,2021-04-16 17:50:00,1.1981899999999999,1.1975342857142854,sl,-0.09079487103098555,1
5m+30m|thr25,short,2021-04-16 22:40:00,2021-04-16 22:45:00,1.19799,1.19825,score,-0.08520531178312989,1
5m+30m|thr25,short,2021-04-16 23:30:00,2021-04-16 23:40:00,1.1981,1.19815,score,-0.01897242266121951,2
5m+30m|thr25,long,2021-04-19 00:05:00,2021-04-19 00:10:00,1.19722,1.19756,score,0.10802117243601678,1
5m+30m|thr25,short,2021-04-19 03:20:00,2021-04-19 03:35:00,1.1966400000000001,1.1969635714285716,sl,-0.08992535670059236,3
5m+30m|thr25,short,2021-04-19 07:25:00,2021-04-19 07:25:00,1.19568,1.1958653571428572,sl,-0.08902610313358646,0
5m+30m|thr25,short,2021-04-19 07:35:00,2021-04-19 07:40:00,1.19567,1.19564,score,0.013126614781167653,1
5m+30m|thr25,short,2021-04-19 08:20:00,2021-04-19 08:30:00,1.1958,1.1960132142857143,sl,-0.08826710825006225,2
5m+30m|thr25,short,2021-04-19 09:00:00,2021-04-19 09:10:00,1.19663,1.1968903571428573,sl,-0.08738443716756163,2
5m+30m|thr25,long,2021-04-19 09:35:00,2021-04-19 09:35:00,1.19732,1.1969235714285713,sl,-0.08651059279588602,0
5m+30m|thr25,long,2021-04-19 10:35:00,2021-04-19 11:00:00,1.1989699999999999,1.20184,score,0.3254123557781149,5
5m+30m|thr25,long,2021-04-19 19:15:00,2021-04-19 19:25:00,1.20316,1.2033,score,0.02610385564560322,2
5m+30m|thr25,long,2021-04-19 19:45:00,2021-04-19 20:05:00,1.20356,1.20374,score,0.032920855008813504,4
5m+30m|thr25,long,2021-04-20 01:30:00,2021-04-20 01:40:00,1.20386,1.20376,score,-0.034801611262555494,2
5m+30m|thr25,long,2021-04-20 02:05:00,2021-04-20 02:10:00,1.20399,1.2037939285714285,sl,-0.08914184141962687,1
5m+30m|thr25,long,2021-04-20 02:35:00,2021-04-20 02:50:00,1.20393,1.2041,score,0.08975897724486674,3
5m+30m|thr25,long,2021-04-20 05:25:00,2021-04-20 05:30:00,1.20476,1.20446,score,-0.06400370148153128,1
5m+30m|thr25,long,2021-04-20 05:50:00,2021-04-20 06:15:00,1.2049699999999999,1.2069400000000001,score,0.4109511736608277,5
5m+30m|thr25,long,2021-04-20 10:45:00,2021-04-20 10:50:00,1.20772,1.2073,score,-0.03704699499985715,1
5m+30m|thr25,long,2021-04-20 11:30:00,2021-04-20 11:35:00,1.20669,1.20679,score,0.011418728962823138,1
5m+30m|thr25,short,2021-04-20 17:45:00,2021-04-20 17:50:00,1.2048100000000002,1.20455,score,0.026524243441043184,1
5m+30m|thr25,short,2021-04-20 21:50:00,2021-04-20 21:50:00,1.20262,1.20292,score,-0.08531383301525805,0
5m+30m|thr25,short,2021-04-20 22:25:00,2021-04-20 22:45:00,1.20332,1.2036542857142858,sl,-0.09177330894355976,4
5m+30m|thr25,long,2021-04-21 04:20:00,2021-04-21 04:25:00,1.20325,1.20331,score,0.012142988658340473,1
5m+30m|thr25,long,2021-04-21 05:05:00,2021-04-21 05:10:00,1.2036,1.20358,score,-0.003967844487115685,1
5m+30m|thr25,long,2021-04-21 05:25:00,2021-04-21 05:30:00,1.2033,1.20334,score,0.007804582879034916,1
5m+30m|thr25,short,2021-04-21 09:00:00,2021-04-21 09:00:00,1.20302,1.20292,score,0.03100280349743424,0
5m+30m|thr25,short,2021-04-21 10:15:00,2021-04-21 10:20:00,1.2023700000000002,1.20197,score,0.05589314169333813,1
5m+30m|thr25,short,2021-04-21 12:30:00,2021-04-21 12:30:00,1.20126,1.20059,score,0.11355402365848209,0
5m+30m|thr25,short,2021-04-21 12:50:00,2021-04-21 13:00:00,1.20046,1.2004299999999999,score,0.004414502438616845,2
5m+30m|thr25,short,2021-04-21 13:40:00,2021-04-21 13:45:00,1.20041,1.2007999999999999,score,-0.05326305423403466,1
5m+30m|thr25,short,2021-04-21 16:05:00,2021-04-21 16:10:00,1.20102,1.20025,score,0.12068824622405035,1
5m+30m|thr25,short,2021-04-21 18:00:00,2021-04-21 18:10:00,1.20275,1.2036628571428571,sl,-0.09373826975740562,2
5m+30m|thr25,long,2021-04-21 19:25:00,2021-04-21 19:30:00,1.20294,1.2031,score,0.030390933774012488,1
5m+30m|thr25,long,2021-04-21 23:40:00,2021-04-21 23:50:00,1.20357,1.2034,score,-0.07537054946468683,2
5m+30m|thr25,long,2021-04-22 02:10:00,2021-04-22 02:25:00,1.20367,1.2037,score,0.01833922372537752,3
5m+30m|thr25,long,2021-04-22 03:05:00,2021-04-22 03:05:00,1.2039199999999999,1.2037271428571428,sl,-0.0925344831401786,0
5m+30m|thr25,long,2021-04-22 03:25:00,2021-04-22 03:25:00,1.20349,1.2032692857142857,sl,-0.09160913830877682,0
5m+30m|thr25,long,2021-04-22 04:10:00,2021-04-22 04:15:00,1.20407,1.2037,score,-0.09433533796688957,1
5m+30m|thr25,long,2021-04-22 04:35:00,2021-04-22 04:50:00,1.20408,1.2043300000000001,score,0.05915704847668417,3
5m+30m|thr25,long,2021-04-22 05:15:00,2021-04-22 05:20:00,1.20461,1.20449,score,-0.02850203259560659,1
5m+30m|thr25,long,2021-04-22 06:00:00,2021-04-22 06:00:00,1.2047299999999999,1.2044149999999998,sl,-0.09005624370483091,0
5m+30m|thr25,short,2021-04-22 09:50:00,2021-04-22 10:10:00,1.20427,1.2048014285714284,sl,-0.08915568126778263,4
5m+30m|thr25,long,2021-04-22 11:15:00,2021-04-22 11:25:00,1.20384,1.20391,score,0.012481795377494368,2
5m+30m|thr25,long,2021-04-22 14:20:00,2021-04-22 14:35:00,1.20552,1.2052800000000001,score,-0.0377126154277552,3
5m+30m|thr25,long,2021-04-22 14:55:00,2021-04-22 15:05:00,1.20476,1.20503,score,0.03696496282693048,2
5m+30m|thr25,long,2021-04-22 16:20:00,2021-04-22 16:20:00,1.2040499999999998,1.202875714285714,sl,-0.08838146588287149,0
5m+30m|thr25,short,2021-04-22 20:25:00,2021-04-22 20:25:00,1.20071,1.20122,sl,-0.08749765122404277,0
5m+30m|thr25,short,2021-04-22 21:25:00,2021-04-22 21:50:00,1.19993,1.20048,score,-0.07337674315522205,5
5m+30m|thr25,short,2021-04-22 23:00:00,2021-04-22 23:35:00,1.2013,1.2016,score,-0.05822976764760455,7
5m+30m|thr25,short,2021-04-23 01:00:00,2021-04-23 01:15:00,1.2016,1.20162,score,-0.005529132103925016,3
5m+30m|thr25,short,2021-04-23 01:50:00,2021-04-23 01:50:00,1.20143,1.2016517857142857,sl,-0.08525131828273481,0
5m+30m|thr25,long,2021-04-23 02:30:00,2021-04-23 02:45:00,1.20159,1.201407857142857,sl,-0.08439880509990746,3
5m+30m|thr25,long,2021-04-23 02:50:00,2021-04-23 02:55:00,1.2014,1.2013800000000001,score,-0.0086649439902194,1
5m+30m|thr25,long,2021-04-23 03:15:00,2021-04-23 03:20:00,1.2017799999999998,1.20164,score,-0.04582566064799776,1
5m+30m|thr25,long,2021-04-23 03:30:00,2021-04-23 03:30:00,1.20189,1.20163,score,-0.07572833986190836,0
5m+30m|thr25,long,2021-04-23 03:50:00,2021-04-23 03:50:00,1.20143,1.20164,score,0.05303129937621804,0
5m+30m|thr25,long,2021-04-23 04:00:00,2021-04-23 04:10:00,1.20211,1.20211,score,0.0,2
5m+30m|thr25,long,2021-04-23 05:00:00,2021-04-23 05:00:00,1.20259,1.2023000000000001,score,-0.06189663698462299,0
5m+30m|thr25,long,2021-04-23 07:45:00,2021-04-23 07:55:00,1.20255,1.20261,score,0.022891455506239784,2
5m+30m|thr25,long,2021-04-23 08:40:00,2021-04-23 08:40:00,1.2028999999999999,1.20271,score,-0.06641366186737116,0
5m+30m|thr25,long,2021-04-23 08:50:00,2021-04-23 08:50:00,1.20299,1.2027585714285716,sl,-0.08172875216421178,0
5m+30m|thr25,long,2021-04-23 09:10:00,2021-04-23 09:30:00,1.20265,1.2022975,sl,-0.08091146464256967,4
5m+30m|thr25,long,2021-04-23 11:20:00,2021-04-23 11:30:00,1.20599,1.2058200000000001,score,-0.021324786687982072,2
5m+30m|thr25,long,2021-04-23 19:50:00,2021-04-23 20:05:00,1.2074099999999999,1.20741,score,3.814826692496841e-14,3
5m+30m|thr25,long,2021-04-23 20:15:00,2021-04-23 20:25:00,1.20798,1.20788,score,-0.019830628188112813,2
5m+30m|thr25,long,2021-04-23 22:00:00,2021-04-23 22:05:00,1.20933,1.20915,score,-0.04958538408282585,1
5m+30m|thr25,long,2021-04-26 04:10:00,2021-04-26 04:10:00,1.21104,1.21051,score,-0.0819562719230904,0
5m+30m|thr25,long,2021-04-26 04:55:00,2021-04-26 05:00:00,1.21087,1.21076,score,-0.018122835450800862,1
5m+30m|thr25,long,2021-04-26 05:15:00,2021-04-26 05:15:00,1.21116,1.2108,score,-0.05812662547216832,0
5m+30m|thr25,long,2021-04-26 05:30:00,2021-04-26 05:30:00,1.2110699999999999,1.21096,score,-0.019387484574875186,0
5m+30m|thr25,long,2021-04-26 05:50:00,2021-04-26 06:20:00,1.21118,1.21136,score,0.03705525256934157,6
5m+30m|thr25,long,2021-04-26 09:35:00,2021-04-26 09:50:00,1.21037,1.21001,score,-0.046342718000530955,3
5m+30m|thr25,long,2021-04-26 10:00:00,2021-04-26 10:00:00,1.2093099999999999,1.2098200000000001,score,0.05342124868616215,0
5m+30m|thr25,short,2021-04-26 12:30:00,2021-04-26 12:35:00,1.21027,1.21001,score,0.030425299570597336,1
5m+30m|thr25,short,2021-04-26 18:00:00,2021-04-26 18:20:00,1.20808,1.20777,score,0.03154201458549528,4
5m+30m|thr25,long,2021-04-26 21:55:00,2021-04-26 22:05:00,1.20915,1.20916,score,0.00278509579542999,2
5m+30m|thr25,long,2021-04-26 22:45:00,2021-04-26 22:50:00,1.20896,1.2086985714285716,sl,-0.07850787176441074,1
5m+30m|thr25,long,2021-04-26 23:30:00,2021-04-26 23:30:00,1.20874,1.20865,score,-0.020992651498149554,0
5m+30m|thr25,short,2021-04-27 06:05:00,2021-04-27 06:15:00,1.20678,1.2071325,sl,-0.07751286653178513,2
5m+30m|thr25,short,2021-04-27 07:45:00,2021-04-27 07:50:00,1.20731,1.2075099999999999,score,-0.07198179766359433,1
5m+30m|thr25,short,2021-04-27 08:00:00,2021-04-27 08:10:00,1.20724,1.20713,score,0.034841546616187345,2
5m+30m|thr25,short,2021-04-27 09:00:00,2021-04-27 09:00:00,1.2075,1.2077517857142857,sl,-0.07636633535599321,0
5m+30m|thr25,short,2021-04-27 09:15:00,2021-04-27 09:20:00,1.20758,1.20713,score,0.1146322102564152,1
5m+30m|thr25,short,2021-04-27 09:55:00,2021-04-27 10:05:00,1.20693,1.20672,score,0.03642325143965719,2
5m+30m|thr25,short,2021-04-27 13:20:00,2021-04-27 13:30:00,1.20693,1.20749,score,-0.07619000588480775,2
5m+30m|thr25,long,2021-04-27 14:50:00,2021-04-27 15:00:00,1.2089699999999999,1.20868,score,-0.03862758702003083,2
5m+30m|thr25,long,2021-04-27 17:50:00,2021-04-27 17:50:00,1.20834,1.20818,score,-0.013783856909380183,0
5m+30m|thr25,long,2021-04-27 20:35:00,2021-04-27 20:40:00,1.20813,1.20775,score,-0.08003983501685873,1
5m+30m|thr25,long,2021-04-27 21:25:00,2021-04-27 21:35:00,1.2083599999999999,1.20852,score,0.030950287817207062,2
5m+30m|thr25,long,2021-04-27 22:55:00,2021-04-27 23:05:00,1.20888,1.20872,score,-0.03560197242494098,2
5m+30m|thr25,long,2021-04-28 00:20:00,2021-04-28 00:30:00,1.20919,1.20907,score,-0.027002550661079306,2
5m+30m|thr25,short,2021-04-28 05:35:00,2021-04-28 05:35:00,1.2078600000000002,1.2082103571428573,sl,-0.0747102714183951,0
5m+30m|thr25,short,2021-04-28 11:15:00,2021-04-28 11:30:00,1.2076200000000001,1.20774,score,-0.013469715276204823,3
5m+30m|thr25,short,2021-04-28 16:50:00,2021-04-28 16:55:00,1.20678,1.20723,score,-0.04763127196868216,1
5m+30m|thr25,long,2021-04-28 19:00:00,2021-04-28 19:00:00,1.20984,1.20951,score,-0.03337144005934782,0
5m+30m|thr25,long,2021-04-28 21:40:00,2021-04-28 21:45:00,1.2122199999999999,1.21218,score,-0.0020777606138856707,1
5m+30m|thr25,long,2021-04-28 22:45:00,2021-04-28 23:05:00,1.21254,1.21256,score,0.0011252048836302257,4
5m+30m|thr25,long,2021-04-29 04:35:00,2021-04-29 04:40:00,1.2147999999999999,1.21485,score,0.010714097109392659,1
5m+30m|thr25,long,2021-04-29 05:30:00,2021-04-29 05:45:00,1.21417,1.2137714285714285,sl,-0.0731160598449602,3
5m+30m|thr25,long,2021-04-29 08:50:00,2021-04-29 08:55:00,1.21365,1.21341,score,-0.058960790658923526,1
5m+30m|thr25,long,2021-04-29 09:10:00,2021-04-29 09:30:00,1.21287,1.2125024999999998,sl,-0.07179529133992135,4
5m+30m|thr25,short,2021-04-29 11:55:00,2021-04-29 12:05:00,1.21159,1.21207,score,-0.04936844591485434,2
5m+30m|thr25,short,2021-04-29 12:25:00,2021-04-29 12:25:00,1.21176,1.2115799999999999,score,0.02044492045952363,0
5m+30m|thr25,short,2021-04-29 13:05:00,2021-04-29 13:10:00,1.2118900000000001,1.21227,score,-0.04102317090138862,1
5m+30m|thr25,short,2021-04-29 14:20:00,2021-04-29 14:35:00,1.21262,1.2131910714285714,sl,-0.07037787146295493,3
5m+30m|thr25,long,2021-04-29 15:30:00,2021-04-29 15:45:00,1.21241,1.21292,score,0.06567300623406935,3
5m+30m|thr25,long,2021-04-29 15:55:00,2021-04-29 15:55:00,1.2128999999999999,1.212213214285714,sl,-0.07033082281066608,0
5m+30m|thr25,short,2021-04-29 20:00:00,2021-04-29 20:10:00,1.2117200000000001,1.21217,score,-0.06616189168474892,2
5m+30m|thr25,short,2021-04-29 20:30:00,2021-04-29 20:35:00,1.2119,1.21172,score,0.034898405035679606,1
5m+30m|thr25,short,2021-04-29 21:25:00,2021-04-29 21:30:00,1.21136,1.2116889285714285,sl,-0.06931487971606871,1
5m+30m|thr25,long,2021-04-29 22:45:00,2021-04-29 23:00:00,1.21274,1.2125700000000001,score,-0.03741574331884148,3
5m+30m|thr25,long,2021-04-30 01:50:00,2021-04-30 02:05:00,1.21209,1.21212,score,0.006873856322348084,3
5m+30m|thr25,long,2021-04-30 02:15:00,2021-04-30 02:30:00,1.21228,1.21222,score,-0.018304849161429576,3
5m+30m|thr25,long,2021-04-30 03:25:00,2021-04-30 03:30:00,1.21251,1.2123300000000001,score,-0.050203457357992635,1
5m+30m|thr25,long,2021-04-30 03:50:00,2021-04-30 03:50:00,1.21231,1.2120496428571428,sl,-0.06763122898374889,0
5m+30m|thr25,short,2021-04-30 12:40:00,2021-04-30 12:55:00,1.20946,1.20957,score,-0.016060836714747152,3
5m+30m|thr25,short,2021-04-30 14:00:00,2021-04-30 14:05:00,1.20793,1.2085085714285713,sl,-0.06679430832676393,1
5m+30m|thr25,short,2021-04-30 15:15:00,2021-04-30 15:20:00,1.2080600000000001,1.2085442857142858,sl,-0.06612636524349627,1
5m+30m|thr25,short,2021-04-30 16:20:00,2021-04-30 16:30:00,1.2086700000000001,1.2082,score,0.04445411439311884,2
5m+30m|thr25,short,2021-04-30 20:10:00,2021-04-30 20:25:00,1.2028100000000002,1.20262,score,0.022962626021640245,3
5m+30m|thr25,short,2021-04-30 22:30:00,2021-04-30 22:40:00,1.2018600000000002,1.20194,score,-0.013492892764030326,2
5m+30m|thr25,short,2021-05-03 00:20:00,2021-05-03 01:00:00,1.20275,1.20265,score,0.01466763112612274,8
5m+30m|thr25,short,2021-05-03 02:50:00,2021-05-03 02:50:00,1.2028400000000001,1.20308,score,-0.06386994684848461,0
5m+30m|thr25,short,2021-05-03 03:15:00,2021-05-03 03:15:00,1.20263,1.2029857142857143,sl,-0.065512316910345,0
5m+30m|thr25,long,2021-05-03 03:55:00,2021-05-03 04:05:00,1.2033399999999999,1.2029414285714284,sl,-0.06485719374124153,2
5m+30m|thr25,long,2021-05-03 04:55:00,2021-05-03 05:05:00,1.20288,1.2024953571428572,sl,-0.06420862180382911,2
5m+30m|thr25,short,2021-05-03 09:20:00,2021-05-03 09:25:00,1.20174,1.2021492857142857,sl,-0.06356653558579083,1
5m+30m|thr25,long,2021-05-03 13:25:00,2021-05-03 13:30:00,1.20549,1.2053,score,-0.02468969245008027,1
5m+30m|thr25,long,2021-05-03 18:35:00,2021-05-03 18:55:00,1.20641,1.20581,score,-0.06290864704487627,4
5m+30m|thr25,long,2021-05-03 21:15:00,2021-05-03 21:25:00,1.20652,1.20661,score,0.016547969822654062,2
5m+30m|thr25,long,2021-05-03 21:55:00,2021-05-03 21:55:00,1.20672,1.2063953571428572,sl,-0.06222036653320988,0
5m+30m|thr25,long,2021-05-03 22:20:00,2021-05-03 22:30:00,1.20627,1.20632,score,0.008955080790778683,2
5m+30m|thr25,short,2021-05-04 06:05:00,2021-05-04 06:10:00,1.20439,1.20434,score,0.01054490832066832,1
5m+30m|thr25,short,2021-05-04 06:35:00,2021-05-04 06:55:00,1.2040600000000001,1.2040199999999999,score,0.009572384825795394,4
5m+30m|thr25,short,2021-05-04 07:20:00,2021-05-04 07:25:00,1.20381,1.2040607142857143,sl,-0.06188888660725022,1
5m+30m|thr25,short,2021-05-04 08:25:00,2021-05-04 08:40:00,1.2035900000000002,1.2039199999999999,score,-0.07175345743064197,3
5m+30m|thr25,short,2021-05-04 10:20:00,2021-05-04 11:15:00,1.20232,1.20213,score,0.02407616622181967,11
5m+30m|thr25,short,2021-05-04 13:45:00,2021-05-04 14:05:00,1.20134,1.20146,score,-0.014456138388219734,4
5m+30m|thr25,short,2021-05-04 15:10:00,2021-05-04 15:25:00,1.20167,1.2023964285714286,sl,-0.060648663445207286,3
5m+30m|thr25,long,2021-05-04 16:30:00,2021-05-04 16:35:00,1.20186,1.20227,score,0.03693913128550119,1
5m+30m|thr25,long,2021-05-04 17:05:00,2021-05-04 17:05:00,1.2023599999999999,1.2023700000000002,score,0.0008608264160355064,0
5m+30m|thr25,long,2021-05-04 17:45:00,2021-05-04 17:45:00,1.20207,1.20207,score,0.0,0
5m+30m|thr25,long,2021-05-04 17:55:00,2021-05-04 18:10:00,1.2028299999999998,1.2020435714285713,sl,-0.060420176387770586,3
5m+30m|thr25,long,2021-05-04 20:10:00,2021-05-04 20:15:00,1.20234,1.2018900000000001,score,-0.04576085490350584,1
5m+30m|thr25,long,2021-05-04 20:45:00,2021-05-04 20:50:00,1.2016,1.20165,score,0.0061420334445657565,1
5m+30m|thr25,long,2021-05-04 21:10:00,2021-05-04 21:20:00,1.2022199999999998,1.2020600000000001,score,-0.019674844280354892,2
5m+30m|thr25,long,2021-05-04 21:50:00,2021-05-04 21:55:00,1.20157,1.2011339285714286,sl,-0.05922303796649992,1
5m+30m|thr25,short,2021-05-05 02:10:00,2021-05-05 02:30:00,1.20154,1.2014,score,0.031921217463937834,4
5m+30m|thr25,short,2021-05-05 03:15:00,2021-05-05 03:15:00,1.2014500000000001,1.2016803571428574,sl,-0.058950019761474313,0
5m+30m|thr25,long,2021-05-05 03:35:00,2021-05-05 03:40:00,1.20191,1.20188,score,-0.00666977366443404,1
5m+30m|thr25,long,2021-05-05 04:50:00,2021-05-05 05:05:00,1.2022,1.20207,score,-0.03009780304270505,3
5m+30m|thr25,long,2021-05-05 05:35:00,2021-05-05 05:35:00,1.2022599999999999,1.2021300000000001,score,-0.033035047170545,0
5m+30m|thr25,short,2021-05-05 12:10:00,2021-05-05 12:15:00,1.19948,1.1995799999999999,score,-0.010573345206933392,1
5m+30m|thr25,short,2021-05-05 12:40:00,2021-05-05 12:40:00,1.19961,1.1998199999999999,score,-0.02569732331458676,0
5m+30m|thr25,short,2021-05-05 13:15:00,2021-05-05 13:35:00,1.20088,1.2013728571428572,sl,-0.057299786639867525,4
5m+30m|thr25,short,2021-05-05 13:50:00,2021-05-05 14:25:00,1.20149,1.20129,score,0.02005492532395161,7
5m+30m|thr25,long,2021-05-05 14:45:00,2021-05-05 14:45:00,1.20164,1.20136,score,-0.035676285382046216,0
5m+30m|thr25,long,2021-05-05 15:00:00,2021-05-05 15:10:00,1.20098,1.2005385714285715,sl,-0.0565705751728879,2
5m+30m|thr25,short,2021-05-05 17:25:00,2021-05-05 17:30:00,1.1998900000000001,1.2005,score,-0.05005563420791,1
5m+30m|thr25,short,2021-05-05 19:30:00,2021-05-05 19:55:00,1.1995500000000001,1.1994399999999998,score,0.01189654031203906,5
5m+30m|thr25,long,2021-05-06 00:20:00,2021-05-06 00:25:00,1.20032,1.2003300000000001,score,0.0028062194549773887,1
5m+30m|thr25,long,2021-05-06 00:50:00,2021-05-06 00:55:00,1.20064,1.2005000000000001,score,-0.03888649829815816,1
5m+30m|thr25,long,2021-05-06 01:10:00,2021-05-06 01:15:00,1.20068,1.20053,score,-0.041152907431516776,1
5m+30m|thr25,long,2021-05-06 02:20:00,2021-05-06 02:30:00,1.20074,1.2005975,sl,-0.054850946619453333,2
5m+30m|thr25,long,2021-05-06 02:55:00,2021-05-06 03:05:00,1.20079,1.200585357142857,sl,-0.054302437153258803,2
5m+30m|thr25,long,2021-05-06 04:50:00,2021-05-06 05:05:00,1.20082,1.2007,score,-0.01948561239983638,3
5m+30m|thr25,long,2021-05-06 05:25:00,2021-05-06 05:30:00,1.2011,1.20095,score,-0.02474930010589754,1
5m+30m|thr25,long,2021-05-06 05:45:00,2021-05-06 05:45:00,1.20048,1.2001542857142857,sl,-0.053317063656668884,0
5m+30m|thr25,short,2021-05-06 07:40:00,2021-05-06 07:40:00,1.20014,1.20038,score,-0.051857859809230765,0
5m+30m|thr25,short,2021-05-06 07:50:00,2021-05-06 07:50:00,1.20009,1.2003407142857143,sl,-0.052265314422009865,0
5m+30m|thr25,short,2021-05-06 08:00:00,2021-05-06 08:00:00,1.20017,1.2004196428571428,sl,-0.051742661277789766,0
5m+30m|thr25,long,2021-05-06 09:05:00,2021-05-06 09:05:00,1.20108,1.2007842857142856,sl,-0.05122523466501187,0
5m+30m|thr25,long,2021-05-06 09:30:00,2021-05-06 09:45:00,1.20089,1.2015200000000001,score,0.08643256116869033,3
5m+30m|thr25,long,2021-05-06 10:05:00,2021-05-06 10:10:00,1.20245,1.20235,score,-0.008172974657846253,1
5m+30m|thr25,long,2021-05-06 11:15:00,2021-05-06 11:40:00,1.20274,1.20383,score,0.11099188179091939,5
5m+30m|thr25,long,2021-05-06 15:50:00,2021-05-06 16:00:00,1.2056499999999999,1.20519,score,-0.03860733910984027,2
5m+30m|thr25,long,2021-05-06 21:35:00,2021-05-06 21:40:00,1.20576,1.20556,score,-0.03134284804045242,1
5m+30m|thr25,long,2021-05-06 22:15:00,2021-05-06 22:35:00,1.20574,1.2061300000000001,score,0.07266839318181048,4
5m+30m|thr25,long,2021-05-06 23:40:00,2021-05-07 00:00:00,1.20631,1.20607,sl,-0.052632679061694554,4
5m+30m|thr25,long,2021-05-07 03:05:00,2021-05-07 03:05:00,1.20698,1.2067475,sl,-0.0521063522710776,0
5m+30m|thr25,long,2021-05-07 03:55:00,2021-05-07 04:05:00,1.20624,1.2059646428571429,sl,-0.05158528874836683,2
5m+30m|thr25,long,2021-05-07 05:40:00,2021-05-07 05:45:00,1.20637,1.20636,score,-0.0015888268934247678,1
5m+30m|thr25,long,2021-05-07 06:00:00,2021-05-07 06:30:00,1.20664,1.20673,score,0.01594237173877207,6
5m+30m|thr25,long,2021-05-07 07:40:00,2021-05-07 07:45:00,1.2066599999999998,1.2064510714285712,sl,-0.05121297130933663,1
5m+30m|thr25,long,2021-05-07 11:35:00,2021-05-07 11:50:00,1.2083199999999998,1.20871,score,0.029293819588949818,3
5m+30m|thr25,long,2021-05-07 17:15:00,2021-05-07 17:35:00,1.2135399999999998,1.2142300000000001,score,0.024747546485415987,4
5m+30m|thr25,long,2021-05-10 01:35:00,2021-05-10 01:45:00,1.21638,1.21647,score,0.01003325277758371,2
5m+30m|thr25,long,2021-05-10 03:25:00,2021-05-10 03:40:00,1.21627,1.21602,score,-0.027603004185344723,3
5m+30m|thr25,short,2021-05-10 08:45:00,2021-05-10 08:45:00,1.21558,1.2156099999999999,score,-0.004482243312819389,0
5m+30m|thr25,short,2021-05-10 10:00:00,2021-05-10 10:10:00,1.21602,1.21478,score,0.10544285297357031,2
5m+30m|thr25,short,2021-05-10 10:30:00,2021-05-10 10:30:00,1.21482,1.21459,score,0.015878979882879837,0
5m+30m|thr25,short,2021-05-10 11:55:00,2021-05-10 12:25:00,1.21725,1.21617,score,0.07010895508315515,6
5m+30m|thr25,long,2021-05-10 13:40:00,2021-05-10 13:50:00,1.21702,1.217,score,-0.0015963179421540556,2
5m+30m|thr25,long,2021-05-10 14:10:00,2021-05-10 14:15:00,1.21627,1.21646,score,0.014305361059558435,1
5m+30m|thr25,long,2021-05-10 14:30:00,2021-05-10 14:35:00,1.216,1.21612,score,0.009774603561654117,1
5m+30m|thr25,long,2021-05-10 15:35:00,2021-05-10 15:50:00,1.21687,1.21695,score,0.006280492111260194,3
5m+30m|thr25,long,2021-05-10 16:15:00,2021-05-10 16:20:00,1.2165599999999999,1.2158517857142856,sl,-0.053222684577080355,1
5m+30m|thr25,long,2021-05-10 16:30:00,2021-05-10 16:35:00,1.21749,1.216715357142857,sl,-0.052690457731309544,1
5m+30m|thr25,long,2021-05-10 19:50:00,2021-05-10 20:10:00,1.21597,1.2155200000000002,score,-0.04762759201016046,4
5m+30m|thr25,short,2021-05-10 23:20:00,2021-05-10 23:20:00,1.21412,1.2140499999999999,score,0.010999681148620145,0
5m+30m|thr25,short,2021-05-10 23:45:00,2021-05-11 00:30:00,1.21306,1.21304,score,0.002778397841532656,9
5m+30m|thr25,short,2021-05-11 01:40:00,2021-05-11 02:30:00,1.2137,1.214015,sl,-0.051825058023796375,10
5m+30m|thr25,short,2021-05-11 03:00:00,2021-05-11 03:00:00,1.214,1.2142775,sl,-0.05130680744355841,0
5m+30m|thr25,short,2021-05-11 05:05:00,2021-05-11 05:05:00,1.21349,1.21396,score,-0.052674988975379256,0
5m+30m|thr25,short,2021-05-11 05:55:00,2021-05-11 06:05:00,1.21432,1.2146907142857144,sl,-0.05026698947936903,2
5m+1h|thr18,long,2021-01-14 12:35:00,2021-01-14 12:55:00,1.21625,1.21649,score,0.35725677830943253,4
5m+1h|thr18,long,2021-01-14 13:10:00,2021-01-14 13:20:00,1.21613,1.2155782142857143,sl,-1.0035725677830942,2
5m+1h|thr18,long,2021-01-14 13:30:00,2021-01-14 13:35:00,1.21545,1.2153800000000001,score,-0.11387907663865701,1
5m+1h|thr18,long,2021-01-14 13:55:00,2021-01-14 13:55:00,1.2148999999999999,1.2151,score,0.32385950393373053,0
5m+1h|thr18,short,2021-01-14 18:05:00,2021-01-14 18:15:00,1.21358,1.2144489285714286,sl,-0.995636646378214,2
5m+1h|thr18,short,2021-01-14 18:35:00,2021-01-14 18:45:00,1.21448,1.2153392857142857,sl,-0.9856802799144317,2
5m+1h|thr18,short,2021-01-14 19:05:00,2021-01-14 19:30:00,1.2153,1.21542,score,-0.1428656593945141,5
5m+1h|thr18,long,2021-01-14 20:25:00,2021-01-14 20:25:00,1.2162199999999999,1.21546,score,-0.6465582095632347,0
5m+1h|thr18,long,2021-01-14 21:00:00,2021-01-14 21:10:00,1.2151399999999999,1.21533,score,0.1504348100621918,2
5m+1h|thr18,long,2021-01-14 23:40:00,2021-01-14 23:55:00,1.21569,1.2152442857142858,sl,-0.9694335865263317,3
5m+1h|thr18,long,2021-01-15 03:10:00,2021-01-15 03:15:00,1.21522,1.21534,score,0.22534758086823237,1
5m+1h|thr18,long,2021-01-15 03:40:00,2021-01-15 03:45:00,1.2152399999999999,1.21502,score,-0.45724345640827085,1
5m+1h|thr18,long,2021-01-15 04:00:00,2021-01-15 04:05:00,1.2151699999999999,1.2147435714285713,sl,-0.9574202919056682,1
5m+1h|thr18,short,2021-01-15 19:55:00,2021-01-15 20:00:00,1.20902,1.2088299999999998,score,0.30560855717649404,1
5m+1h|thr18,short,2021-01-15 20:20:00,2021-01-15 20:25:00,1.2087,1.2083599999999999,score,0.6221710447974603,1
5m+1h|thr18,short,2021-01-15 20:45:00,2021-01-15 21:25:00,1.20817,1.20838,score,-0.39328360893350744,8
5m+1h|thr18,short,2021-01-15 22:10:00,2021-01-15 22:25:00,1.20791,1.20801,score,-0.23167837994511878,3
5m+1h|thr18,short,2021-01-15 23:10:00,2021-01-15 23:10:00,1.20781,1.20783,score,-0.05616978781258092,0
5m+1h|thr18,short,2021-01-15 23:35:00,2021-01-15 23:45:00,1.20756,1.20757,score,-0.03123092944000539,2
5m+1h|thr18,short,2021-01-18 00:00:00,2021-01-18 00:00:00,1.20807,1.20777,score,1.011407118725021,0
5m+1h|thr18,short,2021-01-18 00:40:00,2021-01-18 00:40:00,1.2077900000000001,1.2078799999999998,score,-0.22977095056080796,0
5m+1h|thr18,short,2021-01-18 01:35:00,2021-01-18 01:35:00,1.20794,1.20762,score,0.8364558393621541,0
5m+1h|thr18,short,2021-01-18 02:05:00,2021-01-18 02:10:00,1.20665,1.2072082142857143,sl,-0.9661811780203027,1
5m+1h|thr18,short,2021-01-18 04:05:00,2021-01-18 04:25:00,1.20791,1.20797,score,-0.12456996397535623,4
5m+1h|thr18,short,2021-01-18 04:50:00,2021-01-18 04:50:00,1.20809,1.2083,score,-0.49928970307600407,0
5m+1h|thr18,short,2021-01-18 05:05:00,2021-01-18 05:05:00,1.20804,1.20767,score,0.8990784267340464,0
5m+1h|thr18,short,2021-01-18 05:40:00,2021-01-18 05:45:00,1.20748,1.20715,score,0.7795663287122281,1
5m+1h|thr18,short,2021-01-18 06:00:00,2021-01-18 06:20:00,1.20736,1.20705,score,0.6925860927919136,4
5m+1h|thr18,short,2021-01-18 07:00:00,2021-01-18 07:05:00,1.20693,1.2068699999999999,score,0.15948424669908212,1
5m+1h|thr18,short,2021-01-18 08:05:00,2021-01-18 08:25:00,1.20749,1.2077499999999999,score,-0.6706591181658409,4
5m+1h|thr18,short,2021-01-18 08:45:00,2021-01-18 08:45:00,1.20758,1.20787,score,-0.8514411682053681,0
5m+1h|thr18,short,2021-01-18 09:10:00,2021-01-18 09:10:00,1.208,1.208380357142857,sl,-0.9603669176552466,0
5m+1h|thr18,short,2021-01-18 09:25:00,2021-01-18 09:30:00,1.2081,1.2077099999999998,score,0.8761463859404471,1
5m+1h|thr18,short,2021-01-18 10:10:00,2021-01-18 10:25:00,1.20717,1.2072,score,-0.03974362713822963,3
5m+1h|thr18,short,2021-01-18 14:40:00,2021-01-18 14:50:00,1.20598,1.2060499999999998,score,-0.11561435800034486,2
5m+1h|thr18,short,2021-01-18 17:05:00,2021-01-18 17:35:00,1.2070800000000002,1.2076264285714287,sl,-0.957971132486713,6
5m+1h|thr18,long,2021-01-18 18:20:00,2021-01-18 18:30:00,1.20777,1.2076500000000001,score,-0.24031637821270688,2
5m+1h|thr18,long,2021-01-18 19:15:00,2021-01-18 19:40:00,1.20732,1.20719,score,-0.32151234891331815,5
5m+1h|thr18,long,2021-01-18 20:20:00,2021-01-18 20:20:00,1.2073,1.20732,score,0.07520697364337231,0
5m+1h|thr18,long,2021-01-18 20:35:00,2021-01-18 20:35:00,1.2074799999999999,1.2072464285714284,sl,-0.9435252036270195,0
5m+1h|thr18,long,2021-01-18 20:45:00,2021-01-18 20:55:00,1.20747,1.20733,score,-0.5022815651900523,2
5m+1h|thr18,long,2021-01-18 21:10:00,2021-01-18 21:10:00,1.20774,1.2074560714285716,sl,-0.9290671359388486,0
5m+1h|thr18,long,2021-01-18 21:20:00,2021-01-18 21:30:00,1.2077499999999999,1.2079,score,0.42081276157261954,2
5m+1h|thr18,long,2021-01-18 22:55:00,2021-01-18 22:55:00,1.2079,1.2077307142857143,sl,-0.9239845921951864,0
5m+1h|thr18,long,2021-01-19 03:10:00,2021-01-19 03:25:00,1.20889,1.20909,score,0.3871935433959553,3
5m+1h|thr18,long,2021-01-19 03:35:00,2021-01-19 03:45:00,1.20956,1.20934,score,-0.42103264578221605,2
5m+1h|thr18,long,2021-01-19 04:20:00,2021-01-19 04:25:00,1.20976,1.20948,score,-0.5929649152316828,1
5m+1h|thr18,long,2021-01-19 05:05:00,2021-01-19 05:15:00,1.2095,1.20926,score,-0.6339525924165945,2
5m+1h|thr18,long,2021-01-19 05:30:00,2021-01-19 05:40:00,1.20969,1.2095200000000002,score,-0.5004863610274506,2
5m+1h|thr18,long,2021-01-19 05:55:00,2021-01-19 06:00:00,1.2097499999999999,1.20948,score,-0.8191208107738583,1
5m+1h|thr18,long,2021-01-19 11:15:00,2021-01-19 11:20:00,1.21051,1.21115,score,0.6959294304723622,1
5m+1h|thr18,long,2021-01-19 11:30:00,2021-01-19 11:35:00,1.21147,1.21149,score,0.023721239978397302,1
5m+1h|thr18,long,2021-01-19 11:45:00,2021-01-19 11:55:00,1.21169,1.21177,score,0.09293278972031645,2
5m+1h|thr18,long,2021-01-19 12:10:00,2021-01-19 12:15:00,1.2124,1.2125700000000001,score,0.2087017912490332,1
5m+1h|thr18,long,2021-01-19 12:55:00,2021-01-19 12:55:00,1.21284,1.2127700000000001,score,-0.09079555710942974,0
5m+1h|thr18,long,2021-01-19 13:15:00,2021-01-19 13:20:00,1.21328,1.21299,score,-0.4005358354656541,1
5m+1h|thr18,long,2021-01-19 14:05:00,2021-01-19 14:15:00,1.2124899999999998,1.21292,score,0.6835972946288924,2
5m+1h|thr18,long,2021-01-19 14:25:00,2021-01-19 14:45:00,1.21312,1.2125725,sl,-0.9010766199896152,4
5m+1h|thr18,long,2021-01-19 14:50:00,2021-01-19 14:50:00,1.21264,1.21259,score,-0.09818334868731322,0
5m+1h|thr18,long,2021-01-19 23:35:00,2021-01-19 23:55:00,1.2127599999999998,1.21278,score,0.06160580881145276,4
5m+1h|thr18,long,2021-01-20 00:10:00,2021-01-20 00:10:00,1.21257,1.21262,score,0.18171471757643562,0
5m+1h|thr18,long,2021-01-20 00:30:00,2021-01-20 01:15:00,1.21265,1.21347,score,2.9099511346127,9
5m+1h|thr18,long,2021-01-20 02:15:00,2021-01-20 02:35:00,1.21398,1.21421,score,0.36075602827669845,4
5m+1h|thr18,long,2021-01-20 03:05:00,2021-01-20 03:05:00,1.2143599999999999,1.21377,score,-0.8948085023196795,0
5m+1h|thr18,long,2021-01-20 03:15:00,2021-01-20 03:20:00,1.2136,1.21377,score,0.29402254343032236,1
5m+1h|thr18,long,2021-01-20 03:40:00,2021-01-20 03:55:00,1.21427,1.21404,score,-0.4562119983207674,3
5m+1h|thr18,long,2021-01-20 04:15:00,2021-01-20 04:40:00,1.21433,1.21469,score,0.7730147003055161,5
5m+1h|thr18,long,2021-01-20 05:20:00,2021-01-20 05:20:00,1.21462,1.21431,score,-0.804716581622549,0
5m+1h|thr18,long,2021-01-20 05:35:00,2021-01-20 05:40:00,1.2143199999999998,1.21445,score,0.3396358580707912,1
5m+1h|thr18,long,2021-01-20 05:55:00,2021-01-20 05:55:00,1.21443,1.21438,score,-0.14583073926805137,0
5m+1h|thr18,long,2021-01-20 06:05:00,2021-01-20 06:10:00,1.2142899999999999,1.21435,score,0.16897177500019428,1
5m+1h|thr18,long,2021-01-20 06:30:00,2021-01-20 06:35:00,1.21424,1.21417,score,-0.21674747686970283,1
5m+1h|thr18,long,2021-01-20 07:00:00,2021-01-20 07:05:00,1.21409,1.2141300000000002,score,0.13745827364710775,1
5m+1h|thr18,long,2021-01-20 09:15:00,2021-01-20 09:20:00,1.21555,1.2153,score,-0.4176221721902535,1
5m+1h|thr18,long,2021-01-20 10:15:00,2021-01-20 10:20:00,1.21451,1.21441,score,-0.1594510075503995,1
5m+1h|thr18,long,2021-01-20 10:35:00,2021-01-20 10:35:00,1.2135399999999998,1.21385,score,0.4111964970520581,0
5m+1h|thr18,short,2021-01-20 19:10:00,2021-01-20 19:10:00,1.21097,1.21139,score,-0.5244865055248263,0
5m+1h|thr18,short,2021-01-20 22:25:00,2021-01-20 22:30:00,1.21035,1.2102,score,0.38895608578307167,1
5m+1h|thr18,short,2021-01-20 22:55:00,2021-01-20 22:55:00,1.2101600000000001,1.2105553571428573,sl,-0.915158104691847,0
5m+1h|thr18,short,2021-01-20 23:15:00,2021-01-20 23:15:00,1.21049,1.21067,score,-0.3795738054169974,0
5m+1h|thr18,short,2021-01-21 01:00:00,2021-01-21 01:00:00,1.2109100000000002,1.2112399999999999,score,-0.7939454913191625,0
5m+1h|thr18,short,2021-01-21 01:20:00,2021-01-21 02:10:00,1.21149,1.21136,score,0.2948503300421008,10
5m+1h|thr18,short,2021-01-21 02:50:00,2021-01-21 02:50:00,1.21102,1.2112932142857142,sl,-0.8972198339779882,0
5m+1h|thr18,short,2021-01-21 03:20:00,2021-01-21 04:05:00,1.2127000000000001,1.21259,score,0.19569404275869068,9
5m+1h|thr18,long,2021-01-21 04:40:00,2021-01-21 04:55:00,1.21241,1.21248,score,0.2782776665215114,3
5m+1h|thr18,long,2021-01-21 05:20:00,2021-01-21 05:35:00,1.21292,1.2128400000000001,score,-0.17733082181860638,3
5m+1h|thr18,long,2021-01-21 06:15:00,2021-01-21 06:15:00,1.21316,1.21299,score,-0.5633703654556587,0
5m+1h|thr18,long,2021-01-21 06:45:00,2021-01-21 06:50:00,1.21284,1.2128700000000001,score,0.11807737878180152,1
5m+1h|thr18,long,2021-01-21 07:10:00,2021-01-21 07:10:00,1.21291,1.21285,score,-0.2627440339688505,0
5m+1h|thr18,long,2021-01-21 07:25:00,2021-01-21 07:40:00,1.21339,1.21347,score,0.30562645531598015,3
5m+1h|thr18,long,2021-01-21 08:40:00,2021-01-21 08:40:00,1.21357,1.2132667857142858,sl,-0.8871899388595571,0
5m+1h|thr18,long,2021-01-21 12:45:00,2021-01-21 12:55:00,1.21384,1.21385,score,0.013351197125598128,2
5m+1h|thr18,long,2021-01-21 13:05:00,2021-01-21 13:20:00,1.21379,1.21354,score,-0.3754066459152325,3
5m+1h|thr18,long,2021-01-21 13:45:00,2021-01-21 14:10:00,1.2143899999999999,1.21446,score,0.11139747047252783,5
5m+1h|thr18,long,2021-01-21 14:50:00,2021-01-21 14:50:00,1.21549,1.2148878571428572,sl,-0.8758114596877904,0
5m+1h|thr18,long,2021-01-21 15:10:00,2021-01-21 15:25:00,1.21522,1.21612,score,1.0404640141091976,3
5m+1h|thr18,long,2021-01-21 16:15:00,2021-01-21 16:30:00,1.21489,1.21485,score,-0.025374462779780314,3
5m+1h|thr18,long,2021-01-21 16:40:00,2021-01-21 16:45:00,1.21404,1.21428,score,0.14035267849667823,1
5m+1h|thr18,long,2021-01-21 18:20:00,2021-01-21 18:45:00,1.21464,1.2142600000000001,score,-0.3561290150482341,5
5m+1h|thr18,long,2021-01-21 21:05:00,2021-01-21 21:25:00,1.21567,1.21573,score,0.12861575518459206,4
5m+1h|thr18,long,2021-01-21 22:05:00,2021-01-21 22:20:00,1.21623,1.2163000000000002,score,0.14756116530890623,3
5m+1h|thr18,long,2021-01-21 22:55:00,2021-01-21 23:00:00,1.2169699999999999,1.21676,score,-0.5151210068947195,1
5m+1h|thr18,long,2021-01-21 23:50:00,2021-01-21 23:55:00,1.21698,1.2167089285714285,sl,-0.8726570363746787,1
5m+1h|thr18,long,2021-01-22 00:05:00,2021-01-22 00:10:00,1.21647,1.21652,score,0.12291693622133162,1
5m+1h|thr18,long,2021-01-22 00:25:00,2021-01-22 00:30:00,1.2163599999999999,1.21646,score,0.21942454520375407,1
5m+1h|thr18,long,2021-01-22 01:00:00,2021-01-22 01:10:00,1.21678,1.21683,score,0.10939598496915644,2
5m+1h|thr18,long,2021-01-22 05:15:00,2021-01-22 05:15:00,1.21753,1.2172417857142857,sl,-0.8684478406748745,0
5m+1h|thr18,long,2021-01-22 05:30:00,2021-01-22 05:40:00,1.2172399999999999,1.2171100000000001,score,-0.4123239313109278,2
5m+1h|thr18,long,2021-01-22 05:55:00,2021-01-22 06:10:00,1.21756,1.2173,score,-0.8835546234202456,3
5m+1h|thr18,long,2021-01-22 11:50:00,2021-01-22 11:50:00,1.21703,1.2169,score,-0.11059808608765305,0
5m+1h|thr18,long,2021-01-22 12:20:00,2021-01-22 12:20:00,1.21722,1.2173,score,0.09125071554565999,0
5m+1h|thr18,long,2021-01-22 13:00:00,2021-01-22 13:00:00,1.21687,1.21736,score,0.6852804916445858,0
5m+1h|thr18,long,2021-01-22 13:10:00,2021-01-22 13:40:00,1.2178,1.21812,score,0.4479810553644211,6
5m+1h|thr18,long,2021-01-22 14:15:00,2021-01-22 14:25:00,1.2172399999999999,1.2165875,sl,-0.8579437184854842,2
5m+1h|thr18,long,2021-01-22 18:10:00,2021-01-22 18:15:00,1.21782,1.21727,score,-0.5123466483362805,1
5m+1h|thr18,long,2021-01-22 18:25:00,2021-01-22 18:25:00,1.21738,1.21736,score,-0.019241955893181558,0
5m+1h|thr18,long,2021-01-22 18:50:00,2021-01-22 19:00:00,1.21809,1.2174,score,-0.703191677291362,2
5m+1h|thr18,long,2021-01-22 19:20:00,2021-01-22 19:20:00,1.2176799999999999,1.2170832142857142,sl,-0.8370164784854208,0
5m+1h|thr18,long,2021-01-22 19:30:00,2021-01-22 19:40:00,1.21711,1.2165292857142855,sl,-0.8286463137005666,2
5m+1h|thr18,short,2021-01-25 00:20:00,2021-01-25 00:25:00,1.21638,1.2167303571428572,sl,-0.8203598505635611,1
5m+1h|thr18,short,2021-01-25 03:15:00,2021-01-25 03:20:00,1.21659,1.2164599999999999,score,0.23023744217251768,1
5m+1h|thr18,short,2021-01-25 03:35:00,2021-01-25 03:35:00,1.2164300000000001,1.21621,score,0.3953558029248815,0
5m+1h|thr18,short,2021-01-25 03:50:00,2021-01-25 04:05:00,1.21621,1.2167178571428572,sl,-0.8184121845088993,3
5m+1h|thr18,long,2021-01-25 05:25:00,2021-01-25 05:30:00,1.21762,1.21753,score,-0.18394366828024863,1
5m+1h|thr18,long,2021-01-25 06:10:00,2021-01-25 06:35:00,1.21776,1.21773,score,-0.0785933386369455,5
5m+1h|thr18,long,2021-01-25 07:05:00,2021-01-25 07:40:00,1.21764,1.2176500000000001,score,0.030030379007699746,7
5m+1h|thr18,long,2021-01-25 08:00:00,2021-01-25 08:10:00,1.21813,1.21805,score,-0.20518171336714,2
5m+1h|thr18,long,2021-01-25 08:40:00,2021-01-25 08:50:00,1.21786,1.2175064285714285,sl,-0.805851179251044,2
5m+1h|thr18,short,2021-01-25 14:50:00,2021-01-25 14:55:00,1.21556,1.2154,score,0.22606648641447322,1
5m+1h|thr18,short,2021-01-25 15:25:00,2021-01-25 15:30:00,1.2152100000000001,1.21519,score,0.03164052726720299,1
5m+1h|thr18,short,2021-01-25 15:55:00,2021-01-25 16:05:00,1.2149100000000002,1.21515,score,-0.34677528282625963,2
5m+1h|thr18,short,2021-01-25 19:20:00,2021-01-25 19:30:00,1.2141300000000002,1.21426,score,-0.16670823129577741,2
5m+1h|thr18,short,2021-01-25 19:55:00,2021-01-25 20:10:00,1.2144000000000001,1.21452,score,-0.17636892886097177,3
5m+1h|thr18,short,2021-01-25 21:40:00,2021-01-25 21:45:00,1.21367,1.2139775,sl,-0.7934712131655203,1
5m+1h|thr18,short,2021-01-25 23:10:00,2021-01-25 23:25:00,1.21381,1.21404,score,-0.708523118579095,3
5m+1h|thr18,short,2021-01-26 00:00:00,2021-01-26 00:00:00,1.2136500000000001,1.2138685714285715,sl,-0.7784512698480741,0
5m+1h|thr18,short,2021-01-26 01:30:00,2021-01-26 01:50:00,1.21425,1.21431,score,-0.12055122458197454,4
5m+1h|thr18,short,2021-01-26 02:35:00,2021-01-26 02:45:00,1.21367,1.21357,score,0.34036200406495704,2
5m+1h|thr18,short,2021-01-26 02:55:00,2021-01-26 02:55:00,1.21349,1.21347,score,0.06087261946085711,0
5m+1h|thr18,short,2021-01-26 04:05:00,2021-01-26 04:35:00,1.2144300000000001,1.2144599999999999,score,-0.062233507332506696,6
5m+1h|thr18,short,2021-01-26 06:05:00,2021-01-26 06:25:00,1.21377,1.21377,score,-0.0,4
5m+1h|thr18,short,2021-01-26 06:50:00,2021-01-26 07:45:00,1.21289,1.21286,score,0.07335537345700857,11
5m+1h|thr18,short,2021-01-26 11:05:00,2021-01-26 11:30:00,1.21329,1.21296,score,0.2989512188436969,5
5m+1h|thr18,short,2021-01-26 12:15:00,2021-01-26 12:15:00,1.21298,1.2133099999999999,score,-0.33128101270424387,0
5m+1h|thr18,short,2021-01-26 12:55:00,2021-01-26 13:05:00,1.21262,1.21301,score,-0.4297209012482082,2
5m+1h|thr18,short,2021-01-26 13:35:00,2021-01-26 14:05:00,1.2139,1.21455,score,-0.7334984440174532,6
5m+1h|thr18,short,2021-01-26 14:20:00,2021-01-26 14:20:00,1.21419,1.2145299999999999,score,-0.35129414298692313,0
5m+1h|thr18,short,2021-01-26 14:35:00,2021-01-26 14:35:00,1.2140900000000001,1.21433,score,-0.24718787255196842,0
5m+1h|thr18,short,2021-01-26 15:00:00,2021-01-26 15:10:00,1.21437,1.21433,score,0.04380547815966924,2
5m+1h|thr18,long,2021-01-26 15:25:00,2021-01-26 15:45:00,1.21477,1.21591,score,1.3942319522176232,4
5m+1h|thr18,long,2021-01-26 17:05:00,2021-01-26 17:15:00,1.21654,1.21649,score,-0.061321662205800494,2
5m+1h|thr18,long,2021-01-26 17:35:00,2021-01-26 17:40:00,1.2172399999999999,1.21713,score,-0.11531814599890206,1
5m+1h|thr18,long,2021-01-26 18:15:00,2021-01-26 18:50:00,1.2161,1.2152321428571429,sl,-0.7682584744753517,7
5m+1h|thr18,long,2021-01-26 22:10:00,2021-01-26 22:20:00,1.21678,1.21665,score,-0.28394833216599946,2
5m+1h|thr18,long,2021-01-26 23:00:00,2021-01-26 23:05:00,1.21679,1.21659,score,-0.58207460574601,1
5m+1h|thr18,long,2021-01-26 23:25:00,2021-01-26 23:30:00,1.21655,1.2163560714285715,sl,-0.7519156603514783,1
5m+1h|thr18,long,2021-01-27 08:45:00,2021-01-27 08:45:00,1.21637,1.2160260714285716,sl,-0.7443965037479635,0
5m+1h|thr18,long,2021-01-27 09:10:00,2021-01-27 09:25:00,1.21604,1.2156510714285715,sl,-0.7369525387104838,3
5m+1h|thr18,long,2021-01-27 10:00:00,2021-01-27 10:00:00,1.21557,1.2150589285714286,sl,-0.729583013323379,0
5m+1h|thr18,short,2021-01-27 14:25:00,2021-01-27 14:35:00,1.21134,1.2119550000000001,sl,-0.7222871831901451,2
5m+1h|thr18,short,2021-01-27 15:10:00,2021-01-27 15:15:00,1.21113,1.21129,score,-0.16606988672282422,1
5m+1h|thr18,short,2021-01-27 15:55:00,2021-01-27 15:55:00,1.21072,1.2111699999999999,score,-0.41442533505684837,0
5m+1h|thr18,short,2021-01-27 16:30:00,2021-01-27 16:30:00,1.21042,1.20908,score,1.173342643516432,0
5m+1h|thr18,short,2021-01-27 16:50:00,2021-01-27 17:00:00,1.20632,1.2076410714285715,sl,-0.7209927855756114,2
5m+1h|thr18,short,2021-01-27 18:20:00,2021-01-27 18:25:00,1.2091100000000001,1.2101407142857143,sl,-0.7137828577198552,1
5m+1h|thr18,short,2021-01-27 18:55:00,2021-01-27 19:05:00,1.21005,1.21045,score,-0.3035835951821258,2
5m+1h|thr18,short,2021-01-27 19:25:00,2021-01-27 19:35:00,1.21037,1.21096,score,-0.5235866608790944,2
5m+1h|thr18,short,2021-01-27 20:05:00,2021-01-27 20:30:00,1.2115200000000002,1.21183,score,-0.2830009558697103,5
5m+1h|thr18,short,2021-01-27 21:10:00,2021-01-27 21:15:00,1.21176,1.21101,score,0.7619410358629604,1
5m+1h|thr18,short,2021-01-27 21:40:00,2021-01-27 21:40:00,1.21073,1.2116042857142857,sl,-0.703162727381977,0
5m+1h|thr18,short,2021-01-27 22:10:00,2021-01-27 22:35:00,1.20987,1.2098499999999999,score,0.01229370596225571,5
5m+1h|thr18,short,2021-01-28 01:05:00,2021-01-28 01:05:00,1.2108,1.21062,score,0.26226609471797907,0
5m+1h|thr18,short,2021-01-28 01:30:00,2021-01-28 01:35:00,1.21014,1.20964,score,0.7655926270428932,1
5m+1h|thr18,short,2021-01-28 01:45:00,2021-01-28 01:50:00,1.20976,1.2102335714285715,sl,-0.7065326243853886,1
5m+1h|thr18,short,2021-01-28 05:15:00,2021-01-28 05:50:00,1.20892,1.20903,score,-0.16896935515897352,7
5m+1h|thr18,short,2021-01-28 08:05:00,2021-01-28 08:20:00,1.2095,1.20983,score,-0.4431247468323577,3
5m+1h|thr18,short,2021-01-28 08:40:00,2021-01-28 08:40:00,1.2096500000000001,1.21006,score,-0.4746342385064448,0
5m+1h|thr18,short,2021-01-28 09:35:00,2021-01-28 09:45:00,1.20839,1.2091185714285715,sl,-0.6886000147365567,2
5m+1h|thr18,short,2021-01-28 11:55:00,2021-01-28 12:00:00,1.21036,1.21084,flip,-0.3861035126874828,1
5m+1h|thr18,long,2021-01-28 12:05:00,2021-01-28 12:10:00,1.21084,1.2106400000000002,score,-0.15996530488764593,1
5m+1h|thr18,long,2021-01-28 12:40:00,2021-01-28 12:55:00,1.2113099999999999,1.21081,score,-0.43770441839049107,3
5m+1h|thr18,long,2021-01-28 13:20:00,2021-01-28 13:30:00,1.21079,1.21035,score,-0.4022116519469671,2
5m+1h|thr18,long,2021-01-28 13:40:00,2021-01-28 13:50:00,1.21021,1.20977,score,-0.40752666278095173,2
5m+1h|thr18,long,2021-01-28 17:15:00,2021-01-28 17:25:00,1.21399,1.21354,score,-0.2717223563493564,2
5m+1h|thr18,long,2021-01-28 17:55:00,2021-01-28 18:05:00,1.21262,1.21262,score,0.0,2
5m+1h|thr18,long,2021-01-28 18:45:00,2021-01-28 18:50:00,1.21207,1.21218,score,0.09061281533594555,1
5m+1h|thr18,short,2021-01-29 09:15:00,2021-01-29 09:20:00,1.2105000000000001,1.21015,score,0.5892174819243159,1
5m+1h|thr18,short,2021-01-29 10:55:00,2021-01-29 10:55:00,1.21096,1.2118567857142857,sl,-0.6678599784913649,0
5m+1h|thr18,short,2021-01-29 11:10:00,2021-01-29 11:20:00,1.21136,1.21086,score,0.33070879963878547,2
5m+1h|thr18,short,2021-01-29 12:35:00,2021-01-29 12:55:00,1.21246,1.2134382142857143,sl,-0.6644884667028391,4
5m+1h|thr18,long,2021-01-29 13:35:00,2021-01-29 13:40:00,1.21386,1.21349,score,-0.339067637308064,1
5m+1h|thr18,long,2021-01-29 14:10:00,2021-01-29 14:15:00,1.21418,1.21378,score,-0.3587798601772896,1
5m+1h|thr18,long,2021-01-29 14:30:00,2021-01-29 14:30:00,1.21445,1.21381,score,-0.5514658495759868,0
5m+1h|thr18,long,2021-01-29 14:50:00,2021-01-29 14:55:00,1.21468,1.2138239285714285,sl,-0.6453504485651973,1
5m+1h|thr18,long,2021-01-29 15:05:00,2021-01-29 15:10:00,1.21326,1.2135500000000001,score,0.18554517832361392,1
5m+1h|thr18,long,2021-01-29 15:20:00,2021-01-29 15:50:00,1.21414,1.2145000000000001,score,0.22240992253099398,6
5m+1h|thr18,long,2021-01-29 16:05:00,2021-01-29 16:10:00,1.21552,1.2154,score,-0.0640688322507133,1
5m+1h|thr18,long,2021-01-29 16:50:00,2021-01-29 17:25:00,1.2143599999999999,1.2145700000000001,score,0.144876660674605,7
5m+1h|thr18,long,2021-01-29 17:40:00,2021-01-29 17:45:00,1.21376,1.2127528571428572,sl,-0.6437845733723304,1
5m+1h|thr18,long,2021-02-01 00:05:00,2021-02-01 00:20:00,1.2130999999999998,1.2128400000000001,score,-0.3630582298281462,3
5m+1h|thr18,long,2021-02-01 00:30:00,2021-02-01 00:30:00,1.21279,1.2127400000000002,score,-0.08102306881047094,0
5m+1h|thr18,long,2021-02-01 04:10:00,2021-02-01 04:10:00,1.2126599999999998,1.21282,score,0.18316656961526273,0
5m+1h|thr18,long,2021-02-01 04:30:00,2021-02-01 04:40:00,1.21289,1.2127000000000001,score,-0.2642256594250179,2
5m+1h|thr18,short,2021-02-01 14:20:00,2021-02-01 14:40:00,1.2084300000000001,1.2085599999999999,score,-0.12390021424125797,4
5m+1h|thr18,short,2021-02-01 16:00:00,2021-02-01 16:05:00,1.2084300000000001,1.20909,score,-0.5007828532380597,1
5m+1h|thr18,short,2021-02-01 16:35:00,2021-02-01 16:50:00,1.2096500000000001,1.20902,score,0.5190393708473162,3
5m+1h|thr18,short,2021-02-01 18:10:00,2021-02-01 18:30:00,1.20815,1.20757,score,0.41760682646427266,4
5m+1h|thr18,short,2021-02-01 18:45:00,2021-02-01 18:50:00,1.20776,1.20765,score,0.08213526706810689,1
5m+1h|thr18,short,2021-02-01 21:45:00,2021-02-01 21:50:00,1.2072500000000002,1.20685,score,0.5819940070672452,1
5m+1h|thr18,short,2021-02-01 22:10:00,2021-02-01 22:15:00,1.20693,1.2065599999999999,score,0.5446053011587318,1
5m+1h|thr18,short,2021-02-01 22:50:00,2021-02-01 22:55:00,1.20607,1.20573,score,0.4051491060925629,1
5m+1h|thr18,short,2021-02-02 01:40:00,2021-02-02 02:10:00,1.20666,1.20642,score,0.5364090050663459,6
5m+1h|thr18,short,2021-02-02 03:30:00,2021-02-02 03:40:00,1.2074200000000002,1.2078528571428575,sl,-0.656717881916976,2
5m+1h|thr18,short,2021-02-02 03:50:00,2021-02-02 03:50:00,1.2076500000000001,1.2081557142857144,sl,-0.6501507030978063,0
5m+1h|thr18,short,2021-02-02 04:10:00,2021-02-02 04:30:00,1.20841,1.20847,score,-0.07462599374682259,4
5m+1h|thr18,long,2021-02-02 05:35:00,2021-02-02 05:45:00,1.20821,1.20829,score,0.1610852994330058,2
5m+1h|thr18,long,2021-02-02 05:55:00,2021-02-02 06:05:00,1.20841,1.2080778571428572,sl,-0.6445137891236902,2
5m+1h|thr18,long,2021-02-02 06:35:00,2021-02-02 06:40:00,1.20813,1.2078460714285715,sl,-0.6380686512324533,1
5m+1h|thr18,long,2021-02-02 11:35:00,2021-02-02 11:50:00,1.20696,1.20648,score,-0.3226866684089321,3
5m+1h|thr18,short,2021-02-02 16:10:00,2021-02-02 16:25:00,1.20451,1.2045299999999999,score,-0.014830940366566625,3
5m+1h|thr18,short,2021-02-02 16:55:00,2021-02-02 17:05:00,1.20243,1.2033182142857144,sl,-0.6283127886323737,2
5m+1h|thr18,short,2021-02-02 17:55:00,2021-02-02 18:00:00,1.20241,1.20319,score,-0.5042734888898669,1
5m+1h|thr18,short,2021-02-02 19:05:00,2021-02-02 19:15:00,1.2021600000000001,1.20179,score,0.3252918347014639,2
5m+1h|thr18,short,2021-02-02 19:35:00,2021-02-02 19:35:00,1.20157,1.20129,score,0.25485746218879346,0
5m+1h|thr18,short,2021-02-02 19:50:00,2021-02-02 19:55:00,1.20129,1.2019339285714286,sl,-0.6227884188260538,1
5m+1h|thr18,short,2021-02-02 21:45:00,2021-02-02 21:50:00,1.20222,1.20216,score,0.10891921116665264,1
5m+1h|thr18,short,2021-02-02 22:30:00,2021-02-02 22:35:00,1.20177,1.2020903571428572,sl,-0.6176497267494598,1
5m+1h|thr18,short,2021-02-02 23:00:00,2021-02-02 23:15:00,1.2036200000000001,1.204109642857143,sl,-0.6114732294819653,3
5m+1h|thr18,short,2021-02-03 01:50:00,2021-02-03 01:55:00,1.20391,1.20372,score,0.3766675093612526,1
5m+1h|thr18,short,2021-02-03 02:05:00,2021-02-03 02:20:00,1.2036,1.2037,score,-0.1697065156603276,3
5m+1h|thr18,short,2021-02-03 02:30:00,2021-02-03 02:35:00,1.2038200000000001,1.2042164285714287,sl,-0.6074281071241548,1
5m+1h|thr18,short,2021-02-03 03:05:00,2021-02-03 03:05:00,1.20418,1.2045925,sl,-0.6013538260529133,0
5m+1h|thr18,short,2021-02-03 03:25:00,2021-02-03 03:50:00,1.2048,1.20447,score,0.46187609229251064,5
5m+1h|thr18,long,2021-02-03 04:35:00,2021-02-03 04:40:00,1.20478,1.20462,score,-0.261970422830694,1
5m+1h|thr18,long,2021-02-03 05:15:00,2021-02-03 05:25:00,1.2045,1.20452,score,0.048269846019476495,2
5m+1h|thr18,long,2021-02-03 05:35:00,2021-02-03 05:45:00,1.20444,1.2041785714285713,sl,-0.597822042947197,2
5m+1h|thr18,long,2021-02-03 06:25:00,2021-02-03 06:25:00,1.20413,1.2041600000000001,score,0.06962868500250971,0
5m+1h|thr18,long,2021-02-03 06:40:00,2021-02-03 06:45:00,1.20401,1.20414,score,0.3033538675241831,1
5m+1h|thr18,long,2021-02-03 07:05:00,2021-02-03 07:15:00,1.20448,1.20437,score,-0.28706836243699496,2
5m+1h|thr18,long,2021-02-03 08:10:00,2021-02-03 08:10:00,1.20421,1.2039914285714286,sl,-0.592702964418622,0
5m+1h|thr18,long,2021-02-03 08:45:00,2021-02-03 08:55:00,1.20371,1.2036900000000001,score,-0.04398855735905826,2
5m+1h|thr18,short,2021-02-03 16:05:00,2021-02-03 16:10:00,1.2017,1.2025967857142856,sl,-0.5863360492008451,1
5m+1h|thr18,short,2021-02-03 16:30:00,2021-02-03 16:30:00,1.2023700000000002,1.20316,score,-0.5397249211533797,0
5m+1h|thr18,short,2021-02-03 16:40:00,2021-02-03 17:10:00,1.20262,1.20224,score,0.2536817029955257,6
5m+1h|thr18,short,2021-02-03 17:45:00,2021-02-03 18:00:00,1.2009800000000002,1.2016914285714289,sl,-0.5776122565272583,3
5m+1h|thr18,short,2021-02-03 20:00:00,2021-02-03 20:10:00,1.20263,1.2024,score,0.34972694232838836,2
5m+1h|thr18,short,2021-02-03 20:30:00,2021-02-03 20:55:00,1.20222,1.2025800000000002,sl,-0.5753334033852695,5
5m+1h|thr18,short,2021-02-03 21:15:00,2021-02-03 21:20:00,1.20258,1.20272,score,-0.26485811054072683,1
5m+1h|thr18,short,2021-02-03 22:55:00,2021-02-03 23:15:00,1.2035500000000001,1.2037,score,-0.2419829522999295,4
5m+1h|thr18,long,2021-02-04 00:10:00,2021-02-04 00:20:00,1.20335,1.2030960714285712,sl,-0.5645116587230103,2
5m+1h|thr18,long,2021-02-04 00:25:00,2021-02-04 00:30:00,1.2031399999999999,1.20316,score,0.03863768686395399,1
5m+1h|thr18,long,2021-02-04 01:05:00,2021-02-04 01:15:00,1.20374,1.20367,score,-0.11277116473753293,2
5m+1h|thr18,long,2021-02-04 02:15:00,2021-02-04 02:25:00,1.2043,1.204,score,-0.48084633249215175,2
5m+1h|thr18,long,2021-02-04 02:40:00,2021-02-04 02:50:00,1.20391,1.2038,score,-0.18810326397569668,2
5m+1h|thr18,long,2021-02-04 03:00:00,2021-02-04 03:10:00,1.2036499999999999,1.20357,score,-0.11831570819124532,2
5m+1h|thr18,long,2021-02-04 03:45:00,2021-02-04 03:45:00,1.20352,1.2035200000000001,score,3.276874625348294e-13,0
5m+1h|thr18,long,2021-02-04 03:55:00,2021-02-04 04:00:00,1.20352,1.20339,score,-0.18545549052684124,1
5m+1h|thr18,long,2021-02-04 04:15:00,2021-02-04 04:15:00,1.20387,1.2035110714285715,sl,-0.5483979994051884,0
5m+1h|thr18,long,2021-02-04 04:45:00,2021-02-04 04:45:00,1.20342,1.20332,score,-0.16451939982156757,0
5m+1h|thr18,long,2021-02-04 04:55:00,2021-02-04 05:00:00,1.20329,1.2032100000000001,score,-0.1388822644813784,1
5m+1h|thr18,short,2021-02-04 13:15:00,2021-02-04 13:20:00,1.19876,1.1991399999999999,score,-0.3312758494492527,1
5m+1h|thr18,short,2021-02-04 13:45:00,2021-02-04 13:55:00,1.19896,1.1987999999999999,score,0.14542173347538673,2
5m+1h|thr18,short,2021-02-04 14:40:00,2021-02-04 14:45:00,1.19861,1.19908,score,-0.34913029757226344,1
5m+1h|thr18,short,2021-02-04 15:25:00,2021-02-04 15:40:00,1.19934,1.19866,score,0.5730548547502398,3
5m+1h|thr18,short,2021-02-04 16:25:00,2021-02-04 16:30:00,1.19858,1.19849,score,0.08060728135541888,1
5m+1h|thr18,short,2021-02-04 17:00:00,2021-02-04 17:10:00,1.1980300000000002,1.19776,score,0.22877320227937684,2
5m+1h|thr18,short,2021-02-04 17:40:00,2021-02-04 17:55:00,1.1973200000000002,1.19791,score,-0.4485865336586349,3
5m+1h|thr18,short,2021-02-04 19:35:00,2021-02-04 19:50:00,1.19642,1.19604,score,0.4583183373839984,3
5m+1h|thr18,short,2021-02-04 22:15:00,2021-02-04 22:30:00,1.19639,1.19659,score,-0.2641779729428073,3
5m+1h|thr18,short,2021-02-04 23:50:00,2021-02-04 23:50:00,1.19602,1.1962857142857144,sl,-0.5408100503243218,0
5m+1h|thr18,short,2021-02-05 00:45:00,2021-02-05 00:45:00,1.1961600000000001,1.19638,score,-0.2776158258331207,0
5m+1h|thr18,short,2021-02-05 01:25:00,2021-02-05 02:05:00,1.1966400000000001,1.1964599999999999,score,0.2805051190679275,8
5m+1h|thr18,short,2021-02-05 02:45:00,2021-02-05 02:55:00,1.19676,1.19695,score,-0.26671274189565064,2
5m+1h|thr18,short,2021-02-05 03:25:00,2021-02-05 03:25:00,1.19651,1.19679,score,-0.34041300148505277,0
5m+1h|thr18,short,2021-02-05 04:55:00,2021-02-05 05:40:00,1.1955200000000001,1.19555,score,-0.039525515703537274,9
5m+1h|thr18,short,2021-02-05 08:10:00,2021-02-05 08:20:00,1.19608,1.19635,score,-0.5374960129070707,2
5m+1h|thr18,short,2021-02-05 08:50:00,2021-02-05 08:50:00,1.19621,1.1965142857142856,sl,-0.5235893700335136,0
5m+1h|thr18,short,2021-02-05 10:20:00,2021-02-05 10:50:00,1.19798,1.1983599999999999,score,-0.3562843015621105,6
5m+1h|thr18,long,2021-02-05 11:50:00,2021-02-05 12:00:00,1.19788,1.19794,score,0.05719895925745932,2
5m+1h|thr18,long,2021-02-05 12:25:00,2021-02-05 12:40:00,1.19788,1.1977200000000001,score,-0.16479832624097648,3
5m+1h|thr18,long,2021-02-05 12:50:00,2021-02-05 12:50:00,1.1975,1.19767,score,0.15735403376594861,0
5m+1h|thr18,long,2021-02-05 13:05:00,2021-02-05 13:10:00,1.1973399999999998,1.1971800000000001,score,-0.14410056468980315,1
5m+1h|thr18,long,2021-02-05 13:45:00,2021-02-05 14:00:00,1.19787,1.19795,score,0.0783005218040215,3
5m+1h|thr18,long,2021-02-05 15:35:00,2021-02-05 15:50:00,1.2000899999999999,1.20109,score,0.7073954358166143,3
5m+1h|thr18,long,2021-02-05 16:30:00,2021-02-05 16:35:00,1.2016499999999999,1.20133,score,-0.11759670540562597,1
5m+1h|thr18,long,2021-02-05 17:10:00,2021-02-05 17:15:00,1.2029699999999999,1.2024000000000001,score,-0.27309761811612504,1
5m+1h|thr18,long,2021-02-05 17:35:00,2021-02-05 17:40:00,1.20296,1.2019989285714285,sl,-0.5177971906794724,1
5m+1h|thr18,long,2021-02-08 10:15:00,2021-02-08 10:15:00,1.20474,1.2041410714285712,sl,-0.5126192187726778,0
5m+1h|thr18,long,2021-02-08 10:30:00,2021-02-08 10:40:00,1.2031399999999999,1.2030100000000001,score,-0.08188274010485452,2
5m+1h|thr18,long,2021-02-08 10:50:00,2021-02-08 10:55:00,1.2026999999999999,1.20303,score,0.19604981576470715,1
5m+1h|thr18,short,2021-02-08 16:25:00,2021-02-08 16:30:00,1.20419,1.2048435714285715,sl,-0.5086346973415496,1
5m+1h|thr18,short,2021-02-08 16:55:00,2021-02-08 17:05:00,1.20581,1.2065739285714285,sl,-0.503548350368134,2
5m+1h|thr18,long,2021-02-08 17:55:00,2021-02-08 18:10:00,1.20491,1.20459,score,-0.19261212967242347,3
5m+1h|thr18,long,2021-02-08 18:20:00,2021-02-08 18:25:00,1.20407,1.2038900000000001,score,-0.11459694128476255,1
5m+1h|thr18,long,2021-02-08 22:15:00,2021-02-08 22:25:00,1.20566,1.2054200000000002,score,-0.3468085433080637,2
5m+1h|thr18,long,2021-02-08 22:40:00,2021-02-08 22:40:00,1.20577,1.20543,score,-0.4924900121630365,0
5m+1h|thr18,long,2021-02-08 22:55:00,2021-02-08 23:15:00,1.20521,1.2049100000000001,score,-0.39992193949529803,4
5m+1h|thr18,long,2021-02-09 03:20:00,2021-02-09 03:30:00,1.20603,1.20602,score,-0.012558365825010825,2
5m+1h|thr18,long,2021-02-09 04:05:00,2021-02-09 04:25:00,1.20631,1.20763,score,1.5865629884208934,4
5m+1h|thr18,long,2021-02-09 06:00:00,2021-02-09 06:10:00,1.2077499999999999,1.20768,score,-0.0981551897753353,2
5m+1h|thr18,long,2021-02-09 06:30:00,2021-02-09 06:40:00,1.20798,1.20785,score,-0.2172683115756885,2
5m+1h|thr18,long,2021-02-09 07:00:00,2021-02-09 07:05:00,1.20763,1.20771,score,0.15747815838525553,1
5m+1h|thr18,long,2021-02-09 12:40:00,2021-02-09 12:45:00,1.2112,1.21092,score,-0.21692375324276605,1
5m+1h|thr18,long,2021-02-09 13:05:00,2021-02-09 13:10:00,1.21038,1.20978,sl,-0.4950399264690904,1
5m+1h|thr18,long,2021-02-09 19:45:00,2021-02-09 19:50:00,1.21096,1.2105132142857145,sl,-0.49008952720439947,1
5m+1h|thr18,long,2021-02-09 20:25:00,2021-02-09 20:40:00,1.2104899999999998,1.21031,score,-0.1904478742162805,3
5m+1h|thr18,long,2021-02-09 23:05:00,2021-02-09 23:10:00,1.21163,1.21174,score,0.18653072579273897,1
5m+1h|thr18,long,2021-02-09 23:30:00,2021-02-09 23:35:00,1.21199,1.2117274999999998,sl,-0.48514946044812,1
5m+1h|thr18,long,2021-02-09 23:55:00,2021-02-09 23:55:00,1.21209,1.2118457142857142,sl,-0.4802979658436389,0
5m+1h|thr18,long,2021-02-10 00:20:00,2021-02-10 00:35:00,1.21173,1.21167,score,-0.09825726651787611,3
5m+1h|thr18,long,2021-02-10 00:50:00,2021-02-10 00:55:00,1.21172,1.2118,score,0.1312231859611991,1
5m+1h|thr18,long,2021-02-10 06:25:00,2021-02-10 06:35:00,1.21299,1.2129100000000002,score,-0.14865372463710522,2
5m+1h|thr18,long,2021-02-10 07:10:00,2021-02-10 07:15:00,1.21275,1.2125485714285713,sl,-0.4743381081332647,1
5m+1h|thr18,long,2021-02-10 07:55:00,2021-02-10 08:00:00,1.2126299999999999,1.2125700000000001,score,-0.1282795351941114,1
5m+1h|thr18,long,2021-02-10 11:15:00,2021-02-10 11:25:00,1.21306,1.2123625,sl,-0.4683119316999909,2
5m+1h|thr18,long,2021-02-10 16:10:00,2021-02-10 16:15:00,1.21362,1.2132800000000001,score,-0.17556667835655063,1
5m+1h|thr18,long,2021-02-10 16:30:00,2021-02-10 16:30:00,1.21381,1.213,score,-0.43429862944422526,0
5m+1h|thr18,long,2021-02-10 16:55:00,2021-02-10 17:30:00,1.2128299999999999,1.2128700000000001,score,0.024262962993605256,7
5m+1h|thr18,long,2021-02-10 17:40:00,2021-02-10 17:50:00,1.21343,1.2125299999999999,sl,-0.45777278893491935,2
5m+1h|thr18,long,2021-02-10 18:10:00,2021-02-10 18:15:00,1.21362,1.2130400000000001,score,-0.26695276718813493,1
5m+1h|thr18,long,2021-02-10 18:45:00,2021-02-10 18:50:00,1.2130699999999999,1.21317,score,0.06111780491517152,1
5m+1h|thr18,long,2021-02-10 19:05:00,2021-02-10 19:10:00,1.21286,1.21289,score,0.02347923405173019,1
5m+1h|thr18,long,2021-02-10 19:35:00,2021-02-10 19:40:00,1.21347,1.21314,score,-0.3188587687135627,1
5m+1h|thr18,long,2021-02-10 19:55:00,2021-02-10 20:05:00,1.2137799999999999,1.21344,score,-0.3503038884272,2
5m+1h|thr18,long,2021-02-10 20:50:00,2021-02-10 21:00:00,1.21289,1.2129400000000001,score,0.05701024066573849,2
5m+1h|thr18,short,2021-02-11 02:50:00,2021-02-11 03:30:00,1.21142,1.2116482142857143,sl,-0.44524997959860746,8
5m+1h|thr18,short,2021-02-11 04:20:00,2021-02-11 04:40:00,1.21181,1.21198,score,-0.308105140067635,4
5m+1h|thr18,short,2021-02-11 05:10:00,2021-02-11 05:20:00,1.2118900000000001,1.2119199999999999,score,-0.06350290152927034,2
5m+1h|thr18,short,2021-02-11 06:20:00,2021-02-11 06:55:00,1.21235,1.2122199999999999,score,0.21914274018859348,7
5m+1h|thr18,short,2021-02-11 07:45:00,2021-02-11 08:00:00,1.21262,1.2127957142857142,sl,-0.43927282678853824,3
5m+1h|thr18,long,2021-02-11 08:45:00,2021-02-11 09:00:00,1.21286,1.2127400000000002,score,-0.24353285517134932,3
5m+1h|thr18,long,2021-02-11 09:10:00,2021-02-11 09:10:00,1.21292,1.21276,score,-0.24277601121046127,0
5m+1h|thr18,long,2021-02-11 09:25:00,2021-02-11 09:30:00,1.2129699999999999,1.2126732142857142,sl,-0.4300170098568349,1
5m+1h|thr18,long,2021-02-11 09:40:00,2021-02-11 09:45:00,1.21286,1.2125,sl,-0.4257168397582665,1
5m+1h|thr18,long,2021-02-11 10:55:00,2021-02-11 11:00:00,1.21216,1.21245,score,0.19943196570221042,1
5m+1h|thr18,long,2021-02-11 12:10:00,2021-02-11 12:15:00,1.21242,1.2127400000000002,score,0.2465333177076323,1
5m+1h|thr18,long,2021-02-11 12:55:00,2021-02-11 13:05:00,1.21269,1.2123032142857144,sl,-0.42591932419478234,2
5m+1h|thr18,long,2021-02-11 14:10:00,2021-02-11 14:10:00,1.21303,1.2128700000000001,score,-0.19801230468213313,0
5m+1h|thr18,long,2021-02-11 15:00:00,2021-02-11 15:15:00,1.21356,1.21458,score,1.1067461704338464,3
5m+1h|thr18,long,2021-02-11 16:25:00,2021-02-11 16:30:00,1.21352,1.21392,score,0.27918817474756785,1
5m+1h|thr18,long,2021-02-11 16:55:00,2021-02-11 17:00:00,1.21343,1.21371,score,0.15146829387904928,1
5m+1h|thr18,long,2021-02-11 17:25:00,2021-02-11 17:40:00,1.21423,1.21378,score,-0.2614058575171748,3
5m+1h|thr18,long,2021-02-11 17:50:00,2021-02-11 18:10:00,1.2134399999999999,1.2129400000000001,score,-0.30809972824921344,4
5m+1h|thr18,long,2021-02-11 22:10:00,2021-02-11 22:30:00,1.2131399999999999,1.21331,score,0.20335808332052702,4
5m+1h|thr18,long,2021-02-11 23:25:00,2021-02-11 23:25:00,1.21319,1.21316,score,-0.04910159211222808,0
5m+1h|thr18,long,2021-02-12 00:00:00,2021-02-12 00:00:00,1.21309,1.2128242857142857,sl,-0.43090154335103703,0
5m+1h|thr18,short,2021-02-12 08:05:00,2021-02-12 08:30:00,1.2127000000000001,1.21285,score,-0.23238503466309016,5
5m+1h|thr18,short,2021-02-12 09:25:00,2021-02-12 09:30:00,1.21232,1.21238,score,-0.08108889400663602,1
5m+1h|thr18,short,2021-02-12 13:35:00,2021-02-12 13:45:00,1.21007,1.2106389285714285,sl,-0.4234577886308294,2
5m+1h|thr18,short,2021-02-12 14:50:00,2021-02-12 15:15:00,1.2111100000000001,1.21033,score,0.7989384749270528,5
5m+1h|thr18,short,2021-02-12 15:45:00,2021-02-12 16:15:00,1.2089400000000001,1.2084899999999998,score,0.3298332538740483,6
5m+1h|thr18,long,2021-02-12 19:30:00,2021-02-12 19:30:00,1.21287,1.2124300000000001,score,-0.43870096222979293,0
5m+1h|thr18,long,2021-02-12 20:10:00,2021-02-12 20:25:00,1.21228,1.21212,score,-0.18181287185495587,3
5m+1h|thr18,long,2021-02-12 21:20:00,2021-02-12 21:20:00,1.21209,1.21205,score,-0.05955168978099909,0
5m+1h|thr18,long,2021-02-12 21:30:00,2021-02-12 21:40:00,1.21204,1.2117732142857143,sl,-0.42371027279387463,2
5m+1h|thr18,long,2021-02-15 00:05:00,2021-02-15 00:05:00,1.2125,1.2122321428571428,sl,-0.4194731700659359,0
5m+1h|thr18,long,2021-02-15 00:30:00,2021-02-15 00:50:00,1.21216,1.2122300000000001,score,0.10395220168568915,4
5m+1h|thr18,long,2021-02-15 01:40:00,2021-02-15 02:00:00,1.21223,1.2119482142857143,sl,-0.41631796038213337,4
5m+1h|thr18,long,2021-02-15 04:25:00,2021-02-15 04:25:00,1.21321,1.21293,score,-0.3112999500290536,0
5m+1h|thr18,long,2021-02-15 05:00:00,2021-02-15 05:00:00,1.21332,1.21302,score,-0.3755137664191627,0
5m+1h|thr18,long,2021-02-15 05:15:00,2021-02-15 05:30:00,1.2134099999999999,1.21331,score,-0.13180053450829607,3
5m+1h|thr18,long,2021-02-15 05:50:00,2021-02-15 05:55:00,1.21374,1.2134775,sl,-0.4039686382687469,1
5m+1h|thr18,long,2021-02-15 06:10:00,2021-02-15 06:10:00,1.2136799999999999,1.21343,score,-0.3645185759376695,0
5m+1h|thr18,long,2021-02-15 06:30:00,2021-02-15 06:55:00,1.21332,1.21315,score,-0.26198760093921186,5
5m+1h|thr18,long,2021-02-15 07:10:00,2021-02-15 07:35:00,1.2135799999999999,1.2139,score,0.5763445188647784,5
5m+1h|thr18,long,2021-02-15 08:15:00,2021-02-15 08:20:00,1.21403,1.21392,score,-0.18307086201492925,1
5m+1h|thr18,long,2021-02-15 08:50:00,2021-02-15 09:00:00,1.21359,1.213377857142857,sl,-0.39759662668578916,2
5m+1h|thr18,long,2021-02-15 11:45:00,2021-02-15 11:50:00,1.2143,1.2138900000000001,score,-0.2733675245981257,1
5m+1h|thr18,long,2021-02-15 12:00:00,2021-02-15 12:15:00,1.21353,1.21339,score,-0.09202864756026052,3
5m+1h|thr18,short,2021-02-15 18:05:00,2021-02-15 18:15:00,1.2128,1.2132178571428573,sl,-0.3899666986973474,2
5m+1h|thr18,short,2021-02-15 18:30:00,2021-02-15 18:40:00,1.21313,1.21323,score,-0.08703604579623107,2
5m+1h|thr18,long,2021-02-15 19:55:00,2021-02-15 20:00:00,1.2131699999999999,1.21307,score,-0.11826213591056094,1
5m+1h|thr18,long,2021-02-15 21:00:00,2021-02-15 21:05:00,1.2131699999999999,1.21312,score,-0.08182947790703698,1
5m+1h|thr18,short,2021-02-16 02:05:00,2021-02-16 02:05:00,1.21332,1.2135099999999999,score,-0.24620790062883802,0
5m+1h|thr18,short,2021-02-16 02:20:00,2021-02-16 02:20:00,1.2135200000000002,1.2137803571428574,sl,-0.3807336761079473,0
5m+1h|thr18,short,2021-02-16 02:40:00,2021-02-16 03:05:00,1.2139,1.2136099999999999,score,0.3696427385866963,5
5m+1h|thr18,long,2021-02-16 03:25:00,2021-02-16 03:50:00,1.21399,1.21412,score,0.14522713531548528,5
5m+1h|thr18,long,2021-02-16 04:30:00,2021-02-16 05:05:00,1.2145,1.21445,score,-0.05537319392535582,7
5m+1h|thr18,long,2021-02-16 05:20:00,2021-02-16 05:20:00,1.21469,1.21451,score,-0.31419401682680104,0
5m+1h|thr18,long,2021-02-16 05:35:00,2021-02-16 05:35:00,1.21477,1.21459,score,-0.2837845244835135,0
5m+1h|thr18,long,2021-02-16 06:10:00,2021-02-16 06:20:00,1.21452,1.2142864285714288,sl,-0.37554152073353303,2
5m+1h|thr18,long,2021-02-16 11:45:00,2021-02-16 12:05:00,1.2151399999999999,1.21539,score,0.12235555894143997,4
5m+1h|thr18,long,2021-02-16 12:30:00,2021-02-16 12:35:00,1.21582,1.21576,score,-0.040639184868600076,1
5m+1h|thr18,long,2021-02-16 12:45:00,2021-02-16 12:50:00,1.21657,1.21625,score,-0.23778670175426087,1
5m+1h|thr18,long,2021-02-16 13:55:00,2021-02-16 13:55:00,1.2167299999999999,1.21646,score,-0.24812979086905268,0
5m+1h|thr18,long,2021-02-16 14:05:00,2021-02-16 14:05:00,1.21674,1.21654,score,-0.1901539228354659,0
5m+1h|thr18,long,2021-02-16 14:20:00,2021-02-16 14:25:00,1.21688,1.21659,score,-0.26618652587014924,1
5m+1h|thr18,long,2021-02-16 14:40:00,2021-02-16 14:40:00,1.21643,1.2160582142857141,sl,-0.3631806998536367,0
5m+1h|thr18,short,2021-02-16 19:05:00,2021-02-16 19:05:00,1.21065,1.2104899999999998,score,0.08013826069613433,0
5m+1h|thr18,short,2021-02-16 19:15:00,2021-02-16 19:15:00,1.21061,1.21059,score,0.01155762624615399,0
5m+1h|thr18,short,2021-02-16 19:25:00,2021-02-16 19:35:00,1.21055,1.21072,score,-0.11084092081454404,2
5m+1h|thr18,short,2021-02-16 20:30:00,2021-02-16 20:40:00,1.21105,1.2113,score,-0.2823234677458113,2
5m+1h|thr18,short,2021-02-16 21:00:00,2021-02-16 21:15:00,1.21117,1.21103,score,0.18709693369862854,3
5m+1h|thr18,short,2021-02-16 21:45:00,2021-02-16 21:55:00,1.21127,1.2115496428571428,sl,-0.35840517717590603,2
5m+1h|thr18,short,2021-02-16 22:15:00,2021-02-16 22:20:00,1.21136,1.21156,score,-0.23570561118188382,1
5m+1h|thr18,short,2021-02-16 22:40:00,2021-02-16 22:45:00,1.2114,1.2116775,sl,-0.3524640692923281,1
5m+1h|thr18,short,2021-02-16 23:30:00,2021-02-17 00:00:00,1.21054,1.2108582142857143,sl,-0.3489394285994048,6
5m+1h|thr18,short,2021-02-17 04:15:00,2021-02-17 04:20:00,1.20922,1.209630357142857,sl,-0.3454500343134108,1
5m+1h|thr18,short,2021-02-17 04:30:00,2021-02-17 04:40:00,1.20927,1.2096099999999999,score,-0.29897130242385833,2
5m+1h|thr18,short,2021-02-17 05:00:00,2021-02-17 05:05:00,1.2094,1.20939,score,0.008988790706961495,1
5m+1h|thr18,short,2021-02-17 05:40:00,2021-02-17 06:05:00,1.20873,1.2090353571428571,sl,-0.3390957088531077,5
5m+1h|thr18,short,2021-02-17 07:15:00,2021-02-17 07:20:00,1.20914,1.2094057142857144,sl,-0.33570475176457665,1
5m+1h|thr18,short,2021-02-17 07:40:00,2021-02-17 08:00:00,1.20924,1.20905,score,0.22932422653634973,4
5m+1h|thr18,short,2021-02-17 08:30:00,2021-02-17 08:50:00,1.20878,1.2087999999999999,score,-0.018265002928458927,4
5m+1h|thr18,short,2021-02-17 15:55:00,2021-02-17 16:35:00,1.20374,1.204615357142857,sl,-0.33445829648300984,8
5m+1h|thr18,short,2021-02-17 19:10:00,2021-02-17 19:30:00,1.20401,1.20438,score,-0.17673045193446207,4
5m+1h|thr18,short,2021-02-17 20:05:00,2021-02-17 20:15:00,1.20426,1.20416,score,0.08491435959469382,2
5m+1h|thr18,short,2021-02-17 20:50:00,2021-02-17 20:50:00,1.20347,1.203809642857143,sl,-0.33019555259478206,0
5m+1h|thr18,short,2021-02-17 21:40:00,2021-02-17 21:45:00,1.20365,1.20386,score,-0.2040482325651538,1
5m+1h|thr18,short,2021-02-17 22:30:00,2021-02-17 22:50:00,1.2041,1.20432,score,-0.21447965560766427,4
5m+1h|thr18,short,2021-02-18 00:10:00,2021-02-18 00:20:00,1.20397,1.2042764285714287,sl,-0.32270831818710605,2
5m+1h|thr18,short,2021-02-18 00:50:00,2021-02-18 00:50:00,1.20426,1.2045,score,-0.22863832792694483,0
5m+1h|thr18,short,2021-02-18 01:00:00,2021-02-18 01:15:00,1.2043000000000001,1.2043599999999999,score,-0.052865808620766015,3
5m+1h|thr18,short,2021-02-18 02:10:00,2021-02-18 02:15:00,1.20439,1.204589285714286,sl,-0.3166661936397579,1
5m+1h|thr18,short,2021-02-18 02:35:00,2021-02-18 02:40:00,1.2044000000000001,1.2046817857142857,sl,-0.31349953170336026,1
5m+1h|thr18,short,2021-02-18 03:00:00,2021-02-18 03:20:00,1.20478,1.20484,score,-0.04980061328830501,4
5m+1h|thr18,short,2021-02-18 04:00:00,2021-02-18 04:05:00,1.20439,1.20404,score,0.2556138044178457,1
5m+1h|thr18,short,2021-02-18 04:20:00,2021-02-18 04:35:00,1.20405,1.2044378571428571,sl,-0.3124226682976221,3
5m+1h|thr18,short,2021-02-18 08:05:00,2021-02-18 08:15:00,1.2044700000000002,1.20457,score,-0.11687390506327532,2
5m+1h|thr18,long,2021-02-18 09:15:00,2021-02-18 09:20:00,1.20383,1.20444,score,0.5221086626780326,1
5m+1h|thr18,long,2021-02-18 09:30:00,2021-02-18 09:30:00,1.20472,1.2042925,sl,-0.3133507891907935,0
5m+1h|thr18,long,2021-02-18 09:40:00,2021-02-18 09:55:00,1.2046999999999999,1.2046700000000001,score,-0.018286492371151136,3
5m+1h|thr18,long,2021-02-18 10:15:00,2021-02-18 10:15:00,1.20496,1.20485,score,-0.048447793122072924,0
5m+1h|thr18,long,2021-02-18 10:25:00,2021-02-18 10:35:00,1.20545,1.20565,score,0.09000413578855802,2
5m+1h|thr18,long,2021-02-18 10:50:00,2021-02-18 10:50:00,1.2065,1.20642,score,-0.036677634744457906,0
5m+1h|thr18,long,2021-02-18 12:00:00,2021-02-18 12:00:00,1.2074,1.20676,score,-0.2921498951578845,0
5m+1h|thr18,long,2021-02-18 12:25:00,2021-02-18 12:35:00,1.2065299999999999,1.20646,score,-0.03484010074211338,2
5m+1h|thr18,long,2021-02-18 12:50:00,2021-02-18 12:50:00,1.20642,1.20649,score,0.040010251154430104,0
5m+1h|thr18,long,2021-02-18 20:35:00,2021-02-18 20:45:00,1.20848,1.2082,score,-0.27876772026550634,2
5m+1h|thr18,long,2021-02-18 21:00:00,2021-02-18 21:20:00,1.2081199999999999,1.20856,score,0.39190438650678217,4
5m+1h|thr18,long,2021-02-18 21:30:00,2021-02-18 21:35:00,1.20882,1.20865,score,-0.14961479285485849,1
5m+1h|thr18,long,2021-02-18 22:15:00,2021-02-18 22:30:00,1.20888,1.20899,score,0.13756823350833217,3
5m+1h|thr18,long,2021-02-18 23:20:00,2021-02-18 23:20:00,1.20938,1.20919,score,-0.2249318674406729,0
5m+1h|thr18,long,2021-02-18 23:40:00,2021-02-18 23:45:00,1.20942,1.20936,score,-0.08440689335206765,1
5m+1h|thr18,long,2021-02-19 00:05:00,2021-02-19 00:05:00,1.2093,1.2090085714285714,sl,-0.3051309194679588,0
5m+1h|thr18,long,2021-02-19 03:35:00,2021-02-19 03:50:00,1.2089699999999999,1.20886,score,-0.0822639433811042,3
5m+1h|thr18,long,2021-02-19 07:35:00,2021-02-19 07:40:00,1.20956,1.20937,score,-0.22352679007873916,1
5m+1h|thr18,long,2021-02-19 08:05:00,2021-02-19 08:20:00,1.20962,1.20974,score,0.1268576921558822,3
5m+1h|thr18,long,2021-02-19 09:05:00,2021-02-19 09:25:00,1.2094099999999999,1.2101300000000001,score,0.7338002475132751,4
5m+1h|thr18,long,2021-02-19 09:50:00,2021-02-19 10:00:00,1.2106599999999998,1.2110100000000001,score,0.20383753663885842,2
5m+1h|thr18,long,2021-02-19 10:30:00,2021-02-19 10:50:00,1.2117099999999998,1.21278,score,0.500410629166377,4
5m+1h|thr18,long,2021-02-19 11:40:00,2021-02-19 11:40:00,1.21407,1.2135500000000001,score,-0.21181721330293998,0
5m+1h|thr18,long,2021-02-19 12:20:00,2021-02-19 12:20:00,1.21397,1.2133067857142859,sl,-0.31255259186039525,0
5m+1h|thr18,long,2021-02-19 12:30:00,2021-02-19 12:50:00,1.21382,1.2138,score,-0.00916820936119679,4
5m+1h|thr18,long,2021-02-19 13:00:00,2021-02-19 13:00:00,1.2143599999999999,1.2139900000000001,score,-0.16956161781297055,0
5m+1h|thr18,long,2021-02-22 01:05:00,2021-02-22 01:10:00,1.21242,1.21207,score,-0.2375783863803686,1
5m+1h|thr18,long,2021-02-22 01:25:00,2021-02-22 01:30:00,1.21191,1.2115382142857143,sl,-0.3052639838062459,1
5m+1h|thr18,long,2021-02-22 01:40:00,2021-02-22 01:55:00,1.2123899999999999,1.21241,score,0.013593441977771181,3
5m+1h|thr18,long,2021-02-22 02:15:00,2021-02-22 02:25:00,1.2126299999999999,1.21234,score,-0.17084620045299145,2
5m+1h|thr18,long,2021-02-22 02:35:00,2021-02-22 02:40:00,1.2129299999999998,1.21268,score,-0.14286977017537955,1
5m+1h|thr18,long,2021-02-22 03:05:00,2021-02-22 03:25:00,1.21272,1.21332,score,0.39518317561724364,4
5m+1h|thr18,long,2021-02-22 04:10:00,2021-02-22 04:15:00,1.21233,1.2118489285714285,sl,-0.3031619504378498,1
5m+1h|thr18,short,2021-02-22 08:40:00,2021-02-22 08:40:00,1.2121,1.2120499999999998,score,0.060896009175044404,0
5m+1h|thr18,short,2021-02-22 09:20:00,2021-02-22 10:00:00,1.21088,1.2112325,sl,-0.3007392910252218,8
5m+1h|thr18,long,2021-02-22 13:30:00,2021-02-22 13:50:00,1.21379,1.21357,score,-0.0929092448017926,4
5m+1h|thr18,long,2021-02-22 14:20:00,2021-02-22 14:25:00,1.214,1.2135500000000001,score,-0.1938680845724094,1
5m+1h|thr18,long,2021-02-22 14:45:00,2021-02-22 14:50:00,1.2133099999999999,1.2136200000000001,score,0.1603646994643195,1
5m+1h|thr18,long,2021-02-22 15:15:00,2021-02-22 15:20:00,1.21338,1.2135500000000001,score,0.08727189819701098,1
5m+1h|thr18,long,2021-02-22 15:35:00,2021-02-22 15:50:00,1.21399,1.21486,score,0.39386701228045884,3
5m+1h|thr18,long,2021-02-22 16:30:00,2021-02-22 16:30:00,1.21457,1.213652857142857,sl,-0.3012791609206455,0
5m+1h|thr18,long,2021-02-22 16:40:00,2021-02-22 16:40:00,1.2139,1.21418,score,0.07538389217931162,0
5m+1h|thr18,long,2021-02-22 16:55:00,2021-02-22 17:05:00,1.2146599999999999,1.2145000000000001,score,-0.04434328145920317,2
5m+1h|thr18,long,2021-02-22 20:35:00,2021-02-22 20:50:00,1.21685,1.21662,score,-0.20543102924104545,3
5m+1h|thr18,long,2021-02-22 21:25:00,2021-02-22 21:30:00,1.21687,1.21665,score,-0.2166759650269146,1
5m+1h|thr18,long,2021-02-22 21:45:00,2021-02-22 21:50:00,1.21689,1.2166082142857144,sl,-0.2943557054759605,1
5m+1h|thr18,long,2021-02-23 02:20:00,2021-02-23 02:25:00,1.2166,1.21642,score,-0.16766178402296966,1
5m+1h|thr18,long,2021-02-23 02:50:00,2021-02-23 03:00:00,1.21689,1.21663,score,-0.2511041265034654,2
5m+1h|thr18,long,2021-02-23 03:20:00,2021-02-23 03:35:00,1.21689,1.2171800000000002,score,0.1998511442371041,3
5m+1h|thr18,long,2021-02-23 03:45:00,2021-02-23 03:50:00,1.2175799999999999,1.21747,score,-0.06331249767832994,1
5m+1h|thr18,long,2021-02-23 04:40:00,2021-02-23 04:40:00,1.2175099999999999,1.21727,score,-0.17146984661805537,0
5m+1h|thr18,long,2021-02-23 04:55:00,2021-02-23 05:10:00,1.21708,1.2167071428571428,sl,-0.28687517731534373,3
5m+1h|thr18,long,2021-02-23 10:10:00,2021-02-23 10:20:00,1.21664,1.21642,score,-0.08849163284466993,2
5m+1h|thr18,long,2021-02-23 10:30:00,2021-02-23 10:40:00,1.21624,1.2155221428571428,sl,-0.28312150921374357,2
5m+1h|thr18,short,2021-02-23 17:00:00,2021-02-23 17:05:00,1.2141600000000001,1.2148092857142858,sl,-0.2802902941216061,1
5m+1h|thr18,short,2021-02-23 17:45:00,2021-02-23 18:00:00,1.21634,1.21667,score,-0.08162952863757375,3
5m+1h|thr18,short,2021-02-23 19:10:00,2021-02-23 19:35:00,1.21439,1.2144899999999998,score,-0.040474350496423,5
5m+1h|thr18,short,2021-02-23 21:15:00,2021-02-23 21:20:00,1.21543,1.21573,score,-0.2295388091065218,1
5m+1h|thr18,short,2021-02-23 22:10:00,2021-02-23 22:25:00,1.21431,1.2147000000000001,sl,-0.2739709642979849,3
5m+1h|thr18,short,2021-02-23 23:35:00,2021-02-23 23:45:00,1.21448,1.21474,score,-0.22774665904119773,2
5m+1h|thr18,short,2021-02-24 00:30:00,2021-02-24 00:35:00,1.21464,1.2149999999999999,score,-0.2299452233834938,1
5m+1h|thr18,short,2021-02-24 01:00:00,2021-02-24 01:10:00,1.2148,1.2147999999999999,score,1.2762558785455242e-13,2
5m+1h|thr18,short,2021-02-24 01:50:00,2021-02-24 02:10:00,1.21515,1.21547,score,-0.1928347739341138,4
5m+1h|thr18,short,2021-02-24 02:35:00,2021-02-24 02:45:00,1.21542,1.2157885714285714,sl,-0.2647259880914183,2
5m+1h|thr18,long,2021-02-24 03:10:00,2021-02-24 03:20:00,1.21596,1.2155335714285713,sl,-0.2620787282105041,2
5m+1h|thr18,long,2021-02-24 03:50:00,2021-02-24 03:55:00,1.21606,1.2158,score,-0.09218417813364209,1
5m+1h|thr18,long,2021-02-24 04:40:00,2021-02-24 04:50:00,1.2158499999999999,1.2152660714285712,sl,-0.25853609914706266,2
5m+1h|thr18,long,2021-02-24 05:35:00,2021-02-24 06:10:00,1.2154099999999999,1.21506,score,-0.1962689541411333,7
5m+1h|thr18,long,2021-02-24 07:00:00,2021-02-24 07:00:00,1.21492,1.2146746428571429,sl,-0.2539880486141807,0
5m+1h|thr18,long,2021-02-24 09:40:00,2021-02-24 09:50:00,1.21582,1.21539,score,-0.24613300359850368,2
5m+1h|thr18,long,2021-02-24 10:05:00,2021-02-24 10:10:00,1.21591,1.21567,score,-0.10067337857874632,1
5m+1h|thr18,long,2021-02-24 10:25:00,2021-02-24 10:35:00,1.21648,1.21656,score,0.025574375398092295,2
5m+1h|thr18,long,2021-02-24 11:20:00,2021-02-24 11:25:00,1.21749,1.21698,score,-0.1311434668997522,1
5m+1h|thr18,long,2021-02-24 11:40:00,2021-02-24 11:50:00,1.21621,1.2163000000000002,score,0.02397878696520313,2
5m+1h|thr18,long,2021-02-24 12:10:00,2021-02-24 12:15:00,1.21635,1.2156321428571428,sl,-0.24716420126090177,1
5m+1h|thr18,short,2021-02-24 19:20:00,2021-02-24 19:20:00,1.21422,1.2146599999999999,score,-0.16636933388175876,0
5m+1h|thr18,short,2021-02-24 19:40:00,2021-02-24 19:50:00,1.21437,1.21465,score,-0.12804746698457528,2
5m+1h|thr18,short,2021-02-24 20:50:00,2021-02-24 21:00:00,1.21461,1.21451,score,0.054238421111437556,2
5m+1h|thr18,short,2021-02-24 21:40:00,2021-02-24 21:55:00,1.21483,1.21486,score,-0.01972134218783087,3
5m+1h|thr18,short,2021-02-24 22:20:00,2021-02-24 22:20:00,1.21541,1.2157775000000002,sl,-0.2420935620288655,0
5m+1h|thr18,short,2021-02-24 22:50:00,2021-02-24 23:10:00,1.21655,1.2169999999999999,score,-0.2621419351343284,4
5m+1h|thr18,long,2021-02-24 23:20:00,2021-02-24 23:25:00,1.21702,1.21705,score,0.016552203984031875,1
5m+1h|thr18,long,2021-02-25 00:20:00,2021-02-25 00:35:00,1.21662,1.21635,score,-0.11955723146491737,3
5m+1h|thr18,long,2021-02-25 00:45:00,2021-02-25 00:50:00,1.21627,1.21621,score,-0.026120918537164712,1
5m+1h|thr18,long,2021-02-25 01:25:00,2021-02-25 01:50:00,1.21674,1.21695,score,0.12590994476572714,5
5m+1h|thr18,long,2021-02-25 02:25:00,2021-02-25 02:40:00,1.2164599999999999,1.2163300000000001,score,-0.10126165859631384,3
5m+1h|thr18,long,2021-02-25 02:55:00,2021-02-25 03:00:00,1.21613,1.2161600000000001,score,0.021737434384502242,1
5m+1h|thr18,long,2021-02-25 06:20:00,2021-02-25 06:25:00,1.21755,1.21736,score,-0.1464697717423735,1
5m+1h|thr18,long,2021-02-25 06:55:00,2021-02-25 07:00:00,1.2177,1.21758,score,-0.08481619352749209,1
5m+1h|thr18,long,2021-02-25 07:15:00,2021-02-25 07:25:00,1.218,1.2182,score,0.12767069130983977,2
5m+1h|thr18,long,2021-02-25 08:15:00,2021-02-25 08:25:00,1.21766,1.21787,score,0.13132985699246527,2
5m+1h|thr18,long,2021-02-25 08:55:00,2021-02-25 09:00:00,1.21814,1.2177692857142857,sl,-0.2365009506329166,1
5m+1h|thr18,long,2021-02-25 09:10:00,2021-02-25 09:20:00,1.2174099999999999,1.2171,score,-0.17414738380265493,2
5m+1h|thr18,long,2021-02-25 09:30:00,2021-02-25 09:30:00,1.21694,1.2170400000000001,score,0.05213978432766045,0
5m+1h|thr18,long,2021-02-25 09:55:00,2021-02-25 10:10:00,1.2181,1.21971,score,0.6469406777659961,3
5m+1h|thr18,long,2021-02-25 11:15:00,2021-02-25 11:20:00,1.22183,1.22115,score,-0.17343590476243517,1
5m+1h|thr18,long,2021-02-25 12:00:00,2021-02-25 12:35:00,1.2220499999999999,1.22302,score,0.270633073095618,7
5m+1h|thr18,long,2021-02-25 13:05:00,2021-02-25 13:20:00,1.2234,1.22336,score,-0.011287216470616932,3
5m+1h|thr18,long,2021-02-25 13:50:00,2021-02-25 13:55:00,1.22241,1.2228700000000001,score,0.13072866514556053,1
5m+1h|thr18,short,2021-02-26 01:05:00,2021-02-26 01:10:00,1.2178900000000001,1.21781,score,0.042041625027103256,1
5m+1h|thr18,short,2021-02-26 01:55:00,2021-02-26 02:00:00,1.2158200000000001,1.21639,sl,-0.24197207432984985,1
5m+1h|thr18,short,2021-02-26 06:05:00,2021-02-26 06:10:00,1.21586,1.21564,score,0.09877125154566888,1
5m+1h|thr18,short,2021-02-26 06:55:00,2021-02-26 07:00:00,1.2151100000000001,1.2156532142857144,sl,-0.24054006610200804,1
5m+1h|thr18,short,2021-02-26 09:25:00,2021-02-26 09:30:00,1.21398,1.21349,score,0.133628123102273,1
5m+1h|thr18,short,2021-02-26 09:45:00,2021-02-26 10:05:00,1.2131100000000001,1.214177142857143,sl,-0.23947094667201066,4
5m+1h|thr18,short,2021-02-26 15:55:00,2021-02-26 16:00:00,1.21168,1.2128135714285715,sl,-0.23707623720529056,1
5m+1h|thr18,short,2021-02-26 16:15:00,2021-02-26 16:20:00,1.21224,1.2127999999999999,score,-0.11071545864574457,1
5m+1h|thr18,short,2021-02-26 16:35:00,2021-02-26 16:45:00,1.21258,1.21316,score,-0.12170794741123368,2
5m+1h|thr18,short,2021-02-26 17:00:00,2021-02-26 17:00:00,1.2124300000000001,1.2118,score,0.1108192778380853,0
5m+1h|thr18,short,2021-02-26 17:20:00,2021-02-26 17:35:00,1.21184,1.2132232142857142,sl,-0.23348943355104868,3
5m+1h|thr18,short,2021-02-26 17:55:00,2021-02-26 17:55:00,1.21241,1.2140482142857143,sl,-0.23115453921553822,0
5m+1h|thr18,short,2021-02-26 18:40:00,2021-02-26 19:00:00,1.21041,1.20867,score,0.22361072320649694,4
5m+1h|thr18,short,2021-02-26 22:15:00,2021-02-26 22:45:00,1.20756,1.2074799999999999,score,0.036020681027469525,6
5m+1h|thr18,short,2021-02-26 23:10:00,2021-02-26 23:15:00,1.20702,1.20672,score,0.12510232857603368,1
5m+1h|thr18,short,2021-02-26 23:25:00,2021-02-26 23:50:00,1.20682,1.20733,score,-0.20587471678090355,5
5m+1h|thr18,short,2021-03-01 00:45:00,2021-03-01 00:50:00,1.20732,1.20715,score,0.10164873516313787,1
5m+1h|thr18,short,2021-03-01 01:20:00,2021-03-01 01:25:00,1.20814,1.20871,score,-0.22447499808810026,1
5m+1h|thr18,short,2021-03-01 01:35:00,2021-03-01 02:05:00,1.20863,1.20916,score,-0.20446518251647222,6
5m+1h|thr18,short,2021-03-01 02:50:00,2021-03-01 03:00:00,1.20953,1.2089699999999999,score,0.2014115219333414,2
5m+1h|thr18,short,2021-03-01 04:05:00,2021-03-01 04:10:00,1.2085700000000001,1.20847,score,0.036284960299295274,1
5m+1h|thr18,short,2021-03-01 04:40:00,2021-03-01 04:50:00,1.20836,1.20845,score,-0.04415971003551592,2
5m+1h|thr18,short,2021-03-01 08:25:00,2021-03-01 08:40:00,1.20846,1.2087803571428573,sl,-0.22929403725123065,3
5m+1h|thr18,short,2021-03-01 09:00:00,2021-03-01 09:10:00,1.20899,1.20908,score,-0.06015171021385304,2
5m+1h|thr18,short,2021-03-01 15:20:00,2021-03-01 15:20:00,1.2049100000000001,1.20428,score,0.26360980773992543,0
5m+1h|thr18,short,2021-03-01 16:15:00,2021-03-01 16:35:00,1.20565,1.20491,score,0.19127848630131186,4
5m+1h|thr18,short,2021-03-01 17:20:00,2021-03-01 17:40:00,1.2033500000000001,1.2044760714285716,sl,-0.23094846271699215,4
5m+1h|thr18,short,2021-03-01 18:25:00,2021-03-01 18:45:00,1.20583,1.20536,score,0.1175806546175008,4
5m+1h|thr18,short,2021-03-01 19:20:00,2021-03-01 19:20:00,1.20548,1.2060725,sl,-0.2298147846359972,0
5m+1h|thr18,short,2021-03-01 20:15:00,2021-03-01 20:20:00,1.20327,1.203887142857143,sl,-0.22751663678963727,1
5m+1h|thr18,short,2021-03-01 22:05:00,2021-03-01 22:15:00,1.20456,1.20486,score,-0.17967980546461426,2
5m+1h|thr18,short,2021-03-01 22:35:00,2021-03-01 22:45:00,1.20462,1.2045,score,0.07404083818090731,2
5m+1h|thr18,short,2021-03-02 00:10:00,2021-03-02 00:10:00,1.20454,1.20459,score,-0.04287692801216555,0
5m+1h|thr18,short,2021-03-02 01:05:00,2021-03-02 01:35:00,1.2049,1.20491,score,-0.0071033749671502635,6
5m+1h|thr18,short,2021-03-02 02:25:00,2021-03-02 02:30:00,1.2046700000000001,1.20471,score,-0.027380055851834787,1
5m+1h|thr18,short,2021-03-02 07:15:00,2021-03-02 07:20:00,1.20207,1.2019499999999999,score,0.07295068641984309,1
5m+1h|thr18,short,2021-03-02 08:25:00,2021-03-02 08:45:00,1.20245,1.2026299999999999,score,-0.09343842510206879,4
5m+1h|thr18,short,2021-03-02 09:30:00,2021-03-02 09:40:00,1.2016900000000001,1.2005,score,0.3947581690267289,2
5m+1h|thr18,short,2021-03-02 09:50:00,2021-03-02 10:05:00,1.2006000000000001,1.20035,score,0.06812678964219293,3
5m+1h|thr18,short,2021-03-02 12:45:00,2021-03-02 13:10:00,1.2022000000000002,1.20282,score,-0.1806038082601208,5
5m+1h|thr18,short,2021-03-02 14:05:00,2021-03-02 14:15:00,1.2029400000000001,1.20296,score,-0.006344685228824228,2
5m+1h|thr18,long,2021-03-02 15:10:00,2021-03-02 15:15:00,1.20257,1.20271,score,0.048884469125189414,1
5m+1h|thr18,long,2021-03-02 15:40:00,2021-03-02 15:45:00,1.2026599999999998,1.2020407142857141,sl,-0.22645480911682175,1
5m+1h|thr18,long,2021-03-02 16:00:00,2021-03-02 16:25:00,1.2029699999999999,1.20441,flip,0.4444125528296468,5
5m+1h|thr18,short,2021-03-02 16:30:00,2021-03-02 16:55:00,1.2044000000000001,1.20432,score,0.025748668973425037,5
5m+1h|thr18,long,2021-03-02 17:50:00,2021-03-02 18:05:00,1.20462,1.20669,score,0.6446342552577894,3
5m+1h|thr18,long,2021-03-02 19:55:00,2021-03-02 19:55:00,1.20815,1.2079,score,-0.11609355254223148,0
5m+1h|thr18,long,2021-03-02 20:05:00,2021-03-02 20:15:00,1.20831,1.2084000000000001,score,0.04351967155482816,2
5m+1h|thr18,long,2021-03-02 21:35:00,2021-03-02 21:50:00,1.20847,1.20846,score,-0.006737589082580295,3
5m+1h|thr18,long,2021-03-03 10:20:00,2021-03-03 10:30:00,1.20823,1.20792,score,-0.08012008963038562,2
5m+1h|thr18,long,2021-03-03 10:40:00,2021-03-03 10:45:00,1.20774,1.2081300000000001,score,0.10439604867796655,1
5m+1h|thr18,long,2021-03-03 12:45:00,2021-03-03 12:50:00,1.20872,1.2086700000000001,score,-0.010395414451602946,1
5m+1h|thr18,long,2021-03-03 13:00:00,2021-03-03 13:10:00,1.2084,1.20827,score,-0.03982514777673737,2
5m+1h|thr18,short,2021-03-03 17:15:00,2021-03-03 17:15:00,1.20546,1.20537,score,0.02043613190585682,0
5m+1h|thr18,short,2021-03-03 18:10:00,2021-03-03 19:00:00,1.20767,1.20713,score,0.11440752009384093,10
5m+1h|thr18,short,2021-03-03 19:45:00,2021-03-03 19:45:00,1.2067400000000001,1.2072317857142858,sl,-0.23563409158375168,0
5m+1h|thr18,short,2021-03-03 20:35:00,2021-03-03 20:55:00,1.20763,1.20732,score,0.12615893307152298,4
5m+1h|thr18,short,2021-03-03 21:40:00,2021-03-03 21:50:00,1.20682,1.20726,score,-0.2298746753208142,2
5m+1h|thr18,short,2021-03-04 04:15:00,2021-03-04 04:20:00,1.2058900000000001,1.20549,score,0.18291804812586016,1
5m+1h|thr18,short,2021-03-04 05:55:00,2021-03-04 05:55:00,1.20527,1.20493,score,0.21975781517527582,0
5m+1h|thr18,short,2021-03-04 09:35:00,2021-03-04 09:35:00,1.20558,1.2058,score,-0.10300119515712945,0
5m+1h|thr18,short,2021-03-04 10:20:00,2021-03-04 10:25:00,1.20478,1.20444,score,0.12379543814835671,1
5m+1h|thr18,short,2021-03-04 10:35:00,2021-03-04 10:35:00,1.20468,1.20445,score,0.07421544324295977,0
5m+1h|thr18,short,2021-03-04 11:00:00,2021-03-04 11:10:00,1.20401,1.20374,score,0.07444433011540857,2
5m+1h|thr18,short,2021-03-04 13:05:00,2021-03-04 13:25:00,1.20453,1.20428,score,0.08387377866536976,4
5m+1h|thr18,short,2021-03-04 14:15:00,2021-03-04 14:25:00,1.20377,1.20342,score,0.13066701129655034,2
5m+1h|thr18,short,2021-03-04 15:00:00,2021-03-04 15:15:00,1.20317,1.20354,score,-0.1494000977414055,3
5m+1h|thr18,short,2021-03-04 16:20:00,2021-03-04 16:35:00,1.2037200000000001,1.2040899999999999,score,-0.15402079609140854,3
5m+1h|thr18,short,2021-03-04 16:50:00,2021-03-04 17:05:00,1.20376,1.20332,score,0.16613995911035168,3
5m+1h|thr18,short,2021-03-04 17:35:00,2021-03-04 17:40:00,1.20254,1.203385357142857,sl,-0.2387344905943231,1
5m+1h|thr18,short,2021-03-04 18:25:00,2021-03-04 18:30:00,1.2043000000000001,1.2052792857142858,sl,-0.2363471456883799,1
5m+1h|thr18,short,2021-03-04 18:40:00,2021-03-04 19:10:00,1.2046700000000001,1.2040199999999999,score,0.17332124017153122,6
5m+1h|thr18,short,2021-03-04 19:40:00,2021-03-04 20:05:00,1.20061,1.19798,score,0.5170745168802764,5
5m+1h|thr18,short,2021-03-04 23:55:00,2021-03-04 23:55:00,1.19719,1.1969999999999998,score,0.09577893880324953,0
5m+1h|thr18,short,2021-03-05 01:25:00,2021-03-05 01:45:00,1.19629,1.19642,score,-0.06699523083194109,4
5m+1h|thr18,short,2021-03-05 02:45:00,2021-03-05 02:50:00,1.19632,1.19664,score,-0.1618675806127462,1
5m+1h|thr18,short,2021-03-05 03:20:00,2021-03-05 03:35:00,1.19546,1.1960332142857142,sl,-0.2395567930755998,3
5m+1h|thr18,short,2021-03-05 04:25:00,2021-03-05 04:45:00,1.19553,1.1959982142857144,sl,-0.23716122514484375,4
5m+1h|thr18,short,2021-03-05 05:10:00,2021-03-05 05:20:00,1.1960300000000001,1.1962599999999999,score,-0.12383661810252677,2
5m+1h|thr18,short,2021-03-05 05:50:00,2021-03-05 06:00:00,1.19621,1.19606,score,0.09288970039702475,2
5m+1h|thr18,short,2021-03-05 06:45:00,2021-03-05 07:05:00,1.1956,1.1958689285714286,sl,-0.23448014371634032,4
5m+1h|thr18,short,2021-03-05 07:50:00,2021-03-05 07:55:00,1.19587,1.1961239285714287,sl,-0.2321353422791769,1
5m+1h|thr18,short,2021-03-05 08:45:00,2021-03-05 08:55:00,1.1956,1.19539,score,0.14915080071477346,2
5m+1h|thr18,short,2021-03-05 15:45:00,2021-03-05 16:05:00,1.19222,1.19345,score,-0.2167662942035034,4
5m+1h|thr18,short,2021-03-05 17:10:00,2021-03-05 17:30:00,1.19201,1.19217,score,-0.02437173542183993,4
5m+1h|thr18,short,2021-03-05 20:50:00,2021-03-05 21:00:00,1.19121,1.19146,score,-0.08178962817611377,2
5m+1h|thr18,short,2021-03-05 22:00:00,2021-03-05 22:00:00,1.19119,1.1913,score,-0.05203516729479392,0
5m+1h|thr18,short,2021-03-05 23:00:00,2021-03-05 23:00:00,1.19153,1.19167,score,-0.07079515912391579,0
5m+1h|thr18,short,2021-03-08 00:10:00,2021-03-08 00:20:00,1.1916,1.1917499999999999,score,-0.07919877402234123,2
5m+1h|thr18,short,2021-03-08 01:00:00,2021-03-08 01:00:00,1.1917600000000002,1.1920942857142858,sl,-0.22605592928110788,0
5m+1h|thr18,short,2021-03-08 01:20:00,2021-03-08 01:20:00,1.19269,1.1931325,sl,-0.2237953699882968,0
5m+1h|thr18,short,2021-03-08 02:55:00,2021-03-08 03:05:00,1.19289,1.19281,score,0.0326935844852815,2
5m+1h|thr18,short,2021-03-08 03:40:00,2021-03-08 03:45:00,1.1923000000000001,1.19265,score,-0.1654845244219564,1
5m+1h|thr18,long,2021-03-08 04:25:00,2021-03-08 04:25:00,1.19221,1.1917728571428572,sl,-0.22022950688904705,0
5m+1h|thr18,short,2021-03-08 08:15:00,2021-03-08 08:20:00,1.19102,1.19084,score,0.11482310841941455,1
5m+1h|thr18,short,2021-03-08 08:55:00,2021-03-08 08:55:00,1.19002,1.18929,score,0.38989956944876136,0
5m+1h|thr18,short,2021-03-08 13:10:00,2021-03-08 13:25:00,1.1876900000000001,1.18787,score,-0.06621290756990568,3
5m+1h|thr18,short,2021-03-08 14:15:00,2021-03-08 14:20:00,1.18639,1.1870435714285714,sl,-0.22241230952313928,1
5m+1h|thr18,short,2021-03-08 15:15:00,2021-03-08 15:15:00,1.18653,1.18676,score,-0.0740863072411264,0
5m+1h|thr18,short,2021-03-08 15:40:00,2021-03-08 15:40:00,1.18653,1.1872125000000002,sl,-0.2194473233554966,0
5m+1h|thr18,short,2021-03-08 15:55:00,2021-03-08 16:00:00,1.1867400000000001,1.1875028571428572,sl,-0.2172528501219417,1
5m+1h|thr18,short,2021-03-08 16:20:00,2021-03-08 16:35:00,1.18746,1.18777,score,-0.08145275705356768,3
5m+1h|thr18,short,2021-03-08 16:55:00,2021-03-08 17:00:00,1.18734,1.1882078571428571,sl,-0.21426579405018656,1
5m+1h|thr18,short,2021-03-08 17:30:00,2021-03-08 17:35:00,1.1879,1.18743,score,0.10420083879070503,1
5m+1h|thr18,short,2021-03-08 18:00:00,2021-03-08 18:35:00,1.18573,1.18559,score,0.030982846363763198,7
5m+1h|thr18,short,2021-03-08 21:15:00,2021-03-08 21:20:00,1.1854500000000001,1.18547,score,-0.009288732312179419,1
5m+1h|thr18,short,2021-03-08 21:35:00,2021-03-08 21:45:00,1.1854200000000001,1.18579,score,-0.18991738893555737,2
5m+1h|thr18,short,2021-03-08 22:30:00,2021-03-08 22:55:00,1.1849,1.18459,score,0.14960649339687246,5
5m+1h|thr18,short,2021-03-09 01:20:00,2021-03-09 01:30:00,1.18502,1.1852399999999998,score,-0.1637890757009376,2
5m+1h|thr18,short,2021-03-09 01:40:00,2021-03-09 02:05:00,1.18503,1.18489,score,0.1109045591471086,5
5m+1h|thr18,short,2021-03-09 02:40:00,2021-03-09 03:00:00,1.18417,1.1846017857142856,sl,-0.21245013151718245,4
5m+1h|thr18,short,2021-03-09 05:25:00,2021-03-09 05:50:00,1.18598,1.18641,score,-0.15375352687502514,5
5m+1h|thr18,long,2021-03-09 06:25:00,2021-03-09 06:30:00,1.18569,1.18585,score,0.07022302292055567,1
5m+1h|thr18,long,2021-03-09 06:40:00,2021-03-09 06:50:00,1.18564,1.18568,score,0.01835908952912302,2
5m+1h|thr18,long,2021-03-09 07:40:00,2021-03-09 07:50:00,1.1856499999999999,1.1855900000000001,score,-0.042388950538560365,2
5m+1h|thr18,long,2021-03-09 08:00:00,2021-03-09 08:00:00,1.18547,1.1856,score,0.0913273497182803,0
5m+1h|thr18,long,2021-03-09 09:05:00,2021-03-09 09:05:00,1.1855099999999998,1.18557,score,0.02718047298570427,0
5m+1h|thr18,long,2021-03-09 09:15:00,2021-03-09 09:35:00,1.1863299999999999,1.18757,score,0.5127232868730984,4
5m+1h|thr18,long,2021-03-09 10:35:00,2021-03-09 10:40:00,1.1888699999999999,1.18835,score,-0.12619974411564447,1
5m+1h|thr18,long,2021-03-09 10:50:00,2021-03-09 11:00:00,1.1894799999999999,1.1896200000000001,score,0.031784235096969614,2
5m+1h|thr18,long,2021-03-09 11:15:00,2021-03-09 11:15:00,1.19024,1.1894900000000002,score,-0.16861136676825128,0
5m+1h|thr18,long,2021-03-09 11:50:00,2021-03-09 12:05:00,1.19041,1.19043,score,0.004703824796028551,3
5m+1h|thr18,long,2021-03-09 12:55:00,2021-03-09 12:55:00,1.1905999999999999,1.189915357142857,sl,-0.21297910713823343,0
5m+1h|thr18,long,2021-03-09 13:15:00,2021-03-09 13:30:00,1.19078,1.19095,score,0.049932474849658286,3
5m+1h|thr18,long,2021-03-09 23:05:00,2021-03-09 23:15:00,1.18989,1.19002,score,0.07044954693856954,2
5m+1h|thr18,long,2021-03-09 23:25:00,2021-03-09 23:30:00,1.1899199999999999,1.18999,score,0.040391073578196976,1
5m+1h|thr18,long,2021-03-10 00:05:00,2021-03-10 00:05:00,1.18966,1.18977,score,0.06415369655130657,0
5m+1h|thr18,long,2021-03-10 00:20:00,2021-03-10 00:25:00,1.1893399999999998,1.18944,score,0.05464066256061965,1
5m+1h|thr18,long,2021-03-10 00:50:00,2021-03-10 01:00:00,1.19015,1.1900300000000001,score,-0.06057782012273244,2
5m+1h|thr18,short,2021-03-10 09:40:00,2021-03-10 09:45:00,1.18804,1.1885285714285714,sl,-0.2130392124104073,1
5m+1h|thr18,short,2021-03-10 11:10:00,2021-03-10 11:50:00,1.18972,1.1897199999999999,score,5.812378718612256e-14,8
5m+1h|thr18,long,2021-03-10 12:30:00,2021-03-10 12:30:00,1.19004,1.1894817857142856,sl,-0.21090882028630376,0
5m+1h|thr18,long,2021-03-10 12:40:00,2021-03-10 12:55:00,1.1895799999999999,1.18946,score,-0.044459258542442905,3
5m+1h|thr18,long,2021-03-10 13:15:00,2021-03-10 13:20:00,1.18962,1.1891389285714284,sl,-0.20835513949801635,1
5m+1h|thr18,long,2021-03-10 13:40:00,2021-03-10 13:45:00,1.18868,1.18877,score,0.03572538845502135,1
5m+1h|thr18,long,2021-03-10 17:15:00,2021-03-10 17:25:00,1.19031,1.1892321428571428,sl,-0.2066288419875864,2
5m+1h|thr18,long,2021-03-10 20:10:00,2021-03-10 20:10:00,1.19213,1.1914357142857142,sl,-0.20456255356771053,0
5m+1h|thr18,long,2021-03-10 21:05:00,2021-03-10 21:25:00,1.19167,1.19199,score,0.07166475810297787,4
5m+1h|thr18,long,2021-03-10 21:50:00,2021-03-10 21:55:00,1.1923599999999999,1.192,score,-0.15174773645771272,1
5m+1h|thr18,long,2021-03-10 22:45:00,2021-03-10 22:50:00,1.1924599999999999,1.19234,score,-0.05470267071141955,1
5m+1h|thr18,long,2021-03-10 23:00:00,2021-03-10 23:00:00,1.1927299999999998,1.19251,score,-0.10174067985996048,0
5m+1h|thr18,long,2021-03-10 23:25:00,2021-03-10 23:30:00,1.19294,1.1928,score,-0.07493739501342282,1
5m+1h|thr18,long,2021-03-11 05:45:00,2021-03-11 06:10:00,1.19305,1.1927392857142856,sl,-0.19940229079263802,5
5m+1h|thr18,long,2021-03-11 06:15:00,2021-03-11 06:25:00,1.19275,1.1927,score,-0.031441589879168036,2
5m+1h|thr18,long,2021-03-11 06:45:00,2021-03-11 06:50:00,1.19264,1.19263,score,-0.0065464150124794115,1
5m+1h|thr18,long,2021-03-11 10:20:00,2021-03-11 10:45:00,1.1945599999999998,1.19661,score,0.5101231151002893,5
5m+1h|thr18,long,2021-03-11 11:55:00,2021-03-11 12:00:00,1.19645,1.19619,score,-0.0838463604685829,1
5m+1h|thr18,long,2021-03-11 12:20:00,2021-03-11 12:20:00,1.19648,1.1961600000000001,score,-0.12120757743433051,0
5m+1h|thr18,long,2021-03-11 12:40:00,2021-03-11 12:55:00,1.19638,1.19625,score,-0.05780062299777579,3
5m+1h|thr18,long,2021-03-11 13:10:00,2021-03-11 13:25:00,1.1965599999999998,1.19627,score,-0.13567409680293013,3
5m+1h|thr18,long,2021-03-11 13:35:00,2021-03-11 13:55:00,1.19645,1.19636,score,-0.041198326540610355,4
5m+1h|thr18,long,2021-03-11 20:05:00,2021-03-11 20:15:00,1.19881,1.1979689285714286,sl,-0.1977323491443558,2
5m+1h|thr18,long,2021-03-11 21:00:00,2021-03-11 21:05:00,1.19864,1.19851,score,-0.029505105315793385,1
5m+1h|thr18,long,2021-03-11 21:40:00,2021-03-11 21:45:00,1.19816,1.1981,score,-0.024378081464535233,1
5m+1h|thr18,long,2021-03-11 22:20:00,2021-03-11 22:30:00,1.19879,1.19883,score,0.021003087131557803,2
5m+1h|thr18,short,2021-03-12 14:30:00,2021-03-12 14:45:00,1.19262,1.1932007142857144,sl,-0.19542622465642456,3
5m+1h|thr18,short,2021-03-12 15:00:00,2021-03-12 15:15:00,1.1934,1.19343,score,-0.01103302433293837,3
5m+1h|thr18,short,2021-03-12 16:25:00,2021-03-12 16:35:00,1.19252,1.1924599999999999,score,0.011668374354909998,2
5m+1h|thr18,short,2021-03-12 17:35:00,2021-03-12 17:40:00,1.1920300000000001,1.1929717857142859,sl,-0.19347831591008002,1
5m+1h|thr18,short,2021-03-12 19:00:00,2021-03-12 19:10:00,1.19516,1.19554,score,-0.09817067381841994,2
5m+1h|thr18,long,2021-03-12 20:05:00,2021-03-12 20:10:00,1.19479,1.19486,score,0.025100885684483633,1
5m+1h|thr18,long,2021-03-12 20:30:00,2021-03-12 20:40:00,1.1953799999999999,1.19523,score,-0.056959055184910484,2
5m+1h|thr18,long,2021-03-12 20:55:00,2021-03-12 20:55:00,1.1955,1.19517,score,-0.12710394631210092,0
5m+1h|thr18,long,2021-03-12 21:40:00,2021-03-12 21:50:00,1.19501,1.19516,score,0.07850477353019952,2
5m+1h|thr18,long,2021-03-12 22:00:00,2021-03-12 22:05:00,1.19494,1.19514,score,0.10733743580858562,1
5m+1h|thr18,long,2021-03-12 22:20:00,2021-03-12 22:50:00,1.19532,1.1956,score,0.1613928926940006,6
5m+1h|thr18,long,2021-03-12 23:40:00,2021-03-15 00:00:00,1.1953099999999999,1.1949242857142857,sl,-0.1924445558749976,3
5m+1h|thr18,long,2021-03-15 00:05:00,2021-03-15 00:05:00,1.1952099999999999,1.1948232142857143,sl,-0.19052011031624758,0
5m+1h|thr18,long,2021-03-15 00:35:00,2021-03-15 00:40:00,1.19447,1.1947,score,0.09594628873089038,1
5m+1h|thr18,long,2021-03-15 03:10:00,2021-03-15 03:35:00,1.19543,1.19615,score,0.3040429070440439,5
5m+1h|thr18,long,2021-03-15 04:25:00,2021-03-15 04:25:00,1.19528,1.1947357142857142,sl,-0.19261480117083446,0
5m+1h|thr18,short,2021-03-15 15:20:00,2021-03-15 15:20:00,1.19198,1.192,score,-0.00589324755897497,0
5m+1h|thr18,short,2021-03-15 15:30:00,2021-03-15 15:30:00,1.1921300000000001,1.19258,score,-0.13299747954660443,0
5m+1h|thr18,short,2021-03-15 16:45:00,2021-03-15 16:50:00,1.19198,1.1926807142857143,sl,-0.1892997458880703,1
5m+1h|thr18,short,2021-03-15 17:20:00,2021-03-15 17:30:00,1.1932,1.19162,score,0.4479132658296521,2
5m+1h|thr18,short,2021-03-15 17:50:00,2021-03-15 17:55:00,1.19171,1.1916,score,0.02732355588301898,1
5m+1h|thr18,short,2021-03-15 20:30:00,2021-03-15 20:40:00,1.19287,1.19306,score,-0.08737491457757914,2
5m+1h|thr18,short,2021-03-15 21:35:00,2021-03-15 21:40:00,1.19224,1.1925582142857143,sl,-0.19128536750054054,1
5m+1h|thr18,short,2021-03-15 22:20:00,2021-03-15 22:50:00,1.19305,1.1931399999999999,score,-0.051815280655810515,6
5m+1h|thr18,short,2021-03-16 00:00:00,2021-03-16 00:15:00,1.19265,1.19276,score,-0.04594561073765254,3
5m+1h|thr18,short,2021-03-16 00:35:00,2021-03-16 00:35:00,1.1927100000000002,1.19299,score,-0.19932740276732494,0
5m+1h|thr18,long,2021-03-16 04:15:00,2021-03-16 04:25:00,1.1924299999999999,1.19249,score,0.030432919328068568,2
5m+1h|thr18,long,2021-03-16 04:40:00,2021-03-16 04:45:00,1.19241,1.1924700000000001,score,0.03158771530016502,1
5m+1h|thr18,long,2021-03-16 06:35:00,2021-03-16 06:50:00,1.19383,1.19371,score,-0.0727307144783251,3
5m+1h|thr18,long,2021-03-16 07:40:00,2021-03-16 07:50:00,1.19381,1.19355,score,-0.18377021395952417,2
5m+1h|thr18,long,2021-03-16 08:00:00,2021-03-16 08:00:00,1.19354,1.1932657142857144,sl,-0.18445682794583107,0
5m+1h|thr18,long,2021-03-16 08:45:00,2021-03-16 08:45:00,1.19282,1.19305,score,0.10208532571626575,0
5m+1h|thr18,long,2021-03-16 12:15:00,2021-03-16 12:40:00,1.19336,1.19436,score,0.26905950611513213,5
5m+1h|thr18,long,2021-03-16 13:30:00,2021-03-16 13:35:00,1.1948999999999999,1.19473,score,-0.06658414789833601,1
5m+1h|thr18,long,2021-03-16 13:50:00,2021-03-16 13:50:00,1.19505,1.1946,score,-0.19301065329794814,0
5m+1h|thr18,long,2021-03-16 14:25:00,2021-03-16 14:25:00,1.19428,1.1937753571428573,sl,-0.1837277599727239,0
5m+1h|thr18,long,2021-03-16 15:00:00,2021-03-16 15:00:00,1.1923599999999999,1.19245,score,0.020702981733547527,0
5m+1h|thr18,short,2021-03-16 19:20:00,2021-03-16 19:25:00,1.1902300000000001,1.1906299999999999,score,-0.1166090415397666,1
5m+1h|thr18,short,2021-03-16 19:45:00,2021-03-16 20:00:00,1.19046,1.19075,score,-0.09153664453658196,3
5m+1h|thr18,short,2021-03-16 20:20:00,2021-03-16 20:35:00,1.19051,1.19049,score,0.007778471526551648,3
5m+1h|thr18,short,2021-03-16 21:40:00,2021-03-16 21:50:00,1.1905400000000002,1.1907299999999998,score,-0.08338548555588216,2
5m+1h|thr18,short,2021-03-16 22:50:00,2021-03-16 23:00:00,1.19019,1.1904064285714286,sl,-0.17925998518927533,2
5m+1h|thr18,short,2021-03-16 23:25:00,2021-03-16 23:30:00,1.19011,1.19042,score,-0.1717298667478864,1
5m+1h|thr18,short,2021-03-17 00:30:00,2021-03-17 00:40:00,1.19018,1.19045,score,-0.1576121773694686,2
5m+1h|thr18,short,2021-03-17 01:25:00,2021-03-17 01:25:00,1.19025,1.1902899999999998,score,-0.03572799279906981,0
5m+1h|thr18,short,2021-03-17 03:10:00,2021-03-17 03:15:00,1.1900600000000001,1.18973,score,0.15383775566158964,1
5m+1h|thr18,short,2021-03-17 03:35:00,2021-03-17 03:50:00,1.18936,1.1897339285714286,sl,-0.1753550625248342,3
5m+1h|thr18,short,2021-03-17 05:20:00,2021-03-17 05:45:00,1.19028,1.19006,score,0.1466920868726588,5
5m+1h|thr18,short,2021-03-17 07:15:00,2021-03-17 07:20:00,1.1902000000000001,1.19017,score,0.02769444134206291,1
5m+1h|thr18,short,2021-03-17 09:35:00,2021-03-17 09:40:00,1.18995,1.18969,score,0.11227039101880489,1
5m+1h|thr18,long,2021-03-17 12:25:00,2021-03-17 12:40:00,1.19129,1.1912800000000001,score,-0.0036119197883748536,3
5m+1h|thr18,long,2021-03-17 13:10:00,2021-03-17 13:10:00,1.19069,1.1902667857142857,sl,-0.1764319618940374,0
5m+1h|thr18,long,2021-03-17 17:35:00,2021-03-17 17:45:00,1.19055,1.19025,score,-0.10892414217598893,2
5m+1h|thr18,long,2021-03-17 18:05:00,2021-03-17 18:20:00,1.19034,1.18991,score,-0.12157556406478774,3
5m+1h|thr18,long,2021-03-17 21:35:00,2021-03-17 21:50:00,1.19808,1.19722,score,-0.10232969666473993,3
5m+1h|thr18,long,2021-03-17 22:10:00,2021-03-17 22:20:00,1.198,1.19794,score,-0.009261586391670526,2
5m+1h|thr18,long,2021-03-17 22:50:00,2021-03-17 22:50:00,1.1984,1.19797,score,-0.1268026234859109,0
5m+1h|thr18,long,2021-03-18 09:30:00,2021-03-18 09:35:00,1.19644,1.1957360714285714,sl,-0.16997870614726604,1
5m+1h|thr18,short,2021-03-18 18:25:00,2021-03-18 18:40:00,1.19356,1.1925999999999999,score,0.18591604377422122,3
5m+1h|thr18,short,2021-03-18 19:20:00,2021-03-18 19:20:00,1.19236,1.19285,score,-0.12818750417696148,0
5m+1h|thr18,short,2021-03-18 20:50:00,2021-03-18 21:00:00,1.19191,1.19145,score,0.12564228271090275,2
5m+1h|thr18,short,2021-03-19 00:40:00,2021-03-19 00:55:00,1.19187,1.19176,score,0.05783078279377524,3
5m+1h|thr18,short,2021-03-19 02:50:00,2021-03-19 03:20:00,1.19075,1.19041,score,0.14367618943435023,6
5m+1h|thr18,short,2021-03-19 07:00:00,2021-03-19 07:05:00,1.19181,1.1915799999999999,score,0.13787342896532406,1
5m+1h|thr18,short,2021-03-19 07:40:00,2021-03-19 07:50:00,1.19137,1.1916453571428571,sl,-0.17350643132080953,2
5m+1h|thr18,short,2021-03-19 08:50:00,2021-03-19 08:50:00,1.19234,1.1927739285714285,sl,-0.17177136700760146,0
5m+1h|thr18,long,2021-03-19 09:20:00,2021-03-19 09:25:00,1.19286,1.19244,score,-0.12231382038227805,1
5m+1h|thr18,long,2021-03-19 09:35:00,2021-03-19 09:45:00,1.19299,1.19302,score,0.008178640871521935,2
5m+1h|thr18,long,2021-03-19 10:00:00,2021-03-19 10:05:00,1.19328,1.19338,score,0.023706989690217475,1
5m+1h|thr18,long,2021-03-19 10:35:00,2021-03-19 10:40:00,1.19254,1.19278,score,0.05351618531414215,1
5m+1h|thr18,long,2021-03-19 10:55:00,2021-03-19 11:10:00,1.19241,1.1917253571428572,sl,-0.16968453329246153,3
5m+1h|thr18,long,2021-03-19 11:20:00,2021-03-19 11:25:00,1.19133,1.19096,score,-0.09849193249920725,1
5m+1h|thr18,short,2021-03-19 15:45:00,2021-03-19 16:05:00,1.18778,1.1879499999999998,score,-0.023914957241258385,4
5m+1h|thr18,short,2021-03-19 18:05:00,2021-03-19 18:30:00,1.1905700000000001,1.1904299999999999,score,0.03631741037359477,5
5m+1h|thr18,short,2021-03-19 19:25:00,2021-03-19 19:30:00,1.19075,1.19067,score,0.026893966716379208,1
5m+1h|thr18,short,2021-03-19 20:10:00,2021-03-19 20:10:00,1.1908400000000001,1.19116,score,-0.17063319296747348,0
5m+1h|thr18,short,2021-03-19 20:20:00,2021-03-19 20:20:00,1.1907400000000001,1.19085,score,-0.05299307941656189,0
5m+1h|thr18,long,2021-03-19 21:20:00,2021-03-19 21:30:00,1.19067,1.19076,score,0.042819121880227295,2
5m+1h|thr18,long,2021-03-19 21:40:00,2021-03-19 21:45:00,1.19096,1.19072,score,-0.1253095815454995,1
5m+1h|thr18,long,2021-03-19 22:00:00,2021-03-19 22:05:00,1.19058,1.1906400000000001,score,0.03098564198224677,1
5m+1h|thr18,short,2021-03-22 03:30:00,2021-03-22 03:30:00,1.18774,1.1882017857142857,sl,-0.1646444219323614,0
5m+1h|thr18,short,2021-03-22 04:30:00,2021-03-22 04:45:00,1.18863,1.18889,score,-0.09577282306302229,3
5m+1h|thr18,short,2021-03-22 05:25:00,2021-03-22 05:40:00,1.1895200000000001,1.1898,score,-0.12382022962395768,3
5m+1h|thr18,short,2021-03-22 06:50:00,2021-03-22 06:50:00,1.18957,1.1896,score,-0.017726209926020833,0
5m+1h|thr18,short,2021-03-22 07:20:00,2021-03-22 07:25:00,1.18919,1.1894364285714285,sl,-0.16062478508690772,1
5m+1h|thr18,short,2021-03-22 08:25:00,2021-03-22 08:30:00,1.1891100000000001,1.1889399999999999,score,0.0702811733746218,1
5m+1h|thr18,short,2021-03-22 08:40:00,2021-03-22 08:40:00,1.18912,1.1886299999999999,score,0.17268533552921458,0
5m+1h|thr18,long,2021-03-22 12:05:00,2021-03-22 12:25:00,1.19027,1.19086,score,0.1532830058856765,4
5m+1h|thr18,long,2021-03-22 12:55:00,2021-03-22 13:15:00,1.19082,1.19205,score,0.37123457376343455,4
5m+1h|thr18,long,2021-03-22 13:25:00,2021-03-22 13:25:00,1.19279,1.1923700000000002,score,-0.11902332281171263,0
5m+1h|thr18,long,2021-03-22 14:50:00,2021-03-22 15:00:00,1.1921599999999999,1.19204,score,-0.03257706894208862,2
5m+1h|thr18,long,2021-03-22 15:20:00,2021-03-22 15:20:00,1.1927299999999998,1.1923700000000002,score,-0.08345804170303037,0
5m+1h|thr18,long,2021-03-22 15:30:00,2021-03-22 15:40:00,1.1920899999999999,1.1914010714285714,sl,-0.1643427937869998,2
5m+1h|thr18,long,2021-03-22 18:50:00,2021-03-22 19:00:00,1.19372,1.1935900000000002,score,-0.03948171277930881,2
5m+1h|thr18,long,2021-03-22 19:20:00,2021-03-22 19:25:00,1.19441,1.19408,score,-0.10727425108616512,1
5m+1h|thr18,long,2021-03-22 20:45:00,2021-03-22 20:45:00,1.19418,1.19416,score,-0.009554477405018831,0
5m+1h|thr18,long,2021-03-22 20:55:00,2021-03-22 21:05:00,1.19427,1.1939764285714285,sl,-0.16113626143642484,2
5m+1h|thr18,short,2021-03-23 13:15:00,2021-03-23 13:20:00,1.18836,1.18811,score,0.0491710388267213,1
5m+1h|thr18,short,2021-03-23 13:40:00,2021-03-23 14:00:00,1.18795,1.18838,score,-0.10408427741176421,4
5m+1h|thr18,short,2021-03-23 14:40:00,2021-03-23 14:40:00,1.18878,1.18926,score,-0.12879049432807957,0
5m+1h|thr18,short,2021-03-23 14:55:00,2021-03-23 15:05:00,1.18912,1.1885299999999999,score,0.1605054511314316,2
5m+1h|thr18,short,2021-03-23 15:45:00,2021-03-23 15:50:00,1.188,1.1875799999999999,score,0.09606588165180632,1
5m+1h|thr18,short,2021-03-23 16:15:00,2021-03-23 16:30:00,1.18685,1.1870399999999999,score,-0.03804324043043281,3
5m+1h|thr18,short,2021-03-23 16:55:00,2021-03-23 16:55:00,1.18704,1.18744,score,-0.09549755707008313,0
5m+1h|thr18,short,2021-03-23 17:55:00,2021-03-23 17:55:00,1.18653,1.1870935714285715,sl,-0.15891816684575663,0
5m+1h|thr18,short,2021-03-23 18:05:00,2021-03-23 18:05:00,1.18656,1.18666,score,-0.025058086376361817,0
5m+1h|thr18,short,2021-03-23 18:25:00,2021-03-23 18:25:00,1.18669,1.18652,score,0.04334453359608207,0
5m+1h|thr18,short,2021-03-23 18:50:00,2021-03-23 19:00:00,1.18625,1.1862599999999999,score,-0.0024420441805740943,2
5m+1h|thr18,short,2021-03-23 20:15:00,2021-03-23 20:25:00,1.1856,1.18532,score,0.08182249469771793,2
5m+1h|thr18,short,2021-03-23 20:40:00,2021-03-23 20:55:00,1.1852500000000001,1.18522,score,0.009371159231203829,3
5m+1h|thr18,short,2021-03-23 22:15:00,2021-03-23 22:30:00,1.1847100000000002,1.1847999999999999,score,-0.03411678646845853,3
5m+1h|thr18,short,2021-03-23 23:40:00,2021-03-23 23:40:00,1.18507,1.1853,score,-0.10737286860353287,0
5m+1h|thr18,short,2021-03-23 23:50:00,2021-03-23 23:55:00,1.18506,1.18486,score,0.0924409072028119,1
5m+1h|thr18,short,2021-03-24 01:30:00,2021-03-24 01:45:00,1.18439,1.18414,score,0.14117013382870103,3
5m+1h|thr18,short,2021-03-24 04:00:00,2021-03-24 04:15:00,1.18475,1.1845999999999999,score,0.05778466617859837,3
5m+1h|thr18,short,2021-03-24 06:00:00,2021-03-24 06:10:00,1.18482,1.18475,score,0.04334729121520656,2
5m+1h|thr18,short,2021-03-24 07:00:00,2021-03-24 07:00:00,1.18456,1.18427,score,0.1728944251455928,0
5m+1h|thr18,short,2021-03-24 07:15:00,2021-03-24 07:20:00,1.18435,1.1841599999999999,score,0.09909927437452944,1
5m+1h|thr18,short,2021-03-24 07:35:00,2021-03-24 07:40:00,1.1842700000000002,1.18418,score,0.044039724240468286,1
5m+1h|thr18,short,2021-03-24 07:55:00,2021-03-24 07:55:00,1.18407,1.1841199999999998,score,-0.02429820878819086,0
5m+1h|thr18,short,2021-03-24 13:00:00,2021-03-24 13:15:00,1.1822300000000001,1.18289,score,-0.14942279170787795,3
5m+1h|thr18,short,2021-03-24 14:15:00,2021-03-24 14:20:00,1.1833200000000001,1.18346,score,-0.048036340286254725,1
5m+1h|thr18,short,2021-03-24 15:05:00,2021-03-24 15:05:00,1.18285,1.18282,score,0.008488140000535264,0
5m+1h|thr18,short,2021-03-24 15:40:00,2021-03-24 15:40:00,1.18141,1.182096785714286,sl,-0.16135954141030104,0
5m+1h|thr18,short,2021-03-24 17:10:00,2021-03-24 17:25:00,1.1828,1.18281,score,-0.002615723092294173,3
5m+1h|thr18,short,2021-03-24 17:55:00,2021-03-24 18:05:00,1.1829,1.1835010714285714,sl,-0.1597197887652751,2
5m+1h|thr18,short,2021-03-24 18:20:00,2021-03-24 18:20:00,1.1832200000000002,1.1834,score,-0.04284612139907107,0
5m+1h|thr18,short,2021-03-24 18:45:00,2021-03-24 18:50:00,1.18344,1.18257,score,0.21376900381783662,1
5m+1h|thr18,short,2021-03-24 19:10:00,2021-03-24 19:40:00,1.18248,1.18258,score,-0.026217287355894882,6
5m+1h|thr18,short,2021-03-25 02:10:00,2021-03-25 02:10:00,1.1812,1.1814442857142857,sl,-0.15956964682825106,0
5m+1h|thr18,short,2021-03-25 03:05:00,2021-03-25 03:05:00,1.18144,1.1812799999999999,score,0.07811515426196235,0
5m+1h|thr18,short,2021-03-25 03:45:00,2021-03-25 04:00:00,1.18096,1.181422857142857,sl,-0.15875510190258818,3
5m+1h|thr18,short,2021-03-25 04:30:00,2021-03-25 04:55:00,1.18215,1.1824599999999998,score,-0.09261468714651916,5
5m+1h|thr18,short,2021-03-25 05:15:00,2021-03-25 05:15:00,1.18246,1.1826299999999998,score,-0.06260177467142555,0
5m+1h|thr18,long,2021-03-25 06:10:00,2021-03-25 06:20:00,1.18231,1.1820207142857142,sl,-0.15561538626538282,2
5m+1h|thr18,long,2021-03-25 06:50:00,2021-03-25 06:50:00,1.18207,1.18205,score,-0.009781538565206093,0
5m+1h|thr18,short,2021-03-25 07:40:00,2021-03-25 07:45:00,1.1823700000000001,1.18215,score,0.12446224787739525,1
5m+1h|thr18,long,2021-03-25 08:25:00,2021-03-25 08:35:00,1.18169,1.1817,score,0.00368597888542111,2
5m+1h|thr18,short,2021-03-25 16:55:00,2021-03-25 17:05:00,1.17957,1.1790399999999999,score,0.10171322849384892,2
5m+1h|thr18,short,2021-03-25 20:50:00,2021-03-25 21:00:00,1.17804,1.1774499999999999,score,0.2068442084559573,2
5m+1h|thr18,short,2021-03-25 21:40:00,2021-03-25 21:40:00,1.1766100000000002,1.177069642857143,sl,-0.15832847365420316,0
5m+1h|thr18,short,2021-03-25 22:35:00,2021-03-25 22:35:00,1.17622,1.1766175,sl,-0.15674518891766115,0
5m+1h|thr18,short,2021-03-25 23:45:00,2021-03-26 00:00:00,1.1767100000000001,1.17692,score,-0.057278411407832026,3
5m+1h|thr18,short,2021-03-26 00:25:00,2021-03-26 00:25:00,1.1769100000000001,1.1771399999999999,score,-0.08444918547650122,0
5m+1h|thr18,short,2021-03-26 00:45:00,2021-03-26 00:45:00,1.17684,1.1771057142857142,sl,-0.15376046105964122,0
5m+1h|thr18,short,2021-03-26 01:10:00,2021-03-26 01:15:00,1.1772,1.17744,score,-0.12818766858873798,1
5m+1h|thr18,short,2021-03-26 01:25:00,2021-03-26 01:30:00,1.17726,1.177542857142857,sl,-0.1509409797631574,1
5m+1h|thr18,short,2021-03-26 01:45:00,2021-03-26 01:45:00,1.17745,1.17766,score,-0.11264841428163994,0
5m+1h|thr18,short,2021-03-26 02:00:00,2021-03-26 02:00:00,1.1775200000000001,1.1777717857142858,sl,-0.14830508582270943,0
5m+1h|thr18,short,2021-03-26 02:10:00,2021-03-26 02:15:00,1.1776200000000001,1.1774,score,0.12205448520668474,1
5m+1h|thr18,short,2021-03-26 03:10:00,2021-03-26 03:35:00,1.17798,1.17835,score,-0.10923939650278663,5
5m+1h|thr18,short,2021-03-26 04:45:00,2021-03-26 05:05:00,1.17777,1.17814,score,-0.15331358765577602,4
5m+1h|thr18,short,2021-03-26 06:30:00,2021-03-26 06:35:00,1.17778,1.1776499999999999,score,0.07638067271424485,1
5m+1h|thr18,short,2021-03-26 06:50:00,2021-03-26 07:00:00,1.17743,1.1777032142857142,sl,-0.14618085670210607,2
5m+1h|thr18,short,2021-03-26 08:20:00,2021-03-26 08:25:00,1.17824,1.1785464285714284,sl,-0.144719048135085,1
5m+1h|thr18,long,2021-03-26 09:10:00,2021-03-26 09:15:00,1.17784,1.17807,score,0.07446898815900428,1
5m+1h|thr18,long,2021-03-26 09:25:00,2021-03-26 09:30:00,1.17842,1.17805,score,-0.11251971587221744,1
5m+1h|thr18,long,2021-03-26 09:45:00,2021-03-26 10:00:00,1.1785299999999999,1.1780714285714284,sl,-0.14289135037660203,3
5m+1h|thr18,long,2021-03-26 10:10:00,2021-03-26 10:15:00,1.1779,1.17807,score,0.036260700027713165,1
5m+1h|thr18,long,2021-03-26 10:25:00,2021-03-26 10:30:00,1.17834,1.1776939285714285,sl,-0.14182504387311312,1
5m+1h|thr18,long,2021-03-26 10:35:00,2021-03-26 10:35:00,1.17788,1.17821,score,0.07171690278239158,0
5m+1h|thr18,long,2021-03-26 10:45:00,2021-03-26 11:05:00,1.1784999999999999,1.1785,score,4.686980799842243e-14,4
5m+1h|thr18,long,2021-03-26 11:20:00,2021-03-26 11:25:00,1.179,1.179,score,0.0,1
5m+1h|thr18,long,2021-03-26 11:40:00,2021-03-26 11:45:00,1.1796499999999999,1.17946,score,-0.04049511759970297,1
5m+1h|thr18,long,2021-03-26 12:30:00,2021-03-26 12:45:00,1.17871,1.178158214285714,sl,-0.14071901128620934,3
5m+1h|thr18,long,2021-03-26 13:35:00,2021-03-26 13:35:00,1.17749,1.17745,score,-0.01059261640960008,0
5m+1h|thr18,long,2021-03-26 16:05:00,2021-03-26 16:10:00,1.17879,1.17856,score,-0.04381651827269966,1
5m+1h|thr18,long,2021-03-26 16:25:00,2021-03-26 16:25:00,1.17807,1.17832,score,0.053342894496762785,0
5m+1h|thr18,long,2021-03-26 16:35:00,2021-03-26 16:50:00,1.17845,1.17855,score,0.020902639043949837,3
5m+1h|thr18,long,2021-03-26 17:00:00,2021-03-26 17:05:00,1.17908,1.1788,score,-0.05670087359609959,1
5m+1h|thr18,long,2021-03-26 17:15:00,2021-03-26 17:25:00,1.17922,1.17904,score,-0.036701971131361075,2
5m+1h|thr18,long,2021-03-26 17:40:00,2021-03-26 17:50:00,1.1798199999999999,1.17961,score,-0.04409241350008841,2
5m+1h|thr18,long,2021-03-26 18:40:00,2021-03-26 18:45:00,1.17991,1.1792810714285715,sl,-0.1381352325796559,1
5m+1h|thr18,long,2021-03-26 19:15:00,2021-03-26 19:25:00,1.1799899999999999,1.1795260714285711,sl,-0.13675388025385937,2
5m+1h|thr18,long,2021-03-26 19:30:00,2021-03-26 19:40:00,1.1795499999999999,1.17928,score,-0.07952764113217989,2
5m+1h|thr18,long,2021-03-26 19:50:00,2021-03-26 20:00:00,1.17889,1.17902,score,0.03762760958105148,2
5m+1h|thr18,long,2021-03-26 22:05:00,2021-03-26 22:10:00,1.17988,1.17972,score,-0.05825180041311282,1
5m+1h|thr18,long,2021-03-26 22:40:00,2021-03-26 22:45:00,1.17937,1.17934,score,-0.013633242926390452,1
5m+1h|thr18,long,2021-03-29 00:00:00,2021-03-29 00:10:00,1.17892,1.1788800000000001,score,-0.016486656752854233,2
5m+1h|thr18,long,2021-03-29 06:35:00,2021-03-29 06:40:00,1.17857,1.17856,score,-0.003691584538561342,1
5m+1h|thr18,short,2021-03-29 07:30:00,2021-03-29 07:30:00,1.1783000000000001,1.17821,score,0.04751022572295582,0
5m+1h|thr18,short,2021-03-29 07:45:00,2021-03-29 08:20:00,1.17806,1.1777199999999999,score,0.18722918660903828,7
5m+1h|thr18,short,2021-03-29 11:30:00,2021-03-29 11:40:00,1.1773500000000001,1.17689,score,0.07274352128685854,2
5m+1h|thr18,short,2021-03-29 12:00:00,2021-03-29 12:20:00,1.1766100000000002,1.177534642857143,sl,-0.13712153762568882,4
5m+1h|thr18,short,2021-03-29 15:10:00,2021-03-29 15:10:00,1.17811,1.1784299999999999,score,-0.07550111032617118,0
5m+1h|thr18,short,2021-03-29 15:35:00,2021-03-29 15:55:00,1.17824,1.17861,score,-0.0866512653949492,4
5m+1h|thr18,short,2021-03-29 16:30:00,2021-03-29 16:30:00,1.1787,1.1787999999999998,score,-0.02235479974864554,0
5m+1h|thr18,short,2021-03-29 17:10:00,2021-03-29 17:30:00,1.17801,1.17781,score,0.03736270068611585,4
5m+1h|thr18,short,2021-03-29 20:25:00,2021-03-29 20:45:00,1.17744,1.1774499999999999,score,-0.003315527839493759,4
5m+1h|thr18,short,2021-03-29 21:10:00,2021-03-29 21:20:00,1.177,1.17686,score,0.04520989958034202,2
5m+1h|thr18,short,2021-03-29 21:45:00,2021-03-29 22:00:00,1.17646,1.1768157142857143,sl,-0.13469782121900392,3
5m+1h|thr18,short,2021-03-30 01:20:00,2021-03-30 01:55:00,1.177,1.17681,score,0.08415498040294789,7
5m+1h|thr18,short,2021-03-30 04:45:00,2021-03-30 04:45:00,1.17675,1.1769,score,-0.0590784119293263,0
5m+1h|thr18,short,2021-03-30 05:10:00,2021-03-30 05:25:00,1.17704,1.17705,score,-0.004061721002503162,3
5m+1h|thr18,short,2021-03-30 14:10:00,2021-03-30 14:30:00,1.1730800000000001,1.1735760714285715,sl,-0.13356099148152506,4
5m+1h|thr18,short,2021-03-30 15:25:00,2021-03-30 15:25:00,1.17372,1.1733799999999999,score,0.07246894833137305,0
5m+1h|thr18,short,2021-03-30 16:05:00,2021-03-30 16:15:00,1.17297,1.1736525,sl,-0.13295007105002352,2
5m+1h|thr18,short,2021-03-30 16:50:00,2021-03-30 17:00:00,1.1714200000000001,1.172149642857143,sl,-0.1316205703395233,2
5m+1h|thr18,short,2021-03-30 18:25:00,2021-03-30 18:35:00,1.1726400000000001,1.1725299999999999,score,0.020086959113124286,2
5m+1h|thr18,short,2021-03-30 19:45:00,2021-03-30 20:10:00,1.1719,1.1718,score,0.03147413056299448,5
5m+1h|thr18,short,2021-03-30 20:25:00,2021-03-30 20:30:00,1.17174,1.17177,score,-0.010710407353564782,1
5m+1h|thr18,short,2021-03-30 22:20:00,2021-03-30 22:50:00,1.17208,1.17185,score,0.1230688438886145,6
5m+1h|thr18,short,2021-03-31 00:20:00,2021-03-31 00:25:00,1.1715900000000001,1.17178,score,-0.0966859144157981,1
5m+1h|thr18,short,2021-03-31 01:20:00,2021-03-31 01:25:00,1.17162,1.17187,score,-0.13060354776044467,1
5m+1h|thr18,short,2021-03-31 02:35:00,2021-03-31 02:45:00,1.17219,1.1723967857142858,sl,-0.1296706652764773,2
5m+1h|thr18,short,2021-03-31 04:40:00,2021-03-31 05:25:00,1.1714,1.1711399999999998,score,0.08049633236704286,9
5m+1h|thr18,short,2021-03-31 09:45:00,2021-03-31 10:10:00,1.17219,1.172807142857143,sl,-0.12917892194738298,5
5m+1h|thr18,long,2021-03-31 10:15:00,2021-03-31 10:25:00,1.1733799999999999,1.1736,score,0.03724750532408166,2
5m+1h|thr18,long,2021-03-31 11:20:00,2021-03-31 11:35:00,1.1739899999999999,1.1745400000000001,score,0.10936865779793287,3
5m+1h|thr18,long,2021-03-31 12:45:00,2021-03-31 12:50:00,1.17397,1.1734503571428572,sl,-0.1293532943591293,1
5m+1h|thr18,long,2021-03-31 18:25:00,2021-03-31 18:40:00,1.17373,1.17357,score,-0.019613939526200552,3
5m+1h|thr18,long,2021-03-31 19:05:00,2021-03-31 19:15:00,1.17478,1.17497,score,0.023867876110467513,2
5m+1h|thr18,long,2021-03-31 19:40:00,2021-03-31 19:45:00,1.17496,1.17466,score,-0.05860889578233188,1
5m+1h|thr18,long,2021-03-31 20:15:00,2021-03-31 20:15:00,1.17533,1.1747632142857143,sl,-0.12751621182355735,0
5m+1h|thr18,long,2021-03-31 20:30:00,2021-03-31 20:45:00,1.17429,1.17389,score,-0.08584697976316778,3
5m+1h|thr18,short,2021-04-01 05:40:00,2021-04-01 06:00:00,1.17218,1.172555,sl,-0.12538257990769014,4
5m+1h|thr18,short,2021-04-01 10:10:00,2021-04-01 10:10:00,1.17239,1.1731110714285715,sl,-0.12412875410861321,0
5m+1h|thr18,short,2021-04-01 10:40:00,2021-04-01 10:55:00,1.17363,1.1741899999999998,score,-0.07939330349314234,3
5m+1h|thr18,long,2021-04-01 12:00:00,2021-04-01 12:05:00,1.1728399999999999,1.17328,score,0.07417121958196674,1
5m+1h|thr18,long,2021-04-01 12:20:00,2021-04-01 12:45:00,1.17408,1.17385,score,-0.03693085819285387,5
5m+1h|thr18,long,2021-04-01 13:10:00,2021-04-01 13:30:00,1.17418,1.1743400000000002,score,0.03361810039318251,4
5m+1h|thr18,long,2021-04-01 14:00:00,2021-04-01 14:10:00,1.17376,1.17372,score,-0.009024827580567957,2
5m+1h|thr18,long,2021-04-01 14:40:00,2021-04-01 14:45:00,1.17383,1.1736900000000001,score,-0.02703937773511827,1
5m+1h|thr18,long,2021-04-01 15:10:00,2021-04-01 15:35:00,1.17466,1.17504,score,0.07740803955289297,5
5m+1h|thr18,long,2021-04-01 16:05:00,2021-04-01 16:15:00,1.17532,1.1753200000000001,score,3.8807588031292635e-14,2
5m+1h|thr18,long,2021-04-01 16:30:00,2021-04-01 16:30:00,1.1760599999999999,1.17571,score,-0.054688064023034444,0
5m+1h|thr18,long,2021-04-01 17:10:00,2021-04-01 17:15:00,1.1743999999999999,1.17424,score,-0.02267143844138376,1
5m+1h|thr18,long,2021-04-01 17:55:00,2021-04-01 18:05:00,1.17628,1.17594,score,-0.046869620956042815,2
5m+1h|thr18,long,2021-04-01 18:15:00,2021-04-01 18:25:00,1.17657,1.1764400000000002,score,-0.018181109153989277,2
5m+1h|thr18,long,2021-04-01 19:20:00,2021-04-01 19:20:00,1.17788,1.177269285714286,sl,-0.12179145416704659,0
5m+1h|thr18,long,2021-04-02 07:20:00,2021-04-02 07:30:00,1.17769,1.17764,score,-0.022065745813745645,2
5m+1h|thr18,long,2021-04-02 07:45:00,2021-04-02 07:45:00,1.17771,1.17764,score,-0.03798577279354168,0
5m+1h|thr18,long,2021-04-02 08:10:00,2021-04-02 08:20:00,1.1779899999999999,1.1778089285714284,sl,-0.11997302443930324,2
5m+1h|thr18,long,2021-04-02 08:45:00,2021-04-02 08:55:00,1.17778,1.1776900000000001,score,-0.050388670264458396,2
5m+1h|thr18,long,2021-04-02 12:30:00,2021-04-02 12:35:00,1.17844,1.17826,score,-0.06039288893217319,1
5m+1h|thr18,long,2021-04-02 12:50:00,2021-04-02 13:00:00,1.1780199999999998,1.17804,score,0.007626466205798892,2
5m+1h|thr18,long,2021-04-02 13:15:00,2021-04-02 13:20:00,1.1779199999999999,1.1778,score,-0.051112694750666245,1
5m+1h|thr18,long,2021-04-02 13:30:00,2021-04-02 13:35:00,1.1778,1.1776200000000001,score,-0.07846511371044766,1
5m+1h|thr18,short,2021-04-02 19:30:00,2021-04-02 19:35:00,1.1758600000000001,1.17613,score,-0.10405809654410797,1
5m+1h|thr18,short,2021-04-02 19:50:00,2021-04-02 20:05:00,1.1759600000000001,1.1761,score,-0.05936864909737806,3
5m+1h|thr18,short,2021-04-02 20:45:00,2021-04-02 20:50:00,1.17607,1.1762299999999999,score,-0.1008541972162878,1
5m+1h|thr18,short,2021-04-02 22:25:00,2021-04-02 22:25:00,1.17626,1.17645,score,-0.08203696322483223,0
5m+1h|thr18,short,2021-04-02 22:35:00,2021-04-02 22:35:00,1.17628,1.1760899999999999,score,0.08787550031528546,0
5m+1h|thr18,short,2021-04-02 23:10:00,2021-04-02 23:25:00,1.1759300000000001,1.1761410714285716,sl,-0.11386154112271756,3
5m+1h|thr18,short,2021-04-05 00:10:00,2021-04-05 00:55:00,1.17578,1.17551,score,0.08047075716514364,9
5m+1h|thr18,short,2021-04-05 02:45:00,2021-04-05 02:50:00,1.17636,1.17656,score,-0.0754157469022079,1
5m+1h|thr18,short,2021-04-05 03:55:00,2021-04-05 03:55:00,1.1763700000000001,1.17654,score,-0.0538957575174958,0
5m+1h|thr18,short,2021-04-05 04:45:00,2021-04-05 04:45:00,1.17669,1.1769857142857143,sl,-0.11223451823894479,0
5m+1h|thr18,short,2021-04-05 05:00:00,2021-04-05 05:20:00,1.17693,1.17686,score,0.02511878422041208,4
5m+1h|thr18,long,2021-04-05 06:00:00,2021-04-05 06:05:00,1.1766999999999999,1.17666,score,-0.01799811893305412,1
5m+1h|thr18,long,2021-04-05 06:25:00,2021-04-05 06:35:00,1.17706,1.1769100000000001,score,-0.06827049631275403,2
5m+1h|thr18,long,2021-04-05 07:15:00,2021-04-05 07:15:00,1.1766999999999999,1.1765114285714284,sl,-0.11050067474630135,0
5m+1h|thr18,short,2021-04-05 12:55:00,2021-04-05 13:00:00,1.17415,1.1738899999999999,score,0.06949393220175308,1
5m+1h|thr18,short,2021-04-05 14:40:00,2021-04-05 14:55:00,1.1756900000000001,1.1759199999999999,score,-0.08234419409351773,3
5m+1h|thr18,short,2021-04-05 15:50:00,2021-04-05 16:10:00,1.1776900000000001,1.178232142857143,sl,-0.10926716537992069,4
5m+1h|thr18,long,2021-04-05 16:45:00,2021-04-05 17:05:00,1.17878,1.18032,score,0.28953967532410546,4
5m+1h|thr18,long,2021-04-05 18:20:00,2021-04-05 18:35:00,1.18101,1.1811500000000001,score,0.023637023381096675,3
5m+1h|thr18,long,2021-04-05 19:25:00,2021-04-05 19:35:00,1.1815,1.1814200000000001,score,-0.022461803963696274,2
5m+1h|thr18,long,2021-04-05 19:45:00,2021-04-05 19:55:00,1.18159,1.18155,score,-0.013823493310421113,2
5m+1h|thr18,long,2021-04-06 09:45:00,2021-04-06 10:00:00,1.18065,1.1801957142857142,sl,-0.11094340774043232,3
5m+1h|thr18,long,2021-04-06 11:35:00,2021-04-06 11:35:00,1.18049,1.1796982142857142,sl,-0.10983397366302798,0
5m+1h|thr18,long,2021-04-06 11:55:00,2021-04-06 12:20:00,1.1816799999999998,1.1814200000000001,score,-0.030861419687457516,5
5m+1h|thr18,long,2021-04-06 13:10:00,2021-04-06 13:10:00,1.18187,1.1811917857142857,sl,-0.10842701972952316,0
5m+1h|thr18,long,2021-04-06 13:25:00,2021-04-06 13:30:00,1.18102,1.1803535714285713,sl,-0.10734274953222792,1
5m+1h|thr18,long,2021-04-06 16:30:00,2021-04-06 16:40:00,1.18336,1.1836900000000001,score,0.047574056958411395,2
5m+1h|thr18,long,2021-04-06 17:00:00,2021-04-06 17:15:00,1.18401,1.18422,score,0.03917983571325553,3
5m+1h|thr18,long,2021-04-06 17:50:00,2021-04-06 17:55:00,1.1844299999999999,1.1838342857142856,sl,-0.10713686096362231,1
5m+1h|thr18,long,2021-04-06 18:15:00,2021-04-06 18:25:00,1.18449,1.18439,score,-0.01712706912290253,2
5m+1h|thr18,long,2021-04-06 18:40:00,2021-04-06 18:55:00,1.18461,1.18502,score,0.08905975565484098,3
5m+1h|thr18,long,2021-04-07 09:30:00,2021-04-07 09:40:00,1.1875099999999998,1.18748,score,-0.00640251592744469,2
5m+1h|thr18,long,2021-04-07 09:55:00,2021-04-07 10:10:00,1.18692,1.18721,score,0.042730416556597574,3
5m+1h|thr18,long,2021-04-07 11:20:00,2021-04-07 11:30:00,1.1867699999999999,1.18703,score,0.03657000258241274,2
5m+1h|thr18,long,2021-04-07 11:40:00,2021-04-07 12:00:00,1.1874799999999999,1.18843,score,0.13755974187052156,4
5m+1h|thr18,long,2021-04-07 13:15:00,2021-04-07 13:25:00,1.18899,1.1886400000000001,score,-0.07274138224723894,2
5m+1h|thr18,long,2021-04-07 13:35:00,2021-04-07 13:40:00,1.1894099999999999,1.188903214285714,sl,-0.10816198184765398,1
5m+1h|thr18,long,2021-04-07 13:55:00,2021-04-07 13:55:00,1.18953,1.18916,score,-0.06822586412189699,0
5m+1h|thr18,long,2021-04-07 14:35:00,2021-04-07 14:50:00,1.1892399999999999,1.18917,score,-0.011470862631451568,3
5m+1h|thr18,long,2021-04-07 15:00:00,2021-04-07 15:05:00,1.18898,1.1883607142857142,sl,-0.10628339476164396,1
5m+1h|thr18,long,2021-04-07 18:25:00,2021-04-07 18:50:00,1.1894,1.18885,score,-0.05597224996671226,5
5m+1h|thr18,short,2021-04-08 03:00:00,2021-04-08 03:10:00,1.18719,1.18743,score,-0.10513016942787379,2
5m+1h|thr18,short,2021-04-08 06:20:00,2021-04-08 07:00:00,1.18713,1.1872099999999999,score,-0.03393060848371161,8
5m+1h|thr18,short,2021-04-08 07:50:00,2021-04-08 07:55:00,1.1869800000000001,1.1871428571428573,sl,-0.10327023053524458,1
5m+1h|thr18,short,2021-04-08 08:20:00,2021-04-08 08:30:00,1.18748,1.1876610714285714,sl,-0.10223752822989209,2
5m+1h|thr18,short,2021-04-08 08:50:00,2021-04-08 08:55:00,1.18747,1.18737,score,0.03936144836852303,1
5m+1h|thr18,short,2021-04-08 09:45:00,2021-04-08 09:50:00,1.1872,1.1876671428571428,sl,-0.10160876743127842,1
5m+1h|thr18,short,2021-04-08 10:25:00,2021-04-08 10:45:00,1.18865,1.1879499999999998,score,0.10382393487293662,4
5m+1h|thr18,long,2021-04-08 11:20:00,2021-04-08 11:20:00,1.18797,1.18816,score,0.028790015422932202,0
5m+1h|thr18,long,2021-04-08 11:35:00,2021-04-08 11:45:00,1.1878,1.1876900000000001,score,-0.01785608437543377,2
5m+1h|thr18,long,2021-04-08 12:10:00,2021-04-08 12:25:00,1.18729,1.18707,score,-0.033640364564853885,3
5m+1h|thr18,long,2021-04-08 12:50:00,2021-04-08 13:00:00,1.18689,1.1863392857142856,sl,-0.10140385477052144,2
5m+1h|thr18,long,2021-04-08 15:35:00,2021-04-08 15:45:00,1.18828,1.18836,score,0.011916968115492133,2
5m+1h|thr18,long,2021-04-08 15:55:00,2021-04-08 16:00:00,1.1892399999999999,1.18893,score,-0.0413664294758622,1
5m+1h|thr18,long,2021-04-08 16:50:00,2021-04-08 17:10:00,1.1893799999999999,1.19018,score,0.11863149227760839,4
5m+1h|thr18,long,2021-04-08 18:10:00,2021-04-08 18:20:00,1.19074,1.19007,score,-0.07771139064786005,2
5m+1h|thr18,long,2021-04-08 18:30:00,2021-04-08 18:35:00,1.1903,1.1901000000000002,score,-0.027876440153647056,1
5m+1h|thr18,long,2021-04-08 18:50:00,2021-04-08 18:55:00,1.1905,1.19031,score,-0.02857454628892027,1
5m+1h|thr18,short,2021-04-09 15:35:00,2021-04-09 15:40:00,1.18804,1.18706,score,0.13663945940028868,1
5m+1h|thr18,short,2021-04-09 15:50:00,2021-04-09 15:55:00,1.18682,1.1876589285714285,sl,-0.10130640735508724,1
5m+1h|thr18,short,2021-04-09 17:15:00,2021-04-09 17:20:00,1.1886700000000001,1.1891399999999999,score,-0.06026759806321174,1
5m+1h|thr18,short,2021-04-09 17:45:00,2021-04-09 17:50:00,1.18914,1.18953,score,-0.049913896695348556,1
5m+1h|thr18,short,2021-04-09 18:35:00,2021-04-09 18:40:00,1.18863,1.18918,score,-0.08430185079152269,1
5m+1h|thr18,short,2021-04-09 19:10:00,2021-04-09 19:15:00,1.18944,1.1897,score,-0.05315346336550092,1
5m+1h|thr18,short,2021-04-09 20:05:00,2021-04-09 20:10:00,1.1899600000000001,1.1903307142857145,sl,-0.09781697519238051,1
5m+1h|thr18,short,2021-04-09 20:35:00,2021-04-09 21:10:00,1.19076,1.19061,score,0.03644471172492222,7
5m+1h|thr18,long,2021-04-09 21:35:00,2021-04-09 21:50:00,1.1902899999999998,1.19049,score,0.06526837102202947,3
5m+1h|thr18,long,2021-04-09 23:10:00,2021-04-09 23:35:00,1.19041,1.1901935714285714,sl,-0.09785593626792624,5
5m+1h|thr18,long,2021-04-12 00:00:00,2021-04-12 00:00:00,1.1888699999999999,1.1886771428571428,sl,-0.09687737690524699,0
5m+1h|thr18,long,2021-04-12 00:45:00,2021-04-12 00:45:00,1.19038,1.1896267857142857,sl,-0.09590860313619451,0
5m+1h|thr18,long,2021-04-12 02:10:00,2021-04-12 02:10:00,1.19004,1.18991,score,-0.05120240626096005,0
5m+1h|thr18,long,2021-04-12 02:25:00,2021-04-12 02:30:00,1.19017,1.1899749999999998,sl,-0.09443749304222294,1
5m+1h|thr18,long,2021-04-12 02:45:00,2021-04-12 02:55:00,1.1902599999999999,1.1900489285714284,sl,-0.09349311811180072,2
5m+1h|thr18,long,2021-04-12 03:35:00,2021-04-12 03:35:00,1.19024,1.1898600000000001,score,-0.10131883836851313,0
5m+1h|thr18,long,2021-04-12 03:45:00,2021-04-12 03:50:00,1.1902899999999998,1.1898967857142855,sl,-0.09154499854699757,1
5m+1h|thr18,long,2021-04-12 03:55:00,2021-04-12 04:00:00,1.1900899999999999,1.1896742857142855,sl,-0.09062954856152762,1
5m+1h|thr18,long,2021-04-12 04:20:00,2021-04-12 04:30:00,1.18932,1.1888828571428571,sl,-0.08972325307591232,2
5m+1h|thr18,long,2021-04-12 13:40:00,2021-04-12 13:55:00,1.1909699999999999,1.19092,score,-0.009211587315771848,3
5m+1h|thr18,long,2021-04-12 14:20:00,2021-04-12 14:35:00,1.19118,1.1912,score,0.0030336377665835224,3
5m+1h|thr18,long,2021-04-12 15:00:00,2021-04-12 15:15:00,1.19076,1.1907100000000002,score,-0.00861191527853391,3
5m+1h|thr18,long,2021-04-12 15:30:00,2021-04-12 15:50:00,1.19132,1.19165,score,0.057622070768459516,4
5m+1h|thr18,long,2021-04-12 16:25:00,2021-04-12 16:25:00,1.1914799999999999,1.1909635714285713,sl,-0.08925434260456054,0
5m+1h|thr18,long,2021-04-12 16:35:00,2021-04-12 16:35:00,1.19089,1.19131,score,0.06738876513225207,0
5m+1h|thr18,long,2021-04-12 16:55:00,2021-04-12 17:05:00,1.19088,1.19082,score,-0.009182317610434506,2
5m+1h|thr18,long,2021-04-12 20:50:00,2021-04-12 20:55:00,1.1917,1.1914096428571428,sl,-0.08894386365373312,1
5m+1h|thr18,long,2021-04-12 21:05:00,2021-04-12 21:15:00,1.19152,1.1912574999999999,sl,-0.08805442501719579,2
5m+1h|thr18,long,2021-04-13 01:10:00,2021-04-13 01:15:00,1.1915,1.1914,score,-0.020650327085245335,1
5m+1h|thr18,long,2021-04-13 02:00:00,2021-04-13 02:05:00,1.1913099999999999,1.1911160714285713,sl,-0.0869673774961714,1
5m+1h|thr18,long,2021-04-13 02:10:00,2021-04-13 02:25:00,1.19119,1.1910800000000001,score,-0.051692188588861675,3
5m+1h|thr18,long,2021-04-13 02:40:00,2021-04-13 02:45:00,1.19157,1.1913910714285714,sl,-0.08558078183532104,1
5m+1h|thr18,long,2021-04-13 03:00:00,2021-04-13 03:00:00,1.19123,1.1910317857142856,sl,-0.08472497401696785,0
5m+1h|thr18,short,2021-04-13 10:50:00,2021-04-13 11:05:00,1.1904000000000001,1.18983,score,0.06504803107182955,3
5m+1h|thr18,short,2021-04-13 13:15:00,2021-04-13 13:25:00,1.18951,1.18898,score,0.08585890185347626,2
5m+1h|thr18,short,2021-04-13 13:45:00,2021-04-13 13:55:00,1.1890100000000001,1.1891699999999998,score,-0.02495321822273217,2
5m+1h|thr18,long,2021-04-13 17:25:00,2021-04-13 17:30:00,1.1931399999999999,1.19322,score,0.008498550159961892,1
5m+1h|thr18,long,2021-04-13 17:40:00,2021-04-13 17:50:00,1.19303,1.1927400000000001,score,-0.03253430395083454,2
5m+1h|thr18,long,2021-04-13 18:00:00,2021-04-13 18:05:00,1.19269,1.1929400000000001,score,0.02900333466089019,1
5m+1h|thr18,long,2021-04-13 18:50:00,2021-04-13 19:05:00,1.19346,1.19387,score,0.06127481450059507,3
5m+1h|thr18,long,2021-04-14 06:20:00,2021-04-14 06:30:00,1.1962199999999998,1.19592,score,-0.0753100686698537,2
5m+1h|thr18,long,2021-04-14 06:55:00,2021-04-14 07:05:00,1.19591,1.1958600000000001,score,-0.014073902903889665,2
5m+1h|thr18,long,2021-04-14 08:10:00,2021-04-14 08:15:00,1.1963,1.19615,score,-0.0477382264764659,1
5m+1h|thr18,long,2021-04-14 08:25:00,2021-04-14 08:30:00,1.19641,1.19619,score,-0.06667683775968858,1
5m+1h|thr18,long,2021-04-14 09:00:00,2021-04-14 09:10:00,1.19648,1.19653,score,0.012568743089762151,2
5m+1h|thr18,long,2021-04-14 09:20:00,2021-04-14 09:20:00,1.19691,1.1965414285714284,sl,-0.08388738245032866,0
5m+1h|thr18,long,2021-04-14 10:00:00,2021-04-14 10:00:00,1.19698,1.1964925,sl,-0.08304850862582537,0
5m+1h|thr18,long,2021-04-14 10:20:00,2021-04-14 10:20:00,1.19709,1.1964632142857143,sl,-0.08221802353956713,0
5m+1h|thr18,long,2021-04-14 10:30:00,2021-04-14 10:35:00,1.19671,1.1959932142857141,sl,-0.08139584330417146,1
5m+1h|thr18,long,2021-04-14 12:30:00,2021-04-14 12:35:00,1.19593,1.195342857142857,sl,-0.08058188487112973,1
5m+1h|thr18,long,2021-04-14 16:30:00,2021-04-14 16:45:00,1.1965299999999999,1.19651,score,-0.002437239332916311,3
5m+1h|thr18,long,2021-04-14 16:55:00,2021-04-14 17:10:00,1.1960899999999999,1.1956900000000001,score,-0.0470362806026996,3
5m+1h|thr18,long,2021-04-14 17:45:00,2021-04-14 17:55:00,1.1966299999999999,1.19648,score,-0.01676644458492002,2
5m+1h|thr18,long,2021-04-14 18:15:00,2021-04-14 18:20:00,1.19743,1.19719,score,-0.024275974340407385,1
5m+1h|thr18,long,2021-04-14 19:20:00,2021-04-14 19:30:00,1.19821,1.19829,score,0.011849150292414038,2
5m+1h|thr18,long,2021-04-14 20:55:00,2021-04-14 20:55:00,1.19831,1.1979950000000001,sl,-0.07898939813673314,0
5m+1h|thr18,long,2021-04-14 21:35:00,2021-04-14 21:35:00,1.1975099999999999,1.19754,score,0.0071789708733272185,0
5m+1h|thr18,long,2021-04-14 22:00:00,2021-04-14 22:05:00,1.1971699999999998,1.1971100000000001,score,-0.012008746455803944,1
5m+1h|thr18,long,2021-04-15 04:30:00,2021-04-15 04:30:00,1.1985,1.19839,score,-0.022665321629965464,0
5m+1h|thr18,long,2021-04-15 04:40:00,2021-04-15 04:45:00,1.19794,1.1974985714285715,sl,-0.0779245531832414,1
5m+1h|thr18,long,2021-04-15 11:10:00,2021-04-15 11:25:00,1.1978499999999999,1.19766,score,-0.023627693535136135,3
5m+1h|thr18,long,2021-04-15 11:50:00,2021-04-15 11:55:00,1.19841,1.19802,score,-0.04954847288609241,1
5m+1h|thr18,long,2021-04-15 12:15:00,2021-04-15 12:25:00,1.1985599999999998,1.19836,score,-0.026912947014326824,2
5m+1h|thr18,long,2021-04-15 13:05:00,2021-04-15 13:20:00,1.19763,1.197045,sl,-0.07614441651705342,3
5m+1h|thr18,short,2021-04-15 17:10:00,2021-04-15 17:10:00,1.19743,1.19839,sl,-0.07538297235188289,0
5m+1h|thr18,short,2021-04-15 17:20:00,2021-04-15 17:40:00,1.19761,1.19794,score,-0.024583717571693288,4
5m+1h|thr18,short,2021-04-15 18:40:00,2021-04-15 19:10:00,1.19607,1.19668,score,-0.05514179067409149,6
5m+1h|thr18,short,2021-04-15 20:30:00,2021-04-15 20:50:00,1.19595,1.1964278571428573,sl,-0.07383188754590624,4
5m+1h|thr18,short,2021-04-15 23:50:00,2021-04-16 00:20:00,1.19669,1.19706,score,-0.07987862567780454,6
5m+1h|thr18,short,2021-04-16 03:45:00,2021-04-16 04:00:00,1.19604,1.19567,score,0.07474789878300532,3
5m+1h|thr18,short,2021-04-16 08:05:00,2021-04-16 08:20:00,1.1963700000000002,1.196599285714286,sl,-0.07304226140149916,3
5m+1h|thr18,long,2021-04-16 09:25:00,2021-04-16 09:35:00,1.19621,1.19649,score,0.05025929220691351,2
5m+1h|thr18,long,2021-04-16 09:55:00,2021-04-16 10:15:00,1.19611,1.19663,score,0.0694288229005479,4
5m+1h|thr18,long,2021-04-16 12:30:00,2021-04-16 12:40:00,1.19745,1.19723,score,-0.0219705829607636,2
5m+1h|thr18,long,2021-04-16 12:50:00,2021-04-16 12:50:00,1.19745,1.19766,score,0.02276489186269095,0
5m+1h|thr18,long,2021-04-16 13:10:00,2021-04-16 13:20:00,1.19793,1.19787,score,-0.007404555988383243,2
5m+1h|thr18,long,2021-04-16 13:40:00,2021-04-16 13:40:00,1.19848,1.19831,score,-0.024276865218489492,0
5m+1h|thr18,long,2021-04-16 13:55:00,2021-04-16 13:55:00,1.19922,1.19882,score,-0.04671443343211961,0
5m+1h|thr18,long,2021-04-16 14:45:00,2021-04-16 14:50:00,1.19891,1.19846,score,-0.05221835193519878,1
5m+1h|thr18,long,2021-04-16 15:00:00,2021-04-16 15:10:00,1.19834,1.19846,score,0.013501800246633255,2
5m+1h|thr18,long,2021-04-16 23:20:00,2021-04-16 23:25:00,1.1982199999999998,1.1981,score,-0.03601200161775414,1
5m+1h|thr18,long,2021-04-19 00:05:00,2021-04-19 00:10:00,1.19722,1.19756,score,0.08752250170962668,1
5m+1h|thr18,short,2021-04-19 07:25:00,2021-04-19 07:25:00,1.19568,1.1958653571428572,sl,-0.07286064396522121,0
5m+1h|thr18,short,2021-04-19 07:35:00,2021-04-19 07:40:00,1.19567,1.19564,score,0.01074306941868654,1
5m+1h|thr18,short,2021-04-19 08:20:00,2021-04-19 08:30:00,1.1958,1.1960132142857143,sl,-0.07223946821975587,2
5m+1h|thr18,short,2021-04-19 09:00:00,2021-04-19 09:10:00,1.19663,1.1968903571428573,sl,-0.0715170735375583,2
5m+1h|thr18,short,2021-04-19 10:00:00,2021-04-19 10:00:00,1.1975500000000001,1.1980878571428573,sl,-0.07080190280218272,0
5m+1h|thr18,long,2021-04-19 10:35:00,2021-04-19 11:00:00,1.1989699999999999,1.20184,score,0.2663236170256256,5
5m+1h|thr18,long,2021-04-19 12:25:00,2021-04-19 12:25:00,1.20305,1.20252,score,-0.04330989410248737,0
5m+1h|thr18,long,2021-04-19 12:35:00,2021-04-19 13:05:00,1.2031399999999999,1.2034500000000001,score,0.0268968509987128,6
5m+1h|thr18,long,2021-04-19 13:40:00,2021-04-19 13:45:00,1.20394,1.2035900000000002,score,-0.03824791920595375,1
5m+1h|thr18,long,2021-04-19 14:00:00,2021-04-19 14:10:00,1.2042199999999998,1.20421,score,-0.0010818053980552042,2
5m+1h|thr18,long,2021-04-19 21:10:00,2021-04-19 21:20:00,1.20345,1.20341,score,-0.009491039359045798,2
5m+1h|thr18,long,2021-04-19 22:00:00,2021-04-19 22:05:00,1.20396,1.203687857142857,sl,-0.07210478187374884,1
5m+1h|thr18,long,2021-04-20 03:55:00,2021-04-20 04:00:00,1.2040199999999999,1.203740357142857,sl,-0.07138373405501136,1
5m+1h|thr18,long,2021-04-20 04:35:00,2021-04-20 04:40:00,1.20457,1.2042292857142858,sl,-0.07066989671446124,1
5m+1h|thr18,long,2021-04-20 04:55:00,2021-04-20 05:00:00,1.20474,1.20441,score,-0.05568130466711738,1
5m+1h|thr18,long,2021-04-20 05:20:00,2021-04-20 05:30:00,1.20462,1.20446,score,-0.027492537883180634,2
5m+1h|thr18,long,2021-04-20 05:50:00,2021-04-20 06:15:00,1.2049699999999999,1.2069400000000001,score,0.3209841158410151,5
5m+1h|thr18,long,2021-04-20 07:40:00,2021-04-20 07:50:00,1.2062199999999998,1.20612,score,-0.019742265238229084,2
5m+1h|thr18,long,2021-04-20 08:25:00,2021-04-20 08:30:00,1.2061,1.20583,sl,-0.07214387782784153,1
5m+1h|thr18,short,2021-04-20 18:45:00,2021-04-20 19:00:00,1.2036200000000001,1.204379642857143,sl,-0.0714224390495631,3
5m+1h|thr18,short,2021-04-21 01:55:00,2021-04-21 02:00:00,1.20332,1.2032,score,0.037891483453605254,1
5m+1h|thr18,short,2021-04-21 02:20:00,2021-04-21 02:25:00,1.20305,1.2032578571428572,sl,-0.07108712949360353,1
5m+1h|thr18,short,2021-04-21 03:30:00,2021-04-21 03:35:00,1.2036900000000001,1.2040650000000002,sl,-0.0703762581986675,1
5m+1h|thr18,short,2021-04-21 03:50:00,2021-04-21 03:55:00,1.20408,1.2035099999999999,score,0.09479735976490414,1
5m+1h|thr18,short,2021-04-21 04:55:00,2021-04-21 04:55:00,1.20383,1.2037499999999999,score,0.012094025308890227,0
5m+1h|thr18,short,2021-04-21 05:55:00,2021-04-21 06:10:00,1.2030800000000001,1.20319,score,-0.020401080632897015,3
5m+1h|thr18,short,2021-04-21 09:40:00,2021-04-21 09:40:00,1.20299,1.20316,score,-0.026210618081716985,0
5m+1h|thr18,short,2021-04-21 10:15:00,2021-04-21 10:20:00,1.2023700000000002,1.20197,score,0.04301001506991698,1
5m+1h|thr18,short,2021-04-21 10:50:00,2021-04-21 11:15:00,1.20055,1.2013278571428572,sl,-0.07070539263097178,5
5m+1h|thr18,short,2021-04-21 16:05:00,2021-04-21 16:10:00,1.20102,1.20025,score,0.09129849863716619,1
5m+1h|thr18,short,2021-04-21 16:45:00,2021-04-21 16:45:00,1.20058,1.20092,score,-0.02941506760517382,0
5m+1h|thr18,short,2021-04-21 18:00:00,2021-04-21 18:10:00,1.20275,1.2036628571428571,sl,-0.070617173014982,2
5m+1h|thr18,short,2021-04-21 18:20:00,2021-04-21 18:35:00,1.2032500000000002,1.2037799999999999,score,-0.04068546113985404,3
5m+1h|thr18,long,2021-04-21 19:20:00,2021-04-21 19:30:00,1.20299,1.2031,score,0.01410229062940017,2
5m+1h|thr18,long,2021-04-21 20:00:00,2021-04-21 20:05:00,1.20281,1.20309,score,0.04643011305317631,1
5m+1h|thr18,long,2021-04-21 21:05:00,2021-04-21 21:10:00,1.20278,1.20292,score,0.0289904140489851,1
5m+1h|thr18,long,2021-04-21 21:30:00,2021-04-21 21:40:00,1.20279,1.20278,score,-0.002517474451895922,2
5m+1h|thr18,long,2021-04-21 22:00:00,2021-04-21 22:00:00,1.20296,1.20288,score,-0.020132593644720642,0
5m+1h|thr18,long,2021-04-21 23:40:00,2021-04-21 23:50:00,1.20357,1.2034,score,-0.056806612423147135,2
5m+1h|thr18,long,2021-04-22 00:05:00,2021-04-22 00:15:00,1.2032699999999998,1.20314,score,-0.04040853290038035,2
5m+1h|thr18,long,2021-04-22 00:40:00,2021-04-22 00:55:00,1.2036,1.20351,score,-0.02210213197029367,3
5m+1h|thr18,long,2021-04-22 02:10:00,2021-04-22 02:25:00,1.20367,1.2037,score,0.013698096731268929,3
5m+1h|thr18,long,2021-04-22 03:05:00,2021-04-22 03:05:00,1.2039199999999999,1.2037271428571428,sl,-0.06911668236415758,0
5m+1h|thr18,long,2021-04-22 03:25:00,2021-04-22 03:25:00,1.20349,1.2032692857142857,sl,-0.06842551554051599,0
5m+1h|thr18,long,2021-04-22 03:50:00,2021-04-22 03:50:00,1.20399,1.203725357142857,sl,-0.06774126038511084,0
5m+1h|thr18,long,2021-04-22 05:15:00,2021-04-22 05:20:00,1.20461,1.20449,score,-0.021158171694352943,1
5m+1h|thr18,long,2021-04-22 06:00:00,2021-04-22 06:00:00,1.2047299999999999,1.2044149999999998,sl,-0.0668522660643162,0
5m+1h|thr18,long,2021-04-22 06:35:00,2021-04-22 06:35:00,1.20414,1.20384,sl,-0.06618374340367303,0
5m+1h|thr18,long,2021-04-22 11:15:00,2021-04-22 11:25:00,1.20384,1.20391,score,0.009265724076517786,2
5m+1h|thr18,long,2021-04-22 11:45:00,2021-04-22 11:50:00,1.2034099999999999,1.2028967857142856,sl,-0.06561456321040147,1
5m+1h|thr18,long,2021-04-22 14:10:00,2021-04-22 14:35:00,1.20543,1.2052800000000001,score,-0.016181812208099326,5
5m+1h|thr18,long,2021-04-22 14:55:00,2021-04-22 15:05:00,1.20476,1.20503,score,0.02721457177160912,2
5m+1h|thr18,long,2021-04-22 15:30:00,2021-04-22 15:40:00,1.2048299999999998,1.20483,score,1.931941675373209e-14,2
5m+1h|thr18,long,2021-04-22 16:00:00,2021-04-22 16:10:00,1.20652,1.2055589285714285,sl,-0.06506874517393274,2
5m+1h|thr18,long,2021-04-22 16:20:00,2021-04-22 16:20:00,1.2040499999999998,1.202875714285714,sl,-0.06441805772219342,0
5m+1h|thr18,short,2021-04-22 21:25:00,2021-04-22 21:50:00,1.19993,1.20048,score,-0.054021876129411124,5
5m+1h|thr18,short,2021-04-22 22:55:00,2021-04-22 23:35:00,1.20146,1.2016,score,-0.020970891782066493,8
5m+1h|thr18,short,2021-04-23 00:35:00,2021-04-23 00:35:00,1.20151,1.20179,score,-0.06238734391568504,0
5m+1h|thr18,short,2021-04-23 00:55:00,2021-04-23 01:15:00,1.20166,1.20162,score,0.007950862929466061,4
5m+1h|thr18,short,2021-04-23 01:50:00,2021-04-23 01:50:00,1.20143,1.2016517857142857,sl,-0.06247958465599451,0
5m+1h|thr18,short,2021-04-23 03:00:00,2021-04-23 03:00:00,1.20139,1.2015860714285713,sl,-0.06185478880943457,0
5m+1h|thr18,short,2021-04-23 03:35:00,2021-04-23 03:45:00,1.20163,1.20145,score,0.037139669584076995,2
5m+1h|thr18,short,2021-04-23 04:30:00,2021-04-23 04:40:00,1.20212,1.2025,score,-0.062074362144555854,2
5m+1h|thr18,short,2021-04-23 04:50:00,2021-04-23 04:55:00,1.2022000000000002,1.2025975000000002,sl,-0.06098689399573543,1
5m+1h|thr18,short,2021-04-23 07:35:00,2021-04-23 07:35:00,1.20228,1.20249,score,-0.06466610333846336,0
5m+1h|thr18,short,2021-04-23 08:00:00,2021-04-23 08:15:00,1.20261,1.202825357142857,sl,-0.05973036402239344,3
5m+1h|thr18,long,2021-04-23 08:40:00,2021-04-23 08:40:00,1.2028999999999999,1.20271,score,-0.04766483048983722,0
5m+1h|thr18,long,2021-04-23 08:50:00,2021-04-23 08:50:00,1.20299,1.2027585714285716,sl,-0.05865641207727113,0
5m+1h|thr18,long,2021-04-23 09:10:00,2021-04-23 09:30:00,1.20265,1.2022975,sl,-0.05806984795649842,4
5m+1h|thr18,long,2021-04-23 09:45:00,2021-04-23 10:05:00,1.20281,1.2038600000000002,score,0.12717689952008335,4
5m+1h|thr18,long,2021-04-23 11:20:00,2021-04-23 11:30:00,1.20599,1.2058200000000001,score,-0.015643287020524237,2
5m+1h|thr18,long,2021-04-23 11:55:00,2021-04-23 11:55:00,1.20611,1.20581,score,-0.03217501170302033,0
5m+1h|thr18,long,2021-04-23 12:25:00,2021-04-23 12:25:00,1.20597,1.20565,score,-0.03735431401606724,0
5m+1h|thr18,long,2021-04-23 12:40:00,2021-04-23 12:45:00,1.2061,1.20574,score,-0.04556788905814402,1
5m+1h|thr18,long,2021-04-23 12:55:00,2021-04-23 13:05:00,1.2056799999999999,1.2056,score,-0.010312169081499897,2
5m+1h|thr18,long,2021-04-23 13:20:00,2021-04-23 13:30:00,1.20543,1.2049842857142856,sl,-0.057350391763341724,2
5m+1h|thr18,long,2021-04-23 20:15:00,2021-04-23 20:25:00,1.20798,1.20788,score,-0.014093553720564119,2
5m+1h|thr18,long,2021-04-23 22:00:00,2021-04-23 22:05:00,1.20933,1.20915,score,-0.035240148103075096,1
5m+1h|thr18,long,2021-04-23 23:50:00,2021-04-23 23:50:00,1.2096,1.20967,score,0.013086092481836675,0
5m+1h|thr18,long,2021-04-26 05:15:00,2021-04-26 05:15:00,1.21116,1.2108,score,-0.04193637687779887,0
5m+1h|thr18,long,2021-04-26 05:30:00,2021-04-26 05:30:00,1.2110699999999999,1.21096,score,-0.013987408579804295,0
5m+1h|thr18,long,2021-04-26 05:50:00,2021-04-26 06:20:00,1.21118,1.21136,score,0.02673410032712097,6
5m+1h|thr18,long,2021-04-26 06:55:00,2021-04-26 07:00:00,1.21103,1.21113,score,0.016735148213289686,1
5m+1h|thr18,long,2021-04-26 13:45:00,2021-04-26 14:00:00,1.20949,1.2090292857142857,sl,-0.05628986638311838,3
5m+1h|thr18,short,2021-04-26 19:50:00,2021-04-26 19:50:00,1.2086000000000001,1.2089299999999998,score,-0.04689591818995003,0
5m+1h|thr18,short,2021-04-26 20:05:00,2021-04-26 20:25:00,1.20875,1.20858,score,0.025863138705790562,4
5m+1h|thr18,short,2021-04-26 21:20:00,2021-04-26 21:25:00,1.20876,1.2090342857142857,sl,-0.05551663992444559,1
5m+1h|thr18,short,2021-04-26 21:45:00,2021-04-26 21:50:00,1.2088700000000001,1.20915,score,-0.05420100030656268,1
5m+1h|thr18,short,2021-04-26 22:20:00,2021-04-26 22:30:00,1.2091,1.2089699999999999,score,0.028097425137718915,2
5m+1h|thr18,short,2021-04-26 23:00:00,2021-04-26 23:10:00,1.20886,1.20882,score,0.007017696484126129,2
5m+1h|thr18,short,2021-04-26 23:40:00,2021-04-26 23:40:00,1.20878,1.20899,score,-0.03626702867810132,0
5m+1h|thr18,short,2021-04-27 09:00:00,2021-04-27 09:00:00,1.2075,1.2077517857142857,sl,-0.05440794445157295,0
5m+1h|thr18,short,2021-04-27 09:15:00,2021-04-27 09:20:00,1.20758,1.20713,score,0.08167084224898058,1
5m+1h|thr18,short,2021-04-27 09:55:00,2021-04-27 10:05:00,1.20693,1.20672,score,0.025950102644528936,2
5m+1h|thr18,long,2021-04-27 14:35:00,2021-04-27 14:40:00,1.20838,1.20831,score,-0.007462407895618453,1
5m+1h|thr18,long,2021-04-27 14:50:00,2021-04-27 15:00:00,1.2089699999999999,1.20868,score,-0.02775747396021396,2
5m+1h|thr18,long,2021-04-27 15:35:00,2021-04-27 15:45:00,1.20798,1.2080300000000002,score,0.004135445124057491,2
5m+1h|thr18,long,2021-04-27 16:15:00,2021-04-27 16:15:00,1.20858,1.20831,score,-0.021211966074491388,0
5m+1h|thr18,long,2021-04-27 16:25:00,2021-04-27 16:40:00,1.20803,1.2073367857142856,sl,-0.054417110427929655,3
5m+1h|thr18,long,2021-04-27 16:55:00,2021-04-27 16:55:00,1.20896,1.2081864285714286,sl,-0.053872939323650365,0
5m+1h|thr18,long,2021-04-27 17:15:00,2021-04-27 17:20:00,1.20894,1.20851,score,-0.025665223323825426,1
5m+1h|thr18,long,2021-04-27 17:50:00,2021-04-27 17:50:00,1.20834,1.20818,score,-0.00963092176926856,0
5m+1h|thr18,long,2021-04-27 21:20:00,2021-04-27 21:35:00,1.2085,1.20852,score,0.00273956594170925,3
5m+1h|thr18,long,2021-04-27 22:50:00,2021-04-27 23:05:00,1.20887,1.20872,score,-0.02195624313442966,3
5m+1h|thr18,long,2021-04-27 23:45:00,2021-04-28 00:00:00,1.20891,1.20907,score,0.03284653972916604,3
5m+1h|thr18,long,2021-04-28 00:20:00,2021-04-28 00:30:00,1.20919,1.20907,score,-0.0191291487965896,2
5m+1h|thr18,short,2021-04-28 11:15:00,2021-04-28 11:30:00,1.2076200000000001,1.20774,score,-0.009638602648921395,3
5m+1h|thr18,short,2021-04-28 12:45:00,2021-04-28 12:50:00,1.20713,1.20684,score,0.027030783936621196,1
5m+1h|thr18,short,2021-04-28 13:05:00,2021-04-28 13:10:00,1.2067700000000001,1.20738,score,-0.051414457511324035,1
5m+1h|thr18,short,2021-04-28 13:20:00,2021-04-28 13:20:00,1.2069,1.2073,score,-0.03321847535092301,0
5m+1h|thr18,short,2021-04-28 15:40:00,2021-04-28 15:40:00,1.20686,1.20713,score,-0.021204460099009184,0
5m+1h|thr18,short,2021-04-28 16:50:00,2021-04-28 16:55:00,1.20678,1.20723,score,-0.03357535709687207,1
5m+1h|thr18,short,2021-04-28 17:25:00,2021-04-28 18:05:00,1.20963,1.2096799999999999,score,-0.002773504593896184,8
5m+1h|thr18,long,2021-04-28 18:55:00,2021-04-28 19:00:00,1.2098799999999998,1.20951,score,-0.025826692821510937,1
5m+1h|thr18,long,2021-04-28 19:20:00,2021-04-28 19:25:00,1.2089699999999999,1.20922,score,0.022940747972291717,1
5m+1h|thr18,long,2021-04-28 19:40:00,2021-04-28 19:50:00,1.20903,1.2091,score,0.006668836143091522,2
5m+1h|thr18,long,2021-04-28 20:15:00,2021-04-28 20:20:00,1.2086999999999999,1.2082767857142858,sl,-0.05171614379617695,1
5m+1h|thr18,long,2021-04-28 22:45:00,2021-04-28 23:05:00,1.21254,1.21256,score,0.0007891943330798077,4
5m+1h|thr18,long,2021-04-29 00:40:00,2021-04-29 00:55:00,1.2125,1.2124300000000001,score,-0.011697607649272813,3
5m+1h|thr18,long,2021-04-29 15:30:00,2021-04-29 15:45:00,1.21241,1.21292,score,0.04815602288143944,3
5m+1h|thr18,long,2021-04-29 15:55:00,2021-04-29 15:55:00,1.2128999999999999,1.212213214285714,sl,-0.051571458453867645,0
5m+1h|thr18,long,2021-04-29 16:50:00,2021-04-29 16:50:00,1.21125,1.2103199999999998,sl,-0.05105574386932897,0
5m+1h|thr18,short,2021-04-29 20:30:00,2021-04-29 20:35:00,1.2119,1.21172,score,0.025577082290214496,1
5m+1h|thr18,short,2021-04-29 21:25:00,2021-04-29 21:30:00,1.21136,1.2116889285714285,sl,-0.05080095725353783,1
5m+1h|thr18,short,2021-04-29 22:10:00,2021-04-29 22:30:00,1.2124000000000001,1.21244,score,-0.005904413144911319,4
5m+1h|thr18,long,2021-04-29 23:30:00,2021-04-29 23:40:00,1.2123,1.2120010714285714,sl,-0.050233903549553344,2
5m+1h|thr25,long,2021-01-14 12:45:00,2021-01-14 12:55:00,1.21665,1.21649,score,-0.25925925925915266,2
5m+1h|thr25,long,2021-01-14 13:10:00,2021-01-14 13:20:00,1.21613,1.2155782142857143,sl,-0.9974074074074085,2
5m+1h|thr25,long,2021-01-14 13:30:00,2021-01-14 13:35:00,1.21545,1.2153800000000001,score,-0.11317949317708109,1
5m+1h|thr25,long,2021-01-14 13:55:00,2021-01-14 13:55:00,1.2148999999999999,1.2151,score,0.3218699659122279,0
5m+1h|thr25,short,2021-01-14 18:05:00,2021-01-14 18:15:00,1.21358,1.2144489285714286,sl,-0.9895202380606859,2
5m+1h|thr25,short,2021-01-14 18:35:00,2021-01-14 18:45:00,1.21448,1.2153392857142857,sl,-0.979625035680079,2
5m+1h|thr25,short,2021-01-14 19:10:00,2021-01-14 19:30:00,1.2151,1.21542,score,-0.40285887419991995,4
5m+1h|thr25,long,2021-01-14 20:25:00,2021-01-14 20:25:00,1.2162199999999999,1.21546,score,-0.6408552598456003,0
5m+1h|thr25,long,2021-01-14 21:00:00,2021-01-14 21:10:00,1.2151399999999999,1.21533,score,0.14910790376840874,2
5m+1h|thr25,long,2021-01-14 23:40:00,2021-01-14 23:55:00,1.21569,1.2152442857142858,sl,-0.960882723020507,3
5m+1h|thr25,long,2021-01-15 03:15:00,2021-01-15 03:15:00,1.2149999999999999,1.21534,score,0.6422785452431655,0
5m+1h|thr25,long,2021-01-15 03:45:00,2021-01-15 03:45:00,1.21513,1.21502,score,-0.2260310941172055,0
5m+1h|thr25,short,2021-01-15 19:55:00,2021-01-15 20:00:00,1.20902,1.2088299999999998,score,0.3080558478792554,1
5m+1h|thr25,short,2021-01-15 20:20:00,2021-01-15 20:25:00,1.2087,1.2083599999999999,score,0.6271533444671019,1
5m+1h|thr25,short,2021-01-15 20:45:00,2021-01-15 21:25:00,1.20817,1.20838,score,-0.3964329949604686,8
5m+1h|thr25,short,2021-01-15 22:10:00,2021-01-15 22:25:00,1.20791,1.20801,score,-0.23353364326139775,3
5m+1h|thr25,short,2021-01-15 23:35:00,2021-01-15 23:45:00,1.20756,1.20757,score,-0.03149963178847469,2
5m+1h|thr25,short,2021-01-18 00:40:00,2021-01-18 00:40:00,1.2077900000000001,1.2078799999999998,score,-0.22930655031289252,0
5m+1h|thr25,short,2021-01-18 01:35:00,2021-01-18 01:35:00,1.20794,1.20762,score,0.8347652414070079,0
5m+1h|thr25,short,2021-01-18 02:05:00,2021-01-18 02:10:00,1.20665,1.2072082142857143,sl,-0.964228386435863,1
5m+1h|thr25,short,2021-01-18 04:05:00,2021-01-18 04:25:00,1.20791,1.20797,score,-0.124318190102237,4
5m+1h|thr25,short,2021-01-18 04:50:00,2021-01-18 04:50:00,1.20809,1.2083,score,-0.4982805665366627,0
5m+1h|thr25,short,2021-01-18 05:05:00,2021-01-18 05:05:00,1.20804,1.20767,score,0.8972612594931416,0
5m+1h|thr25,short,2021-01-18 05:40:00,2021-01-18 05:45:00,1.20748,1.20715,score,0.7779907126674807,1
5m+1h|thr25,short,2021-01-18 06:05:00,2021-01-18 06:20:00,1.20713,1.20705,score,0.1801543584824947,3
5m+1h|thr25,short,2021-01-18 07:00:00,2021-01-18 07:05:00,1.20693,1.2068699999999999,score,0.15832512861292752,1
5m+1h|thr25,short,2021-01-18 08:05:00,2021-01-18 08:25:00,1.20749,1.2077499999999999,score,-0.6657848241236383,4
5m+1h|thr25,short,2021-01-18 09:10:00,2021-01-18 09:10:00,1.208,1.208380357142857,sl,-0.9618395813564397,0
5m+1h|thr25,short,2021-01-18 09:25:00,2021-01-18 09:30:00,1.2081,1.2077099999999998,score,0.87748990262744,1
5m+1h|thr25,short,2021-01-18 10:10:00,2021-01-18 10:25:00,1.20717,1.2072,score,-0.03980457155016659,3
5m+1h|thr25,short,2021-01-18 14:40:00,2021-01-18 14:50:00,1.20598,1.2060499999999998,score,-0.11579164551955629,2
5m+1h|thr25,short,2021-01-18 17:05:00,2021-01-18 17:35:00,1.2070800000000002,1.2076264285714287,sl,-0.9594401223984522,6
5m+1h|thr25,long,2021-01-18 18:20:00,2021-01-18 18:30:00,1.20777,1.2076500000000001,score,-0.2406848886231447,2
5m+1h|thr25,long,2021-01-18 19:15:00,2021-01-18 19:40:00,1.20732,1.20719,score,-0.3220053683593503,5
5m+1h|thr25,long,2021-01-18 20:45:00,2021-01-18 20:55:00,1.20747,1.20733,score,-0.507728089016453,2
5m+1h|thr25,long,2021-01-18 21:10:00,2021-01-18 21:10:00,1.20774,1.2074560714285716,sl,-0.9391415377144783,0
5m+1h|thr25,long,2021-01-18 21:20:00,2021-01-18 21:30:00,1.2077499999999999,1.2079,score,0.42537587296511425,2
5m+1h|thr25,long,2021-01-18 22:55:00,2021-01-18 22:55:00,1.2079,1.2077307142857143,sl,-0.934003881066985,0
5m+1h|thr25,long,2021-01-19 03:10:00,2021-01-19 03:25:00,1.20889,1.20909,score,0.39139210254223133,3
5m+1h|thr25,long,2021-01-19 03:35:00,2021-01-19 03:45:00,1.20956,1.20934,score,-0.425598141503879,2
5m+1h|thr25,long,2021-01-19 04:20:00,2021-01-19 04:25:00,1.20976,1.20948,score,-0.5993947700439075,1
5m+1h|thr25,long,2021-01-19 05:10:00,2021-01-19 05:15:00,1.2094099999999999,1.20926,score,-0.40557065231272943,1
5m+1h|thr25,long,2021-01-19 05:30:00,2021-01-19 05:40:00,1.20969,1.2095200000000002,score,-0.507218569647294,2
5m+1h|thr25,long,2021-01-19 05:55:00,2021-01-19 06:00:00,1.2097499999999999,1.20948,score,-0.8301390774288461,1
5m+1h|thr25,long,2021-01-19 11:20:00,2021-01-19 11:20:00,1.21084,1.21115,score,0.3447883343993481,0
5m+1h|thr25,long,2021-01-19 11:35:00,2021-01-19 11:35:00,1.21145,1.21149,score,0.04843940730077792,0
5m+1h|thr25,long,2021-01-19 11:45:00,2021-01-19 11:55:00,1.21169,1.21177,score,0.09383430815009383,2
5m+1h|thr25,long,2021-01-19 12:10:00,2021-01-19 12:15:00,1.2124,1.2125700000000001,score,0.2107263566549012,1
5m+1h|thr25,long,2021-01-19 13:20:00,2021-01-19 13:20:00,1.2135799999999999,1.21299,score,-0.8011815550276762,0
5m+1h|thr25,long,2021-01-19 14:05:00,2021-01-19 14:15:00,1.2124899999999998,1.21292,score,0.6878965092721688,2
5m+1h|thr25,long,2021-01-19 14:35:00,2021-01-19 14:50:00,1.21269,1.21259,score,-0.18437778049264084,3
5m+1h|thr25,long,2021-01-19 23:35:00,2021-01-19 23:55:00,1.2127599999999998,1.21278,score,0.06256097430977647,4
5m+1h|thr25,long,2021-01-20 00:10:00,2021-01-20 00:10:00,1.21257,1.21262,score,0.1845321082107808,0
5m+1h|thr25,long,2021-01-20 00:30:00,2021-01-20 01:15:00,1.21265,1.21347,score,2.9550683886381566,9
5m+1h|thr25,long,2021-01-20 02:15:00,2021-01-20 02:35:00,1.21398,1.21421,score,0.36634935978504385,4
5m+1h|thr25,long,2021-01-20 03:40:00,2021-01-20 03:55:00,1.21427,1.21404,score,-0.4663099964919816,3
5m+1h|thr25,long,2021-01-20 04:15:00,2021-01-20 04:40:00,1.21433,1.21469,score,0.7901249496166671,5
5m+1h|thr25,long,2021-01-20 05:35:00,2021-01-20 05:40:00,1.2143199999999998,1.21445,score,0.3502055000951908,1
5m+1h|thr25,long,2021-01-20 05:55:00,2021-01-20 05:55:00,1.21443,1.21438,score,-0.1503690666371703,0
5m+1h|thr25,long,2021-01-20 06:05:00,2021-01-20 06:10:00,1.2142899999999999,1.21435,score,0.17423026326502056,1
5m+1h|thr25,long,2021-01-20 06:30:00,2021-01-20 06:35:00,1.21424,1.21417,score,-0.22349276946989435,1
5m+1h|thr25,long,2021-01-20 07:00:00,2021-01-20 07:05:00,1.21409,1.2141300000000002,score,0.14173604559378797,1
5m+1h|thr25,long,2021-01-20 09:15:00,2021-01-20 09:20:00,1.21555,1.2153,score,-0.4306187882913224,1
5m+1h|thr25,long,2021-01-20 10:15:00,2021-01-20 10:20:00,1.21451,1.21441,score,-0.1644132046511729,1
5m+1h|thr25,long,2021-01-20 10:35:00,2021-01-20 10:35:00,1.2135399999999998,1.21385,score,0.4239931428485731,0
5m+1h|thr25,short,2021-01-20 22:25:00,2021-01-20 22:30:00,1.21035,1.2102,score,0.4033689287991772,1
5m+1h|thr25,short,2021-01-20 22:55:00,2021-01-20 22:55:00,1.2101600000000001,1.2105553571428573,sl,-0.949069465331147,0
5m+1h|thr25,short,2021-01-21 01:00:00,2021-01-21 01:00:00,1.2109100000000002,1.2112399999999999,score,-0.8268293181957608,0
5m+1h|thr25,short,2021-01-21 01:20:00,2021-01-21 02:10:00,1.21149,1.21136,score,0.30706251250755257,10
5m+1h|thr25,short,2021-01-21 03:20:00,2021-01-21 04:05:00,1.2127000000000001,1.21259,score,0.20585792532713823,9
5m+1h|thr25,long,2021-01-21 04:50:00,2021-01-21 04:55:00,1.21315,1.2128692857142855,sl,-0.9364396818742247,1
5m+1h|thr25,long,2021-01-21 05:20:00,2021-01-21 05:35:00,1.21292,1.2128400000000001,score,-0.18410005660643267,3
5m+1h|thr25,long,2021-01-21 06:45:00,2021-01-21 06:50:00,1.21284,1.2128700000000001,score,0.12336457126598618,1
5m+1h|thr25,long,2021-01-21 07:10:00,2021-01-21 07:10:00,1.21291,1.21285,score,-0.27450901635579505,0
5m+1h|thr25,long,2021-01-21 07:25:00,2021-01-21 07:40:00,1.21339,1.21347,score,0.3193115990258582,3
5m+1h|thr25,long,2021-01-21 08:40:00,2021-01-21 08:40:00,1.21357,1.2132667857142858,sl,-0.9269159560287785,0
5m+1h|thr25,long,2021-01-21 13:05:00,2021-01-21 13:20:00,1.21379,1.21354,score,-0.3921567506273041,3
5m+1h|thr25,long,2021-01-21 13:45:00,2021-01-21 14:10:00,1.2143899999999999,1.21446,score,0.1163678654172569,5
5m+1h|thr25,long,2021-01-21 14:50:00,2021-01-21 14:50:00,1.21549,1.2148878571428572,sl,-0.9148889076163905,0
5m+1h|thr25,long,2021-01-21 15:10:00,2021-01-21 15:25:00,1.21522,1.21612,score,1.086888022248379,3
5m+1h|thr25,long,2021-01-21 16:20:00,2021-01-21 16:30:00,1.21448,1.21485,score,0.24594841210001492,2
5m+1h|thr25,long,2021-01-21 16:40:00,2021-01-21 16:45:00,1.21404,1.21428,score,0.14705094126139912,1
5m+1h|thr25,long,2021-01-21 18:25:00,2021-01-21 18:45:00,1.21448,1.2142600000000001,score,-0.2234247272081717,4
5m+1h|thr25,long,2021-01-21 21:05:00,2021-01-21 21:25:00,1.21567,1.21573,score,0.1349739110795765,4
5m+1h|thr25,long,2021-01-21 22:10:00,2021-01-21 22:20:00,1.2163899999999999,1.2163000000000002,score,-0.19858860737045525,2
5m+1h|thr25,long,2021-01-21 22:55:00,2021-01-21 23:00:00,1.2169699999999999,1.21676,score,-0.5385120527541973,1
5m+1h|thr25,long,2021-01-21 23:50:00,2021-01-21 23:55:00,1.21698,1.2167089285714285,sl,-0.912283377533792,1
5m+1h|thr25,long,2021-01-22 00:05:00,2021-01-22 00:10:00,1.21647,1.21652,score,0.12849845134802357,1
5m+1h|thr25,long,2021-01-22 00:25:00,2021-01-22 00:30:00,1.2163599999999999,1.21646,score,0.2293883586201327,1
5m+1h|thr25,long,2021-01-22 05:35:00,2021-01-22 05:40:00,1.21723,1.2171100000000001,score,-0.4231450588669733,1
5m+1h|thr25,long,2021-01-22 13:00:00,2021-01-22 13:00:00,1.21687,1.21736,score,0.7305256182077813,0
5m+1h|thr25,long,2021-01-22 13:10:00,2021-01-22 13:40:00,1.2178,1.21812,score,0.47755866598519664,6
5m+1h|thr25,long,2021-01-22 14:15:00,2021-01-22 14:25:00,1.2172399999999999,1.2165875,sl,-0.9145888041113958,2
5m+1h|thr25,long,2021-01-22 18:10:00,2021-01-22 18:15:00,1.21782,1.21727,score,-0.5461739485890168,1
5m+1h|thr25,long,2021-01-22 18:55:00,2021-01-22 19:00:00,1.2179799999999998,1.2174,score,-0.641883807980959,1
5m+1h|thr25,long,2021-01-22 19:20:00,2021-01-22 19:20:00,1.2176799999999999,1.2170832142857142,sl,-0.893562338504582,0
5m+1h|thr25,long,2021-01-22 19:30:00,2021-01-22 19:40:00,1.21711,1.2165292857142855,sl,-0.8846267151195362,2
5m+1h|thr25,short,2021-01-25 00:20:00,2021-01-25 00:25:00,1.21638,1.2167303571428572,sl,-0.8757804479683409,1
5m+1h|thr25,short,2021-01-25 03:15:00,2021-01-25 03:20:00,1.21659,1.2164599999999999,score,0.2457914659114705,1
5m+1h|thr25,short,2021-01-25 03:35:00,2021-01-25 03:35:00,1.2164300000000001,1.21621,score,0.42206463657939464,0
5m+1h|thr25,short,2021-01-25 03:55:00,2021-01-25 04:05:00,1.2163000000000002,1.2168153571428573,sl,-0.8737012045135661,2
5m+1h|thr25,long,2021-01-25 05:25:00,2021-01-25 05:30:00,1.21762,1.21753,score,-0.1963702491007446,1
5m+1h|thr25,long,2021-01-25 06:10:00,2021-01-25 06:35:00,1.21776,1.21773,score,-0.08390282541436819,5
5m+1h|thr25,long,2021-01-25 07:15:00,2021-01-25 07:40:00,1.21793,1.2176500000000001,score,-0.8534527600888839,5
5m+1h|thr25,long,2021-01-25 08:00:00,2021-01-25 08:10:00,1.21813,1.21805,score,-0.21679414199890756,2
5m+1h|thr25,long,2021-01-25 08:50:00,2021-01-25 08:50:00,1.21799,1.2176064285714285,sl,-0.8514589927024018,0
5m+1h|thr25,short,2021-01-25 14:50:00,2021-01-25 14:55:00,1.21556,1.2154,score,0.2388609060361925,1
5m+1h|thr25,short,2021-01-25 15:25:00,2021-01-25 15:30:00,1.2152100000000001,1.21519,score,0.0334312490558667,1
5m+1h|thr25,short,2021-01-25 15:55:00,2021-01-25 16:05:00,1.2149100000000002,1.21515,score,-0.36640131653558655,2
5m+1h|thr25,short,2021-01-25 19:25:00,2021-01-25 19:30:00,1.21385,1.21426,score,-0.5692696120214833,1
5m+1h|thr25,short,2021-01-25 19:55:00,2021-01-25 20:10:00,1.2144000000000001,1.21452,score,-0.18547878987026925,3
5m+1h|thr25,short,2021-01-25 21:40:00,2021-01-25 21:45:00,1.21367,1.2139775,sl,-0.8344558271420247,1
5m+1h|thr25,short,2021-01-25 23:10:00,2021-01-25 23:25:00,1.21381,1.21404,score,-0.7451199680004438,3
5m+1h|thr25,short,2021-01-26 00:00:00,2021-01-26 00:00:00,1.2136500000000001,1.2138685714285715,sl,-0.8186600691906002,0
5m+1h|thr25,short,2021-01-26 01:30:00,2021-01-26 01:50:00,1.21425,1.21431,score,-0.12677797272596358,4
5m+1h|thr25,short,2021-01-26 02:35:00,2021-01-26 02:45:00,1.21367,1.21357,score,0.35794248476471724,2
5m+1h|thr25,short,2021-01-26 02:55:00,2021-01-26 02:55:00,1.21349,1.21347,score,0.06401683032691843,0
5m+1h|thr25,short,2021-01-26 04:05:00,2021-01-26 04:35:00,1.2144300000000001,1.2144599999999999,score,-0.065448011188609,6
5m+1h|thr25,short,2021-01-26 06:05:00,2021-01-26 06:25:00,1.21377,1.21377,score,-0.0,4
5m+1h|thr25,short,2021-01-26 06:50:00,2021-01-26 07:45:00,1.21289,1.21286,score,0.07714434729040541,11
5m+1h|thr25,short,2021-01-26 11:05:00,2021-01-26 11:30:00,1.21329,1.21296,score,0.3143927371985142,5
5m+1h|thr25,short,2021-01-26 12:15:00,2021-01-26 12:15:00,1.21298,1.2133099999999999,score,-0.34839243930441294,0
5m+1h|thr25,short,2021-01-26 12:55:00,2021-01-26 13:05:00,1.21262,1.21301,score,-0.4519169746067253,2
5m+1h|thr25,short,2021-01-26 13:35:00,2021-01-26 14:05:00,1.2139,1.21455,score,-0.7713853264671522,6
5m+1h|thr25,short,2021-01-26 15:00:00,2021-01-26 15:10:00,1.21437,1.21433,score,0.04643299856534956,2
5m+1h|thr25,long,2021-01-26 15:25:00,2021-01-26 15:45:00,1.21477,1.21591,score,1.477860143453214,4
5m+1h|thr25,long,2021-01-26 17:05:00,2021-01-26 17:15:00,1.21654,1.21649,score,-0.06499983045153189,2
5m+1h|thr25,long,2021-01-26 17:35:00,2021-01-26 17:40:00,1.2172399999999999,1.21713,score,-0.12223510694732295,1
5m+1h|thr25,long,2021-01-26 18:35:00,2021-01-26 18:50:00,1.21607,1.2152889285714286,sl,-0.8143398072977682,3
5m+1h|thr25,long,2021-01-26 18:55:00,2021-01-26 19:00:00,1.21459,1.21534,score,0.7494521732501619,1
5m+1h|thr25,long,2021-01-26 22:10:00,2021-01-26 22:20:00,1.21678,1.21665,score,-0.30377794755729215,2
5m+1h|thr25,long,2021-01-26 23:00:00,2021-01-26 23:05:00,1.21679,1.21659,score,-0.6227239572422321,1
5m+1h|thr25,long,2021-01-26 23:25:00,2021-01-26 23:30:00,1.21655,1.2163560714285715,sl,-0.8044259119092968,1
5m+1h|thr25,long,2021-01-27 08:45:00,2021-01-27 08:45:00,1.21637,1.2160260714285716,sl,-0.796381652790204,0
5m+1h|thr25,long,2021-01-27 09:10:00,2021-01-27 09:25:00,1.21604,1.2156510714285715,sl,-0.7884178362623017,3
5m+1h|thr25,long,2021-01-27 10:00:00,2021-01-27 10:00:00,1.21557,1.2150589285714286,sl,-0.7805336578996787,0
5m+1h|thr25,short,2021-01-27 14:25:00,2021-01-27 14:35:00,1.21134,1.2119550000000001,sl,-0.7727283213206818,2
5m+1h|thr25,short,2021-01-27 15:10:00,2021-01-27 15:15:00,1.21113,1.21129,score,-0.1776674261648378,1
5m+1h|thr25,short,2021-01-27 15:55:00,2021-01-27 15:55:00,1.21072,1.2111699999999999,score,-0.44336685036668505,0
5m+1h|thr25,short,2021-01-27 16:30:00,2021-01-27 16:30:00,1.21042,1.20908,score,1.2552833725414971,0
5m+1h|thr25,short,2021-01-27 16:50:00,2021-01-27 17:00:00,1.20632,1.2076410714285715,sl,-0.7713435290675748,2
5m+1h|thr25,short,2021-01-27 18:55:00,2021-01-27 19:05:00,1.21005,1.21045,score,-0.32806509590723254,2
5m+1h|thr25,short,2021-01-27 19:25:00,2021-01-27 19:35:00,1.21037,1.21096,score,-0.5658095853763089,2
5m+1h|thr25,short,2021-01-27 20:05:00,2021-01-27 20:30:00,1.2115200000000002,1.21183,score,-0.30582263733169385,5
5m+1h|thr25,short,2021-01-27 21:10:00,2021-01-27 21:15:00,1.21176,1.21101,score,0.8233852651230331,1
5m+1h|thr25,short,2021-01-27 21:40:00,2021-01-27 21:40:00,1.21073,1.2116042857142857,sl,-0.759866973241977,0
5m+1h|thr25,short,2021-01-27 21:50:00,2021-01-27 21:50:00,1.21096,1.21026,score,0.5509887424810219,0
5m+1h|thr25,short,2021-01-27 22:10:00,2021-01-27 22:35:00,1.20987,1.2098499999999999,score,0.013382396307979596,5
5m+1h|thr25,short,2021-01-28 01:30:00,2021-01-28 01:35:00,1.21014,1.20964,score,0.8302635530956882,1
5m+1h|thr25,short,2021-01-28 01:50:00,2021-01-28 02:05:00,1.2101,1.20986,score,0.37971699490259986,3
5m+1h|thr25,short,2021-01-28 05:20:00,2021-01-28 05:50:00,1.20917,1.20903,score,0.2312985697992806,6
5m+1h|thr25,short,2021-01-28 08:05:00,2021-01-28 08:20:00,1.2095,1.20983,score,-0.490466062414886,3
5m+1h|thr25,short,2021-01-28 09:35:00,2021-01-28 09:45:00,1.20839,1.2091185714285715,sl,-0.767420145451274,2
5m+1h|thr25,long,2021-01-28 12:40:00,2021-01-28 12:55:00,1.2113099999999999,1.21081,score,-0.4917449475706238,3
5m+1h|thr25,long,2021-01-28 13:20:00,2021-01-28 13:30:00,1.21079,1.21035,score,-0.4518701191691057,2
5m+1h|thr25,long,2021-01-28 13:40:00,2021-01-28 13:50:00,1.21021,1.20977,score,-0.4578413399612234,2
5m+1h|thr25,long,2021-01-28 17:15:00,2021-01-28 17:25:00,1.21399,1.21354,score,-0.3052701555266809,2
5m+1h|thr25,long,2021-01-28 17:55:00,2021-01-28 18:05:00,1.21262,1.21262,score,0.0,2
5m+1h|thr25,long,2021-01-28 18:45:00,2021-01-28 18:50:00,1.21207,1.21218,score,0.10180019267442969,1
5m+1h|thr25,short,2021-01-29 09:15:00,2021-01-29 09:20:00,1.2105000000000001,1.21015,score,0.661964347588734,1
5m+1h|thr25,short,2021-01-29 10:55:00,2021-01-29 10:55:00,1.21096,1.2118567857142857,sl,-0.7503163237771165,0
5m+1h|thr25,short,2021-01-29 11:10:00,2021-01-29 11:20:00,1.21136,1.21086,score,0.3715392728670966,2
5m+1h|thr25,short,2021-01-29 12:35:00,2021-01-29 12:55:00,1.21246,1.2134382142857143,sl,-0.7465285532680163,4
5m+1h|thr25,long,2021-01-29 14:10:00,2021-01-29 14:15:00,1.21418,1.21378,score,-0.405164395430012,1
5m+1h|thr25,long,2021-01-29 14:30:00,2021-01-29 14:30:00,1.21445,1.21381,score,-0.6227616216622178,0
5m+1h|thr25,long,2021-01-29 14:50:00,2021-01-29 14:55:00,1.21468,1.2138239285714285,sl,-0.728784007564414,1
5m+1h|thr25,long,2021-01-29 15:05:00,2021-01-29 15:10:00,1.21326,1.2135500000000001,score,0.20953322174575997,1
5m+1h|thr25,long,2021-01-29 15:20:00,2021-01-29 15:50:00,1.21414,1.2145000000000001,score,0.251163991633692,6
5m+1h|thr25,long,2021-01-29 16:05:00,2021-01-29 16:10:00,1.21552,1.2154,score,-0.07235191426837577,1
5m+1h|thr25,long,2021-01-29 16:50:00,2021-01-29 17:25:00,1.2143599999999999,1.2145700000000001,score,0.16360691094851174,7
5m+1h|thr25,long,2021-01-29 17:40:00,2021-01-29 17:45:00,1.21376,1.2127528571428572,sl,-0.7270156895893655,1
5m+1h|thr25,long,2021-02-01 00:05:00,2021-02-01 00:20:00,1.2130999999999998,1.2128400000000001,score,-0.40999589029752986,3
5m+1h|thr25,long,2021-02-01 00:30:00,2021-02-01 00:30:00,1.21279,1.2127400000000002,score,-0.0914980642287364,0
5m+1h|thr25,long,2021-02-01 04:10:00,2021-02-01 04:10:00,1.2126599999999998,1.21282,score,0.20684709672523227,0
5m+1h|thr25,long,2021-02-01 04:30:00,2021-02-01 04:40:00,1.21289,1.2127000000000001,score,-0.29838583889612114,2
5m+1h|thr25,short,2021-02-01 14:20:00,2021-02-01 14:40:00,1.2084300000000001,1.2085599999999999,score,-0.13991854328696746,4
5m+1h|thr25,short,2021-02-01 16:00:00,2021-02-01 16:05:00,1.2084300000000001,1.20909,score,-0.5655261192020445,1
5m+1h|thr25,short,2021-02-01 16:35:00,2021-02-01 16:50:00,1.2096500000000001,1.20902,score,0.5861429144596062,3
5m+1h|thr25,short,2021-02-01 18:10:00,2021-02-01 18:30:00,1.20815,1.20757,score,0.4715967537537745,4
5m+1h|thr25,short,2021-02-01 18:45:00,2021-02-01 18:50:00,1.20776,1.20765,score,0.09275405204932007,1
5m+1h|thr25,short,2021-02-01 21:45:00,2021-02-01 21:50:00,1.2072500000000002,1.20685,score,0.6572365848539247,1
5m+1h|thr25,short,2021-02-01 22:50:00,2021-02-01 22:55:00,1.20607,1.20573,score,0.4536790500785734,1
5m+1h|thr25,short,2021-02-02 01:40:00,2021-02-02 02:10:00,1.20666,1.20642,score,0.6006616433617243,6
5m+1h|thr25,short,2021-02-02 03:30:00,2021-02-02 03:40:00,1.2074200000000002,1.2078528571428575,sl,-0.7353814690871794,2
5m+1h|thr25,short,2021-02-02 03:50:00,2021-02-02 03:50:00,1.2076500000000001,1.2081557142857144,sl,-0.7280276543963077,0
5m+1h|thr25,short,2021-02-02 04:10:00,2021-02-02 04:30:00,1.20841,1.20847,score,-0.08356491337412211,4
5m+1h|thr25,long,2021-02-02 05:35:00,2021-02-02 05:45:00,1.20821,1.20829,score,0.18038056737484714,2
5m+1h|thr25,long,2021-02-02 05:55:00,2021-02-02 06:05:00,1.20841,1.2080778571428572,sl,-0.7217155343923518,2
5m+1h|thr25,long,2021-02-02 06:40:00,2021-02-02 06:40:00,1.2081199999999999,1.2078317857142855,sl,-0.7144983790484282,0
5m+1h|thr25,long,2021-02-02 11:35:00,2021-02-02 11:50:00,1.20696,1.20648,score,-0.3613390206106917,3
5m+1h|thr25,short,2021-02-02 16:10:00,2021-02-02 16:25:00,1.20451,1.2045299999999999,score,-0.016607433747462555,3
5m+1h|thr25,short,2021-02-02 16:55:00,2021-02-02 17:05:00,1.20243,1.2033182142857144,sl,-0.7035739307143625,2
5m+1h|thr25,short,2021-02-02 17:55:00,2021-02-02 18:00:00,1.20241,1.20319,score,-0.564676841140789,1
5m+1h|thr25,short,2021-02-02 19:05:00,2021-02-02 19:15:00,1.2021600000000001,1.20179,score,0.36425624133540563,2
5m+1h|thr25,short,2021-02-02 19:35:00,2021-02-02 19:35:00,1.20157,1.20129,score,0.28538503383697883,0
5m+1h|thr25,short,2021-02-02 19:55:00,2021-02-02 20:00:00,1.2015900000000002,1.202237142857143,sl,-0.6973878357475348,1
5m+1h|thr25,short,2021-02-02 21:45:00,2021-02-02 21:50:00,1.20222,1.20216,score,0.12196587259927212,1
5m+1h|thr25,short,2021-02-02 23:00:00,2021-02-02 23:15:00,1.2036200000000001,1.204109642857143,sl,-0.6916336161160522,3
5m+1h|thr25,short,2021-02-03 01:50:00,2021-02-03 01:55:00,1.20391,1.20372,score,0.42604630752789757,1
5m+1h|thr25,short,2021-02-03 02:05:00,2021-02-03 02:20:00,1.2036,1.2037,score,-0.1919539980581761,3
5m+1h|thr25,short,2021-02-03 03:05:00,2021-02-03 03:05:00,1.20418,1.2045925,sl,-0.6870582030495889,0
5m+1h|thr25,short,2021-02-03 03:25:00,2021-02-03 03:50:00,1.2048,1.20447,score,0.527702234947011,5
5m+1h|thr25,long,2021-02-03 04:35:00,2021-02-03 04:40:00,1.20478,1.20462,score,-0.29930619905353406,1
5m+1h|thr25,long,2021-02-03 05:15:00,2021-02-03 05:25:00,1.2045,1.20452,score,0.05514921869758544,2
5m+1h|thr25,long,2021-02-03 05:35:00,2021-02-03 05:45:00,1.20444,1.2041785714285713,sl,-0.6830230735650036,2
5m+1h|thr25,long,2021-02-03 06:25:00,2021-02-03 06:25:00,1.20413,1.2041600000000001,score,0.07955209915687944,0
5m+1h|thr25,long,2021-02-03 06:40:00,2021-02-03 06:45:00,1.20401,1.20414,score,0.34658757303885396,1
5m+1h|thr25,long,2021-02-03 07:05:00,2021-02-03 07:15:00,1.20448,1.20437,score,-0.32798107321095743,2
5m+1h|thr25,long,2021-02-03 08:10:00,2021-02-03 08:10:00,1.20421,1.2039914285714286,sl,-0.6771744288192012,0
5m+1h|thr25,long,2021-02-03 08:45:00,2021-02-03 08:55:00,1.20371,1.2036900000000001,score,-0.05025776483743372,2
5m+1h|thr25,short,2021-02-03 16:10:00,2021-02-03 16:10:00,1.2018,1.2026528571428572,sl,-0.6699001068826349,0
5m+1h|thr25,short,2021-02-03 16:30:00,2021-02-03 16:30:00,1.2023700000000002,1.20316,score,-0.6166460050693905,0
5m+1h|thr25,short,2021-02-03 16:40:00,2021-02-03 17:10:00,1.20262,1.20224,score,0.28983617872804424,6
5m+1h|thr25,short,2021-02-03 17:45:00,2021-02-03 18:00:00,1.2009800000000002,1.2016914285714289,sl,-0.6599330075503953,3
5m+1h|thr25,short,2021-02-03 20:00:00,2021-02-03 20:10:00,1.20263,1.2024,score,0.39956969448636576,2
5m+1h|thr25,short,2021-02-03 20:30:00,2021-02-03 20:55:00,1.20222,1.2025800000000002,sl,-0.6573293744197549,5
5m+1h|thr25,short,2021-02-03 22:55:00,2021-02-03 23:15:00,1.2035500000000001,1.2037,score,-0.2777617417515367,4
5m+1h|thr25,long,2021-02-04 00:25:00,2021-02-04 00:30:00,1.2031399999999999,1.20316,score,0.04479851104034707,1
5m+1h|thr25,long,2021-02-04 01:05:00,2021-02-04 01:15:00,1.20374,1.20367,score,-0.13075265831299748,2
5m+1h|thr25,long,2021-02-04 02:15:00,2021-02-04 02:25:00,1.2043,1.204,score,-0.5575178403072661,2
5m+1h|thr25,long,2021-02-04 02:50:00,2021-02-04 02:50:00,1.2038,1.2038,score,0.0,0
5m+1h|thr25,long,2021-02-04 03:00:00,2021-02-04 03:10:00,1.2036499999999999,1.20357,score,-0.13764923229631698,2
5m+1h|thr25,long,2021-02-04 03:55:00,2021-02-04 04:00:00,1.20352,1.20339,score,-0.21576007350514553,1
5m+1h|thr25,long,2021-02-04 04:25:00,2021-02-04 04:30:00,1.20345,1.20339,score,-0.10296409342398412,1
5m+1h|thr25,long,2021-02-04 04:45:00,2021-02-04 04:45:00,1.20342,1.20332,score,-0.19302424526970643,0
5m+1h|thr25,long,2021-02-04 04:55:00,2021-02-04 05:00:00,1.20329,1.2032100000000001,score,-0.16294518647612696,1
5m+1h|thr25,short,2021-02-04 13:20:00,2021-02-04 13:20:00,1.19878,1.1991399999999999,score,-0.3793747341610461,0
5m+1h|thr25,short,2021-02-04 14:40:00,2021-02-04 14:45:00,1.19861,1.19908,score,-0.4085742421764383,1
5m+1h|thr25,short,2021-02-04 15:25:00,2021-02-04 15:40:00,1.19934,1.19866,score,0.6706248487547734,3
5m+1h|thr25,short,2021-02-04 17:00:00,2021-02-04 17:10:00,1.1980300000000002,1.19776,score,0.267325943954498,2
5m+1h|thr25,short,2021-02-04 17:40:00,2021-02-04 17:55:00,1.1973200000000002,1.19791,score,-0.5241821042008513,3
5m+1h|thr25,short,2021-02-04 19:35:00,2021-02-04 19:50:00,1.19642,1.19604,score,0.5355539064545336,3
5m+1h|thr25,short,2021-02-04 22:15:00,2021-02-04 22:30:00,1.19639,1.19659,score,-0.3086971082508124,3
5m+1h|thr25,short,2021-02-04 23:55:00,2021-02-05 00:00:00,1.19611,1.1963939285714285,sl,-0.6319470801762767,1
5m+1h|thr25,short,2021-02-05 00:45:00,2021-02-05 00:45:00,1.1961600000000001,1.19638,score,-0.3243995011571189,0
5m+1h|thr25,short,2021-02-05 01:25:00,2021-02-05 02:05:00,1.1966400000000001,1.1964599999999999,score,0.3277756965928625,8
5m+1h|thr25,short,2021-02-05 02:45:00,2021-02-05 02:55:00,1.19676,1.19695,score,-0.3116590351560359,2
5m+1h|thr25,short,2021-02-05 04:55:00,2021-02-05 05:40:00,1.1955200000000001,1.19555,score,-0.04648334364592055,9
5m+1h|thr25,short,2021-02-05 08:10:00,2021-02-05 08:20:00,1.19608,1.19635,score,-0.6321134950817492,2
5m+1h|thr25,short,2021-02-05 08:50:00,2021-02-05 08:50:00,1.19621,1.1965142857142856,sl,-0.6157588125900342,0
5m+1h|thr25,short,2021-02-05 10:20:00,2021-02-05 10:50:00,1.19798,1.1983599999999999,score,-0.41900239200866995,6
5m+1h|thr25,long,2021-02-05 11:50:00,2021-02-05 12:00:00,1.19788,1.19794,score,0.06726791117150548,2
5m+1h|thr25,long,2021-02-05 12:25:00,2021-02-05 12:40:00,1.19788,1.1977200000000001,score,-0.19380840691336715,3
5m+1h|thr25,long,2021-02-05 12:50:00,2021-02-05 12:50:00,1.1975,1.19767,score,0.185053667116601,0
5m+1h|thr25,long,2021-02-05 13:05:00,2021-02-05 13:10:00,1.1973399999999998,1.1971800000000001,score,-0.16946713910801345,1
5m+1h|thr25,long,2021-02-05 13:50:00,2021-02-05 14:00:00,1.19804,1.19795,score,-0.11035073807123491,2
5m+1h|thr25,long,2021-02-05 15:35:00,2021-02-05 15:50:00,1.2000899999999999,1.20109,score,0.8291383553073209,3
5m+1h|thr25,long,2021-02-05 16:30:00,2021-02-05 16:35:00,1.2016499999999999,1.20133,score,-0.13783512583315174,1
5m+1h|thr25,long,2021-02-05 17:10:00,2021-02-05 17:15:00,1.2029699999999999,1.2024000000000001,score,-0.3200977818887879,1
5m+1h|thr25,long,2021-02-05 17:35:00,2021-02-05 17:40:00,1.20296,1.2019989285714285,sl,-0.6069102079618558,1
5m+1h|thr25,long,2021-02-08 10:15:00,2021-02-08 10:15:00,1.20474,1.2041410714285712,sl,-0.6008411058822373,0
5m+1h|thr25,long,2021-02-08 10:30:00,2021-02-08 10:40:00,1.2031399999999999,1.2030100000000001,score,-0.0959747787745075,2
5m+1h|thr25,long,2021-02-08 10:50:00,2021-02-08 10:55:00,1.2026999999999999,1.20303,score,0.22979003478274168,1
5m+1h|thr25,short,2021-02-08 16:25:00,2021-02-08 16:30:00,1.20419,1.2048435714285715,sl,-0.5961708473834971,1
5m+1h|thr25,short,2021-02-08 16:55:00,2021-02-08 17:05:00,1.20581,1.2065739285714285,sl,-0.5902091389096622,2
5m+1h|thr25,long,2021-02-08 17:55:00,2021-02-08 18:10:00,1.20491,1.20459,score,-0.22576072211220044,3
5m+1h|thr25,long,2021-02-08 18:20:00,2021-02-08 18:25:00,1.20407,1.2038900000000001,score,-0.1343191016074492,1
5m+1h|thr25,long,2021-02-08 22:20:00,2021-02-08 22:25:00,1.2055799999999999,1.2054200000000002,score,-0.27099624966504576,1
5m+1h|thr25,long,2021-02-08 22:40:00,2021-02-08 22:40:00,1.20577,1.20543,score,-0.5786040641649122,0
5m+1h|thr25,long,2021-02-08 23:00:00,2021-02-08 23:00:00,1.20525,1.2049221428571428,sl,-0.5722102461450695,0
5m+1h|thr25,long,2021-02-09 03:20:00,2021-02-09 03:30:00,1.20603,1.20602,score,-0.014727639761277379,2
5m+1h|thr25,long,2021-02-09 04:05:00,2021-02-09 04:25:00,1.20631,1.20763,score,1.8606185293235373,4
5m+1h|thr25,long,2021-02-09 06:05:00,2021-02-09 06:10:00,1.2076799999999999,1.20768,score,3.776491631750804e-13,1
5m+1h|thr25,long,2021-02-09 06:35:00,2021-02-09 06:40:00,1.20798,1.20785,score,-0.27192940886187966,1
5m+1h|thr25,long,2021-02-09 07:00:00,2021-02-09 07:05:00,1.20763,1.20771,score,0.18499151475454867,1
5m+1h|thr25,long,2021-02-09 12:40:00,2021-02-09 12:45:00,1.2112,1.21092,score,-0.2548229805967713,1
5m+1h|thr25,long,2021-02-09 13:05:00,2021-02-09 13:10:00,1.21038,1.20978,sl,-0.5815294438322042,1
5m+1h|thr25,long,2021-02-09 20:30:00,2021-02-09 20:40:00,1.21052,1.21031,score,-0.2680284400978886,2
5m+1h|thr25,long,2021-02-09 23:05:00,2021-02-09 23:10:00,1.21163,1.21174,score,0.2211709654358966,1
5m+1h|thr25,long,2021-02-09 23:30:00,2021-02-09 23:35:00,1.21199,1.2117274999999998,sl,-0.5752455746472621,1
5m+1h|thr25,long,2021-02-09 23:55:00,2021-02-09 23:55:00,1.21209,1.2118457142857142,sl,-0.5694931189007897,0
5m+1h|thr25,long,2021-02-10 00:20:00,2021-02-10 00:35:00,1.21173,1.21167,score,-0.11650442255287038,3
5m+1h|thr25,long,2021-02-10 00:50:00,2021-02-10 00:55:00,1.21172,1.2118,score,0.15559237548274396,1
5m+1h|thr25,long,2021-02-10 06:25:00,2021-02-10 06:35:00,1.21299,1.2129100000000002,score,-0.17625990385177778,2
5m+1h|thr25,long,2021-02-10 07:10:00,2021-02-10 07:15:00,1.21275,1.2125485714285713,sl,-0.5624264682025628,1
5m+1h|thr25,long,2021-02-10 08:00:00,2021-02-10 08:00:00,1.2125,1.2125700000000001,score,0.1676393731034663,0
5m+1h|thr25,long,2021-02-10 11:15:00,2021-02-10 11:25:00,1.21306,1.2123625,sl,-0.5584785972515718,2
5m+1h|thr25,long,2021-02-10 16:10:00,2021-02-10 16:15:00,1.21362,1.2132800000000001,score,-0.20936949416761183,1
5m+1h|thr25,long,2021-02-10 16:30:00,2021-02-10 16:30:00,1.21381,1.213,score,-0.5179165273022998,0
5m+1h|thr25,long,2021-02-10 17:00:00,2021-02-10 17:30:00,1.21247,1.2128700000000001,score,0.28811667382950434,6
5m+1h|thr25,long,2021-02-10 17:50:00,2021-02-10 18:15:00,1.21282,1.2130400000000001,score,0.1297531891576673,5
5m+1h|thr25,long,2021-02-10 19:05:00,2021-02-10 19:10:00,1.21286,1.21289,score,0.028614108162505227,1
5m+1h|thr25,long,2021-02-10 19:40:00,2021-02-10 19:40:00,1.21347,1.21314,score,-0.410233471087096,0
5m+1h|thr25,long,2021-02-10 19:55:00,2021-02-10 20:05:00,1.2137799999999999,1.21344,score,-0.42674568979768374,2
5m+1h|thr25,long,2021-02-10 20:50:00,2021-02-10 21:00:00,1.21289,1.2129400000000001,score,0.06945076912410166,2
5m+1h|thr25,short,2021-02-11 02:50:00,2021-02-11 03:30:00,1.21142,1.2116482142857143,sl,-0.542410506858247,8
5m+1h|thr25,short,2021-02-11 04:20:00,2021-02-11 04:40:00,1.21181,1.21198,score,-0.3753385128515338,4
5m+1h|thr25,short,2021-02-11 05:10:00,2021-02-11 05:20:00,1.2118900000000001,1.2119199999999999,score,-0.0773602303957716,2
5m+1h|thr25,short,2021-02-11 06:20:00,2021-02-11 06:55:00,1.21235,1.2122199999999999,score,0.26696312235018427,7
5m+1h|thr25,short,2021-02-11 07:45:00,2021-02-11 08:00:00,1.21262,1.2127957142857142,sl,-0.5351290455806932,3
5m+1h|thr25,long,2021-02-11 08:45:00,2021-02-11 09:00:00,1.21286,1.2127400000000002,score,-0.29667554286967274,3
5m+1h|thr25,long,2021-02-11 09:10:00,2021-02-11 09:10:00,1.21292,1.21276,score,-0.2957535436888801,0
5m+1h|thr25,long,2021-02-11 09:25:00,2021-02-11 09:30:00,1.2129699999999999,1.2126732142857142,sl,-0.5238534642593007,1
5m+1h|thr25,long,2021-02-11 09:40:00,2021-02-11 09:45:00,1.21286,1.2125,sl,-0.5186149296167077,1
5m+1h|thr25,long,2021-02-11 12:15:00,2021-02-11 12:15:00,1.21254,1.2127400000000002,score,0.19322588506704316,0
5m+1h|thr25,long,2021-02-11 12:55:00,2021-02-11 13:05:00,1.21269,1.2123032142857144,sl,-0.5153610391712111,2
5m+1h|thr25,long,2021-02-11 14:10:00,2021-02-11 14:10:00,1.21303,1.2128700000000001,score,-0.23959426424850788,0
5m+1h|thr25,long,2021-02-11 15:00:00,2021-02-11 15:15:00,1.21356,1.21458,score,1.3391593761843514,3
5m+1h|thr25,long,2021-02-11 16:25:00,2021-02-11 16:30:00,1.21352,1.21392,score,0.3378168110456981,1
5m+1h|thr25,long,2021-02-11 16:55:00,2021-02-11 17:00:00,1.21343,1.21371,score,0.1832761579498052,1
5m+1h|thr25,long,2021-02-11 17:25:00,2021-02-11 17:40:00,1.21423,1.21378,score,-0.3163002632721192,3
5m+1h|thr25,long,2021-02-11 17:55:00,2021-02-11 18:10:00,1.21329,1.2129400000000001,score,-0.24594052125501212,3
5m+1h|thr25,long,2021-02-11 22:10:00,2021-02-11 22:30:00,1.2131399999999999,1.21331,score,0.2466634850051274,4
5m+1h|thr25,long,2021-02-12 00:00:00,2021-02-12 00:00:00,1.21309,1.2128242857142857,sl,-0.5232582365935924,0
5m+1h|thr25,short,2021-02-12 08:05:00,2021-02-12 08:30:00,1.2127000000000001,1.21285,score,-0.2821929633923108,5
5m+1h|thr25,short,2021-02-12 09:25:00,2021-02-12 09:30:00,1.21232,1.21238,score,-0.09846897125330283,1
5m+1h|thr25,short,2021-02-12 13:35:00,2021-02-12 13:45:00,1.21007,1.2106389285714285,sl,-0.5142190348812004,2
5m+1h|thr25,short,2021-02-12 14:50:00,2021-02-12 15:15:00,1.2111100000000001,1.21033,score,0.9701778607846278,5
5m+1h|thr25,short,2021-02-12 15:45:00,2021-02-12 16:15:00,1.2089400000000001,1.2084899999999998,score,0.40052761345405813,6
5m+1h|thr25,short,2021-02-12 18:05:00,2021-02-12 18:10:00,1.2114800000000001,1.2122878571428573,sl,-0.5227838992747752,1
5m+1h|thr25,short,2021-02-12 18:20:00,2021-02-12 18:45:00,1.21217,1.21274,score,-0.3498600051715004,5
5m+1h|thr25,long,2021-02-12 19:30:00,2021-02-12 19:30:00,1.21287,1.2124300000000001,score,-0.5238368825504006,0
5m+1h|thr25,long,2021-02-12 20:10:00,2021-02-12 20:25:00,1.21228,1.21212,score,-0.21709614566595917,3
5m+1h|thr25,long,2021-02-12 21:20:00,2021-02-12 21:20:00,1.21209,1.21205,score,-0.0711085094660606,0
5m+1h|thr25,long,2021-02-12 21:40:00,2021-02-12 21:50:00,1.21194,1.2116882142857142,sl,-0.5059370448534881,2
5m+1h|thr25,long,2021-02-15 00:05:00,2021-02-15 00:05:00,1.2125,1.2122321428571428,sl,-0.5008776744049533,0
5m+1h|thr25,long,2021-02-15 00:30:00,2021-02-15 00:50:00,1.21216,1.2122300000000001,score,0.1241255478185132,4
5m+1h|thr25,long,2021-02-15 02:00:00,2021-02-15 02:00:00,1.2121199999999999,1.2118842857142855,sl,-0.4971101531390889,0
5m+1h|thr25,long,2021-02-15 04:25:00,2021-02-15 04:25:00,1.21321,1.21293,score,-0.37171196190788885,0
5m+1h|thr25,long,2021-02-15 05:00:00,2021-02-15 05:00:00,1.21332,1.21302,score,-0.44838734739938263,0
5m+1h|thr25,long,2021-02-15 05:15:00,2021-02-15 05:30:00,1.2134099999999999,1.21331,score,-0.15737823041094204,3
5m+1h|thr25,long,2021-02-15 05:50:00,2021-02-15 05:55:00,1.21374,1.2134775,sl,-0.48236427621051586,1
5m+1h|thr25,long,2021-02-15 06:45:00,2021-02-15 06:55:00,1.2132399999999999,1.21315,score,-0.17365113943566887,2
5m+1h|thr25,long,2021-02-15 07:15:00,2021-02-15 07:35:00,1.21349,1.2139,score,0.8629117411031564,4
5m+1h|thr25,long,2021-02-15 08:15:00,2021-02-15 08:20:00,1.21403,1.21392,score,-0.22203190142114274,1
5m+1h|thr25,long,2021-02-15 08:50:00,2021-02-15 09:00:00,1.21359,1.213377857142857,sl,-0.4822129204508742,2
5m+1h|thr25,long,2021-02-15 11:45:00,2021-02-15 11:50:00,1.2143,1.2138900000000001,score,-0.33154544969785055,1
5m+1h|thr25,long,2021-02-15 12:00:00,2021-02-15 12:15:00,1.21353,1.21339,score,-0.1116141333368198,3
5m+1h|thr25,short,2021-02-15 18:05:00,2021-02-15 18:15:00,1.2128,1.2132178571428573,sl,-0.47295919541601866,2
5m+1h|thr25,short,2021-02-15 18:30:00,2021-02-15 18:40:00,1.21313,1.21323,score,-0.10555900883199494,2
5m+1h|thr25,long,2021-02-15 19:55:00,2021-02-15 20:00:00,1.2131699999999999,1.21307,score,-0.14343061814067462,1
5m+1h|thr25,long,2021-02-15 21:00:00,2021-02-15 21:05:00,1.2131699999999999,1.21312,score,-0.09924438204981616,1
5m+1h|thr25,short,2021-02-16 02:20:00,2021-02-16 02:20:00,1.2135200000000002,1.2137803571428574,sl,-0.4647472633716337,0
5m+1h|thr25,short,2021-02-16 02:40:00,2021-02-16 03:05:00,1.2139,1.2136099999999999,score,0.451208973525779,5
5m+1h|thr25,long,2021-02-16 03:25:00,2021-02-16 03:50:00,1.21399,1.21412,score,0.17727329611378412,5
5m+1h|thr25,long,2021-02-16 04:35:00,2021-02-16 05:05:00,1.21451,1.21445,score,-0.08397922299776844,6
5m+1h|thr25,long,2021-02-16 05:20:00,2021-02-16 05:20:00,1.21469,1.21451,score,-0.38338985275670606,0
5m+1h|thr25,long,2021-02-16 05:35:00,2021-02-16 05:35:00,1.21477,1.21459,score,-0.34628319200725577,0
5m+1h|thr25,long,2021-02-16 06:10:00,2021-02-16 06:20:00,1.21452,1.2142864285714288,sl,-0.45824809075669565,2
5m+1h|thr25,long,2021-02-16 11:45:00,2021-02-16 12:05:00,1.2151399999999999,1.21539,score,0.1493022693439198,4
5m+1h|thr25,long,2021-02-16 12:45:00,2021-02-16 12:50:00,1.21657,1.21625,score,-0.2904716059529321,1
5m+1h|thr25,long,2021-02-16 14:20:00,2021-02-16 14:25:00,1.21688,1.21659,score,-0.3290593012402007,1
5m+1h|thr25,long,2021-02-16 14:40:00,2021-02-16 14:40:00,1.21643,1.2160582142857141,sl,-0.4489633234706365,0
5m+1h|thr25,short,2021-02-16 19:15:00,2021-02-16 19:15:00,1.21061,1.21059,score,0.014255742642096421,0
5m+1h|thr25,short,2021-02-16 19:25:00,2021-02-16 19:35:00,1.21055,1.21072,score,-0.13671662395822345,2
5m+1h|thr25,short,2021-02-16 20:30:00,2021-02-16 20:40:00,1.21105,1.2113,score,-0.3482316015667836,2
5m+1h|thr25,short,2021-02-16 21:00:00,2021-02-16 21:15:00,1.21117,1.21103,score,0.23077452749612726,3
5m+1h|thr25,short,2021-02-16 21:45:00,2021-02-16 21:55:00,1.21127,1.2115496428571428,sl,-0.4420745106820624,2
5m+1h|thr25,short,2021-02-16 22:15:00,2021-02-16 22:20:00,1.21136,1.21156,score,-0.29073085257668146,1
5m+1h|thr25,short,2021-02-16 22:40:00,2021-02-16 22:45:00,1.2114,1.2116775,sl,-0.434746457049475,1
5m+1h|thr25,short,2021-02-16 23:30:00,2021-02-17 00:00:00,1.21054,1.2108582142857143,sl,-0.4303989924789802,6
5m+1h|thr25,short,2021-02-17 04:15:00,2021-02-17 04:20:00,1.20922,1.209630357142857,sl,-0.42609500255419047,1
5m+1h|thr25,short,2021-02-17 04:30:00,2021-02-17 04:40:00,1.20927,1.2096099999999999,score,-0.3687658567558525,2
5m+1h|thr25,short,2021-02-17 05:45:00,2021-02-17 05:55:00,1.2087,1.2090075000000002,sl,-0.41814639396109005,2
5m+1h|thr25,short,2021-02-17 07:15:00,2021-02-17 07:20:00,1.20914,1.2094057142857144,sl,-0.4139649300214791,1
5m+1h|thr25,short,2021-02-17 07:40:00,2021-02-17 08:00:00,1.20924,1.20905,score,0.28278475920091817,4
5m+1h|thr25,short,2021-02-17 08:30:00,2021-02-17 08:50:00,1.20878,1.2087999999999999,score,-0.022522977763579716,4
5m+1h|thr25,short,2021-02-17 15:55:00,2021-02-17 16:35:00,1.20374,1.204615357142857,sl,-0.41242789853563766,8
5m+1h|thr25,short,2021-02-17 19:10:00,2021-02-17 19:30:00,1.20401,1.20438,score,-0.2179302163081082,4
5m+1h|thr25,short,2021-02-17 20:05:00,2021-02-17 20:15:00,1.20426,1.20416,score,0.1047097687556334,2
5m+1h|thr25,short,2021-02-17 20:55:00,2021-02-17 21:20:00,1.20374,1.2037499999999999,score,-0.011446585965779401,5
5m+1h|thr25,short,2021-02-17 22:30:00,2021-02-17 22:50:00,1.2041,1.20432,score,-0.2687535698999882,4
5m+1h|thr25,short,2021-02-18 00:10:00,2021-02-18 00:20:00,1.20397,1.2042764285714287,sl,-0.4043694135160989,2
5m+1h|thr25,short,2021-02-18 00:50:00,2021-02-18 00:50:00,1.20426,1.2045,score,-0.2864950835184706,0
5m+1h|thr25,short,2021-02-18 01:00:00,2021-02-18 01:15:00,1.2043000000000001,1.2043599999999999,score,-0.0662434614240062,3
5m+1h|thr25,short,2021-02-18 02:10:00,2021-02-18 02:15:00,1.20439,1.204589285714286,sl,-0.3967983339315131,1
5m+1h|thr25,short,2021-02-18 03:00:00,2021-02-18 03:20:00,1.20478,1.20484,score,-0.06303295023823219,4
5m+1h|thr25,short,2021-02-18 04:00:00,2021-02-18 04:05:00,1.20439,1.20404,score,0.3235320039293369,1
5m+1h|thr25,short,2021-02-18 04:20:00,2021-02-18 04:35:00,1.20405,1.2044378571428571,sl,-0.39543534112910905,3
5m+1h|thr25,short,2021-02-18 08:05:00,2021-02-18 08:15:00,1.2044700000000002,1.20457,score,-0.1479280385434796,2
5m+1h|thr25,long,2021-02-18 09:15:00,2021-02-18 09:20:00,1.20383,1.20444,score,0.6608362263133585,1
5m+1h|thr25,long,2021-02-18 09:30:00,2021-02-18 09:30:00,1.20472,1.2042925,sl,-0.39661006959551676,0
5m+1h|thr25,long,2021-02-18 09:45:00,2021-02-18 09:55:00,1.2048999999999999,1.2046700000000001,score,-0.16857514398067444,2
5m+1h|thr25,long,2021-02-18 10:25:00,2021-02-18 10:35:00,1.20545,1.20565,score,0.11367424806731609,2
5m+1h|thr25,long,2021-02-18 10:50:00,2021-02-18 10:50:00,1.2065,1.20642,score,-0.046323455182755616,0
5m+1h|thr25,long,2021-02-18 12:00:00,2021-02-18 12:00:00,1.2074,1.20676,score,-0.36898215136508905,0
5m+1h|thr25,long,2021-02-18 12:30:00,2021-02-18 12:35:00,1.20652,1.20646,score,-0.03942785229941597,1
5m+1h|thr25,long,2021-02-18 12:50:00,2021-02-18 12:50:00,1.20642,1.20649,score,0.05053847942049059,0
5m+1h|thr25,long,2021-02-18 20:35:00,2021-02-18 20:45:00,1.20848,1.2082,score,-0.35212217587330563,2
5m+1h|thr25,long,2021-02-18 21:00:00,2021-02-18 21:20:00,1.2081199999999999,1.20856,score,0.49502942872879124,4
5m+1h|thr25,long,2021-02-18 21:30:00,2021-02-18 21:35:00,1.20882,1.20865,score,-0.18898417059446537,1
5m+1h|thr25,long,2021-02-18 22:15:00,2021-02-18 22:30:00,1.20888,1.20899,score,0.17376770046354179,3
5m+1h|thr25,long,2021-02-18 23:20:00,2021-02-18 23:20:00,1.20938,1.20919,score,-0.28412004987887396,0
5m+1h|thr25,long,2021-02-18 23:40:00,2021-02-18 23:45:00,1.20942,1.20936,score,-0.10661757723429549,1
5m+1h|thr25,long,2021-02-19 00:05:00,2021-02-19 00:05:00,1.2093,1.2090085714285714,sl,-0.3854225417022741,0
5m+1h|thr25,long,2021-02-19 03:35:00,2021-02-19 03:50:00,1.2089699999999999,1.20886,score,-0.10391073511554298,3
5m+1h|thr25,long,2021-02-19 07:35:00,2021-02-19 07:40:00,1.20956,1.20937,score,-0.28234524289087987,1
5m+1h|thr25,long,2021-02-19 08:05:00,2021-02-19 08:20:00,1.20962,1.20974,score,0.16023880579017827,3
5m+1h|thr25,long,2021-02-19 09:05:00,2021-02-19 09:25:00,1.2094099999999999,1.2101300000000001,score,0.926891175078123,4
5m+1h|thr25,long,2021-02-19 09:50:00,2021-02-19 10:00:00,1.2106599999999998,1.2110100000000001,score,0.257474993365689,2
5m+1h|thr25,long,2021-02-19 10:35:00,2021-02-19 10:50:00,1.21189,1.21278,score,0.482788658330282,3
5m+1h|thr25,long,2021-02-19 12:20:00,2021-02-19 12:20:00,1.21397,1.2133067857142859,sl,-0.3959796928308299,0
5m+1h|thr25,long,2021-02-19 12:30:00,2021-02-19 12:50:00,1.21382,1.2138,score,-0.011615404322985141,4
5m+1h|thr25,long,2021-02-22 01:05:00,2021-02-22 01:10:00,1.21242,1.21207,score,-0.3026522198756153,1
5m+1h|thr25,long,2021-02-22 01:25:00,2021-02-22 01:30:00,1.21191,1.2115382142857143,sl,-0.3888772196605356,1
5m+1h|thr25,long,2021-02-22 01:40:00,2021-02-22 01:55:00,1.2123899999999999,1.21241,score,0.01731674944427005,3
5m+1h|thr25,long,2021-02-22 02:15:00,2021-02-22 02:25:00,1.2126299999999999,1.21234,score,-0.21764177546701627,2
5m+1h|thr25,long,2021-02-22 02:35:00,2021-02-22 02:40:00,1.2129299999999998,1.21268,score,-0.18200246981840165,1
5m+1h|thr25,long,2021-02-22 03:05:00,2021-02-22 03:25:00,1.21272,1.21332,score,0.5034256995355065,4
5m+1h|thr25,long,2021-02-22 04:10:00,2021-02-22 04:15:00,1.21233,1.2118489285714285,sl,-0.38619942950087394,1
5m+1h|thr25,short,2021-02-22 08:40:00,2021-02-22 08:40:00,1.2121,1.2120499999999998,score,0.07757571149121985,0
5m+1h|thr25,short,2021-02-22 09:20:00,2021-02-22 10:00:00,1.21088,1.2112325,sl,-0.38311319232077734,8
5m+1h|thr25,long,2021-02-22 13:30:00,2021-02-22 13:50:00,1.21379,1.21357,score,-0.11835752239351442,4
5m+1h|thr25,long,2021-02-22 14:20:00,2021-02-22 14:25:00,1.214,1.2135500000000001,score,-0.24696946154408933,1
5m+1h|thr25,long,2021-02-22 14:50:00,2021-02-22 14:50:00,1.2134,1.2136200000000001,score,0.14775691889140616,0
5m+1h|thr25,long,2021-02-22 15:15:00,2021-02-22 15:20:00,1.21338,1.2135500000000001,score,0.11100966434130685,1
5m+1h|thr25,long,2021-02-22 15:35:00,2021-02-22 15:50:00,1.21399,1.21486,score,0.500997981385314,3
5m+1h|thr25,long,2021-02-22 16:40:00,2021-02-22 16:40:00,1.2139,1.21418,score,0.09685671372801469,0
5m+1h|thr25,long,2021-02-22 20:40:00,2021-02-22 20:50:00,1.21677,1.21662,score,-0.17239519380705423,2
5m+1h|thr25,long,2021-02-22 21:25:00,2021-02-22 21:30:00,1.21687,1.21665,score,-0.2794806259365588,1
5m+1h|thr25,long,2021-02-22 21:45:00,2021-02-22 21:50:00,1.21689,1.2166082142857144,sl,-0.3796762451442177,1
5m+1h|thr25,long,2021-02-23 02:20:00,2021-02-23 02:25:00,1.2166,1.21642,score,-0.21625942839834206,1
5m+1h|thr25,long,2021-02-23 02:50:00,2021-02-23 03:00:00,1.21689,1.21663,score,-0.3238879699542312,2
5m+1h|thr25,long,2021-02-23 03:20:00,2021-02-23 03:35:00,1.21689,1.2171800000000002,score,0.2577790429066987,3
5m+1h|thr25,long,2021-02-23 03:45:00,2021-02-23 03:50:00,1.2175799999999999,1.21747,score,-0.08166395603014215,1
5m+1h|thr25,long,2021-02-23 04:55:00,2021-02-23 05:10:00,1.21708,1.2167071428571428,sl,-0.3722391595780154,3
5m+1h|thr25,long,2021-02-23 10:10:00,2021-02-23 10:20:00,1.21664,1.21642,score,-0.11482363635657933,2
5m+1h|thr25,long,2021-02-23 10:30:00,2021-02-23 10:40:00,1.21624,1.2155221428571428,sl,-0.3673685316186695,2
5m+1h|thr25,short,2021-02-23 17:00:00,2021-02-23 17:05:00,1.2141600000000001,1.2148092857142858,sl,-0.36369484630248267,1
5m+1h|thr25,short,2021-02-23 17:45:00,2021-02-23 18:00:00,1.21634,1.21667,score,-0.10591961082571781,3
5m+1h|thr25,short,2021-02-23 19:10:00,2021-02-23 19:35:00,1.21439,1.2144899999999998,score,-0.052518096386894,5
5m+1h|thr25,short,2021-02-23 21:15:00,2021-02-23 21:20:00,1.21543,1.21573,score,-0.29784150093414236,1
5m+1h|thr25,short,2021-02-23 22:10:00,2021-02-23 22:25:00,1.21431,1.2147000000000001,sl,-0.3554951057579905,3
5m+1h|thr25,short,2021-02-24 00:35:00,2021-02-24 00:35:00,1.2148700000000001,1.2149999999999999,score,-0.10167160024656917,0
5m+1h|thr25,short,2021-02-24 01:05:00,2021-02-24 01:10:00,1.21488,1.2147999999999999,score,0.05928118421448228,1
5m+1h|thr25,short,2021-02-24 01:50:00,2021-02-24 02:10:00,1.21515,1.21547,score,-0.2542038421984899,4
5m+1h|thr25,short,2021-02-24 02:35:00,2021-02-24 02:45:00,1.21542,1.2157885714285714,sl,-0.3489742121181048,2
5m+1h|thr25,long,2021-02-24 03:10:00,2021-02-24 03:20:00,1.21596,1.2155335714285713,sl,-0.3454844699969237,2
5m+1h|thr25,long,2021-02-24 03:50:00,2021-02-24 03:55:00,1.21606,1.2158,score,-0.12152150669405937,1
5m+1h|thr25,long,2021-02-24 04:40:00,2021-02-24 04:50:00,1.2158499999999999,1.2152660714285712,sl,-0.3408144102300139,2
5m+1h|thr25,long,2021-02-24 05:55:00,2021-02-24 06:10:00,1.21531,1.21506,score,-0.2008370631711053,3
5m+1h|thr25,long,2021-02-24 09:40:00,2021-02-24 09:50:00,1.21582,1.21539,score,-0.3283081838838929,2
5m+1h|thr25,long,2021-02-24 10:05:00,2021-02-24 10:10:00,1.21591,1.21567,score,-0.13428468999857743,1
5m+1h|thr25,long,2021-02-24 10:25:00,2021-02-24 10:35:00,1.21648,1.21656,score,0.03411276268585558,2
5m+1h|thr25,long,2021-02-24 11:20:00,2021-02-24 11:25:00,1.21749,1.21698,score,-0.17492767250477262,1
5m+1h|thr25,long,2021-02-24 11:45:00,2021-02-24 11:50:00,1.21627,1.2163000000000002,score,0.011930384080868765,1
5m+1h|thr25,long,2021-02-24 12:15:00,2021-02-24 12:25:00,1.21587,1.2151585714285715,sl,-0.3294831214997976,2
5m+1h|thr25,short,2021-02-24 19:40:00,2021-02-24 19:50:00,1.21437,1.21465,score,-0.17186264756942812,2
5m+1h|thr25,short,2021-02-24 21:45:00,2021-02-24 21:55:00,1.21481,1.21486,score,-0.04493150636338506,2
5m+1h|thr25,short,2021-02-24 22:20:00,2021-02-24 22:20:00,1.21541,1.2157775000000002,sl,-0.3240203487454714,0
5m+1h|thr25,short,2021-02-24 22:50:00,2021-02-24 23:10:00,1.21655,1.2169999999999999,score,-0.35085328387588555,4
5m+1h|thr25,long,2021-02-24 23:20:00,2021-02-24 23:25:00,1.21702,1.21705,score,0.022153628797335446,1
5m+1h|thr25,long,2021-02-25 00:25:00,2021-02-25 00:35:00,1.21658,1.21635,score,-0.14563076051807808,2
5m+1h|thr25,long,2021-02-25 00:45:00,2021-02-25 00:50:00,1.21627,1.21621,score,-0.03497640929189892,1
5m+1h|thr25,long,2021-02-25 01:30:00,2021-02-25 01:50:00,1.21681,1.21695,score,0.11587016309702039,4
5m+1h|thr25,long,2021-02-25 02:25:00,2021-02-25 02:40:00,1.2164599999999999,1.2163300000000001,score,-0.13536603688346174,3
5m+1h|thr25,long,2021-02-25 06:20:00,2021-02-25 06:25:00,1.21755,1.21736,score,-0.1956198215854125,1
5m+1h|thr25,long,2021-02-25 07:20:00,2021-02-25 07:25:00,1.21831,1.2182,score,-0.08966486850244332,1
5m+1h|thr25,long,2021-02-25 08:15:00,2021-02-25 08:25:00,1.21766,1.21787,score,0.17457919426953836,2
5m+1h|thr25,long,2021-02-25 08:55:00,2021-02-25 09:00:00,1.21814,1.2177692857142857,sl,-0.31438506331308397,1
5m+1h|thr25,long,2021-02-25 09:10:00,2021-02-25 09:20:00,1.2174099999999999,1.2171,score,-0.23149732014221122,2
5m+1h|thr25,long,2021-02-25 10:00:00,2021-02-25 10:10:00,1.21878,1.21971,score,0.4388673909448967,2
5m+1h|thr25,long,2021-02-25 11:15:00,2021-02-25 11:20:00,1.22183,1.22115,score,-0.22699832385491217,1
5m+1h|thr25,long,2021-02-25 12:00:00,2021-02-25 12:35:00,1.2220499999999999,1.22302,score,0.3542130106021459,7
5m+1h|thr25,long,2021-02-25 13:05:00,2021-02-25 13:20:00,1.2234,1.22336,score,-0.014773061110542022,3
5m+1h|thr25,long,2021-02-25 13:50:00,2021-02-25 13:55:00,1.22241,1.2228700000000001,score,0.17110175605495342,1
5m+1h|thr25,short,2021-02-26 01:05:00,2021-02-26 01:10:00,1.2178900000000001,1.21781,score,0.055025390655765664,1
5m+1h|thr25,short,2021-02-26 01:55:00,2021-02-26 02:00:00,1.2158200000000001,1.21639,sl,-0.31670060111145404,1
5m+1h|thr25,short,2021-02-26 06:05:00,2021-02-26 06:10:00,1.21586,1.21564,score,0.12927489597168418,1
5m+1h|thr25,short,2021-02-26 09:25:00,2021-02-26 09:30:00,1.21398,1.21349,score,0.17666329000017442,1
5m+1h|thr25,short,2021-02-26 09:45:00,2021-02-26 10:05:00,1.2131100000000001,1.214177142857143,sl,-0.31659297696005806,4
5m+1h|thr25,short,2021-02-26 15:55:00,2021-02-26 16:00:00,1.21168,1.2128135714285715,sl,-0.31342704719045744,1
5m+1h|thr25,short,2021-02-26 16:15:00,2021-02-26 16:20:00,1.21224,1.2127999999999999,score,-0.14637156254350467,1
5m+1h|thr25,short,2021-02-26 16:40:00,2021-02-26 16:45:00,1.21255,1.21316,score,-0.17254826180798138,1
5m+1h|thr25,short,2021-02-26 17:20:00,2021-02-26 17:35:00,1.21184,1.2132232142857142,sl,-0.30710357847503805,3
5m+1h|thr25,short,2021-02-26 18:40:00,2021-02-26 19:00:00,1.21041,1.20867,score,0.29708113678042075,4
5m+1h|thr25,short,2021-02-26 22:20:00,2021-02-26 22:45:00,1.20761,1.2074799999999999,score,0.0784205058788075,5
5m+1h|thr25,short,2021-02-26 23:10:00,2021-02-26 23:15:00,1.20702,1.20672,score,0.1663716535766486,1
5m+1h|thr25,short,2021-02-26 23:25:00,2021-02-26 23:50:00,1.20682,1.20733,score,-0.2737896044808302,5
5m+1h|thr25,short,2021-03-01 00:45:00,2021-03-01 00:50:00,1.20732,1.20715,score,0.13518108212340554,1
5m+1h|thr25,short,2021-03-01 01:20:00,2021-03-01 01:25:00,1.20814,1.20871,score,-0.29852583116256115,1
5m+1h|thr25,short,2021-03-01 01:35:00,2021-03-01 02:05:00,1.20863,1.20916,score,-0.2719150866439871,6
5m+1h|thr25,short,2021-03-01 02:50:00,2021-03-01 03:00:00,1.20953,1.2089699999999999,score,0.2678540706224625,2
5m+1h|thr25,short,2021-03-01 04:05:00,2021-03-01 04:10:00,1.2085700000000001,1.20847,score,0.04825480799334451,1
5m+1h|thr25,short,2021-03-01 04:40:00,2021-03-01 04:50:00,1.20836,1.20845,score,-0.05872731597964505,2
5m+1h|thr25,short,2021-03-01 08:35:00,2021-03-01 08:35:00,1.20844,1.2087485714285713,sl,-0.30493459687736835,0
5m+1h|thr25,short,2021-03-01 09:00:00,2021-03-01 09:10:00,1.20899,1.20908,score,-0.0799948298936723,2
5m+1h|thr25,short,2021-03-01 15:20:00,2021-03-01 15:20:00,1.2049100000000001,1.20428,score,0.3505706097713333,0
5m+1h|thr25,short,2021-03-01 16:15:00,2021-03-01 16:35:00,1.20565,1.20491,score,0.2543783031204433,4
5m+1h|thr25,short,2021-03-01 17:20:00,2021-03-01 17:40:00,1.2033500000000001,1.2044760714285716,sl,-0.3071347917385757,4
5m+1h|thr25,short,2021-03-01 18:30:00,2021-03-01 18:45:00,1.20547,1.20536,score,0.036468668495706694,3
5m+1h|thr25,short,2021-03-01 19:20:00,2021-03-01 19:20:00,1.20548,1.2060725,sl,-0.304428130506147,0
5m+1h|thr25,short,2021-03-01 20:15:00,2021-03-01 20:20:00,1.20327,1.203887142857143,sl,-0.3013838492010855,1
5m+1h|thr25,short,2021-03-01 22:05:00,2021-03-01 22:15:00,1.20456,1.20486,score,-0.23801596295877636,2
5m+1h|thr25,short,2021-03-01 22:35:00,2021-03-01 22:45:00,1.20462,1.2045,score,0.09807947728090237,2
5m+1h|thr25,short,2021-03-02 00:10:00,2021-03-02 00:10:00,1.20454,1.20459,score,-0.05679766450737584,0
5m+1h|thr25,short,2021-03-02 01:05:00,2021-03-02 01:35:00,1.2049,1.20491,score,-0.00940960854611178,6
5m+1h|thr25,short,2021-03-02 02:25:00,2021-03-02 02:30:00,1.2046700000000001,1.20471,score,-0.03626946468796662,1
5m+1h|thr25,short,2021-03-02 07:15:00,2021-03-02 07:20:00,1.20207,1.2019499999999999,score,0.0966353888898338,1
5m+1h|thr25,short,2021-03-02 08:25:00,2021-03-02 08:45:00,1.20245,1.2026299999999999,score,-0.12377482639472397,4
5m+1h|thr25,short,2021-03-02 09:30:00,2021-03-02 09:40:00,1.2016900000000001,1.2005,score,0.5229232383337831,2
5m+1h|thr25,short,2021-03-02 09:50:00,2021-03-02 10:05:00,1.2006000000000001,1.20035,score,0.09024533056481931,3
5m+1h|thr25,short,2021-03-02 12:45:00,2021-03-02 13:10:00,1.2022000000000002,1.20282,score,-0.23923995924806668,5
5m+1h|thr25,short,2021-03-02 14:05:00,2021-03-02 14:15:00,1.2029400000000001,1.20296,score,-0.008404597058105819,2
5m+1h|thr25,long,2021-03-02 15:15:00,2021-03-02 15:15:00,1.20278,1.20271,score,-0.03270269004919543,0
5m+1h|thr25,long,2021-03-02 15:40:00,2021-03-02 15:45:00,1.2026599999999998,1.2020407142857141,sl,-0.29900269732526474,1
5m+1h|thr25,short,2021-03-02 16:30:00,2021-03-02 16:55:00,1.2044000000000001,1.20432,score,0.03333677132173218,5
5m+1h|thr25,long,2021-03-02 17:50:00,2021-03-02 18:05:00,1.20462,1.20669,score,0.8346072092450179,3
5m+1h|thr25,long,2021-03-02 19:55:00,2021-03-02 19:55:00,1.20815,1.2079,score,-0.15030618541961344,0
5m+1h|thr25,long,2021-03-02 20:05:00,2021-03-02 20:15:00,1.20831,1.2084000000000001,score,0.05634486738392427,2
5m+1h|thr25,long,2021-03-02 21:35:00,2021-03-02 21:50:00,1.20847,1.20846,score,-0.00872314863100675,3
5m+1h|thr25,long,2021-03-03 10:20:00,2021-03-03 10:30:00,1.20823,1.20792,score,-0.10373138545691464,2
5m+1h|thr25,long,2021-03-03 10:40:00,2021-03-03 10:45:00,1.20774,1.2081300000000001,score,0.13516144097629673,1
5m+1h|thr25,long,2021-03-03 13:00:00,2021-03-03 13:10:00,1.2084,1.20827,score,-0.05158441120783363,2
5m+1h|thr25,short,2021-03-03 17:15:00,2021-03-03 17:15:00,1.20546,1.20537,score,0.026470355807317734,0
5m+1h|thr25,short,2021-03-03 18:10:00,2021-03-03 19:00:00,1.20767,1.20713,score,0.1481888929797379,10
5m+1h|thr25,short,2021-03-03 19:45:00,2021-03-03 19:45:00,1.2067400000000001,1.2072317857142858,sl,-0.3052103144219987,0
5m+1h|thr25,short,2021-03-03 20:40:00,2021-03-03 20:55:00,1.20756,1.20732,score,0.13041125111024748,3
5m+1h|thr25,short,2021-03-03 21:40:00,2021-03-03 21:50:00,1.20682,1.20726,score,-0.2974268758216704,2
5m+1h|thr25,short,2021-03-04 05:55:00,2021-03-04 05:55:00,1.20527,1.20493,score,0.28211501813521045,0
5m+1h|thr25,short,2021-03-04 09:35:00,2021-03-04 09:35:00,1.20558,1.2058,score,-0.13222821685101627,0
5m+1h|thr25,short,2021-03-04 10:20:00,2021-03-04 10:25:00,1.20478,1.20444,score,0.1589229136193615,1
5m+1h|thr25,short,2021-03-04 10:35:00,2021-03-04 10:35:00,1.20468,1.20445,score,0.09527438694137441,0
5m+1h|thr25,short,2021-03-04 11:00:00,2021-03-04 11:10:00,1.20401,1.20374,score,0.09556822142512329,2
5m+1h|thr25,short,2021-03-04 13:05:00,2021-03-04 13:25:00,1.20453,1.20428,score,0.10767331560143552,4
5m+1h|thr25,short,2021-03-04 14:15:00,2021-03-04 14:25:00,1.20377,1.20342,score,0.167744324506496,2
5m+1h|thr25,short,2021-03-04 15:00:00,2021-03-04 15:15:00,1.20317,1.20354,score,-0.19179300290231835,3
5m+1h|thr25,short,2021-03-04 16:20:00,2021-03-04 16:35:00,1.2037200000000001,1.2040899999999999,score,-0.19772484381440938,3
5m+1h|thr25,short,2021-03-04 16:50:00,2021-03-04 17:05:00,1.20376,1.20332,score,0.21328287023611264,3
5m+1h|thr25,short,2021-03-04 17:35:00,2021-03-04 17:40:00,1.20254,1.203385357142857,sl,-0.3064764048996382,1
5m+1h|thr25,short,2021-03-04 18:25:00,2021-03-04 18:30:00,1.2043000000000001,1.2052792857142858,sl,-0.30341164085064176,1
5m+1h|thr25,short,2021-03-04 19:40:00,2021-03-04 20:05:00,1.20061,1.19798,score,0.6589157253476429,5
5m+1h|thr25,short,2021-03-04 23:55:00,2021-03-04 23:55:00,1.19719,1.1969999999999998,score,0.12205252216903048,0
5m+1h|thr25,short,2021-03-05 01:25:00,2021-03-05 01:45:00,1.19629,1.19642,score,-0.08537301622366043,4
5m+1h|thr25,short,2021-03-05 02:45:00,2021-03-05 02:50:00,1.19632,1.19664,score,-0.20627025855619782,1
5m+1h|thr25,short,2021-03-05 03:20:00,2021-03-05 03:35:00,1.19546,1.1960332142857142,sl,-0.30527077416950354,3
5m+1h|thr25,short,2021-03-05 04:25:00,2021-03-05 04:45:00,1.19553,1.1959982142857144,sl,-0.3022180664278085,4
5m+1h|thr25,short,2021-03-05 05:10:00,2021-03-05 05:20:00,1.1960300000000001,1.1962599999999999,score,-0.15780683901024398,2
5m+1h|thr25,short,2021-03-05 06:45:00,2021-03-05 07:05:00,1.1956,1.1958689285714286,sl,-0.29761781737342796,4
5m+1h|thr25,short,2021-03-05 07:55:00,2021-03-05 07:55:00,1.1958600000000001,1.196119285714286,sl,-0.29464163919969366,0
5m+1h|thr25,short,2021-03-05 08:45:00,2021-03-05 08:55:00,1.1956,1.19539,score,0.18931213135868005,2
5m+1h|thr25,short,2021-03-05 15:45:00,2021-03-05 16:05:00,1.19222,1.19345,score,-0.2751342196336143,4
5m+1h|thr25,short,2021-03-05 17:10:00,2021-03-05 17:30:00,1.19201,1.19217,score,-0.030934230024293456,4
5m+1h|thr25,short,2021-03-05 20:50:00,2021-03-05 21:00:00,1.19121,1.19146,score,-0.1038128441741605,2
5m+1h|thr25,short,2021-03-08 01:00:00,2021-03-08 01:00:00,1.1917600000000002,1.1920942857142858,sl,-0.28948953118296283,0
5m+1h|thr25,short,2021-03-08 01:20:00,2021-03-08 01:20:00,1.19269,1.1931325,sl,-0.28659463587113315,0
5m+1h|thr25,short,2021-03-08 02:55:00,2021-03-08 03:05:00,1.19289,1.19281,score,0.041867738109914295,2
5m+1h|thr25,short,2021-03-08 03:40:00,2021-03-08 03:45:00,1.1923000000000001,1.19265,score,-0.21192117165559954,1
5m+1h|thr25,long,2021-03-08 04:25:00,2021-03-08 04:25:00,1.19221,1.1917728571428572,sl,-0.282028155176965,0
5m+1h|thr25,long,2021-03-08 04:45:00,2021-03-08 04:45:00,1.19076,1.1902328571428573,sl,-0.27920787362519534,0
5m+1h|thr25,short,2021-03-08 08:15:00,2021-03-08 08:20:00,1.19102,1.19084,score,0.1455732085935777,1
5m+1h|thr25,short,2021-03-08 08:55:00,2021-03-08 08:55:00,1.19002,1.18929,score,0.49431627601115985,0
5m+1h|thr25,short,2021-03-08 13:10:00,2021-03-08 13:25:00,1.1876900000000001,1.18787,score,-0.08394499624634272,3
5m+1h|thr25,short,2021-03-08 14:15:00,2021-03-08 14:20:00,1.18639,1.1870435714285714,sl,-0.2819752397725273,1
5m+1h|thr25,short,2021-03-08 15:40:00,2021-03-08 15:40:00,1.18653,1.1872125000000002,sl,-0.279155487374802,0
5m+1h|thr25,short,2021-03-08 16:20:00,2021-03-08 16:35:00,1.18746,1.18777,score,-0.1046613845597305,3
5m+1h|thr25,short,2021-03-08 17:00:00,2021-03-08 17:00:00,1.1878600000000001,1.1880199999999999,score,-0.04947539460787338,0
5m+1h|thr25,short,2021-03-08 17:30:00,2021-03-08 17:35:00,1.1879,1.18743,score,0.13500055810282996,1
5m+1h|thr25,short,2021-03-08 18:00:00,2021-03-08 18:35:00,1.18573,1.18559,score,0.040140766612479256,7
5m+1h|thr25,short,2021-03-08 21:15:00,2021-03-08 21:20:00,1.1854500000000001,1.18547,score,-0.012034298963089248,1
5m+1h|thr25,short,2021-03-08 22:30:00,2021-03-08 22:55:00,1.1849,1.18459,score,0.1955678526090702,5
5m+1h|thr25,short,2021-03-09 01:20:00,2021-03-09 01:30:00,1.18502,1.1852399999999998,score,-0.21410753696822116,2
5m+1h|thr25,short,2021-03-09 01:45:00,2021-03-09 01:45:00,1.18497,1.1852410714285715,sl,-0.27626823812330864,0
5m+1h|thr25,short,2021-03-09 02:40:00,2021-03-09 03:00:00,1.18417,1.1846017857142856,sl,-0.2735055557420756,4
5m+1h|thr25,short,2021-03-09 05:25:00,2021-03-09 05:50:00,1.18598,1.18641,score,-0.19794030493154482,5
5m+1h|thr25,long,2021-03-09 06:45:00,2021-03-09 06:50:00,1.18566,1.18568,score,0.011946270983869493,1
5m+1h|thr25,long,2021-03-09 07:45:00,2021-03-09 07:50:00,1.1855799999999999,1.1855900000000001,score,0.008995813232834063,1
5m+1h|thr25,long,2021-03-09 09:05:00,2021-03-09 09:05:00,1.1855099999999998,1.18557,score,0.03478990532744813,0
5m+1h|thr25,long,2021-03-09 09:15:00,2021-03-09 09:35:00,1.1863299999999999,1.18757,score,0.6562650553901291,4
5m+1h|thr25,long,2021-03-09 10:35:00,2021-03-09 10:40:00,1.1888699999999999,1.18835,score,-0.16153056469770216,1
5m+1h|thr25,long,2021-03-09 10:50:00,2021-03-09 11:00:00,1.1894799999999999,1.1896200000000001,score,0.04068253449859071,2
5m+1h|thr25,long,2021-03-09 11:55:00,2021-03-09 12:05:00,1.19066,1.19043,score,-0.07244408935708027,2
5m+1h|thr25,long,2021-03-09 12:55:00,2021-03-09 12:55:00,1.1905999999999999,1.189915357142857,sl,-0.27397814638912027,0
5m+1h|thr25,long,2021-03-09 13:15:00,2021-03-09 13:30:00,1.19078,1.19095,score,0.06423356303701433,3
5m+1h|thr25,long,2021-03-09 23:10:00,2021-03-09 23:15:00,1.19015,1.19002,score,-0.09318698211131436,1
5m+1h|thr25,long,2021-03-09 23:25:00,2021-03-09 23:30:00,1.1899199999999999,1.18999,score,0.051609301092477966,1
5m+1h|thr25,long,2021-03-10 00:05:00,2021-03-10 00:05:00,1.18966,1.18977,score,0.08197176128784747,0
5m+1h|thr25,long,2021-03-10 00:20:00,2021-03-10 00:25:00,1.1893399999999998,1.18944,score,0.0698165747073809,1
5m+1h|thr25,long,2021-03-10 00:50:00,2021-03-10 01:00:00,1.19015,1.1900300000000001,score,-0.07740271998929192,2
5m+1h|thr25,short,2021-03-10 09:40:00,2021-03-10 09:45:00,1.18804,1.1885285714285714,sl,-0.2722087799054702,1
5m+1h|thr25,short,2021-03-10 11:10:00,2021-03-10 11:50:00,1.18972,1.1897199999999999,score,7.426710329242047e-14,8
5m+1h|thr25,long,2021-03-10 12:05:00,2021-03-10 12:10:00,1.19011,1.18981,score,-0.13331497136002732,1
5m+1h|thr25,long,2021-03-10 12:30:00,2021-03-10 12:30:00,1.19004,1.1894817857142856,sl,-0.268153542392816,0
5m+1h|thr25,long,2021-03-10 12:40:00,2021-03-10 12:55:00,1.1895799999999999,1.18946,score,-0.05652635889826901,3
5m+1h|thr25,long,2021-03-10 13:25:00,2021-03-10 13:30:00,1.1893,1.18917,score,-0.0709536825535394,1
5m+1h|thr25,long,2021-03-10 13:40:00,2021-03-10 13:45:00,1.18868,1.18877,score,0.04575786670228019,1
5m+1h|thr25,long,2021-03-10 17:15:00,2021-03-10 17:25:00,1.19031,1.1892321428571428,sl,-0.26465478522139246,2
5m+1h|thr25,long,2021-03-10 20:10:00,2021-03-10 20:10:00,1.19213,1.1914357142857142,sl,-0.26200823736917866,0
5m+1h|thr25,long,2021-03-10 21:05:00,2021-03-10 21:25:00,1.19167,1.19199,score,0.09178980524328785,4
5m+1h|thr25,long,2021-03-10 21:50:00,2021-03-10 21:55:00,1.1923599999999999,1.192,score,-0.19436185294239394,1
5m+1h|thr25,long,2021-03-10 22:45:00,2021-03-10 22:50:00,1.1924599999999999,1.19234,score,-0.070064389021921,1
5m+1h|thr25,long,2021-03-10 23:00:00,2021-03-10 23:00:00,1.1927299999999998,1.19251,score,-0.13031171020275056,0
5m+1h|thr25,long,2021-03-10 23:25:00,2021-03-10 23:30:00,1.19294,1.1928,score,-0.09598147089030072,1
5m+1h|thr25,long,2021-03-11 05:45:00,2021-03-11 06:10:00,1.19305,1.1927392857142856,sl,-0.25539885881734603,5
5m+1h|thr25,long,2021-03-11 06:15:00,2021-03-11 06:25:00,1.19275,1.1927,score,-0.040271082857785336,2
5m+1h|thr25,long,2021-03-11 06:45:00,2021-03-11 06:50:00,1.19264,1.19263,score,-0.008384792957422293,1
5m+1h|thr25,long,2021-03-11 10:25:00,2021-03-11 10:45:00,1.19465,1.19661,score,0.6739379140404129,4
5m+1h|thr25,long,2021-03-11 12:00:00,2021-03-11 12:00:00,1.19642,1.19619,score,-0.0957308736395473,0
5m+1h|thr25,long,2021-03-11 12:20:00,2021-03-11 12:20:00,1.19648,1.1961600000000001,score,-0.15543936973112382,0
5m+1h|thr25,long,2021-03-11 12:45:00,2021-03-11 12:55:00,1.19641,1.19625,score,-0.09058354822975903,2
5m+1h|thr25,long,2021-03-11 13:10:00,2021-03-11 13:25:00,1.1965599999999998,1.19627,score,-0.17387963483131846,3
5m+1h|thr25,long,2021-03-11 13:45:00,2021-03-11 13:55:00,1.1963,1.19636,score,0.03393965621832054,2
5m+1h|thr25,long,2021-03-11 20:05:00,2021-03-11 20:15:00,1.19881,1.1979689285714286,sl,-0.25428075290929036,2
5m+1h|thr25,long,2021-03-11 21:40:00,2021-03-11 21:45:00,1.19816,1.1981,score,-0.03139716022556409,1
5m+1h|thr25,long,2021-03-11 22:20:00,2021-03-11 22:30:00,1.19879,1.19883,score,0.027050417928102366,2
5m+1h|thr25,short,2021-03-12 14:30:00,2021-03-12 14:45:00,1.19262,1.1932007142857144,sl,-0.25169447795722283,3
5m+1h|thr25,short,2021-03-12 15:05:00,2021-03-12 15:15:00,1.1933,1.19343,score,-0.06285559395470913,2
5m+1h|thr25,short,2021-03-12 16:25:00,2021-03-12 16:35:00,1.19252,1.1924599999999999,score,0.014998645178204009,2
5m+1h|thr25,short,2021-03-12 17:35:00,2021-03-12 17:40:00,1.1920300000000001,1.1929717857142859,sl,-0.2486989636898856,1
5m+1h|thr25,short,2021-03-12 19:05:00,2021-03-12 19:10:00,1.195,1.19554,score,-0.18329517713840499,1
5m+1h|thr25,long,2021-03-12 20:05:00,2021-03-12 20:10:00,1.19479,1.19486,score,0.032189709924192886,1
5m+1h|thr25,long,2021-03-12 20:35:00,2021-03-12 20:40:00,1.19549,1.19523,score,-0.12715365403943743,1
5m+1h|thr25,long,2021-03-12 20:55:00,2021-03-12 20:55:00,1.1955,1.19517,score,-0.16263828614936524,0
5m+1h|thr25,long,2021-03-12 21:45:00,2021-03-12 21:50:00,1.19508,1.19516,score,0.05538228220382389,1
5m+1h|thr25,long,2021-03-12 22:00:00,2021-03-12 22:05:00,1.19494,1.19514,score,0.1370907280491967,1
5m+1h|thr25,long,2021-03-12 22:30:00,2021-03-12 22:50:00,1.19543,1.1956,score,0.12237805856417129,4
5m+1h|thr25,long,2021-03-12 23:40:00,2021-03-15 00:00:00,1.1953099999999999,1.1949242857142857,sl,-0.24495151066712853,3
5m+1h|thr25,long,2021-03-15 00:05:00,2021-03-15 00:05:00,1.1952099999999999,1.1948232142857143,sl,-0.24250199556045726,0
5m+1h|thr25,long,2021-03-15 00:35:00,2021-03-15 00:40:00,1.19447,1.1947,score,0.12212446468374993,1
5m+1h|thr25,long,2021-03-15 03:10:00,2021-03-15 03:35:00,1.19543,1.19615,score,0.38699857758740464,5
5m+1h|thr25,long,2021-03-15 04:25:00,2021-03-15 04:25:00,1.19528,1.1947357142857142,sl,-0.24516820602756423,0
5m+1h|thr25,short,2021-03-15 15:20:00,2021-03-15 15:20:00,1.19198,1.192,score,-0.007501172926107359,0
5m+1h|thr25,short,2021-03-15 15:30:00,2021-03-15 15:30:00,1.1921300000000001,1.19258,score,-0.16928477597995703,0
5m+1h|thr25,short,2021-03-15 16:45:00,2021-03-15 16:50:00,1.19198,1.1926807142857143,sl,-0.24094866447822794,1
5m+1h|thr25,short,2021-03-15 17:20:00,2021-03-15 17:30:00,1.1932,1.19162,score,0.570122810769909,2
5m+1h|thr25,short,2021-03-15 17:55:00,2021-03-15 17:55:00,1.19214,1.1916,score,0.1613331121813188,0
5m+1h|thr25,short,2021-03-15 21:35:00,2021-03-15 21:40:00,1.19224,1.1925582142857143,sl,-0.24585373706295793,1
5m+1h|thr25,short,2021-03-15 22:20:00,2021-03-15 22:50:00,1.19305,1.1931399999999999,score,-0.06659673216332668,6
5m+1h|thr25,short,2021-03-16 00:05:00,2021-03-16 00:15:00,1.19277,1.19276,score,0.005355727743438505,2
5m+1h|thr25,long,2021-03-16 04:15:00,2021-03-16 04:25:00,1.1924299999999999,1.19249,score,0.039638006473268775,2
5m+1h|thr25,long,2021-03-16 06:35:00,2021-03-16 06:50:00,1.19383,1.19371,score,-0.09456967711044086,3
5m+1h|thr25,long,2021-03-16 07:40:00,2021-03-16 07:50:00,1.19381,1.19355,score,-0.23895117656032475,2
5m+1h|thr25,long,2021-03-16 08:00:00,2021-03-16 08:00:00,1.19354,1.1932657142857144,sl,-0.2398439611761545,0
5m+1h|thr25,long,2021-03-16 08:45:00,2021-03-16 08:45:00,1.19282,1.19305,score,0.13273864226342133,0
5m+1h|thr25,long,2021-03-16 12:15:00,2021-03-16 12:40:00,1.19336,1.19436,score,0.34985041463308747,5
5m+1h|thr25,long,2021-03-16 13:30:00,2021-03-16 13:35:00,1.1948999999999999,1.19473,score,-0.08657747160308778,1
5m+1h|thr25,long,2021-03-16 14:25:00,2021-03-16 14:25:00,1.19428,1.1937753571428573,sl,-0.2414056374173272,0
5m+1h|thr25,short,2021-03-16 19:20:00,2021-03-16 19:25:00,1.1902300000000001,1.1906299999999999,score,-0.15304206447580027,1
5m+1h|thr25,short,2021-03-16 19:45:00,2021-03-16 20:00:00,1.19046,1.19075,score,-0.1201361135473237,3
5m+1h|thr25,short,2021-03-16 21:40:00,2021-03-16 21:50:00,1.1905400000000002,1.1907299999999998,score,-0.10939096014594178,2
5m+1h|thr25,short,2021-03-16 22:50:00,2021-03-16 23:00:00,1.19019,1.1904064285714286,sl,-0.2351658896614633,2
5m+1h|thr25,short,2021-03-16 23:25:00,2021-03-16 23:30:00,1.19011,1.19042,score,-0.22528734927970626,1
5m+1h|thr25,short,2021-03-17 00:30:00,2021-03-17 00:40:00,1.19018,1.19045,score,-0.2067667687991582,2
5m+1h|thr25,short,2021-03-17 01:25:00,2021-03-17 01:25:00,1.19025,1.1902899999999998,score,-0.04687050042729934,0
5m+1h|thr25,short,2021-03-17 03:10:00,2021-03-17 03:15:00,1.1900600000000001,1.18973,score,0.20181521623736545,1
5m+1h|thr25,short,2021-03-17 03:35:00,2021-03-17 03:50:00,1.18936,1.1897339285714286,sl,-0.23004313674216065,3
5m+1h|thr25,short,2021-03-17 05:20:00,2021-03-17 05:45:00,1.19028,1.19006,score,0.19244102402039767,5
5m+1h|thr25,short,2021-03-17 07:15:00,2021-03-17 07:20:00,1.1902000000000001,1.19017,score,0.03633152111446831,1
5m+1h|thr25,short,2021-03-17 09:35:00,2021-03-17 09:40:00,1.18995,1.18969,score,0.14728421604353217,1
5m+1h|thr25,long,2021-03-17 12:25:00,2021-03-17 12:40:00,1.19129,1.1912800000000001,score,-0.004738371084445643,3
5m+1h|thr25,long,2021-03-17 13:10:00,2021-03-17 13:10:00,1.19069,1.1902667857142857,sl,-0.23145588927567856,0
5m+1h|thr25,long,2021-03-17 17:35:00,2021-03-17 17:45:00,1.19055,1.19025,score,-0.14289437084010562,2
5m+1h|thr25,long,2021-03-17 18:05:00,2021-03-17 18:20:00,1.19034,1.18991,score,-0.15949139822923808,3
5m+1h|thr25,long,2021-03-17 21:35:00,2021-03-17 21:50:00,1.19808,1.19722,score,-0.1342433121900701,3
5m+1h|thr25,long,2021-03-17 22:10:00,2021-03-17 22:20:00,1.198,1.19794,score,-0.012150002138926906,2
5m+1h|thr25,long,2021-03-18 09:30:00,2021-03-18 09:35:00,1.19644,1.1957360714285714,sl,-0.22465353954893838,1
5m+1h|thr25,short,2021-03-18 18:25:00,2021-03-18 18:40:00,1.19356,1.1925999999999999,score,0.24571723270224427,3
5m+1h|thr25,short,2021-03-18 19:20:00,2021-03-18 19:20:00,1.19236,1.19285,score,-0.1694199067167209,0
5m+1h|thr25,short,2021-03-18 20:50:00,2021-03-18 21:00:00,1.19191,1.19145,score,0.16605599705858612,2
5m+1h|thr25,short,2021-03-19 00:40:00,2021-03-19 00:55:00,1.19187,1.19176,score,0.07643245641752057,3
5m+1h|thr25,short,2021-03-19 02:50:00,2021-03-19 03:20:00,1.19075,1.19041,score,0.18989063534444198,6
5m+1h|thr25,short,2021-03-19 07:00:00,2021-03-19 07:05:00,1.19181,1.1915799999999999,score,0.1822213765998087,1
5m+1h|thr25,short,2021-03-19 07:40:00,2021-03-19 07:50:00,1.19137,1.1916453571428571,sl,-0.22931598206750786,2
5m+1h|thr25,short,2021-03-19 08:50:00,2021-03-19 08:50:00,1.19234,1.1927739285714285,sl,-0.22702282224683282,0
5m+1h|thr25,long,2021-03-19 09:20:00,2021-03-19 09:25:00,1.19286,1.19244,score,-0.1616569116653075,1
5m+1h|thr25,long,2021-03-19 09:35:00,2021-03-19 09:45:00,1.19299,1.19302,score,0.010809357607976883,2
5m+1h|thr25,long,2021-03-19 10:00:00,2021-03-19 10:05:00,1.19328,1.19338,score,0.03133250785744499,1
5m+1h|thr25,long,2021-03-19 10:55:00,2021-03-19 11:10:00,1.19241,1.1917253571428572,sl,-0.22355744356236562,3
5m+1h|thr25,long,2021-03-19 11:20:00,2021-03-19 11:25:00,1.19133,1.19096,score,-0.12976200136690985,1
5m+1h|thr25,short,2021-03-19 15:45:00,2021-03-19 16:05:00,1.18778,1.1879499999999998,score,-0.03150768428931719,4
5m+1h|thr25,short,2021-03-19 18:05:00,2021-03-19 18:30:00,1.1905700000000001,1.1904299999999999,score,0.047847775294478666,5
5m+1h|thr25,short,2021-03-19 19:25:00,2021-03-19 19:30:00,1.19075,1.19067,score,0.03543249540606299,1
5m+1h|thr25,short,2021-03-19 20:20:00,2021-03-19 20:20:00,1.1907400000000001,1.19085,score,-0.07053678950452748,0
5m+1h|thr25,long,2021-03-19 21:25:00,2021-03-19 21:30:00,1.19068,1.19076,score,0.051944514753623494,1
5m+1h|thr25,long,2021-03-19 21:40:00,2021-03-19 21:45:00,1.19096,1.19072,score,-0.16675593141703968,1
5m+1h|thr25,long,2021-03-19 22:00:00,2021-03-19 22:05:00,1.19058,1.1906400000000001,score,0.0412341939505109,1
5m+1h|thr25,short,2021-03-22 03:30:00,2021-03-22 03:30:00,1.18774,1.1882017857142857,sl,-0.21910083485501075,0
5m+1h|thr25,short,2021-03-22 04:30:00,2021-03-22 04:45:00,1.18863,1.18889,score,-0.12744984156311073,3
5m+1h|thr25,short,2021-03-22 05:25:00,2021-03-22 05:40:00,1.1895200000000001,1.1898,score,-0.16477397390172963,3
5m+1h|thr25,short,2021-03-22 07:20:00,2021-03-22 07:25:00,1.18919,1.1894364285714285,sl,-0.21398758835181225,1
5m+1h|thr25,short,2021-03-22 08:25:00,2021-03-22 08:30:00,1.1891100000000001,1.1889399999999999,score,0.09363000105390802,1
5m+1h|thr25,short,2021-03-22 08:40:00,2021-03-22 08:40:00,1.18912,1.1886299999999999,score,0.23005489765248005,0
5m+1h|thr25,long,2021-03-22 12:05:00,2021-03-22 12:25:00,1.19027,1.19086,score,0.20420672156569994,4
5m+1h|thr25,long,2021-03-22 12:55:00,2021-03-22 13:15:00,1.19082,1.19205,score,0.49456620975068516,4
5m+1h|thr25,long,2021-03-22 13:25:00,2021-03-22 13:25:00,1.19279,1.1923700000000002,score,-0.15856527865433148,0
5m+1h|thr25,long,2021-03-22 14:50:00,2021-03-22 15:00:00,1.1921599999999999,1.19204,score,-0.04339983032329968,2
5m+1h|thr25,long,2021-03-22 15:20:00,2021-03-22 15:20:00,1.1927299999999998,1.1923700000000002,score,-0.11118449162707772,0
5m+1h|thr25,long,2021-03-22 15:30:00,2021-03-22 15:40:00,1.1920899999999999,1.1914010714285714,sl,-0.21894079476247483,2
5m+1h|thr25,long,2021-03-22 18:50:00,2021-03-22 19:00:00,1.19372,1.1935900000000002,score,-0.052598336533630344,2
5m+1h|thr25,long,2021-03-22 19:20:00,2021-03-22 19:25:00,1.19441,1.19408,score,-0.14291292760177093,1
5m+1h|thr25,short,2021-03-23 13:15:00,2021-03-23 13:20:00,1.18836,1.18811,score,0.06620757019881257,1
5m+1h|thr25,short,2021-03-23 13:40:00,2021-03-23 14:00:00,1.18795,1.18838,score,-0.14014686831442644,4
5m+1h|thr25,short,2021-03-23 14:40:00,2021-03-23 14:40:00,1.18878,1.18926,score,-0.17341316957355546,0
5m+1h|thr25,short,2021-03-23 14:55:00,2021-03-23 15:05:00,1.18912,1.1885299999999999,score,0.21611656325839965,2
5m+1h|thr25,short,2021-03-23 15:45:00,2021-03-23 15:50:00,1.188,1.1875799999999999,score,0.12935029958562472,1
5m+1h|thr25,short,2021-03-23 16:15:00,2021-03-23 16:30:00,1.18685,1.1870399999999999,score,-0.051224268827515705,3
5m+1h|thr25,short,2021-03-23 17:55:00,2021-03-23 17:55:00,1.18653,1.1870935714285715,sl,-0.21526517543676954,0
5m+1h|thr25,short,2021-03-23 18:05:00,2021-03-23 18:05:00,1.18656,1.18666,score,-0.0339428365364465,0
5m+1h|thr25,short,2021-03-23 18:50:00,2021-03-23 19:00:00,1.18625,1.1862599999999999,score,-0.003298807679282241,2
5m+1h|thr25,short,2021-03-23 20:15:00,2021-03-23 20:25:00,1.1856,1.18532,score,0.1105289887848828,2
5m+1h|thr25,short,2021-03-23 20:40:00,2021-03-23 20:55:00,1.1852500000000001,1.18522,score,0.012658924142971251,3
5m+1h|thr25,short,2021-03-23 22:15:00,2021-03-23 22:30:00,1.1847100000000002,1.1847999999999999,score,-0.046086273987117454,3
5m+1h|thr25,short,2021-03-23 23:40:00,2021-03-23 23:40:00,1.18507,1.1853,score,-0.1450434215373731,0
5m+1h|thr25,short,2021-03-23 23:50:00,2021-03-23 23:55:00,1.18506,1.18486,score,0.12487275086430424,1
5m+1h|thr25,short,2021-03-24 01:35:00,2021-03-24 01:45:00,1.18441,1.18414,score,0.20754429754667214,2
5m+1h|thr25,short,2021-03-24 04:00:00,2021-03-24 04:15:00,1.18475,1.1845999999999999,score,0.07811886110310697,3
5m+1h|thr25,short,2021-03-24 06:00:00,2021-03-24 06:10:00,1.18482,1.18475,score,0.05860103113117589,2
5m+1h|thr25,short,2021-03-24 07:00:00,2021-03-24 07:00:00,1.18456,1.18427,score,0.23373528786521575,0
5m+1h|thr25,short,2021-03-24 07:15:00,2021-03-24 07:20:00,1.18435,1.1841599999999999,score,0.1339719161196741,1
5m+1h|thr25,short,2021-03-24 07:35:00,2021-03-24 07:40:00,1.1842700000000002,1.18418,score,0.05953712859267961,1
5m+1h|thr25,short,2021-03-24 07:55:00,2021-03-24 07:55:00,1.18407,1.1841199999999998,score,-0.03284865212359727,0
5m+1h|thr25,short,2021-03-24 15:05:00,2021-03-24 15:05:00,1.18285,1.18282,score,0.011615579769742028,0
5m+1h|thr25,short,2021-03-24 15:45:00,2021-03-24 16:00:00,1.18249,1.1827699999999999,score,-0.07829793866825971,3
5m+1h|thr25,short,2021-03-24 17:10:00,2021-03-24 17:25:00,1.1828,1.18281,score,-0.0036028171794847195,3
5m+1h|thr25,short,2021-03-24 17:55:00,2021-03-24 18:05:00,1.1829,1.1835010714285714,sl,-0.21999316386449047,2
5m+1h|thr25,short,2021-03-24 18:20:00,2021-03-24 18:20:00,1.1832200000000002,1.1834,score,-0.059014940345031186,0
5m+1h|thr25,short,2021-03-24 18:45:00,2021-03-24 18:50:00,1.18344,1.18257,score,0.2944389035923303,1
5m+1h|thr25,short,2021-03-24 19:10:00,2021-03-24 19:40:00,1.18248,1.18258,score,-0.036110891693226205,6
5m+1h|thr25,short,2021-03-25 02:10:00,2021-03-25 02:10:00,1.1812,1.1814442857142857,sl,-0.21978636294138632,0
5m+1h|thr25,short,2021-03-25 03:05:00,2021-03-25 03:05:00,1.18144,1.1812799999999999,score,0.10759343012346886,0
5m+1h|thr25,short,2021-03-25 03:45:00,2021-03-25 04:00:00,1.18096,1.181422857142857,sl,-0.21866443361320712,3
5m+1h|thr25,short,2021-03-25 04:35:00,2021-03-25 04:55:00,1.18215,1.1824599999999998,score,-0.12602462849924193,4
5m+1h|thr25,long,2021-03-25 06:20:00,2021-03-25 06:30:00,1.18213,1.18219,score,0.044803652072818945,2
5m+1h|thr25,long,2021-03-25 06:50:00,2021-03-25 06:50:00,1.18207,1.18205,score,-0.013693052667414897,0
5m+1h|thr25,short,2021-03-25 07:40:00,2021-03-25 07:45:00,1.1823700000000001,1.18215,score,0.1742331335636985,1
5m+1h|thr25,long,2021-03-25 08:05:00,2021-03-25 08:10:00,1.18164,1.18177,score,0.08136485271306416,1
5m+1h|thr25,long,2021-03-25 08:30:00,2021-03-25 08:35:00,1.18154,1.1817,score,0.08061214003653099,1
5m+1h|thr25,short,2021-03-25 16:55:00,2021-03-25 17:05:00,1.17957,1.1790399999999999,score,0.14341451362914273,2
5m+1h|thr25,short,2021-03-25 20:55:00,2021-03-25 21:00:00,1.17801,1.1774499999999999,score,0.28717326347849154,1
5m+1h|thr25,short,2021-03-25 21:40:00,2021-03-25 21:40:00,1.1766100000000002,1.177069642857143,sl,-0.22319662802034596,0
5m+1h|thr25,short,2021-03-25 23:45:00,2021-03-26 00:00:00,1.1767100000000001,1.17692,score,-0.081561344069743,3
5m+1h|thr25,short,2021-03-26 01:10:00,2021-03-26 01:15:00,1.1772,1.17744,score,-0.18538867225226358,1
5m+1h|thr25,short,2021-03-26 01:45:00,2021-03-26 01:45:00,1.17745,1.17766,score,-0.16456096795789402,0
5m+1h|thr25,short,2021-03-26 02:00:00,2021-03-26 02:00:00,1.1775200000000001,1.1777717857142858,sl,-0.2166495518973435,0
5m+1h|thr25,short,2021-03-26 03:10:00,2021-03-26 03:35:00,1.17798,1.17835,score,-0.15826527521933356,5
5m+1h|thr25,short,2021-03-26 04:45:00,2021-03-26 05:05:00,1.17777,1.17814,score,-0.22211965574696155,4
5m+1h|thr25,short,2021-03-26 06:30:00,2021-03-26 06:35:00,1.17778,1.1776499999999999,score,0.11065978553121565,1
5m+1h|thr25,short,2021-03-26 06:50:00,2021-03-26 07:00:00,1.17743,1.1777032142857142,sl,-0.21178580492401924,2
5m+1h|thr25,short,2021-03-26 08:20:00,2021-03-26 08:25:00,1.17824,1.1785464285714284,sl,-0.20966794687477908,1
5m+1h|thr25,long,2021-03-26 09:10:00,2021-03-26 09:15:00,1.17784,1.17807,score,0.10789015029014232,1
5m+1h|thr25,long,2021-03-26 09:25:00,2021-03-26 09:30:00,1.17842,1.17805,score,-0.1630177790268498,1
5m+1h|thr25,long,2021-03-26 09:45:00,2021-03-26 10:00:00,1.1785299999999999,1.1780714285714284,sl,-0.20701999111866418,3
5m+1h|thr25,long,2021-03-26 10:10:00,2021-03-26 10:15:00,1.1779,1.17807,score,0.052534249119412915,1
5m+1h|thr25,long,2021-03-26 10:35:00,2021-03-26 10:35:00,1.17788,1.17821,score,0.10495247293396326,0
5m+1h|thr25,long,2021-03-26 10:45:00,2021-03-26 11:05:00,1.1784999999999999,1.1785,score,6.859055626398659e-14,4
5m+1h|thr25,long,2021-03-26 11:20:00,2021-03-26 11:25:00,1.179,1.179,score,0.0,1
5m+1h|thr25,long,2021-03-26 11:45:00,2021-03-26 11:45:00,1.17964,1.17946,score,-0.057539208318274346,0
5m+1h|thr25,long,2021-03-26 12:30:00,2021-03-26 12:45:00,1.17871,1.178158214285714,sl,-0.2059492663448293,3
5m+1h|thr25,long,2021-03-26 13:35:00,2021-03-26 13:35:00,1.17749,1.17745,score,-0.015502820537818335,0
5m+1h|thr25,long,2021-03-26 16:05:00,2021-03-26 16:10:00,1.17879,1.17856,score,-0.06412765204619983,1
5m+1h|thr25,long,2021-03-26 16:25:00,2021-03-26 16:25:00,1.17807,1.17832,score,0.0780699770834345,0
5m+1h|thr25,long,2021-03-26 16:40:00,2021-03-26 16:50:00,1.17885,1.1781610714285713,sl,-0.20387416872637512,2
5m+1h|thr25,long,2021-03-26 17:00:00,2021-03-26 17:05:00,1.17908,1.1788,score,-0.08203160953786953,1
5m+1h|thr25,long,2021-03-26 17:20:00,2021-03-26 17:25:00,1.17937,1.17904,score,-0.09734694051991385,1
5m+1h|thr25,long,2021-03-26 17:40:00,2021-03-26 17:50:00,1.1798199999999999,1.17961,score,-0.0636496132167633,2
5m+1h|thr25,long,2021-03-26 18:40:00,2021-03-26 18:45:00,1.17991,1.1792810714285715,sl,-0.19940514540636592,1
5m+1h|thr25,long,2021-03-26 19:15:00,2021-03-26 19:25:00,1.1799899999999999,1.1795260714285711,sl,-0.19741109395230225,2
5m+1h|thr25,long,2021-03-26 19:30:00,2021-03-26 19:40:00,1.1795499999999999,1.17928,score,-0.11480214386755347,2
5m+1h|thr25,long,2021-03-26 19:50:00,2021-03-26 20:00:00,1.17889,1.17902,score,0.05431734409595206,2
5m+1h|thr25,long,2021-03-26 22:05:00,2021-03-26 22:10:00,1.17988,1.17972,score,-0.08408939931281581,1
5m+1h|thr25,long,2021-03-26 22:40:00,2021-03-26 22:45:00,1.17937,1.17934,score,-0.019680270828295363,1
5m+1h|thr25,long,2021-03-29 00:05:00,2021-03-29 00:10:00,1.17892,1.1788800000000001,score,-0.021924219283870866,1
5m+1h|thr25,long,2021-03-29 06:35:00,2021-03-29 06:40:00,1.17857,1.17856,score,-0.005329503924578436,1
5m+1h|thr25,short,2021-03-29 07:30:00,2021-03-29 07:30:00,1.1783000000000001,1.17821,score,0.06859004088980661,0
5m+1h|thr25,short,2021-03-29 07:45:00,2021-03-29 08:20:00,1.17806,1.1777199999999999,score,0.2703009166945336,7
5m+1h|thr25,short,2021-03-29 11:30:00,2021-03-29 11:40:00,1.1773500000000001,1.17689,score,0.10501909901731628,2
5m+1h|thr25,short,2021-03-29 12:00:00,2021-03-29 12:20:00,1.1766100000000002,1.177534642857143,sl,-0.19796100164758418,4
5m+1h|thr25,short,2021-03-29 15:10:00,2021-03-29 15:10:00,1.17811,1.1784299999999999,score,-0.10900020291833075,0
5m+1h|thr25,short,2021-03-29 15:35:00,2021-03-29 15:55:00,1.17824,1.17861,score,-0.12509757102082836,4
5m+1h|thr25,short,2021-03-29 16:30:00,2021-03-29 16:30:00,1.1787,1.1787999999999998,score,-0.03227340231520251,0
5m+1h|thr25,short,2021-03-29 17:10:00,2021-03-29 17:30:00,1.17801,1.17781,score,0.05394015980387252,4
5m+1h|thr25,short,2021-03-29 20:25:00,2021-03-29 20:45:00,1.17744,1.1774499999999999,score,-0.004786594604038871,4
5m+1h|thr25,short,2021-03-29 21:10:00,2021-03-29 21:20:00,1.177,1.17686,score,0.06526908289011567,2
5m+1h|thr25,short,2021-03-29 21:45:00,2021-03-29 22:00:00,1.17646,1.1768157142857143,sl,-0.19446190634946411,3
5m+1h|thr25,short,2021-03-30 01:20:00,2021-03-30 01:55:00,1.177,1.17681,score,0.12149370917701366,7
5m+1h|thr25,short,2021-03-30 04:45:00,2021-03-30 04:45:00,1.17675,1.1769,score,-0.0852909163927505,0
5m+1h|thr25,short,2021-03-30 05:10:00,2021-03-30 05:25:00,1.17704,1.17705,score,-0.005863866260481018,3
5m+1h|thr25,short,2021-03-30 14:10:00,2021-03-30 14:30:00,1.1730800000000001,1.1735760714285715,sl,-0.1928206765512073,4
5m+1h|thr25,short,2021-03-30 15:25:00,2021-03-30 15:25:00,1.17372,1.1733799999999999,score,0.10462270076920425,0
5m+1h|thr25,short,2021-03-30 16:05:00,2021-03-30 16:15:00,1.17297,1.1736525,sl,-0.19193869679338724,2
5m+1h|thr25,short,2021-03-30 16:50:00,2021-03-30 17:00:00,1.1714200000000001,1.172149642857143,sl,-0.19001930982545337,2
5m+1h|thr25,short,2021-03-30 18:25:00,2021-03-30 18:35:00,1.1726400000000001,1.1725299999999999,score,0.028999343319376487,2
5m+1h|thr25,short,2021-03-30 19:45:00,2021-03-30 20:10:00,1.1719,1.1718,score,0.04543888961663711,5
5m+1h|thr25,short,2021-03-30 22:20:00,2021-03-30 22:50:00,1.17208,1.17185,score,0.17781884998889988,6
5m+1h|thr25,short,2021-03-31 00:20:00,2021-03-31 00:25:00,1.1715900000000001,1.17178,score,-0.13969886746561824,1
5m+1h|thr25,short,2021-03-31 01:20:00,2021-03-31 01:25:00,1.17162,1.17187,score,-0.18870554019546737,1
5m+1h|thr25,short,2021-03-31 02:35:00,2021-03-31 02:45:00,1.17219,1.1723967857142858,sl,-0.1873576434798372,2
5m+1h|thr25,short,2021-03-31 04:40:00,2021-03-31 05:25:00,1.1714,1.1711399999999998,score,0.11630697744090888,9
5m+1h|thr25,short,2021-03-31 09:45:00,2021-03-31 10:10:00,1.17219,1.172807142857143,sl,-0.1866471368194479,5
5m+1h|thr25,long,2021-03-31 10:20:00,2021-03-31 10:25:00,1.17315,1.1736,score,0.10992617491436198,1
5m+1h|thr25,long,2021-03-31 11:20:00,2021-03-31 11:35:00,1.1739899999999999,1.1745400000000001,score,0.15850226350429142,3
5m+1h|thr25,long,2021-03-31 12:50:00,2021-03-31 12:50:00,1.17377,1.1732728571428572,sl,-0.18746494983543993,0
5m+1h|thr25,long,2021-03-31 18:25:00,2021-03-31 18:40:00,1.17373,1.17357,score,-0.028425454547343226,3
5m+1h|thr25,long,2021-03-31 19:10:00,2021-03-31 19:15:00,1.17526,1.17497,score,-0.06021148826840503,1
5m+1h|thr25,long,2021-03-31 19:40:00,2021-03-31 19:45:00,1.17496,1.17466,score,-0.08450506642892255,1
5m+1h|thr25,long,2021-03-31 20:15:00,2021-03-31 20:15:00,1.17533,1.1747632142857143,sl,-0.1838588802446388,0
5m+1h|thr25,long,2021-03-31 20:30:00,2021-03-31 20:45:00,1.17429,1.17389,score,-0.12377821883134321,3
5m+1h|thr25,short,2021-04-01 05:40:00,2021-04-01 06:00:00,1.17218,1.172555,sl,-0.18078250925387898,4
5m+1h|thr25,short,2021-04-01 10:10:00,2021-04-01 10:10:00,1.17239,1.1731110714285715,sl,-0.17897468416134021,0
5m+1h|thr25,short,2021-04-01 10:40:00,2021-04-01 10:55:00,1.17363,1.1741899999999998,score,-0.11447300441586077,3
5m+1h|thr25,long,2021-04-01 12:00:00,2021-04-01 12:05:00,1.1728399999999999,1.17328,score,0.10694355787159857,1
5m+1h|thr25,long,2021-04-01 12:20:00,2021-04-01 12:45:00,1.17408,1.17385,score,-0.053248650792786956,5
5m+1h|thr25,long,2021-04-01 13:15:00,2021-04-01 13:30:00,1.17421,1.1743400000000002,score,0.040577073806922985,3
5m+1h|thr25,long,2021-04-01 14:00:00,2021-04-01 14:10:00,1.17376,1.17372,score,-0.013006619313233127,2
5m+1h|thr25,long,2021-04-01 14:40:00,2021-04-01 14:45:00,1.17383,1.1736900000000001,score,-0.03896926445715679,1
5m+1h|thr25,long,2021-04-01 15:10:00,2021-04-01 15:35:00,1.17466,1.17504,score,0.11156079085832349,5
5m+1h|thr25,long,2021-04-01 16:05:00,2021-04-01 16:15:00,1.17532,1.1753200000000001,score,5.5929658431883296e-14,2
5m+1h|thr25,long,2021-04-01 16:30:00,2021-04-01 16:30:00,1.1760599999999999,1.17571,score,-0.07881666695293973,0
5m+1h|thr25,long,2021-04-01 17:10:00,2021-04-01 17:15:00,1.1743999999999999,1.17424,score,-0.032674172050156824,1
5m+1h|thr25,long,2021-04-01 17:55:00,2021-04-01 18:05:00,1.17628,1.17594,score,-0.06754869405409936,2
5m+1h|thr25,long,2021-04-01 18:15:00,2021-04-01 18:25:00,1.17657,1.1764400000000002,score,-0.026202690671614428,2
5m+1h|thr25,long,2021-04-01 19:20:00,2021-04-01 19:20:00,1.17788,1.177269285714286,sl,-0.17552635391801738,0
5m+1h|thr25,long,2021-04-02 07:25:00,2021-04-02 07:30:00,1.17769,1.17764,score,-0.0335095766569875,1
5m+1h|thr25,long,2021-04-02 07:45:00,2021-04-02 07:45:00,1.17771,1.17764,score,-0.05473986303384812,0
5m+1h|thr25,long,2021-04-02 08:10:00,2021-04-02 08:20:00,1.1779899999999999,1.1778089285714284,sl,-0.17288859598192888,2
5m+1h|thr25,long,2021-04-02 08:45:00,2021-04-02 08:55:00,1.17778,1.1776900000000001,score,-0.07261321031233955,2
5m+1h|thr25,long,2021-04-02 12:30:00,2021-04-02 12:35:00,1.17844,1.17826,score,-0.0870299121287755,1
5m+1h|thr25,long,2021-04-02 12:50:00,2021-04-02 13:00:00,1.1780199999999998,1.17804,score,0.010990212514741337,2
5m+1h|thr25,long,2021-04-02 13:20:00,2021-04-02 13:20:00,1.1778899999999999,1.1778,score,-0.056557726974235445,0
5m+1h|thr25,long,2021-04-02 13:30:00,2021-04-02 13:35:00,1.1778,1.1776200000000001,score,-0.11318755941711996,1
5m+1h|thr25,short,2021-04-02 19:30:00,2021-04-02 19:35:00,1.1758600000000001,1.17613,score,-0.15010596975468818,1
5m+1h|thr25,short,2021-04-02 19:50:00,2021-04-02 20:05:00,1.1759600000000001,1.1761,score,-0.08564051180784667,3
5m+1h|thr25,short,2021-04-02 20:45:00,2021-04-02 20:50:00,1.17607,1.1762299999999999,score,-0.1454842782999056,1
5m+1h|thr25,short,2021-04-02 22:25:00,2021-04-02 22:25:00,1.17626,1.17645,score,-0.11834002667320936,0
5m+1h|thr25,short,2021-04-02 22:35:00,2021-04-02 22:35:00,1.17628,1.1760899999999999,score,0.12676223792843555,0
5m+1h|thr25,short,2021-04-02 23:10:00,2021-04-02 23:25:00,1.1759300000000001,1.1761410714285716,sl,-0.1642476425728602,3
5m+1h|thr25,short,2021-04-05 00:10:00,2021-04-05 00:55:00,1.17578,1.17551,score,0.11608074183874606,9
5m+1h|thr25,short,2021-04-05 02:50:00,2021-04-05 02:50:00,1.1764000000000001,1.17656,score,-0.09091345248737019,0
5m+1h|thr25,short,2021-04-05 04:45:00,2021-04-05 04:45:00,1.17669,1.1769857142857143,sl,-0.16285683904064538,0
5m+1h|thr25,short,2021-04-05 05:00:00,2021-04-05 05:20:00,1.17693,1.17686,score,0.03644837491057078,4
5m+1h|thr25,long,2021-04-05 06:00:00,2021-04-05 06:05:00,1.1766999999999999,1.17666,score,-0.026116000710890975,1
5m+1h|thr25,long,2021-04-05 06:25:00,2021-04-05 06:35:00,1.17706,1.1769100000000001,score,-0.09906325971445351,2
5m+1h|thr25,long,2021-04-05 07:20:00,2021-04-05 07:25:00,1.17649,1.1763014285714286,sl,-0.16034096179509122,1
5m+1h|thr25,short,2021-04-05 12:55:00,2021-04-05 13:00:00,1.17415,1.1738899999999999,score,0.10083851482114968,1
5m+1h|thr25,short,2021-04-05 14:40:00,2021-04-05 14:55:00,1.1756900000000001,1.1759199999999999,score,-0.11948476612934197,3
5m+1h|thr25,short,2021-04-05 15:50:00,2021-04-05 16:10:00,1.1776900000000001,1.178232142857143,sl,-0.15855108966405834,4
5m+1h|thr25,long,2021-04-05 16:50:00,2021-04-05 17:05:00,1.17947,1.18032,score,0.27129853120298364,3
5m+1h|thr25,long,2021-04-05 18:20:00,2021-04-05 18:35:00,1.18101,1.1811500000000001,score,0.03398154023846038,3
5m+1h|thr25,long,2021-04-05 19:35:00,2021-04-05 19:35:00,1.18156,1.1814200000000001,score,-0.07040090320626721,0
5m+1h|thr25,long,2021-04-05 19:50:00,2021-04-05 19:55:00,1.18161,1.18155,score,-0.03065843555043602,1
5m+1h|thr25,long,2021-04-06 09:45:00,2021-04-06 10:00:00,1.18065,1.1801957142857142,sl,-0.15900778609426516,3
5m+1h|thr25,long,2021-04-06 11:40:00,2021-04-06 11:45:00,1.1798499999999998,1.18065,score,0.1530449941157385,1
5m+1h|thr25,long,2021-04-06 12:00:00,2021-04-06 12:20:00,1.18143,1.1814200000000001,score,-0.0018158092324827588,4
5m+1h|thr25,long,2021-04-06 13:25:00,2021-04-06 13:30:00,1.18102,1.1803535714285713,sl,-0.15893000008215505,1
5m+1h|thr25,long,2021-04-06 16:35:00,2021-04-06 16:40:00,1.18398,1.1836900000000001,score,-0.05841822060631018,1
5m+1h|thr25,long,2021-04-06 17:50:00,2021-04-06 17:55:00,1.1844299999999999,1.1838342857142856,sl,-0.15675651787527042,1
5m+1h|thr25,long,2021-04-06 18:15:00,2021-04-06 18:25:00,1.18449,1.18439,score,-0.025059346456182463,2
5m+1h|thr25,long,2021-04-06 18:40:00,2021-04-06 18:55:00,1.18461,1.18502,score,0.1303071328925305,3
5m+1h|thr25,long,2021-04-07 09:30:00,2021-04-07 09:40:00,1.1875099999999998,1.18748,score,-0.009367794551755307,2
5m+1h|thr25,long,2021-04-07 09:55:00,2021-04-07 10:10:00,1.18692,1.18721,score,0.06252069779276431,3
5m+1h|thr25,long,2021-04-07 11:20:00,2021-04-07 11:30:00,1.1867699999999999,1.18703,score,0.0535071329507697,2
5m+1h|thr25,long,2021-04-07 11:45:00,2021-04-07 12:00:00,1.18763,1.18843,score,0.17047411188537429,3
5m+1h|thr25,long,2021-04-07 13:15:00,2021-04-07 13:25:00,1.18899,1.1886400000000001,score,-0.10622530102302942,2
5m+1h|thr25,long,2021-04-07 13:35:00,2021-04-07 13:40:00,1.1894099999999999,1.188903214285714,sl,-0.15795051903142243,1
5m+1h|thr25,long,2021-04-07 13:55:00,2021-04-07 13:55:00,1.18953,1.18916,score,-0.09963122407094342,0
5m+1h|thr25,long,2021-04-07 14:35:00,2021-04-07 14:50:00,1.1892399999999999,1.18917,score,-0.016751067939267995,3
5m+1h|thr25,long,2021-04-07 15:00:00,2021-04-07 15:05:00,1.18898,1.1883607142857142,sl,-0.1552071909210061,1
5m+1h|thr25,long,2021-04-07 18:25:00,2021-04-07 18:50:00,1.1894,1.18885,score,-0.0817370926695023,5
5m+1h|thr25,short,2021-04-08 03:00:00,2021-04-08 03:10:00,1.18719,1.18743,score,-0.15352311915274147,2
5m+1h|thr25,short,2021-04-08 06:20:00,2021-04-08 07:00:00,1.18713,1.1872099999999999,score,-0.04954936225746012,8
5m+1h|thr25,short,2021-04-08 07:50:00,2021-04-08 07:55:00,1.1869800000000001,1.1871428571428573,sl,-0.15080702327099899,1
5m+1h|thr25,short,2021-04-08 08:20:00,2021-04-08 08:30:00,1.18748,1.1876610714285714,sl,-0.149298953038289,2
5m+1h|thr25,short,2021-04-08 09:45:00,2021-04-08 09:50:00,1.1872,1.1876671428571428,sl,-0.14780596350790612,1
5m+1h|thr25,short,2021-04-08 10:25:00,2021-04-08 10:45:00,1.18865,1.1879499999999998,score,0.15102827361285917,4
5m+1h|thr25,long,2021-04-08 11:35:00,2021-04-08 11:45:00,1.1878,1.1876900000000001,score,-0.025901115742602017,2
5m+1h|thr25,long,2021-04-08 12:10:00,2021-04-08 12:25:00,1.18729,1.18707,score,-0.04879697910793733,3
5m+1h|thr25,long,2021-04-08 12:55:00,2021-04-08 13:10:00,1.18667,1.1864400000000002,score,-0.06155083589681415,3
5m+1h|thr25,long,2021-04-08 15:35:00,2021-04-08 15:45:00,1.18828,1.18836,score,0.017387682138614358,2
5m+1h|thr25,long,2021-04-08 15:55:00,2021-04-08 16:00:00,1.1892399999999999,1.18893,score,-0.06035648664702298,1
5m+1h|thr25,long,2021-04-08 16:50:00,2021-04-08 17:10:00,1.1893799999999999,1.19018,score,0.1730915665261352,4
5m+1h|thr25,long,2021-04-08 18:10:00,2021-04-08 18:20:00,1.19074,1.19007,score,-0.11338630313007911,2
5m+1h|thr25,long,2021-04-08 18:35:00,2021-04-08 18:35:00,1.1901599999999999,1.1901000000000002,score,-0.01229343033805641,0
5m+1h|thr25,long,2021-04-08 18:50:00,2021-04-08 18:55:00,1.1905,1.19031,score,-0.0417731553463185,1
5m+1h|thr25,short,2021-04-09 15:35:00,2021-04-09 15:40:00,1.18804,1.18706,score,0.19975335063074834,1
5m+1h|thr25,short,2021-04-09 15:55:00,2021-04-09 16:20:00,1.18703,1.1878935714285714,sl,-0.14809992953982232,5
5m+1h|thr25,short,2021-04-09 17:20:00,2021-04-09 17:20:00,1.18851,1.1891399999999999,score,-0.1182605363288196,0
5m+1h|thr25,short,2021-04-09 17:50:00,2021-04-09 17:50:00,1.18924,1.18953,score,-0.05672156378646939,0
5m+1h|thr25,short,2021-04-09 20:35:00,2021-04-09 21:10:00,1.19076,1.19061,score,0.05452063251093715,7
5m+1h|thr25,long,2021-04-09 21:40:00,2021-04-09 21:50:00,1.19018,1.19049,score,0.1581699572848714,2
5m+1h|thr25,long,2021-04-09 23:20:00,2021-04-09 23:25:00,1.1905,1.1903242857142855,sl,-0.14699601514122929,1
5m+1h|thr25,long,2021-04-09 23:35:00,2021-04-09 23:35:00,1.19037,1.1902039285714285,sl,-0.145526054989817,0
5m+1h|thr25,long,2021-04-12 00:00:00,2021-04-12 00:00:00,1.1888699999999999,1.1886771428571428,sl,-0.14407079443991885,0
5m+1h|thr25,long,2021-04-12 00:50:00,2021-04-12 01:00:00,1.18961,1.18975,score,0.023383937225533842,2
5m+1h|thr25,long,2021-04-12 02:10:00,2021-04-12 02:10:00,1.19004,1.18991,score,-0.07704069483830149,0
5m+1h|thr25,long,2021-04-12 02:25:00,2021-04-12 02:30:00,1.19017,1.1899749999999998,sl,-0.14209351891939198,1
5m+1h|thr25,long,2021-04-12 02:45:00,2021-04-12 02:55:00,1.1902599999999999,1.1900489285714284,sl,-0.14067258373019806,2
5m+1h|thr25,long,2021-04-12 03:35:00,2021-04-12 03:35:00,1.19024,1.1898600000000001,score,-0.15244739999790508,0
5m+1h|thr25,long,2021-04-12 03:45:00,2021-04-12 03:50:00,1.1902899999999998,1.1898967857142855,sl,-0.137741383892917,1
5m+1h|thr25,long,2021-04-12 04:00:00,2021-04-12 04:10:00,1.1898199999999999,1.18954,score,-0.08525466708312993,2
5m+1h|thr25,long,2021-04-12 04:20:00,2021-04-12 04:30:00,1.18932,1.1888828571428571,sl,-0.13551142338315653,2
5m+1h|thr25,long,2021-04-12 13:40:00,2021-04-12 13:55:00,1.1909699999999999,1.19092,score,-0.013912506133971124,3
5m+1h|thr25,long,2021-04-12 14:20:00,2021-04-12 14:35:00,1.19118,1.1912,score,0.004581784071413676,3
5m+1h|thr25,long,2021-04-12 15:05:00,2021-04-12 15:15:00,1.19076,1.1907100000000002,score,-0.013512469596816295,2
5m+1h|thr25,long,2021-04-12 15:30:00,2021-04-12 15:50:00,1.19132,1.19165,score,0.08702486537489316,4
5m+1h|thr25,long,2021-04-12 16:25:00,2021-04-12 16:25:00,1.1914799999999999,1.1909635714285713,sl,-0.13479812588648016,0
5m+1h|thr25,long,2021-04-12 16:55:00,2021-04-12 17:05:00,1.19088,1.19082,score,-0.013762814178893228,2
5m+1h|thr25,long,2021-04-12 21:05:00,2021-04-12 21:15:00,1.19152,1.1912574999999999,sl,-0.13331251648582643,2
5m+1h|thr25,long,2021-04-13 01:10:00,2021-04-13 01:15:00,1.1915,1.1914,score,-0.031264153612403506,1
5m+1h|thr25,long,2021-04-13 02:00:00,2021-04-13 02:05:00,1.1913099999999999,1.1911160714285713,sl,-0.1316667497848441,1
5m+1h|thr25,long,2021-04-13 02:10:00,2021-04-13 02:25:00,1.19119,1.1910800000000001,score,-0.07826086811759105,3
5m+1h|thr25,long,2021-04-13 02:40:00,2021-04-13 02:45:00,1.19157,1.1913910714285714,sl,-0.12956747360581977,1
5m+1h|thr25,long,2021-04-13 03:00:00,2021-04-13 03:00:00,1.19123,1.1910317857142856,sl,-0.12827179886976156,0
5m+1h|thr25,short,2021-04-13 10:50:00,2021-04-13 11:05:00,1.1904000000000001,1.18983,score,0.09848132803025357,3
5m+1h|thr25,short,2021-04-13 13:15:00,2021-04-13 13:25:00,1.18951,1.18898,score,0.12998854136587962,2
5m+1h|thr25,short,2021-04-13 13:45:00,2021-04-13 13:55:00,1.1890100000000001,1.1891699999999998,score,-0.037778638779854296,2
5m+1h|thr25,long,2021-04-13 17:40:00,2021-04-13 17:50:00,1.19303,1.1927400000000001,score,-0.04920712104748453,2
5m+1h|thr25,long,2021-04-13 18:00:00,2021-04-13 18:05:00,1.19269,1.1929400000000001,score,0.04386664001159671,1
5m+1h|thr25,long,2021-04-13 18:50:00,2021-04-13 19:05:00,1.19346,1.19387,score,0.09267624777986373,3
5m+1h|thr25,long,2021-04-14 06:20:00,2021-04-14 06:30:00,1.1962199999999998,1.19592,score,-0.11390413241150053,2
5m+1h|thr25,long,2021-04-14 06:55:00,2021-04-14 07:05:00,1.19591,1.1958600000000001,score,-0.021286339638579503,2
5m+1h|thr25,long,2021-04-14 08:10:00,2021-04-14 08:15:00,1.1963,1.19615,score,-0.07220258015568927,1
5m+1h|thr25,long,2021-04-14 08:25:00,2021-04-14 08:30:00,1.19641,1.19619,score,-0.10084663964726753,1
5m+1h|thr25,long,2021-04-14 09:00:00,2021-04-14 09:10:00,1.19648,1.19653,score,0.01900983231629262,2
5m+1h|thr25,long,2021-04-14 09:20:00,2021-04-14 09:20:00,1.19691,1.1965414285714284,sl,-0.12687705225929904,0
5m+1h|thr25,long,2021-04-14 10:20:00,2021-04-14 10:20:00,1.19709,1.1964632142857143,sl,-0.12560828173670605,0
5m+1h|thr25,long,2021-04-14 10:30:00,2021-04-14 10:35:00,1.19671,1.1959932142857141,sl,-0.12435219891933898,1
5m+1h|thr25,long,2021-04-14 10:40:00,2021-04-14 10:45:00,1.1958499999999999,1.19582,score,-0.004741462110062696,1
5m+1h|thr25,long,2021-04-14 12:30:00,2021-04-14 12:35:00,1.19593,1.195342857142857,sl,-0.12306126230904495,1
5m+1h|thr25,long,2021-04-14 16:40:00,2021-04-14 16:45:00,1.1967999999999999,1.19651,score,-0.05379363107393968,1
5m+1h|thr25,long,2021-04-14 16:55:00,2021-04-14 17:10:00,1.1960899999999999,1.1956900000000001,score,-0.07153651341767227,3
5m+1h|thr25,long,2021-04-14 17:45:00,2021-04-14 17:55:00,1.1966299999999999,1.19648,score,-0.02549974131983026,2
5m+1h|thr25,long,2021-04-14 18:15:00,2021-04-14 18:20:00,1.19743,1.19719,score,-0.03692083093895713,1
5m+1h|thr25,long,2021-04-14 19:20:00,2021-04-14 19:30:00,1.19821,1.19829,score,0.0180211293924597,2
5m+1h|thr25,long,2021-04-14 21:00:00,2021-04-14 21:00:00,1.19796,1.1976321428571428,sl,-0.12013335381237512,0
5m+1h|thr25,long,2021-04-14 21:35:00,2021-04-14 21:35:00,1.1975099999999999,1.19754,score,0.010918349402298952,0
5m+1h|thr25,long,2021-04-15 04:30:00,2021-04-15 04:30:00,1.1985,1.19839,score,-0.03452419092332834,0
5m+1h|thr25,long,2021-04-15 04:40:00,2021-04-15 04:45:00,1.19794,1.1974985714285715,sl,-0.11869596185904106,1
5m+1h|thr25,long,2021-04-15 10:05:00,2021-04-15 10:20:00,1.1979899999999999,1.19856,score,0.11839922195443224,3
5m+1h|thr25,long,2021-04-15 11:10:00,2021-04-15 11:25:00,1.1978499999999999,1.19766,score,-0.03635271908617701,3
5m+1h|thr25,long,2021-04-15 11:50:00,2021-04-15 11:55:00,1.19841,1.19802,score,-0.07623349749727475,1
5m+1h|thr25,long,2021-04-15 12:15:00,2021-04-15 12:25:00,1.1985599999999998,1.19836,score,-0.04140729187713973,2
5m+1h|thr25,long,2021-04-15 13:05:00,2021-04-15 13:20:00,1.19763,1.197045,sl,-0.11715305937538906,3
5m+1h|thr25,short,2021-04-15 17:10:00,2021-04-15 17:10:00,1.19743,1.19839,sl,-0.11598152878163517,0
5m+1h|thr25,short,2021-04-15 17:20:00,2021-04-15 17:40:00,1.19761,1.19794,score,-0.037823623268547296,4
5m+1h|thr25,short,2021-04-15 18:40:00,2021-04-15 19:10:00,1.19607,1.19668,score,-0.08483917498350409,6
5m+1h|thr25,short,2021-04-15 20:30:00,2021-04-15 20:50:00,1.19595,1.1964278571428573,sl,-0.11359508551129832,4
5m+1h|thr25,short,2021-04-15 23:50:00,2021-04-16 00:20:00,1.19669,1.19706,score,-0.12289837922338633,6
5m+1h|thr25,short,2021-04-16 03:45:00,2021-04-16 04:00:00,1.19604,1.19567,score,0.11500442744018892,3
5m+1h|thr25,short,2021-04-16 08:05:00,2021-04-16 08:20:00,1.1963700000000002,1.196599285714286,sl,-0.11238019513835336,3
5m+1h|thr25,long,2021-04-16 09:25:00,2021-04-16 09:35:00,1.19621,1.19649,score,0.07732713852712855,2
5m+1h|thr25,long,2021-04-16 09:55:00,2021-04-16 10:15:00,1.19611,1.19663,score,0.10682068868187598,4
5m+1h|thr25,long,2021-04-16 12:30:00,2021-04-16 12:40:00,1.19745,1.19723,score,-0.033803148383674195,2
5m+1h|thr25,long,2021-04-16 13:15:00,2021-04-16 13:20:00,1.19838,1.19787,score,-0.09367135048555521,1
5m+1h|thr25,long,2021-04-16 13:40:00,2021-04-16 13:40:00,1.19848,1.19831,score,-0.036963755694374045,0
5m+1h|thr25,long,2021-04-16 13:55:00,2021-04-16 13:55:00,1.19922,1.19882,score,-0.07112701286782558,0
5m+1h|thr25,long,2021-04-16 14:45:00,2021-04-16 14:50:00,1.19891,1.19846,score,-0.07950723399928436,1
5m+1h|thr25,long,2021-04-16 15:00:00,2021-04-16 15:10:00,1.19834,1.19846,score,0.020557730220073425,2
5m+1h|thr25,long,2021-04-19 00:05:00,2021-04-19 00:10:00,1.19722,1.19756,score,0.13392770498995463,1
5m+1h|thr25,short,2021-04-19 07:25:00,2021-04-19 07:25:00,1.19568,1.1958653571428572,sl,-0.11149200079685297,0
5m+1h|thr25,short,2021-04-19 07:35:00,2021-04-19 07:40:00,1.19567,1.19564,score,0.016439139691938217,1
5m+1h|thr25,short,2021-04-19 08:20:00,2021-04-19 08:30:00,1.1958,1.1960132142857143,sl,-0.11054147218580385,2
5m+1h|thr25,short,2021-04-19 09:00:00,2021-04-19 09:10:00,1.19663,1.1968903571428573,sl,-0.10943605746394579,2
5m+1h|thr25,short,2021-04-19 10:00:00,2021-04-19 10:00:00,1.1975500000000001,1.1980878571428573,sl,-0.10834169688930635,0
5m+1h|thr25,long,2021-04-19 10:35:00,2021-04-19 11:00:00,1.1989699999999999,1.20184,score,0.4075307505628862,5
5m+1h|thr25,long,2021-04-19 12:25:00,2021-04-19 12:25:00,1.20305,1.20252,score,-0.06627318240682913,0
5m+1h|thr25,long,2021-04-19 12:35:00,2021-04-19 13:05:00,1.2031399999999999,1.2034500000000001,score,0.041157798912849874,6
5m+1h|thr25,long,2021-04-19 13:40:00,2021-04-19 13:45:00,1.20394,1.2035900000000002,score,-0.058527303720012025,1
5m+1h|thr25,long,2021-04-19 14:00:00,2021-04-19 14:10:00,1.2042199999999998,1.20421,score,-0.0016553881730661491,2
5m+1h|thr25,long,2021-04-19 21:15:00,2021-04-19 21:20:00,1.2034,1.20341,score,0.003695886483681386,1
5m+1h|thr25,long,2021-04-19 22:00:00,2021-04-19 22:05:00,1.20396,1.203687857142857,sl,-0.11051756553700838,1
5m+1h|thr25,long,2021-04-20 04:05:00,2021-04-20 04:15:00,1.2039199999999999,1.2037200000000001,score,-0.0762076347433762,2
5m+1h|thr25,long,2021-04-20 04:35:00,2021-04-20 04:40:00,1.20457,1.2042292857142858,sl,-0.10865031353420454,1
5m+1h|thr25,long,2021-04-20 04:55:00,2021-04-20 05:00:00,1.20474,1.20441,score,-0.0856063400590466,1
5m+1h|thr25,long,2021-04-20 05:25:00,2021-04-20 05:30:00,1.20476,1.20446,score,-0.07661069015257793,1
5m+1h|thr25,long,2021-04-20 05:50:00,2021-04-20 06:15:00,1.2049699999999999,1.2069400000000001,score,0.4918973794391037,5
5m+1h|thr25,long,2021-04-20 07:40:00,2021-04-20 07:50:00,1.2062199999999998,1.20612,score,-0.030254358566722917,2
5m+1h|thr25,long,2021-04-20 08:30:00,2021-04-20 08:30:00,1.20606,1.205802857142857,sl,-0.11055807030547007,0
5m+1h|thr25,short,2021-04-20 18:45:00,2021-04-20 19:00:00,1.2036200000000001,1.204379642857143,sl,-0.10945248960241537,3
5m+1h|thr25,short,2021-04-21 02:20:00,2021-04-21 02:25:00,1.20305,1.2032578571428572,sl,-0.10835796470639121,1
5m+1h|thr25,short,2021-04-21 03:30:00,2021-04-21 03:35:00,1.2036900000000001,1.2040650000000002,sl,-0.10727438505932728,1
5m+1h|thr25,short,2021-04-21 03:50:00,2021-04-21 03:55:00,1.20408,1.2035099999999999,score,0.14449941975205005,1
5m+1h|thr25,short,2021-04-21 04:55:00,2021-04-21 04:55:00,1.20383,1.2037499999999999,score,0.01843489780659729,0
5m+1h|thr25,short,2021-04-21 05:55:00,2021-04-21 06:10:00,1.2030800000000001,1.20319,score,-0.031097325084572573,3
5m+1h|thr25,short,2021-04-21 10:15:00,2021-04-21 10:20:00,1.2023700000000002,1.20197,score,0.06580459697790007,1
5m+1h|thr25,short,2021-04-21 10:50:00,2021-04-21 11:15:00,1.20055,1.2013278571428572,sl,-0.10817805710325377,5
5m+1h|thr25,short,2021-04-21 16:05:00,2021-04-21 16:10:00,1.20102,1.20025,score,0.1396851616475771,1
5m+1h|thr25,short,2021-04-21 16:45:00,2021-04-21 16:45:00,1.20058,1.20092,score,-0.04500455686168826,0
5m+1h|thr25,short,2021-04-21 18:00:00,2021-04-21 18:10:00,1.20275,1.2036628571428571,sl,-0.10804308258008014,2
5m+1h|thr25,short,2021-04-21 18:20:00,2021-04-21 18:35:00,1.2032500000000002,1.2037799999999999,score,-0.0622480687071584,3
5m+1h|thr25,long,2021-04-21 19:25:00,2021-04-21 19:30:00,1.20294,1.2031,score,0.03482485134368429,1
5m+1h|thr25,long,2021-04-21 20:00:00,2021-04-21 20:05:00,1.20281,1.20309,score,0.07112561305380068,1
5m+1h|thr25,long,2021-04-21 21:05:00,2021-04-21 21:10:00,1.20278,1.20292,score,0.044409992488194494,1
5m+1h|thr25,long,2021-04-21 21:30:00,2021-04-21 21:40:00,1.20279,1.20278,score,-0.003856482398250996,2
5m+1h|thr25,long,2021-04-21 23:40:00,2021-04-21 23:50:00,1.20357,1.2034,score,-0.08727088494309775,2
5m+1h|thr25,long,2021-04-22 00:05:00,2021-04-22 00:15:00,1.2032699999999998,1.20314,score,-0.06207883686497606,2
5m+1h|thr25,long,2021-04-22 00:45:00,2021-04-22 00:55:00,1.20355,1.20351,score,-0.01626627311812989,2
5m+1h|thr25,long,2021-04-22 02:10:00,2021-04-22 02:25:00,1.20367,1.2037,score,0.021079244142941475,3
5m+1h|thr25,long,2021-04-22 03:05:00,2021-04-22 03:05:00,1.2039199999999999,1.2037271428571428,sl,-0.10635984330424944,0
5m+1h|thr25,long,2021-04-22 03:25:00,2021-04-22 03:25:00,1.20349,1.2032692857142857,sl,-0.10529624487120692,0
5m+1h|thr25,long,2021-04-22 03:50:00,2021-04-22 03:50:00,1.20399,1.203725357142857,sl,-0.10424328242249485,0
5m+1h|thr25,long,2021-04-22 05:15:00,2021-04-22 05:20:00,1.20461,1.20449,score,-0.03255914128168258,1
5m+1h|thr25,long,2021-04-22 06:00:00,2021-04-22 06:00:00,1.2047299999999999,1.2044149999999998,sl,-0.10287525818545307,0
5m+1h|thr25,long,2021-04-22 06:35:00,2021-04-22 06:35:00,1.20414,1.20384,sl,-0.10184650560359854,0
5m+1h|thr25,long,2021-04-22 11:15:00,2021-04-22 11:25:00,1.20384,1.20391,score,0.01425851078450928,2
5m+1h|thr25,long,2021-04-22 11:45:00,2021-04-22 11:50:00,1.2034099999999999,1.2028967857142856,sl,-0.10097062565540765,1
5m+1h|thr25,long,2021-04-22 14:20:00,2021-04-22 14:35:00,1.20552,1.2052800000000001,score,-0.04264999227680632,3
5m+1h|thr25,long,2021-04-22 14:55:00,2021-04-22 15:05:00,1.20476,1.20503,score,0.04180445617995317,2
5m+1h|thr25,long,2021-04-22 15:35:00,2021-04-22 15:40:00,1.2047299999999999,1.20483,score,0.01197547707773513,1
5m+1h|thr25,long,2021-04-22 16:00:00,2021-04-22 16:10:00,1.20652,1.2055589285714285,sl,-0.10007221880866239,2
5m+1h|thr25,long,2021-04-22 16:20:00,2021-04-22 16:20:00,1.2040499999999998,1.202875714285714,sl,-0.09907149662057575,0
5m+1h|thr25,short,2021-04-22 21:25:00,2021-04-22 21:50:00,1.19993,1.20048,score,-0.0830827303342961,5
5m+1h|thr25,short,2021-04-22 23:00:00,2021-04-22 23:35:00,1.2013,1.2016,score,-0.06593217244134862,7
5m+1h|thr25,short,2021-04-23 01:00:00,2021-04-23 01:15:00,1.2016,1.20162,score,-0.006260503966513381,3
5m+1h|thr25,short,2021-04-23 01:50:00,2021-04-23 01:50:00,1.20143,1.2016517857142857,sl,-0.09652802758694842,0
5m+1h|thr25,short,2021-04-23 03:00:00,2021-04-23 03:00:00,1.20139,1.2015860714285713,sl,-0.09556274731107894,0
5m+1h|thr25,short,2021-04-23 03:35:00,2021-04-23 03:45:00,1.20163,1.20145,score,0.0573790474107765,2
5m+1h|thr25,short,2021-04-23 04:30:00,2021-04-23 04:40:00,1.20212,1.2025,score,-0.09590197781439683,2
5m+1h|thr25,short,2021-04-23 07:35:00,2021-04-23 07:35:00,1.20228,1.20249,score,-0.10091524887792613,0
5m+1h|thr25,short,2021-04-23 08:00:00,2021-04-23 08:15:00,1.20261,1.202825357142857,sl,-0.09321273804515269,3
5m+1h|thr25,long,2021-04-23 08:40:00,2021-04-23 08:40:00,1.2028999999999999,1.20271,score,-0.07438376495998074,0
5m+1h|thr25,long,2021-04-23 08:50:00,2021-04-23 08:50:00,1.20299,1.2027585714285716,sl,-0.09153677301510135,0
5m+1h|thr25,long,2021-04-23 09:10:00,2021-04-23 09:30:00,1.20265,1.2022975,sl,-0.09062140528495034,4
5m+1h|thr25,long,2021-04-23 09:45:00,2021-04-23 10:05:00,1.20281,1.2038600000000002,score,0.19846701446379728,4
5m+1h|thr25,long,2021-04-23 11:20:00,2021-04-23 11:30:00,1.20599,1.2058200000000001,score,-0.024412267346346463,2
5m+1h|thr25,long,2021-04-23 12:40:00,2021-04-23 12:45:00,1.2061,1.20574,score,-0.07196517143862616,1
5m+1h|thr25,long,2021-04-23 12:55:00,2021-04-23 13:05:00,1.2056799999999999,1.2056,score,-0.01628596433131473,2
5m+1h|thr25,long,2021-04-23 13:20:00,2021-04-23 13:30:00,1.20543,1.2049842857142856,sl,-0.09057322734557595,2
5m+1h|thr25,long,2021-04-23 20:15:00,2021-04-23 20:25:00,1.20798,1.20788,score,-0.022257888847686605,2
5m+1h|thr25,long,2021-04-23 22:00:00,2021-04-23 22:05:00,1.20933,1.20915,score,-0.05565461451427764,1
5m+1h|thr25,long,2021-04-23 23:50:00,2021-04-23 23:50:00,1.2096,1.20967,score,0.02066680964122436,0
5m+1h|thr25,long,2021-04-26 05:15:00,2021-04-26 05:15:00,1.21116,1.2108,score,-0.06622993985248599,0
5m+1h|thr25,long,2021-04-26 05:30:00,2021-04-26 05:30:00,1.2110699999999999,1.21096,score,-0.02209025428286375,0
5m+1h|thr25,long,2021-04-26 05:50:00,2021-04-26 06:20:00,1.21118,1.21136,score,0.04222104980206104,6
5m+1h|thr25,long,2021-04-26 06:55:00,2021-04-26 07:00:00,1.21103,1.21113,score,0.02642974768226543,1
5m+1h|thr25,long,2021-04-26 13:15:00,2021-04-26 13:15:00,1.20943,1.20946,score,0.004852151338622969,0
5m+1h|thr25,long,2021-04-26 13:45:00,2021-04-26 14:00:00,1.20949,1.2090292857142857,sl,-0.08894686568178875,3
5m+1h|thr25,short,2021-04-26 20:05:00,2021-04-26 20:25:00,1.20875,1.20858,score,0.041214671567231194,4
5m+1h|thr25,short,2021-04-26 21:45:00,2021-04-26 21:50:00,1.2088700000000001,1.20915,score,-0.08724543684603683,1
5m+1h|thr25,short,2021-04-26 22:20:00,2021-04-26 22:30:00,1.2091,1.2089699999999999,score,0.04522743337805686,2
5m+1h|thr25,short,2021-04-26 23:00:00,2021-04-26 23:10:00,1.20886,1.20882,score,0.011296138299062867,2
5m+1h|thr25,short,2021-04-27 09:00:00,2021-04-27 09:00:00,1.2075,1.2077517857142857,sl,-0.08816232508895401,0
5m+1h|thr25,short,2021-04-27 09:15:00,2021-04-27 09:20:00,1.20758,1.20713,score,0.13233897029600322,1
5m+1h|thr25,short,2021-04-27 09:55:00,2021-04-27 10:05:00,1.20693,1.20672,score,0.04204939937539845,2
5m+1h|thr25,long,2021-04-27 14:50:00,2021-04-27 15:00:00,1.2089699999999999,1.20868,score,-0.04503922956649473,2
5m+1h|thr25,long,2021-04-27 15:35:00,2021-04-27 15:45:00,1.20798,1.2080300000000002,score,0.006710166154493651,2
5m+1h|thr25,long,2021-04-27 16:15:00,2021-04-27 16:15:00,1.20858,1.20831,score,-0.03441849971489088,0
5m+1h|thr25,long,2021-04-27 16:25:00,2021-04-27 16:40:00,1.20803,1.2073367857142856,sl,-0.08829710990350957,3
5m+1h|thr25,long,2021-04-27 16:55:00,2021-04-27 16:55:00,1.20896,1.2081864285714286,sl,-0.08741413880447448,0
5m+1h|thr25,long,2021-04-27 17:15:00,2021-04-27 17:20:00,1.20894,1.20851,score,-0.04164434727792563,1
5m+1h|thr25,long,2021-04-27 17:50:00,2021-04-27 17:50:00,1.20834,1.20818,score,-0.01562711711897052,0
5m+1h|thr25,long,2021-04-27 21:25:00,2021-04-27 21:35:00,1.2083599999999999,1.20852,score,0.03546348313269803,2
5m+1h|thr25,long,2021-04-27 22:55:00,2021-04-27 23:05:00,1.20888,1.20872,score,-0.04079348004902039,2
5m+1h|thr25,long,2021-04-27 23:45:00,2021-04-28 00:00:00,1.20891,1.20907,score,0.05345758929986257,3
5m+1h|thr25,long,2021-04-28 00:20:00,2021-04-28 00:30:00,1.20919,1.20907,score,-0.031132599916332514,2
5m+1h|thr25,short,2021-04-28 11:15:00,2021-04-28 11:30:00,1.2076200000000001,1.20774,score,-0.015686780588735384,3
5m+1h|thr25,short,2021-04-28 12:45:00,2021-04-28 12:50:00,1.20713,1.20684,score,0.0439924740338518,1
5m+1h|thr25,short,2021-04-28 13:10:00,2021-04-28 13:10:00,1.20669,1.207299642857143,sl,-0.086420289631584,0
5m+1h|thr25,short,2021-04-28 15:40:00,2021-04-28 15:40:00,1.20686,1.20713,score,-0.03471841200851048,0
5m+1h|thr25,short,2021-04-28 16:50:00,2021-04-28 16:55:00,1.20678,1.20723,score,-0.054973485558188734,1
5m+1h|thr25,short,2021-04-28 17:30:00,2021-04-28 18:05:00,1.20946,1.2096799999999999,score,-0.019488059544055976,7
5m+1h|thr25,long,2021-04-28 19:00:00,2021-04-28 19:00:00,1.20984,1.20951,score,-0.038426883968325706,0
5m+1h|thr25,long,2021-04-28 19:20:00,2021-04-28 19:25:00,1.2089699999999999,1.20922,score,0.037511799125015746,1
5m+1h|thr25,long,2021-04-28 19:40:00,2021-04-28 19:50:00,1.20903,1.2091,score,0.010904615756183808,2
5m+1h|thr25,long,2021-04-28 20:15:00,2021-04-28 20:20:00,1.2086999999999999,1.2082767857142858,sl,-0.08456418247328935,1
5m+1h|thr25,long,2021-04-28 22:45:00,2021-04-28 23:05:00,1.21254,1.21256,score,0.0012904592007569637,4
5m+1h|thr25,long,2021-04-29 00:45:00,2021-04-29 00:55:00,1.21255,1.2124300000000001,score,-0.03512330287240641,2
5m+1h|thr25,long,2021-04-29 15:30:00,2021-04-29 15:45:00,1.21241,1.21292,score,0.07859204160958094,3
5m+1h|thr25,long,2021-04-29 15:55:00,2021-04-29 15:55:00,1.2128999999999999,1.212213214285714,sl,-0.08416613262793575,0
5m+1h|thr25,long,2021-04-29 16:50:00,2021-04-29 16:50:00,1.21125,1.2103199999999998,sl,-0.0833244713016564,0
5m+1h|thr25,short,2021-04-29 20:30:00,2021-04-29 20:35:00,1.2119,1.21172,score,0.041742548394273195,1
5m+1h|thr25,short,2021-04-29 21:25:00,2021-04-29 21:30:00,1.21136,1.2116889285714285,sl,-0.08290865207258256,1
5m+1h|thr25,short,2021-04-29 22:10:00,2021-04-29 22:30:00,1.2124000000000001,1.21244,score,-0.009636175410654185,4
5m+1h|thr25,long,2021-04-29 23:35:00,2021-04-29 23:45:00,1.21221,1.21195,score,-0.07287395893130585,2
5m+1h|thr25,short,2021-04-30 00:10:00,2021-04-30 00:25:00,1.2119600000000001,1.2122,score,-0.052756521688903095,3
5m+1h|thr25,long,2021-04-30 02:15:00,2021-04-30 02:30:00,1.21228,1.21222,score,-0.02163017389246073,3
5m+1h|thr25,long,2021-04-30 03:25:00,2021-04-30 03:30:00,1.21251,1.2123300000000001,score,-0.059323597975571095,1
5m+1h|thr25,long,2021-04-30 03:50:00,2021-04-30 03:50:00,1.21231,1.2120496428571428,sl,-0.07991736127286779,0
5m+1h|thr25,long,2021-04-30 04:35:00,2021-04-30 04:35:00,1.21217,1.21219,score,0.004268418602115823,0
5m+1h|thr25,long,2021-04-30 04:45:00,2021-04-30 04:45:00,1.2121,1.2122,score,0.020930164416358036,0
5m+1h|thr25,long,2021-04-30 05:05:00,2021-04-30 05:20:00,1.212,1.21195,score,-0.01086199832709344,3
5m+1h|thr25,long,2021-04-30 05:35:00,2021-04-30 05:40:00,1.21186,1.21185,score,-0.0024824647630453402,1
5m+1h|thr25,short,2021-04-30 15:15:00,2021-04-30 15:20:00,1.2080600000000001,1.2085442857142858,sl,-0.07923672885942246,1
5m+1h|thr25,short,2021-04-30 16:20:00,2021-04-30 16:30:00,1.2086700000000001,1.2082,score,0.053267688249351394,2
5m+1h|thr25,short,2021-04-30 17:05:00,2021-04-30 17:05:00,1.20698,1.2064599999999999,score,0.046973271236955716,0
5m+1h|thr25,short,2021-04-30 17:20:00,2021-04-30 17:25:00,1.20636,1.2072407142857144,sl,-0.07944677116569131,1
5m+1h|thr25,short,2021-04-30 20:10:00,2021-04-30 20:25:00,1.2028100000000002,1.20262,score,0.027402112270845103,3
5m+1h|thr25,short,2021-04-30 22:30:00,2021-04-30 22:40:00,1.2018600000000002,1.20194,score,-0.016101545268820353,2
5m+1h|thr25,short,2021-05-03 00:20:00,2021-05-03 01:00:00,1.20275,1.20265,score,0.01750340202756338,8
5m+1h|thr25,short,2021-05-03 02:50:00,2021-05-03 02:50:00,1.2028400000000001,1.20308,score,-0.07621826234620128,0
5m+1h|thr25,short,2021-05-03 03:15:00,2021-05-03 03:15:00,1.20263,1.2029857142857143,sl,-0.07817816052086826,0
5m+1h|thr25,short,2021-05-03 03:40:00,2021-05-03 03:50:00,1.20292,1.2033399999999999,score,-0.08743337329949705,2
5m+1h|thr25,short,2021-05-03 04:15:00,2021-05-03 04:15:00,1.2030800000000001,1.2034,score,-0.06296028694547247,0
5m+1h|thr25,short,2021-05-03 05:20:00,2021-05-03 05:50:00,1.20229,1.20204,score,0.04878302077068725,6
5m+1h|thr25,short,2021-05-03 09:20:00,2021-05-03 09:25:00,1.20174,1.2021492857142857,sl,-0.07638027252091677,1
5m+1h|thr25,short,2021-05-03 10:10:00,2021-05-03 10:40:00,1.20387,1.20397,score,-0.00998237225025777,6
5m+1h|thr25,long,2021-05-03 11:35:00,2021-05-03 12:00:00,1.20416,1.20498,score,0.10016534915314049,5
5m+1h|thr25,long,2021-05-03 13:25:00,2021-05-03 13:30:00,1.20549,1.2053,score,-0.030020453811519892,1
5m+1h|thr25,long,2021-05-03 13:55:00,2021-05-03 14:05:00,1.20556,1.20541,score,-0.028684229311066615,2
5m+1h|thr25,long,2021-05-03 14:45:00,2021-05-03 14:50:00,1.2051399999999999,1.2047607142857142,sl,-0.07593125273351056,1
5m+1h|thr25,long,2021-05-03 18:35:00,2021-05-03 18:55:00,1.20641,1.20581,score,-0.07544137368361474,4
5m+1h|thr25,long,2021-05-03 22:20:00,2021-05-03 22:30:00,1.20627,1.20632,score,0.01081874735797302,2
5m+1h|thr25,long,2021-05-03 23:10:00,2021-05-03 23:25:00,1.2063899999999999,1.2061274999999998,sl,-0.07452571394291903,3
5m+1h|thr25,short,2021-05-04 10:20:00,2021-05-04 11:15:00,1.20232,1.20213,score,0.029335727219342286,11
5m+1h|thr25,short,2021-05-04 13:45:00,2021-05-04 14:05:00,1.20134,1.20146,score,-0.017614155364052173,4
5m+1h|thr25,short,2021-05-04 15:10:00,2021-05-04 15:25:00,1.20167,1.2023964285714286,sl,-0.07389767252204275,3
5m+1h|thr25,short,2021-05-04 16:05:00,2021-05-04 16:20:00,1.20256,1.20188,score,0.0657668351261365,3
5m+1h|thr25,short,2021-05-04 18:30:00,2021-05-04 18:50:00,1.20161,1.2016799999999999,score,-0.004249047686632017,4
5m+1h|thr25,short,2021-05-04 21:25:00,2021-05-04 21:30:00,1.2020600000000001,1.20227,score,-0.03467548978309508,1
5m+1h|thr25,short,2021-05-05 00:25:00,2021-05-05 00:45:00,1.2010800000000001,1.20118,score,-0.01882746635211177,4
5m+1h|thr25,short,2021-05-05 02:10:00,2021-05-05 02:30:00,1.20154,1.2014,score,0.03987448179314186,4
5m+1h|thr25,short,2021-05-05 03:15:00,2021-05-05 03:15:00,1.2014500000000001,1.2016803571428574,sl,-0.07363758892779672,0
5m+1h|thr25,short,2021-05-05 03:50:00,2021-05-05 04:00:00,1.20188,1.2021478571428572,sl,-0.07290121303851875,2
5m+1h|thr25,long,2021-05-05 04:50:00,2021-05-05 05:05:00,1.2022,1.20207,score,-0.037263377490158164,3
5m+1h|thr25,long,2021-05-05 05:35:00,2021-05-05 05:35:00,1.2022599999999999,1.2021300000000001,score,-0.040899909916167855,0
5m+1h|thr25,long,2021-05-05 06:10:00,2021-05-05 06:30:00,1.2022899999999999,1.2025000000000001,score,0.07102817936392475,4
5m+1h|thr25,long,2021-05-05 07:50:00,2021-05-05 08:00:00,1.2023,1.2021242857142858,sl,-0.07210084982770956,2
5m+1h|thr25,short,2021-05-05 13:15:00,2021-05-05 13:35:00,1.20088,1.2013728571428572,sl,-0.07137984132943245,4
5m+1h|thr25,short,2021-05-05 13:50:00,2021-05-05 14:25:00,1.20149,1.20129,score,0.024982944465298845,7
5m+1h|thr25,short,2021-05-05 15:20:00,2021-05-05 15:20:00,1.2003000000000001,1.20031,score,-0.001300356533118065,0
5m+1h|thr25,short,2021-05-05 15:40:00,2021-05-05 15:45:00,1.1993500000000001,1.2000078571428574,sl,-0.07090286879545994,1
5m+1h|thr25,short,2021-05-05 19:30:00,2021-05-05 19:55:00,1.1995500000000001,1.1994399999999998,score,0.015045026272210627,5
5m+1h|thr25,short,2021-05-05 23:05:00,2021-05-05 23:05:00,1.2002300000000001,1.2005685714285717,sl,-0.07034429037022745,0
5m+1h|thr25,short,2021-05-06 01:05:00,2021-05-06 01:05:00,1.20054,1.20068,score,-0.04527232538454994,0
5m+1h|thr25,short,2021-05-06 01:20:00,2021-05-06 01:30:00,1.20049,1.2006828571428572,sl,-0.06918812421267968,2
5m+1h|thr25,long,2021-05-06 02:20:00,2021-05-06 02:30:00,1.20074,1.2005975,sl,-0.06849624297055286,2
5m+1h|thr25,long,2021-05-06 02:55:00,2021-05-06 03:05:00,1.20079,1.200585357142857,sl,-0.06781128054084734,2
5m+1h|thr25,long,2021-05-06 03:35:00,2021-05-06 03:45:00,1.20051,1.2002300000000001,score,-0.07160871225107801,2
5m+1h|thr25,long,2021-05-06 05:25:00,2021-05-06 05:30:00,1.2011,1.20095,score,-0.030687760019195386,1
5m+1h|thr25,long,2021-05-06 05:45:00,2021-05-06 05:45:00,1.20048,1.2001542857142857,sl,-0.06611020301273614,0
5m+1h|thr25,long,2021-05-06 09:05:00,2021-05-06 09:05:00,1.20108,1.2007842857142856,sl,-0.06544910098260878,0
5m+1h|thr25,long,2021-05-06 09:30:00,2021-05-06 09:45:00,1.20089,1.2015200000000001,score,0.11043255264926984,3
5m+1h|thr25,long,2021-05-06 10:05:00,2021-05-06 10:10:00,1.20245,1.20235,score,-0.010442389326427852,1
5m+1h|thr25,long,2021-05-06 11:15:00,2021-05-06 11:40:00,1.20274,1.20383,score,0.14181133433724172,5
5m+1h|thr25,long,2021-05-06 12:25:00,2021-05-06 12:40:00,1.2044,1.20468,score,0.026573221361741242,3
5m+1h|thr25,long,2021-05-06 13:25:00,2021-05-06 13:35:00,1.2049699999999999,1.20455,score,-0.049814531088303846,2
5m+1h|thr25,long,2021-05-06 13:55:00,2021-05-06 14:00:00,1.2044,1.2039971428571428,sl,-0.0669802118521179,1
5m+1h|thr25,long,2021-05-06 23:40:00,2021-05-07 00:00:00,1.20631,1.20607,sl,-0.06631040973359674,4
5m+1h|thr25,long,2021-05-07 00:40:00,2021-05-07 00:50:00,1.20634,1.20618,score,-0.0315219645498831,2
5m+1h|thr25,long,2021-05-07 03:05:00,2021-05-07 03:05:00,1.20698,1.2067475,sl,-0.06533208599076194,0
5m+1h|thr25,long,2021-05-07 03:55:00,2021-05-07 04:05:00,1.20624,1.2059646428571429,sl,-0.06467876513085434,2
5m+1h|thr25,long,2021-05-07 07:40:00,2021-05-07 07:45:00,1.2066599999999998,1.2064510714285712,sl,-0.0640319774795458,1
5m+1h|thr25,long,2021-05-07 11:35:00,2021-05-07 11:50:00,1.2083199999999998,1.20871,score,0.03662629111831177,3
5m+1h|thr25,long,2021-05-07 12:40:00,2021-05-07 12:50:00,1.20766,1.20758,score,-0.0105556350465214,2
5m+1h|thr25,long,2021-05-07 13:35:00,2021-05-07 13:45:00,1.20783,1.20754,score,-0.03854266948809681,2
5m+1h|thr25,long,2021-05-07 14:00:00,2021-05-07 14:05:00,1.20721,1.20732,score,0.013420259484678234,1
5m+1h|thr25,long,2021-05-07 17:15:00,2021-05-07 17:35:00,1.2135399999999998,1.2142300000000001,score,0.03076890298911554,4
5m+1h|thr25,long,2021-05-07 18:25:00,2021-05-07 18:30:00,1.21547,1.2150100000000001,score,-0.031117547214092486,1
5m+1h|thr25,long,2021-05-07 18:40:00,2021-05-07 18:50:00,1.21573,1.2162600000000001,score,0.03547591181192872,2
5m+1h|thr25,long,2021-05-10 10:15:00,2021-05-10 10:25:00,1.2147999999999999,1.21482,score,0.0016761197742425678,2
5m+1h|thr25,long,2021-05-10 10:40:00,2021-05-10 10:45:00,1.21431,1.21414,score,-0.013419154218650175,1
5m+1h|thr25,long,2021-05-10 13:40:00,2021-05-10 13:50:00,1.21702,1.217,score,-0.001918987086595311,2
5m+1h|thr25,long,2021-05-10 14:10:00,2021-05-10 14:15:00,1.21627,1.21646,score,0.017196952071673675,1
5m+1h|thr25,long,2021-05-10 14:30:00,2021-05-10 14:35:00,1.216,1.21612,score,0.011750377237564481,1
5m+1h|thr25,long,2021-05-10 16:15:00,2021-05-10 16:20:00,1.2165599999999999,1.2158517857142856,sl,-0.06390526591908594,1
5m+1h|thr25,long,2021-05-10 16:30:00,2021-05-10 16:35:00,1.21749,1.216715357142857,sl,-0.06326621325989508,1
5m+1h|thr25,long,2021-05-10 19:50:00,2021-05-10 20:10:00,1.21597,1.2155200000000002,score,-0.05718715537708419,4
5m+1h|thr25,short,2021-05-11 02:05:00,2021-05-11 02:30:00,1.21371,1.2140057142857144,sl,-0.06206167957352528,5
5m+1h|thr25,short,2021-05-11 03:00:00,2021-05-11 03:00:00,1.214,1.2142775,sl,-0.061441062777790025,0
5m+1h|thr25,short,2021-05-11 03:35:00,2021-05-11 03:50:00,1.2133,1.21289,score,0.06307949111855893,3
5m+1h|thr25,short,2021-05-11 04:10:00,2021-05-11 04:15:00,1.2127700000000001,1.2133228571428571,sl,-0.061457447061197726,1
5m+1h|thr25,short,2021-05-11 05:05:00,2021-05-11 05:05:00,1.21349,1.21396,score,-0.06309631231615415,0
5m+1h|thr25,short,2021-05-11 05:55:00,2021-05-11 06:05:00,1.21432,1.2146907142857144,sl,-0.06021190946742419,2
5m+1h|thr25,short,2021-05-11 06:20:00,2021-05-11 06:40:00,1.21451,1.2142899999999999,score,0.03537536692642317,4
5m+1h|thr25,short,2021-05-11 07:10:00,2021-05-11 07:30:00,1.2139900000000001,1.2143403571428573,sl,-0.059963544042014184,4
5m+1h|thr25,short,2021-05-11 08:30:00,2021-05-11 08:40:00,1.21436,1.214641785714286,sl,-0.05936390860159403,2
5m+1h|thr25,short,2021-05-11 08:50:00,2021-05-11 08:50:00,1.2144300000000001,1.2143199999999998,score,0.02066351941876571,0
5m+1h|thr25,short,2021-05-11 09:20:00,2021-05-11 09:55:00,1.21385,1.21309,score,0.10432489877173305,7
5m+1h|thr25,long,2021-05-11 13:15:00,2021-05-11 13:25:00,1.21672,1.21629,score,-0.047604917688907976,2
5m+1h|thr25,long,2021-05-11 13:35:00,2021-05-11 13:45:00,1.2159,1.21563,score,-0.02959588627059254,2
5m+1h|thr25,long,2021-05-11 14:25:00,2021-05-11 14:30:00,1.21711,1.21675,score,-0.03639374212256688,1
5m+1h|thr25,long,2021-05-11 15:00:00,2021-05-11 15:00:00,1.21689,1.2165300000000001,score,-0.03754287280363154,0
5m+1h|thr25,long,2021-05-11 15:35:00,2021-05-11 16:20:00,1.2161899999999999,1.215595357142857,sl,-0.0585087795086261,9
5m+1h|thr25,long,2021-05-11 17:05:00,2021-05-11 17:10:00,1.21698,1.21686,score,-0.004986513045281122,1
5m+1h|thr25,short,2021-05-12 09:25:00,2021-05-12 09:25:00,1.21262,1.2130175,sl,-0.05787382658308702,0
5m+1h|thr25,short,2021-05-12 10:00:00,2021-05-12 10:05:00,1.2131100000000001,1.2136403571428573,sl,-0.057295088317256146,1
5m+1h|thr25,short,2021-05-12 10:50:00,2021-05-12 11:00:00,1.21405,1.21328,score,0.057414520332356424,2
5m+1h|thr25,short,2021-05-12 13:25:00,2021-05-12 13:40:00,1.21332,1.21315,score,0.017966423277607384,3
5m+1h|thr25,short,2021-05-12 21:50:00,2021-05-12 22:20:00,1.2079600000000001,1.2078499999999999,score,0.013083955385115,6
5m+1h|thr25,short,2021-05-12 22:55:00,2021-05-12 23:15:00,1.20747,1.2074,score,0.010199575554752599,4
5m+1h|thr25,short,2021-05-12 23:45:00,2021-05-12 23:50:00,1.20739,1.2073399999999999,score,0.006995003900571384,1
5m+1h|thr25,short,2021-05-13 00:20:00,2021-05-13 00:20:00,1.20685,1.207282857142857,sl,-0.057778732218587606,0
5m+1h|thr25,short,2021-05-13 00:30:00,2021-05-13 00:30:00,1.20697,1.20709,score,-0.014461638438804662,0
5m+1h|thr25,short,2021-05-13 01:35:00,2021-05-13 02:00:00,1.2077200000000001,1.2074099999999999,score,0.07678278007511251,5
5m+1h|thr25,short,2021-05-13 03:20:00,2021-05-13 03:30:00,1.20731,1.2076389285714288,sl,-0.05782415631276481,2
5m+1h|thr25,short,2021-05-13 04:05:00,2021-05-13 04:15:00,1.20775,1.20804,score,-0.036891811727526376,2
5m+1h|thr25,short,2021-05-13 04:40:00,2021-05-13 04:40:00,1.20819,1.2086592857142857,sl,-0.05687699663236191,0
5m+1h|thr25,short,2021-05-13 04:55:00,2021-05-13 05:20:00,1.20845,1.20841,score,0.00464056025504246,5
5m+1h|thr25,short,2021-05-13 05:55:00,2021-05-13 05:55:00,1.20815,1.20814,score,0.0014331786589749024,0
5m+1h|thr25,short,2021-05-13 06:50:00,2021-05-13 07:05:00,1.20749,1.20749,score,-0.0,3
5m+1h|thr25,long,2021-05-13 10:15:00,2021-05-13 10:15:00,1.21026,1.2098600000000002,score,-0.02657122884753796,0
5m+1h|thr25,long,2021-05-13 10:55:00,2021-05-13 11:05:00,1.2087299999999999,1.2089100000000002,score,0.012434493795279453,2
5m+1h|thr25,long,2021-05-13 11:25:00,2021-05-13 11:35:00,1.2085299999999999,1.2080600000000001,score,-0.03533692323939014,2
5m+1h|thr25,long,2021-05-13 11:50:00,2021-05-13 11:55:00,1.20572,1.20617,score,0.028376270300305702,1
5m+1h|thr25,long,2021-05-13 15:35:00,2021-05-13 15:45:00,1.20835,1.2085000000000001,score,0.012151651660805965,2
5m+1h|thr25,long,2021-05-13 16:05:00,2021-05-13 16:15:00,1.20908,1.20876,score,-0.018112944682434694,2
5m+1h|thr25,long,2021-05-13 16:50:00,2021-05-13 17:05:00,1.2081899999999999,1.20924,score,0.06340993045000332,3
5m+1h|thr25,long,2021-05-13 17:30:00,2021-05-13 17:50:00,1.20843,1.2074914285714284,sl,-0.056732476549548785,4
5m+1h|thr25,short,2021-05-13 22:55:00,2021-05-13 23:20:00,1.20834,1.2080899999999999,score,0.03360308226398418,5
5m+1h|thr25,long,2021-05-13 23:55:00,2021-05-14 00:00:00,1.2080199999999999,1.207777857142857,sl,-0.05650118260669314,1
5m+1h|thr25,long,2021-05-14 00:40:00,2021-05-14 00:45:00,1.2079199999999999,1.20792,score,3.10785610702468e-14,1
5m+1h|thr25,long,2021-05-14 01:00:00,2021-05-14 01:10:00,1.20831,1.20808,score,-0.030322301332248867,2
5m+1h|thr25,long,2021-05-14 01:55:00,2021-05-14 02:00:00,1.20804,1.2078642857142856,sl,-0.05563294776730403,1
5m+1h|thr25,long,2021-05-14 05:45:00,2021-05-14 05:55:00,1.2077499999999999,1.2079,score,0.02267860753103242,2
5m+1h|thr25,long,2021-05-14 06:40:00,2021-05-14 07:05:00,1.2085,1.20858,score,0.01552376262876604,5
5m+1h|thr25,long,2021-05-14 08:35:00,2021-05-14 08:50:00,1.2087299999999999,1.2094500000000001,score,0.18358722866070598,3
5m+1h|thr25,long,2021-05-14 09:30:00,2021-05-14 09:40:00,1.21062,1.21078,score,0.017461185303711074,2
5m+1h|thr25,long,2021-05-14 10:45:00,2021-05-14 11:00:00,1.2113399999999999,1.21163,score,0.02700516806613876,3
5m+1h|thr25,long,2021-05-14 11:20:00,2021-05-14 11:25:00,1.21216,1.21235,score,0.01659494467626363,1
5m+1h|thr25,long,2021-05-14 12:25:00,2021-05-14 12:30:00,1.21135,1.21144,score,0.008892195045163477,1
5m+1h|thr25,long,2021-05-14 12:45:00,2021-05-14 12:55:00,1.21094,1.21095,score,0.001053069635444394,2
5m+1h|thr25,long,2021-05-14 16:10:00,2021-05-14 16:25:00,1.21322,1.21327,score,0.003173365059293287,3
5m+1h|thr25,long,2021-05-14 16:45:00,2021-05-14 16:55:00,1.21384,1.2140600000000001,score,0.014462123442688046,2
5m+1h|thr25,long,2021-05-14 17:20:00,2021-05-14 17:20:00,1.21459,1.21425,score,-0.02136892358032035,0
5m+1h|thr25,long,2021-05-14 17:45:00,2021-05-14 17:50:00,1.2133099999999999,1.2134500000000001,score,0.00966120759240452,1
5m+1h|thr25,long,2021-05-17 02:25:00,2021-05-17 02:30:00,1.2149699999999999,1.2147700000000001,score,-0.0592272500417258,1
5m+1h|thr25,long,2021-05-17 02:50:00,2021-05-17 02:55:00,1.21508,1.2149400000000001,score,-0.04391590910498199,1
5m+1h|thr25,long,2021-05-17 03:10:00,2021-05-17 03:10:00,1.21459,1.2143489285714286,sl,-0.057032426038776826,0
5m+1h|thr25,short,2021-05-17 10:20:00,2021-05-17 10:45:00,1.21432,1.21349,score,0.07515345047709131,5
5m+1h|thr25,long,2021-05-17 11:15:00,2021-05-17 11:25:00,1.2136099999999999,1.21368,score,0.006261235461494335,2
5m+1h|thr25,long,2021-05-17 11:45:00,2021-05-17 12:00:00,1.2143899999999999,1.21454,score,0.014268104642873052,3
5m+1h|thr25,long,2021-05-17 12:25:00,2021-05-17 12:40:00,1.2149299999999998,1.21464,score,-0.03445984545717413,3
5m+1h|thr25,long,2021-05-17 12:50:00,2021-05-17 13:15:00,1.21546,1.21619,score,0.06870431862978027,5
5m+1h|thr25,long,2021-05-17 14:15:00,2021-05-17 14:15:00,1.21691,1.2164160714285714,sl,-0.05776137441592972,0
5m+1h|thr25,long,2021-05-17 14:35:00,2021-05-17 14:40:00,1.2161,1.2156339285714286,sl,-0.05718376067177041,1
5m+1h|thr25,long,2021-05-17 20:45:00,2021-05-17 20:50:00,1.2154,1.21537,score,-0.0060733097541019986,1
5m+1h|thr25,long,2021-05-17 21:00:00,2021-05-17 21:15:00,1.21572,1.21585,score,0.024951070482670118,3
5m+1h|thr25,long,2021-05-17 22:25:00,2021-05-17 22:30:00,1.21577,1.21576,score,-0.0021463152750818802,1
5m+1h|thr25,long,2021-05-17 22:50:00,2021-05-17 22:50:00,1.2159,1.2156503571428572,sl,-0.05677923751958756,0
5m+1h|thr25,long,2021-05-18 03:20:00,2021-05-18 03:25:00,1.21593,1.215705,sl,-0.05621144514439168,1
5m+1h|thr25,long,2021-05-18 03:45:00,2021-05-18 03:50:00,1.21586,1.2156007142857144,sl,-0.05564933069294777,1
5m+1h|thr25,long,2021-05-18 04:10:00,2021-05-18 04:20:00,1.2158499999999999,1.21618,score,0.06238453645183767,2
5m+1h|thr25,long,2021-05-18 05:50:00,2021-05-18 06:05:00,1.21644,1.21639,score,-0.009454952224311102,3
5m+1h|thr25,long,2021-05-18 06:40:00,2021-05-18 06:45:00,1.21681,1.21659,score,-0.04550230287996156,1
5m+1h|thr25,long,2021-05-18 07:40:00,2021-05-18 07:50:00,1.2164599999999999,1.21645,score,-0.0020432263036530346,2
5m+1h|thr25,long,2021-05-18 10:10:00,2021-05-18 10:15:00,1.2195099999999999,1.21941,score,-0.007682124289637088,1
5m+1h|thr25,long,2021-05-18 11:20:00,2021-05-18 11:35:00,1.2207599999999998,1.22139,score,0.06029995481531726,3
5m+1h|thr25,long,2021-05-18 12:35:00,2021-05-18 12:40:00,1.2223199999999999,1.2217007142857141,sl,-0.05567285624171422,1
5m+1h|thr25,long,2021-05-18 22:55:00,2021-05-18 23:10:00,1.2227599999999998,1.2224642857142856,sl,-0.05511612767929709,3
5m+1h|thr25,long,2021-05-18 23:45:00,2021-05-18 23:50:00,1.2222899999999999,1.2222,score,-0.01703887426693467,1
5m+1h|thr25,long,2021-05-19 04:25:00,2021-05-19 04:30:00,1.2221899999999999,1.2223,score,0.01257772516459076,1
5m+1h|thr25,long,2021-05-19 04:45:00,2021-05-19 04:50:00,1.22221,1.22219,score,-0.0021425542982659,1
5m+1h|thr25,long,2021-05-19 08:10:00,2021-05-19 08:30:00,1.22335,1.22339,score,0.009164985119034482,4
5m+1h|thr25,long,2021-05-19 08:45:00,2021-05-19 08:55:00,1.2237099999999999,1.2238900000000001,score,0.04206980416935634,2
5m+1h|thr25,long,2021-05-19 10:05:00,2021-05-19 10:05:00,1.2245599999999999,1.223920357142857,sl,-0.05501127726138191,0
5m+1h|thr25,long,2021-05-19 10:15:00,2021-05-19 10:20:00,1.22399,1.2232775,sl,-0.05446116448876809,1
5m+1h|thr25,short,2021-05-19 16:55:00,2021-05-19 17:15:00,1.22326,1.22214,score,0.07310086887954899,4
5m+1h|thr25,long,2021-05-19 17:30:00,2021-05-19 17:35:00,1.2228999999999999,1.2220900000000001,score,-0.046263781095963984,1
5m+1h|thr25,long,2021-05-19 17:50:00,2021-05-19 18:15:00,1.22191,1.22141,score,-0.026095250502374913,5
5m+1h|thr25,short,2021-05-20 02:35:00,2021-05-20 02:35:00,1.21742,1.21752,score,-0.024080880288161174,0
5m+1h|thr25,short,2021-05-20 03:05:00,2021-05-20 03:05:00,1.2171800000000002,1.2175035714285716,sl,-0.05368316241381089,0
5m+1h|thr25,short,2021-05-20 03:45:00,2021-05-20 03:55:00,1.21786,1.2183142857142857,sl,-0.05314633078967279,2
5m+1h|thr25,short,2021-05-20 05:05:00,2021-05-20 05:05:00,1.218,1.21777,score,0.021888872518249742,0
5m+1h|thr25,short,2021-05-20 06:50:00,2021-05-20 07:05:00,1.2182,1.218,score,0.03509715714815854,3
5m+1h|thr25,short,2021-05-20 08:30:00,2021-05-20 08:35:00,1.21807,1.2179,score,0.037841450556853784,1
5m+1h|thr25,short,2021-05-20 08:50:00,2021-05-20 09:00:00,1.21794,1.2182199999999999,score,-0.05146262690032446,2
5m+1h|thr25,short,2021-05-20 09:25:00,2021-05-20 09:25:00,1.2186000000000001,1.219014642857143,sl,-0.053048516015005424,0
5m+1h|thr25,short,2021-05-20 09:40:00,2021-05-20 09:55:00,1.2192100000000001,1.21853,score,0.06149712838112026,3
5m+1h|thr25,short,2021-05-20 10:30:00,2021-05-20 10:35:00,1.21937,1.21993,score,-0.042398242927946826,1
5m+1h|thr25,short,2021-05-20 10:55:00,2021-05-20 10:55:00,1.21983,1.2203199999999998,score,-0.039452686874669594,0
5m+1h|thr25,long,2021-05-20 11:15:00,2021-05-20 11:20:00,1.2204599999999999,1.21995,score,-0.040294010666878995,1
5m+1h|thr25,long,2021-05-20 11:45:00,2021-05-20 12:00:00,1.21918,1.21906,score,-0.009392720365429945,3
5m+1h|thr25,long,2021-05-20 12:20:00,2021-05-20 12:25:00,1.21867,1.21852,score,-0.0130476035507889,1
5m+1h|thr25,long,2021-05-20 14:55:00,2021-05-20 15:10:00,1.21991,1.22018,score,0.029602640165215452,3
5m+1h|thr25,long,2021-05-20 16:15:00,2021-05-20 16:35:00,1.22058,1.2211400000000001,score,0.04225485733835379,4
5m+1h|thr25,long,2021-05-20 17:05:00,2021-05-20 17:05:00,1.22157,1.22099,score,-0.04357751998926266,0
5m+1h|thr25,long,2021-05-20 17:30:00,2021-05-20 17:30:00,1.2213699999999998,1.22103,score,-0.027440594400977413,0
5m+1h|thr25,long,2021-05-20 17:55:00,2021-05-20 18:15:00,1.2215,1.22137,score,-0.009620234034068316,4
5m+1h|thr25,long,2021-05-20 18:30:00,2021-05-20 18:35:00,1.22092,1.22124,score,0.026708844323000077,1
5m+1h|thr25,long,2021-05-20 18:45:00,2021-05-20 18:55:00,1.22224,1.22238,score,0.010639267575148492,2
5m+1h|thr25,long,2021-05-20 19:30:00,2021-05-20 19:35:00,1.22218,1.22168,score,-0.03989142047500772,1
5m+1h|thr25,long,2021-05-20 23:30:00,2021-05-20 23:35:00,1.22285,1.22258,score,-0.04831459030020359,1
5m+1h|thr25,long,2021-05-21 00:05:00,2021-05-21 00:05:00,1.22265,1.2223446428571427,sl,-0.0510907619968314,0
5m+1h|thr25,long,2021-05-21 00:35:00,2021-05-21 00:45:00,1.22282,1.22276,score,-0.009441572817006059,2
5m+1h|thr25,long,2021-05-21 04:35:00,2021-05-21 04:40:00,1.2238499999999999,1.2234567857142855,sl,-0.05048543864869302,1
