side,horizon_5m,n,hit_pct,mean_ret,median_ret,mean_mfe,mean_mae,first_close_favor_pct,first_close_adverse_pct,symbol,panel,min_agree,n_agents
long,1,1473,46.77528852681602,0.00040196386875211633,-0.0008724557010674942,0.01936161872999222,0.018471528713234594,46.77528852681602,50.91649694501018,EURUSD,abc_only,2,3
short,1,1669,44.21809466746554,-0.00185423322796801,-0.001848343422219955,0.018869912695552982,0.0200933228992635,44.21809466746555,53.325344517675255,EURUSD,abc_only,2,3
any,1,3142,45.41693189051559,-0.0007965061994929156,-0.0009432241981873815,0.01910042924193395,0.019333010093400813,45.41693189051559,52.196053469127946,EURUSD,abc_only,2,3
long,2,1473,46.70739986422268,-0.0004973278048248295,-0.0009419743783030813,0.026605333372076385,0.02640752325015296,47.52206381534284,52.27427019687712,EURUSD,abc_only,2,3
short,2,1669,46.85440383463151,-0.001800817864752397,-0.0017307475964163988,0.025602860816856088,0.027554300707751275,44.99700419412822,54.8831635710006,EURUSD,abc_only,2,3
any,2,3142,46.78548695098663,-0.0011897291129149344,-0.0016888970285051743,0.02607282965003225,0.02701668034013755,46.18077657542966,53.66008911521324,EURUSD,abc_only,2,3
long,3,1473,47.52206381534283,-0.0014271260691158792,-0.0009525986892304442,0.03174907969069589,0.03244035892663934,47.657841140529534,52.342158859470466,EURUSD,abc_only,2,3
short,3,1669,46.43499101258238,-0.001958200255460144,-0.0020624297484887547,0.03101652823321955,0.03252165897090276,45.05692031156381,54.94307968843619,EURUSD,abc_only,2,3
any,3,3142,46.94462126034373,-0.0017092275385648219,-0.0018421982521950723,0.03135995544418793,0.03248354472354439,46.27625716104392,53.72374283895608,EURUSD,abc_only,2,3
long,5,1473,45.89273591310251,-0.0012779772182771579,-0.002740051330292591,0.0407400389813132,0.041847990589601085,47.657841140529534,52.342158859470466,EURUSD,abc_only,2,3
short,5,1669,44.27801078490114,-0.0034846400786344733,-0.004617785864023151,0.040459553199447926,0.042030011094169976,45.05692031156381,54.94307968843619,EURUSD,abc_only,2,3
any,5,3142,45.03500954805856,-0.0024501351794281308,-0.003728995392062986,0.04059104764778896,0.04194467812051307,46.27625716104392,53.72374283895608,EURUSD,abc_only,2,3
long,8,1473,47.1826205023761,-0.002438336796804853,-0.0027412280701731074,0.051315159122445574,0.05388555811914591,47.657841140529534,52.342158859470466,EURUSD,abc_only,2,3
short,8,1669,45.1168364289994,-0.004985738471402633,-0.0051526029232390105,0.05108729150006502,0.05407025129468273,45.05692031156381,54.94307968843619,EURUSD,abc_only,2,3
any,8,3142,46.08529598981541,-0.003791491919307621,-0.003689512901660909,0.05119411804613968,0.053983665347016985,46.27625716104392,53.72374283895608,EURUSD,abc_only,2,3
long,10,1473,47.58995247793619,-0.0022264188350967482,-0.0018312167519828437,0.057077828047739455,0.060792261944636,47.657841140529534,52.342158859470466,EURUSD,abc_only,2,3
short,10,1669,43.79868184541642,-0.00783130377578934,-0.006653296708499343,0.05674754507513412,0.06100821042578646,45.05692031156381,54.94307968843619,EURUSD,abc_only,2,3
any,10,3142,45.57606619987269,-0.0052036794862794136,-0.004717184190997446,0.05690238492830015,0.060906971688442536,46.27625716104392,53.72374283895608,EURUSD,abc_only,2,3
long,15,1473,48.60828241683639,-0.002734722439074419,-0.0016780916741405219,0.07137095904082483,0.07450287192578513,47.657841140529534,52.342158859470466,EURUSD,abc_only,2,3
short,15,1669,42.60035949670461,-0.00938415377845612,-0.012369458041033822,0.06953798596481503,0.07605781312668705,45.05692031156381,54.94307968843619,EURUSD,abc_only,2,3
any,15,3142,45.41693189051559,-0.006266836030872018,-0.007052611325854153,0.07039730147753381,0.075328841647079,46.27625716104392,53.72374283895608,EURUSD,abc_only,2,3
long,20,1473,49.55872369314325,-0.0035985383504342394,0.0,0.08221410405481586,0.08667972501718436,47.657841140529534,52.342158859470466,EURUSD,abc_only,2,3
short,20,1669,43.618933493109644,-0.009285592375123936,-0.010578957491809237,0.07973299027417169,0.08733457407926479,45.05692031156381,54.94307968843619,EURUSD,abc_only,2,3
any,20,3142,46.4035646085296,-0.0066194464240202045,-0.006183827655602027,0.0808961604202216,0.08702757450305713,46.27625716104392,53.72374283895608,EURUSD,abc_only,2,3
long,1,22,36.36363636363637,-0.0021591007178076425,-0.002555961296444022,0.018325384881239352,0.02260499502303578,36.36363636363637,59.09090909090909,EURUSD,abc_only,3,3
short,1,22,59.09090909090909,0.0065117340244480884,0.003698887333955337,0.024115244379993243,0.017178252995399015,59.09090909090909,40.90909090909091,EURUSD,abc_only,3,3
any,1,44,47.72727272727273,0.002176316653320224,-0.00046367564961262274,0.021220314630616303,0.01989162400921739,47.72727272727273,50.0,EURUSD,abc_only,3,3
long,2,22,50.0,0.0035484480008578416,0.0009004141712245153,0.032831934842886795,0.0282009830657512,36.36363636363637,63.63636363636363,EURUSD,abc_only,3,3
short,2,22,54.54545454545454,0.014428101432096729,0.003271813316041596,0.03857714241384079,0.02265088050305724,59.09090909090909,40.90909090909091,EURUSD,abc_only,3,3
any,2,44,52.27272727272727,0.008988274716477286,0.002245889458135899,0.035704538628363786,0.025425931784404218,47.72727272727273,52.27272727272727,EURUSD,abc_only,3,3
long,3,22,50.0,0.007059256401840725,-2.7356724057549513e-05,0.037217277385027774,0.03165441343545022,36.36363636363637,63.63636363636363,EURUSD,abc_only,3,3
short,3,22,59.09090909090909,0.016963464463691864,0.01142971765632967,0.04493661784954192,0.02551476002594487,59.09090909090909,40.90909090909091,EURUSD,abc_only,3,3
any,3,44,54.54545454545454,0.012011360432766292,0.008160842861610217,0.041076947617284844,0.02858458673069754,47.72727272727273,52.27272727272727,EURUSD,abc_only,3,3
long,5,22,50.0,0.009748003645448174,-0.00011572773182253349,0.04386018242163478,0.035242064745799155,36.36363636363637,63.63636363636363,EURUSD,abc_only,3,3
short,5,22,50.0,0.009082541398210082,0.0014363787241898096,0.04857009796547191,0.03458654149578736,59.09090909090909,40.90909090909091,EURUSD,abc_only,3,3
any,5,44,50.0,0.009415272521829134,0.0014363787241898096,0.04621514019355333,0.03491430312079325,47.72727272727273,52.27272727272727,EURUSD,abc_only,3,3
long,8,22,50.0,0.0037339009354987866,-0.0004851339518711917,0.04981640725167125,0.04755799171660282,36.36363636363637,63.63636363636363,EURUSD,abc_only,3,3
short,8,22,54.54545454545454,0.01082339628458504,0.007123973818167043,0.05543295411549903,0.04155205705644439,59.09090909090909,40.90909090909091,EURUSD,abc_only,3,3
any,8,44,52.27272727272727,0.007278648610041915,0.0042595802418465105,0.05262468068358514,0.044555024386523596,47.72727272727273,52.27272727272727,EURUSD,abc_only,3,3
long,10,22,54.54545454545454,0.008220614573073744,0.005600804305682529,0.053588962762735684,0.04991471286241778,36.36363636363637,63.63636363636363,EURUSD,abc_only,3,3
short,10,22,54.54545454545454,0.01254009708722335,0.0038155766500140866,0.06449606309876675,0.04328427822625348,59.09090909090909,40.90909090909091,EURUSD,abc_only,3,3
any,10,44,54.54545454545454,0.010380355830148544,0.005561992417435007,0.059042512930751204,0.04659949554433563,47.72727272727273,52.27272727272727,EURUSD,abc_only,3,3
long,15,22,59.09090909090909,0.016465364157927202,0.020335577765949492,0.06859596575649776,0.057423177756811425,36.36363636363637,63.63636363636363,EURUSD,abc_only,3,3
short,15,22,59.09090909090909,0.013932054192162402,0.012206266198766882,0.08272556925133671,0.05064735126974655,59.09090909090909,40.90909090909091,EURUSD,abc_only,3,3
any,15,44,59.09090909090909,0.015198709175044796,0.01359855701661165,0.07566076750391723,0.054035264513278995,47.72727272727273,52.27272727272727,EURUSD,abc_only,3,3
long,20,22,54.54545454545454,0.010989067808581403,0.010283979272317507,0.09162975462882522,0.06349475496875448,36.36363636363637,63.63636363636363,EURUSD,abc_only,3,3
short,20,22,59.09090909090909,0.012242695736440072,0.016432270971964185,0.08933483304647244,0.05674480534468208,59.09090909090909,40.90909090909091,EURUSD,abc_only,3,3
any,20,44,56.81818181818182,0.011615881772510734,0.012561194402715144,0.09048229383764883,0.06011978015671828,47.72727272727273,52.27272727272727,EURUSD,abc_only,3,3
long,1,1473,46.77528852681602,0.00040196386875211633,-0.0008724557010674942,0.01936161872999222,0.018471528713234594,46.77528852681602,50.91649694501018,EURUSD,abc_only_longOnly,2,3
any,1,1473,46.77528852681602,0.00040196386875211633,-0.0008724557010674942,0.01936161872999222,0.018471528713234594,46.77528852681602,50.91649694501018,EURUSD,abc_only_longOnly,2,3
long,2,1473,46.70739986422268,-0.0004973278048248295,-0.0009419743783030813,0.026605333372076385,0.02640752325015296,47.52206381534284,52.27427019687712,EURUSD,abc_only_longOnly,2,3
any,2,1473,46.70739986422268,-0.0004973278048248295,-0.0009419743783030813,0.026605333372076385,0.02640752325015296,47.52206381534284,52.27427019687712,EURUSD,abc_only_longOnly,2,3
long,3,1473,47.52206381534283,-0.0014271260691158792,-0.0009525986892304442,0.03174907969069589,0.03244035892663934,47.657841140529534,52.342158859470466,EURUSD,abc_only_longOnly,2,3
any,3,1473,47.52206381534283,-0.0014271260691158792,-0.0009525986892304442,0.03174907969069589,0.03244035892663934,47.657841140529534,52.342158859470466,EURUSD,abc_only_longOnly,2,3
long,5,1473,45.89273591310251,-0.0012779772182771579,-0.002740051330292591,0.0407400389813132,0.041847990589601085,47.657841140529534,52.342158859470466,EURUSD,abc_only_longOnly,2,3
any,5,1473,45.89273591310251,-0.0012779772182771579,-0.002740051330292591,0.0407400389813132,0.041847990589601085,47.657841140529534,52.342158859470466,EURUSD,abc_only_longOnly,2,3
long,8,1473,47.1826205023761,-0.002438336796804853,-0.0027412280701731074,0.051315159122445574,0.05388555811914591,47.657841140529534,52.342158859470466,EURUSD,abc_only_longOnly,2,3
any,8,1473,47.1826205023761,-0.002438336796804853,-0.0027412280701731074,0.051315159122445574,0.05388555811914591,47.657841140529534,52.342158859470466,EURUSD,abc_only_longOnly,2,3
long,10,1473,47.58995247793619,-0.0022264188350967482,-0.0018312167519828437,0.057077828047739455,0.060792261944636,47.657841140529534,52.342158859470466,EURUSD,abc_only_longOnly,2,3
any,10,1473,47.58995247793619,-0.0022264188350967482,-0.0018312167519828437,0.057077828047739455,0.060792261944636,47.657841140529534,52.342158859470466,EURUSD,abc_only_longOnly,2,3
long,15,1473,48.60828241683639,-0.002734722439074419,-0.0016780916741405219,0.07137095904082483,0.07450287192578513,47.657841140529534,52.342158859470466,EURUSD,abc_only_longOnly,2,3
any,15,1473,48.60828241683639,-0.002734722439074419,-0.0016780916741405219,0.07137095904082483,0.07450287192578513,47.657841140529534,52.342158859470466,EURUSD,abc_only_longOnly,2,3
long,20,1473,49.55872369314325,-0.0035985383504342394,0.0,0.08221410405481586,0.08667972501718436,47.657841140529534,52.342158859470466,EURUSD,abc_only_longOnly,2,3
any,20,1473,49.55872369314325,-0.0035985383504342394,0.0,0.08221410405481586,0.08667972501718436,47.657841140529534,52.342158859470466,EURUSD,abc_only_longOnly,2,3
long,1,22,36.36363636363637,-0.0021591007178076425,-0.002555961296444022,0.018325384881239352,0.02260499502303578,36.36363636363637,59.09090909090909,EURUSD,abc_only_longOnly,3,3
any,1,22,36.36363636363637,-0.0021591007178076425,-0.002555961296444022,0.018325384881239352,0.02260499502303578,36.36363636363637,59.09090909090909,EURUSD,abc_only_longOnly,3,3
long,2,22,50.0,0.0035484480008578416,0.0009004141712245153,0.032831934842886795,0.0282009830657512,36.36363636363637,63.63636363636363,EURUSD,abc_only_longOnly,3,3
any,2,22,50.0,0.0035484480008578416,0.0009004141712245153,0.032831934842886795,0.0282009830657512,36.36363636363637,63.63636363636363,EURUSD,abc_only_longOnly,3,3
long,3,22,50.0,0.007059256401840725,-2.7356724057549513e-05,0.037217277385027774,0.03165441343545022,36.36363636363637,63.63636363636363,EURUSD,abc_only_longOnly,3,3
any,3,22,50.0,0.007059256401840725,-2.7356724057549513e-05,0.037217277385027774,0.03165441343545022,36.36363636363637,63.63636363636363,EURUSD,abc_only_longOnly,3,3
long,5,22,50.0,0.009748003645448174,-0.00011572773182253349,0.04386018242163478,0.035242064745799155,36.36363636363637,63.63636363636363,EURUSD,abc_only_longOnly,3,3
any,5,22,50.0,0.009748003645448174,-0.00011572773182253349,0.04386018242163478,0.035242064745799155,36.36363636363637,63.63636363636363,EURUSD,abc_only_longOnly,3,3
long,8,22,50.0,0.0037339009354987866,-0.0004851339518711917,0.04981640725167125,0.04755799171660282,36.36363636363637,63.63636363636363,EURUSD,abc_only_longOnly,3,3
any,8,22,50.0,0.0037339009354987866,-0.0004851339518711917,0.04981640725167125,0.04755799171660282,36.36363636363637,63.63636363636363,EURUSD,abc_only_longOnly,3,3
long,10,22,54.54545454545454,0.008220614573073744,0.005600804305682529,0.053588962762735684,0.04991471286241778,36.36363636363637,63.63636363636363,EURUSD,abc_only_longOnly,3,3
any,10,22,54.54545454545454,0.008220614573073744,0.005600804305682529,0.053588962762735684,0.04991471286241778,36.36363636363637,63.63636363636363,EURUSD,abc_only_longOnly,3,3
long,15,22,59.09090909090909,0.016465364157927202,0.020335577765949492,0.06859596575649776,0.057423177756811425,36.36363636363637,63.63636363636363,EURUSD,abc_only_longOnly,3,3
any,15,22,59.09090909090909,0.016465364157927202,0.020335577765949492,0.06859596575649776,0.057423177756811425,36.36363636363637,63.63636363636363,EURUSD,abc_only_longOnly,3,3
long,20,22,54.54545454545454,0.010989067808581403,0.010283979272317507,0.09162975462882522,0.06349475496875448,36.36363636363637,63.63636363636363,EURUSD,abc_only_longOnly,3,3
any,20,22,54.54545454545454,0.010989067808581403,0.010283979272317507,0.09162975462882522,0.06349475496875448,36.36363636363637,63.63636363636363,EURUSD,abc_only_longOnly,3,3
long,1,2716,47.45949926362297,-1.932043083820333e-05,-0.0008491854968618066,0.019711558795433827,0.019645817873310524,47.45949926362297,50.36818851251841,EURUSD,abc_plus_dvmr_mv,2,7
short,1,1806,45.29346622369878,-0.0013653426062281801,-0.0010153734977062625,0.01904915024723643,0.019750407549242094,45.29346622369878,52.10409745293466,EURUSD,abc_plus_dvmr_mv,2,7
any,1,4522,46.59442724458204,-0.0005568958507307948,-0.0009090625081831258,0.01944700553624663,0.019687588982273903,46.59442724458204,51.061477222467936,EURUSD,abc_plus_dvmr_mv,2,7
long,2,2716,47.790868924889544,-0.0005095480591040726,-0.000851518496490055,0.02725580954843849,0.027638118895405905,48.45360824742268,51.435935198821795,EURUSD,abc_plus_dvmr_mv,2,7
short,2,1806,47.45293466223699,-0.0010564682994867963,-0.0009659917204206837,0.025946366693299517,0.02705819919199078,46.179401993355484,53.70985603543743,EURUSD,abc_plus_dvmr_mv,2,7
any,2,4522,47.65590446704998,-0.0007279775049535197,-0.0008722586405083409,0.0267328432069124,0.027406510097447538,47.545333923042904,52.34409553295002,EURUSD,abc_plus_dvmr_mv,2,7
long,3,2716,48.01178203240059,-0.0012384464746434396,-0.0008824645772987305,0.033299598159680546,0.03400067636121913,48.564064801178205,51.435935198821795,EURUSD,abc_plus_dvmr_mv,2,7
short,3,1806,47.120708748615726,-0.0012269392503603213,-0.0018091305539434546,0.03153113858812909,0.03205183167850366,46.23477297895903,53.76522702104097,EURUSD,abc_plus_dvmr_mv,2,7
any,3,4522,47.65590446704998,-0.0012338507101464665,-0.0009319838713513482,0.032593309352466494,0.03322234520310676,47.63379035824856,52.36620964175144,EURUSD,abc_plus_dvmr_mv,2,7
long,5,2716,47.82768777614139,-0.00019656950891969134,-0.0013018429170712988,0.04290795657866322,0.043356832116724406,48.564064801178205,51.435935198821795,EURUSD,abc_plus_dvmr_mv,2,7
short,5,1806,44.905869324473976,-0.0029299595536687955,-0.004252063549429237,0.04096810706428651,0.04152226970878157,46.23477297895903,53.76522702104097,EURUSD,abc_plus_dvmr_mv,2,7
any,5,4522,46.66076957098629,-0.001288233025243637,-0.002557087635326075,0.04213321791812268,0.04262414310550265,47.63379035824856,52.36620964175144,EURUSD,abc_plus_dvmr_mv,2,7
long,8,2716,47.45949926362297,-0.0014671517036735054,-0.002560924667638284,0.05393366201614106,0.05591618549785109,48.564064801178205,51.435935198821795,EURUSD,abc_plus_dvmr_mv,2,7
short,8,1806,45.570321151716506,-0.0045138441146065425,-0.00458509453794731,0.05153144527035581,0.05373315434045099,46.23477297895903,53.76522702104097,EURUSD,abc_plus_dvmr_mv,2,7
any,8,4522,46.70499778858912,-0.0026839421711978453,-0.003180350217347843,0.05297426275853642,0.05504432475696994,47.63379035824856,52.36620964175144,EURUSD,abc_plus_dvmr_mv,2,7
long,10,2716,49.37407952871871,-0.0003255337147955054,0.0,0.060480089281891414,0.06229875751303279,48.564064801178205,51.435935198821795,EURUSD,abc_plus_dvmr_mv,2,7
short,10,1806,44.6843853820598,-0.006502331941376495,-0.005843406041006252,0.057282520396778294,0.060378016612010504,46.23477297895903,53.76522702104097,EURUSD,abc_plus_dvmr_mv,2,7
any,10,4522,47.501105705440075,-0.002792428362563145,-0.0025897215344445603,0.05920304164666048,0.06153165046587529,47.63379035824856,52.36620964175144,EURUSD,abc_plus_dvmr_mv,2,7
long,15,2716,49.22680412371135,-0.002145048192687466,-0.0009031364627546713,0.07480255479970215,0.07653167535821485,48.564064801178205,51.435935198821795,EURUSD,abc_plus_dvmr_mv,2,7
short,15,1806,43.85382059800664,-0.007880900288152406,-0.00987353750678176,0.07021014913534859,0.07502352191587393,46.23477297895903,53.76522702104097,EURUSD,abc_plus_dvmr_mv,2,7
any,15,4522,47.080937638213186,-0.004435837419668819,-0.004568494034226118,0.07296843612879933,0.07592934782241925,47.63379035824856,52.36620964175144,EURUSD,abc_plus_dvmr_mv,2,7
long,20,2716,49.005891016200295,-0.0031368397075108062,-0.0009538572406293056,0.08615059676117959,0.08973266064438419,48.564064801178205,51.435935198821795,EURUSD,abc_plus_dvmr_mv,2,7
short,20,1806,44.905869324473976,-0.007136210862639522,-0.008682885946173325,0.08088755690186394,0.08617706820932897,46.23477297895903,53.76522702104097,EURUSD,abc_plus_dvmr_mv,2,7
any,20,4522,47.368421052631575,-0.0047341117787541645,-0.004324876287227421,0.08404863966566344,0.08831262527558505,47.63379035824856,52.36620964175144,EURUSD,abc_plus_dvmr_mv,2,7
long,1,909,45.54455445544555,-0.00044157872824430983,-0.0009225517782245964,0.021805513875322962,0.022326229129377456,45.54455445544554,51.92519251925192,EURUSD,abc_plus_dvmr_mv,3,7
short,1,42,57.14285714285714,0.007824302131666551,0.003543497391916975,0.024494107325935034,0.01426312184761049,57.142857142857146,40.476190476190474,EURUSD,abc_plus_dvmr_mv,3,7
any,1,951,46.05678233438486,-7.652405304319953e-05,-0.0009185266832061644,0.021924253018252203,0.021970129754157464,46.056782334384856,51.41955835962145,EURUSD,abc_plus_dvmr_mv,3,7
long,2,909,47.85478547854785,-0.001295747346246074,-0.000821969603569445,0.031150466837869532,0.03232269560468245,46.754675467546754,53.02530253025302,EURUSD,abc_plus_dvmr_mv,3,7
short,2,42,61.904761904761905,0.015667143748399715,0.0072023774882208425,0.036187081930144666,0.0177549318024764,57.142857142857146,42.857142857142854,EURUSD,abc_plus_dvmr_mv,3,7
any,2,951,48.47528916929548,-0.0005465975818137671,0.0,0.03137290409746528,0.03167932433266073,47.213459516298634,52.576235541535226,EURUSD,abc_plus_dvmr_mv,3,7
long,3,909,47.634763476347636,-0.0031842499937218102,-0.0008899409968979743,0.03679136240625626,0.0392513916388773,46.864686468646866,53.135313531353134,EURUSD,abc_plus_dvmr_mv,3,7
short,3,42,57.14285714285714,0.014669681313868945,0.00895356525962375,0.04252849483614479,0.019911383334304596,57.142857142857146,42.857142857142854,EURUSD,abc_plus_dvmr_mv,3,7
any,3,951,48.0546792849632,-0.002395748295594774,-0.0008571918395393033,0.037044737340068384,0.03839725878000027,47.3186119873817,52.6813880126183,EURUSD,abc_plus_dvmr_mv,3,7
long,5,909,48.294829482948295,-0.0029174032163312704,-0.0009061910975845939,0.04824195746777736,0.05056150452528558,46.864686468646866,53.135313531353134,EURUSD,abc_plus_dvmr_mv,3,7
short,5,42,57.14285714285714,0.01530219616657711,0.007983447972426838,0.048731748132132366,0.02757355508955546,57.142857142857146,42.857142857142854,EURUSD,abc_plus_dvmr_mv,3,7
any,5,951,48.68559411146162,-0.002112752139483583,-0.0008576770674361898,0.048263588601218904,0.04954626385619971,47.3186119873817,52.6813880126183,EURUSD,abc_plus_dvmr_mv,3,7
long,8,909,49.28492849284928,-0.005697917763430145,0.0,0.05863050559238546,0.06495907709565733,46.864686468646866,53.135313531353134,EURUSD,abc_plus_dvmr_mv,3,7
short,8,42,64.28571428571429,0.012886566733588043,0.010218913409874186,0.055701918376215576,0.034692512244501685,57.142857142857146,42.857142857142854,EURUSD,abc_plus_dvmr_mv,3,7
any,8,951,49.94742376445846,-0.004877151886590223,0.0,0.05850116735570919,0.06362238337983342,47.3186119873817,52.6813880126183,EURUSD,abc_plus_dvmr_mv,3,7
long,10,909,48.84488448844885,-0.005763880860734016,-0.0009072516625446152,0.06547181421344413,0.07197893352625676,46.864686468646866,53.135313531353134,EURUSD,abc_plus_dvmr_mv,3,7
short,10,42,57.14285714285714,0.012127634032794123,0.006380163306275662,0.0622087773451973,0.04110584056325171,57.142857142857146,42.857142857142854,EURUSD,abc_plus_dvmr_mv,3,7
any,10,951,49.21135646687697,-0.004973719319694919,0.0,0.06532770532967296,0.07061545307994108,47.3186119873817,52.6813880126183,EURUSD,abc_plus_dvmr_mv,3,7
long,15,909,49.61496149614962,-0.005926400702654393,0.0,0.0818941381377878,0.0889935967193091,46.864686468646866,53.135313531353134,EURUSD,abc_plus_dvmr_mv,3,7
short,15,42,57.14285714285714,0.018951044243858205,0.01299881445866247,0.0774593572705662,0.05107972094708072,57.142857142857146,42.857142857142854,EURUSD,abc_plus_dvmr_mv,3,7
any,15,951,49.94742376445846,-0.004827712282303678,0.0,0.08169828030768969,0.08731916687447883,47.3186119873817,52.6813880126183,EURUSD,abc_plus_dvmr_mv,3,7
long,20,909,50.05500550055005,-0.005715013990959389,0.0008419847264025791,0.09548479581696032,0.10409943086649735,46.864686468646866,53.135313531353134,EURUSD,abc_plus_dvmr_mv,3,7
short,20,42,59.523809523809526,0.005402968171055166,0.016432270971964185,0.08329414590598863,0.05789717949778074,57.142857142857146,42.857142857142854,EURUSD,abc_plus_dvmr_mv,3,7
any,20,951,50.473186119873816,-0.005223999005886189,0.0009171282879109205,0.09494640749281646,0.10205895288806822,47.3186119873817,52.6813880126183,EURUSD,abc_plus_dvmr_mv,3,7
long,1,106,45.28301886792453,-0.0017444154077889682,-0.0009306719736444627,0.023036376221904135,0.023922810188783367,45.283018867924525,52.83018867924528,EURUSD,abc_plus_dvmr_mv,4,7
any,1,106,45.28301886792453,-0.0017444154077889682,-0.0009306719736444627,0.023036376221904135,0.023922810188783367,45.283018867924525,52.83018867924528,EURUSD,abc_plus_dvmr_mv,4,7
long,2,106,38.67924528301887,-0.0053677657562074595,-0.0060848428091049185,0.029935872719622638,0.034870028239379305,46.22641509433962,53.77358490566038,EURUSD,abc_plus_dvmr_mv,4,7
any,2,106,38.67924528301887,-0.0053677657562074595,-0.0060848428091049185,0.029935872719622638,0.034870028239379305,46.22641509433962,53.77358490566038,EURUSD,abc_plus_dvmr_mv,4,7
long,3,106,48.113207547169814,-0.004122971654729762,-0.0017428006935507321,0.03449120589941317,0.04034374994953607,46.22641509433962,53.77358490566038,EURUSD,abc_plus_dvmr_mv,4,7
any,3,106,48.113207547169814,-0.004122971654729762,-0.0017428006935507321,0.03449120589941317,0.04034374994953607,46.22641509433962,53.77358490566038,EURUSD,abc_plus_dvmr_mv,4,7
long,5,106,47.16981132075472,-0.00011318006803968628,-0.0013901405168157068,0.04489929334530063,0.051626629785500866,46.22641509433962,53.77358490566038,EURUSD,abc_plus_dvmr_mv,4,7
any,5,106,47.16981132075472,-0.00011318006803968628,-0.0013901405168157068,0.04489929334530063,0.051626629785500866,46.22641509433962,53.77358490566038,EURUSD,abc_plus_dvmr_mv,4,7
long,8,106,52.83018867924528,0.003159875531812755,0.010127131243979254,0.056710545014482236,0.06205526171637009,46.22641509433962,53.77358490566038,EURUSD,abc_plus_dvmr_mv,4,7
any,8,106,52.83018867924528,0.003159875531812755,0.010127131243979254,0.056710545014482236,0.06205526171637009,46.22641509433962,53.77358490566038,EURUSD,abc_plus_dvmr_mv,4,7
long,10,106,52.83018867924528,0.0013160411000400385,0.004892362136190432,0.0628432122884141,0.06845473307379527,46.22641509433962,53.77358490566038,EURUSD,abc_plus_dvmr_mv,4,7
any,10,106,52.83018867924528,0.0013160411000400385,0.004892362136190432,0.0628432122884141,0.06845473307379527,46.22641509433962,53.77358490566038,EURUSD,abc_plus_dvmr_mv,4,7
long,15,106,50.943396226415096,0.005451159441184856,0.0036299135420973048,0.07726758025727234,0.08035923237687416,46.22641509433962,53.77358490566038,EURUSD,abc_plus_dvmr_mv,4,7
any,15,106,50.943396226415096,0.005451159441184856,0.0036299135420973048,0.07726758025727234,0.08035923237687416,46.22641509433962,53.77358490566038,EURUSD,abc_plus_dvmr_mv,4,7
long,20,106,54.71698113207547,0.008084279698685392,0.01871373981797713,0.09235174264695749,0.09002864104214559,46.22641509433962,53.77358490566038,EURUSD,abc_plus_dvmr_mv,4,7
any,20,106,54.71698113207547,0.008084279698685392,0.01871373981797713,0.09235174264695749,0.09002864104214559,46.22641509433962,53.77358490566038,EURUSD,abc_plus_dvmr_mv,4,7
long,1,2716,47.45949926362297,-1.932043083820333e-05,-0.0008491854968618066,0.019711558795433827,0.019645817873310524,47.45949926362297,50.36818851251841,EURUSD,abc_plus_dvmr_mv_longOnly,2,7
any,1,2716,47.45949926362297,-1.932043083820333e-05,-0.0008491854968618066,0.019711558795433827,0.019645817873310524,47.45949926362297,50.36818851251841,EURUSD,abc_plus_dvmr_mv_longOnly,2,7
long,2,2716,47.790868924889544,-0.0005095480591040726,-0.000851518496490055,0.02725580954843849,0.027638118895405905,48.45360824742268,51.435935198821795,EURUSD,abc_plus_dvmr_mv_longOnly,2,7
any,2,2716,47.790868924889544,-0.0005095480591040726,-0.000851518496490055,0.02725580954843849,0.027638118895405905,48.45360824742268,51.435935198821795,EURUSD,abc_plus_dvmr_mv_longOnly,2,7
long,3,2716,48.01178203240059,-0.0012384464746434396,-0.0008824645772987305,0.033299598159680546,0.03400067636121913,48.564064801178205,51.435935198821795,EURUSD,abc_plus_dvmr_mv_longOnly,2,7
any,3,2716,48.01178203240059,-0.0012384464746434396,-0.0008824645772987305,0.033299598159680546,0.03400067636121913,48.564064801178205,51.435935198821795,EURUSD,abc_plus_dvmr_mv_longOnly,2,7
long,5,2716,47.82768777614139,-0.00019656950891969134,-0.0013018429170712988,0.04290795657866322,0.043356832116724406,48.564064801178205,51.435935198821795,EURUSD,abc_plus_dvmr_mv_longOnly,2,7
any,5,2716,47.82768777614139,-0.00019656950891969134,-0.0013018429170712988,0.04290795657866322,0.043356832116724406,48.564064801178205,51.435935198821795,EURUSD,abc_plus_dvmr_mv_longOnly,2,7
long,8,2716,47.45949926362297,-0.0014671517036735054,-0.002560924667638284,0.05393366201614106,0.05591618549785109,48.564064801178205,51.435935198821795,EURUSD,abc_plus_dvmr_mv_longOnly,2,7
any,8,2716,47.45949926362297,-0.0014671517036735054,-0.002560924667638284,0.05393366201614106,0.05591618549785109,48.564064801178205,51.435935198821795,EURUSD,abc_plus_dvmr_mv_longOnly,2,7
long,10,2716,49.37407952871871,-0.0003255337147955054,0.0,0.060480089281891414,0.06229875751303279,48.564064801178205,51.435935198821795,EURUSD,abc_plus_dvmr_mv_longOnly,2,7
any,10,2716,49.37407952871871,-0.0003255337147955054,0.0,0.060480089281891414,0.06229875751303279,48.564064801178205,51.435935198821795,EURUSD,abc_plus_dvmr_mv_longOnly,2,7
long,15,2716,49.22680412371135,-0.002145048192687466,-0.0009031364627546713,0.07480255479970215,0.07653167535821485,48.564064801178205,51.435935198821795,EURUSD,abc_plus_dvmr_mv_longOnly,2,7
any,15,2716,49.22680412371135,-0.002145048192687466,-0.0009031364627546713,0.07480255479970215,0.07653167535821485,48.564064801178205,51.435935198821795,EURUSD,abc_plus_dvmr_mv_longOnly,2,7
long,20,2716,49.005891016200295,-0.0031368397075108062,-0.0009538572406293056,0.08615059676117959,0.08973266064438419,48.564064801178205,51.435935198821795,EURUSD,abc_plus_dvmr_mv_longOnly,2,7
any,20,2716,49.005891016200295,-0.0031368397075108062,-0.0009538572406293056,0.08615059676117959,0.08973266064438419,48.564064801178205,51.435935198821795,EURUSD,abc_plus_dvmr_mv_longOnly,2,7
long,1,909,45.54455445544555,-0.00044157872824430983,-0.0009225517782245964,0.021805513875322962,0.022326229129377456,45.54455445544554,51.92519251925192,EURUSD,abc_plus_dvmr_mv_longOnly,3,7
any,1,909,45.54455445544555,-0.00044157872824430983,-0.0009225517782245964,0.021805513875322962,0.022326229129377456,45.54455445544554,51.92519251925192,EURUSD,abc_plus_dvmr_mv_longOnly,3,7
long,2,909,47.85478547854785,-0.001295747346246074,-0.000821969603569445,0.031150466837869532,0.03232269560468245,46.754675467546754,53.02530253025302,EURUSD,abc_plus_dvmr_mv_longOnly,3,7
any,2,909,47.85478547854785,-0.001295747346246074,-0.000821969603569445,0.031150466837869532,0.03232269560468245,46.754675467546754,53.02530253025302,EURUSD,abc_plus_dvmr_mv_longOnly,3,7
long,3,909,47.634763476347636,-0.0031842499937218102,-0.0008899409968979743,0.03679136240625626,0.0392513916388773,46.864686468646866,53.135313531353134,EURUSD,abc_plus_dvmr_mv_longOnly,3,7
any,3,909,47.634763476347636,-0.0031842499937218102,-0.0008899409968979743,0.03679136240625626,0.0392513916388773,46.864686468646866,53.135313531353134,EURUSD,abc_plus_dvmr_mv_longOnly,3,7
long,5,909,48.294829482948295,-0.0029174032163312704,-0.0009061910975845939,0.04824195746777736,0.05056150452528558,46.864686468646866,53.135313531353134,EURUSD,abc_plus_dvmr_mv_longOnly,3,7
any,5,909,48.294829482948295,-0.0029174032163312704,-0.0009061910975845939,0.04824195746777736,0.05056150452528558,46.864686468646866,53.135313531353134,EURUSD,abc_plus_dvmr_mv_longOnly,3,7
long,8,909,49.28492849284928,-0.005697917763430145,0.0,0.05863050559238546,0.06495907709565733,46.864686468646866,53.135313531353134,EURUSD,abc_plus_dvmr_mv_longOnly,3,7
any,8,909,49.28492849284928,-0.005697917763430145,0.0,0.05863050559238546,0.06495907709565733,46.864686468646866,53.135313531353134,EURUSD,abc_plus_dvmr_mv_longOnly,3,7
long,10,909,48.84488448844885,-0.005763880860734016,-0.0009072516625446152,0.06547181421344413,0.07197893352625676,46.864686468646866,53.135313531353134,EURUSD,abc_plus_dvmr_mv_longOnly,3,7
any,10,909,48.84488448844885,-0.005763880860734016,-0.0009072516625446152,0.06547181421344413,0.07197893352625676,46.864686468646866,53.135313531353134,EURUSD,abc_plus_dvmr_mv_longOnly,3,7
long,15,909,49.61496149614962,-0.005926400702654393,0.0,0.0818941381377878,0.0889935967193091,46.864686468646866,53.135313531353134,EURUSD,abc_plus_dvmr_mv_longOnly,3,7
any,15,909,49.61496149614962,-0.005926400702654393,0.0,0.0818941381377878,0.0889935967193091,46.864686468646866,53.135313531353134,EURUSD,abc_plus_dvmr_mv_longOnly,3,7
long,20,909,50.05500550055005,-0.005715013990959389,0.0008419847264025791,0.09548479581696032,0.10409943086649735,46.864686468646866,53.135313531353134,EURUSD,abc_plus_dvmr_mv_longOnly,3,7
any,20,909,50.05500550055005,-0.005715013990959389,0.0008419847264025791,0.09548479581696032,0.10409943086649735,46.864686468646866,53.135313531353134,EURUSD,abc_plus_dvmr_mv_longOnly,3,7
long,1,106,45.28301886792453,-0.0017444154077889682,-0.0009306719736444627,0.023036376221904135,0.023922810188783367,45.283018867924525,52.83018867924528,EURUSD,abc_plus_dvmr_mv_longOnly,4,7
any,1,106,45.28301886792453,-0.0017444154077889682,-0.0009306719736444627,0.023036376221904135,0.023922810188783367,45.283018867924525,52.83018867924528,EURUSD,abc_plus_dvmr_mv_longOnly,4,7
long,2,106,38.67924528301887,-0.0053677657562074595,-0.0060848428091049185,0.029935872719622638,0.034870028239379305,46.22641509433962,53.77358490566038,EURUSD,abc_plus_dvmr_mv_longOnly,4,7
any,2,106,38.67924528301887,-0.0053677657562074595,-0.0060848428091049185,0.029935872719622638,0.034870028239379305,46.22641509433962,53.77358490566038,EURUSD,abc_plus_dvmr_mv_longOnly,4,7
long,3,106,48.113207547169814,-0.004122971654729762,-0.0017428006935507321,0.03449120589941317,0.04034374994953607,46.22641509433962,53.77358490566038,EURUSD,abc_plus_dvmr_mv_longOnly,4,7
any,3,106,48.113207547169814,-0.004122971654729762,-0.0017428006935507321,0.03449120589941317,0.04034374994953607,46.22641509433962,53.77358490566038,EURUSD,abc_plus_dvmr_mv_longOnly,4,7
long,5,106,47.16981132075472,-0.00011318006803968628,-0.0013901405168157068,0.04489929334530063,0.051626629785500866,46.22641509433962,53.77358490566038,EURUSD,abc_plus_dvmr_mv_longOnly,4,7
any,5,106,47.16981132075472,-0.00011318006803968628,-0.0013901405168157068,0.04489929334530063,0.051626629785500866,46.22641509433962,53.77358490566038,EURUSD,abc_plus_dvmr_mv_longOnly,4,7
long,8,106,52.83018867924528,0.003159875531812755,0.010127131243979254,0.056710545014482236,0.06205526171637009,46.22641509433962,53.77358490566038,EURUSD,abc_plus_dvmr_mv_longOnly,4,7
any,8,106,52.83018867924528,0.003159875531812755,0.010127131243979254,0.056710545014482236,0.06205526171637009,46.22641509433962,53.77358490566038,EURUSD,abc_plus_dvmr_mv_longOnly,4,7
long,10,106,52.83018867924528,0.0013160411000400385,0.004892362136190432,0.0628432122884141,0.06845473307379527,46.22641509433962,53.77358490566038,EURUSD,abc_plus_dvmr_mv_longOnly,4,7
any,10,106,52.83018867924528,0.0013160411000400385,0.004892362136190432,0.0628432122884141,0.06845473307379527,46.22641509433962,53.77358490566038,EURUSD,abc_plus_dvmr_mv_longOnly,4,7
long,15,106,50.943396226415096,0.005451159441184856,0.0036299135420973048,0.07726758025727234,0.08035923237687416,46.22641509433962,53.77358490566038,EURUSD,abc_plus_dvmr_mv_longOnly,4,7
any,15,106,50.943396226415096,0.005451159441184856,0.0036299135420973048,0.07726758025727234,0.08035923237687416,46.22641509433962,53.77358490566038,EURUSD,abc_plus_dvmr_mv_longOnly,4,7
long,20,106,54.71698113207547,0.008084279698685392,0.01871373981797713,0.09235174264695749,0.09002864104214559,46.22641509433962,53.77358490566038,EURUSD,abc_plus_dvmr_mv_longOnly,4,7
any,20,106,54.71698113207547,0.008084279698685392,0.01871373981797713,0.09235174264695749,0.09002864104214559,46.22641509433962,53.77358490566038,EURUSD,abc_plus_dvmr_mv_longOnly,4,7
long,1,4315,52.004634994206256,0.0025237972646690904,0.0009488116134603646,0.02034699529636687,0.017565295025923064,52.004634994206256,45.26071842410197,EURUSD,abc_plus_research,2,10
short,1,3539,53.065837807290194,0.0023252705631953505,0.001780721904671815,0.020163865889229325,0.016963211610266062,53.065837807290194,44.24978807572761,EURUSD,abc_plus_research,2,10
any,1,7854,52.482811306340714,0.0024343414464216293,0.001708255614779592,0.020264477474637842,0.01729399718940535,52.48281130634072,44.8051948051948,EURUSD,abc_plus_research,2,10
long,2,4315,53.25608342989572,0.0036638771586109424,0.0026191723415378465,0.029186095828429046,0.02500058920797968,53.23290845886443,46.65121668597914,EURUSD,abc_plus_research,2,10
short,2,3539,55.26985024018084,0.004789253141542963,0.003426447031396359,0.028787962175901568,0.023334318099798045,54.33738344165018,45.54959027974004,EURUSD,abc_plus_research,2,10
any,2,7854,54.163483575248286,0.004170969799761492,0.0027719388045797265,0.029006697433178887,0.024249770077364095,53.73058314234785,46.154825566590276,EURUSD,abc_plus_research,2,10
long,3,4315,53.603707995365,0.003990291753728616,0.0028612849076734403,0.03582394312289336,0.03051842228894678,53.32560834298957,46.67439165701043,EURUSD,abc_plus_research,2,10
short,3,3539,55.21333710087596,0.005897024810995536,0.0036279204759867944,0.035518939321228925,0.027613738679771387,54.422153150607514,45.577846849392486,EURUSD,abc_plus_research,2,10
any,3,7854,54.32900432900433,0.004849462658957496,0.003413906073917537,0.03568650889140744,0.029209576440605584,53.819709702062646,46.180290297937354,EURUSD,abc_plus_research,2,10
long,5,4315,53.441483198146,0.005529734962714238,0.003396018168700599,0.04644016971236237,0.03926410801105244,53.32560834298957,46.67439165701043,EURUSD,abc_plus_research,2,10
short,5,3539,53.23537722520486,0.006080781138360437,0.003548238299687755,0.04631773195822738,0.03587773291227387,54.422153150607514,45.577846849392486,EURUSD,abc_plus_research,2,10
any,5,7854,53.348612172141586,0.005778035499461361,0.0034475021509503363,0.046384999453655505,0.037738212737997004,53.819709702062646,46.180290297937354,EURUSD,abc_plus_research,2,10
long,8,4315,52.14368482039398,0.004289775004589855,0.003443526170802342,0.057693325219373606,0.0508468822833181,53.32560834298957,46.67439165701043,EURUSD,abc_plus_research,2,10
short,8,3539,51.653009324667984,0.00395756220432703,0.0025702095577504235,0.057875301143672404,0.04746249942191457,54.422153150607514,45.577846849392486,EURUSD,abc_plus_research,2,10
any,8,7854,51.92258721670486,0.004140080441293427,0.0029088608031870985,0.05777532328355662,0.04932188470927849,53.819709702062646,46.180290297937354,EURUSD,abc_plus_research,2,10
long,10,4315,52.83893395133256,0.005481669367071545,0.004604687571957961,0.0643900808511123,0.0569056210379117,53.32560834298957,46.67439165701043,EURUSD,abc_plus_research,2,10
short,10,3539,50.72054252613732,0.0031492218743990837,0.0009336196433426821,0.0639002705218164,0.05375967059221785,54.422153150607514,45.577846849392486,EURUSD,abc_plus_research,2,10
any,10,7854,51.88439011968424,0.0044306722093725584,0.0027921786048579686,0.06416937309005064,0.05548806073395058,53.819709702062646,46.180290297937354,EURUSD,abc_plus_research,2,10
long,15,4315,52.236384704519125,0.004967216714115069,0.004268797650462781,0.07934287274298238,0.07078982971797189,53.32560834298957,46.67439165701043,EURUSD,abc_plus_research,2,10
short,15,3539,50.24018084204578,0.0037486089578394016,0.0009056330374991407,0.07814876109928796,0.06729120695934777,54.422153150607514,45.577846849392486,EURUSD,abc_plus_research,2,10
any,15,7854,51.33689839572193,0.004418113983091439,0.0025974677637723236,0.07880480792161308,0.06921335582660816,53.819709702062646,46.180290297937354,EURUSD,abc_plus_research,2,10
long,20,4315,51.680185399768256,0.004006735421259651,0.003717921310178549,0.09108074838129615,0.08335467739819594,53.32560834298957,46.67439165701043,EURUSD,abc_plus_research,2,10
short,20,3539,49.92935857586889,0.005016893399434294,0.0,0.08970699768382706,0.07822829819294498,54.422153150607514,45.577846849392486,EURUSD,abc_plus_research,2,10
any,20,7854,50.89126559714795,0.00446191101137425,0.0025038897624178654,0.0904617384859125,0.08104473902190576,53.819709702062646,46.180290297937354,EURUSD,abc_plus_research,2,10
long,1,1777,53.06696679797411,0.004032031930165653,0.0018487363886699247,0.02301058715217304,0.01875154013047052,53.06696679797411,44.23185143500282,EURUSD,abc_plus_research,3,10
short,1,1009,61.34786917740337,0.00650434926556642,0.004736732412501513,0.021606717551023547,0.01366322776492204,61.34786917740337,35.678889990089196,EURUSD,abc_plus_research,3,10
any,1,2786,56.066044508255565,0.004927426112297516,0.00338861008564604,0.022502150530651202,0.0169087163053311,56.066044508255565,41.13424264178033,EURUSD,abc_plus_research,3,10
long,2,1777,55.37422622397299,0.005998415333995217,0.003706243166597294,0.03370482401198967,0.026947556488422654,54.41755768148565,45.46989307822172,EURUSD,abc_plus_research,3,10
short,2,1009,64.51932606541129,0.010640263631105767,0.009241717111038213,0.03185729847674156,0.018876163609915102,63.13181367690783,36.66997026759167,EURUSD,abc_plus_research,3,10
any,2,2786,58.68628858578607,0.0076795441680887365,0.005649887793933144,0.033035709415770956,0.024024356411461376,57.57358219669778,42.28284278535535,EURUSD,abc_plus_research,3,10
long,3,1777,55.88069780528981,0.005888033788247813,0.004630229844598695,0.04027401443952124,0.032324155555157316,54.473832301631965,45.526167698368035,EURUSD,abc_plus_research,3,10
short,3,1009,63.924677898909806,0.01316687230819578,0.009288108687763719,0.039747162985783076,0.022160184537426453,63.33002973240833,36.66997026759167,EURUSD,abc_plus_research,3,10
any,3,2786,58.79396984924623,0.008524196051933202,0.006459107916911431,0.04008320571130092,0.02864309067472284,57.68126346015793,42.31873653984207,EURUSD,abc_plus_research,3,10
long,5,1777,56.049521665728754,0.007840024939336507,0.0068657741160384495,0.0524937678181638,0.04129572671482566,54.473832301631965,45.526167698368035,EURUSD,abc_plus_research,3,10
short,5,1009,61.74430128840436,0.014176751054949815,0.01085412954402688,0.05091618290171744,0.02961847934776091,63.33002973240833,36.66997026759167,EURUSD,abc_plus_research,3,10
any,5,2786,58.11198851399857,0.01013498425400048,0.008249010368954573,0.05192241707132447,0.037066601591577875,57.68126346015793,42.31873653984207,EURUSD,abc_plus_research,3,10
long,8,1777,54.755205402363536,0.005913112762315138,0.006637335962984004,0.06372759900838501,0.05302768814210547,54.473832301631965,45.526167698368035,EURUSD,abc_plus_research,3,10
short,8,1009,59.068384539147665,0.0136956754220769,0.010947107226905981,0.06424515265824701,0.04020653191429439,63.33002973240833,36.66997026759167,EURUSD,abc_plus_research,3,10
any,8,2786,56.317300789662596,0.008731707781589947,0.008233277026137405,0.06391504036973128,0.04838427585428731,57.68126346015793,42.31873653984207,EURUSD,abc_plus_research,3,10
long,10,1777,53.742262239729875,0.0058240602371968046,0.007037111969254857,0.07064569489618089,0.059462072855114075,54.473832301631965,45.526167698368035,EURUSD,abc_plus_research,3,10
short,10,1009,57.97819623389494,0.014063393837895934,0.010958904109585962,0.07140288766372864,0.04670860652019258,63.33002973240833,36.66997026759167,EURUSD,abc_plus_research,3,10
any,10,2786,55.27638190954774,0.00880808306673931,0.008446860348538993,0.07091992587337245,0.05484317567925773,57.68126346015793,42.31873653984207,EURUSD,abc_plus_research,3,10
long,15,1777,53.34833989870569,0.005917707308493219,0.005571754917089597,0.08674415421524947,0.07521792877283971,54.473832301631965,45.526167698368035,EURUSD,abc_plus_research,3,10
short,15,1009,55.99603567888999,0.01758220135290813,0.010073705948514797,0.08915530106935911,0.059873247735573634,63.33002973240833,36.66997026759167,EURUSD,abc_plus_research,3,10
any,15,2786,54.307250538406315,0.010142213586603286,0.007367694543315912,0.087617394407567,0.06966057659530867,57.68126346015793,42.31873653984207,EURUSD,abc_plus_research,3,10
long,20,1777,53.0106921778278,0.005054315705262277,0.0060121961693734,0.0997716693233119,0.08936859648635319,54.473832301631965,45.526167698368035,EURUSD,abc_plus_research,3,10
short,20,1009,54.21209117938554,0.017553038416442287,0.00946399380539056,0.10243510689233162,0.07125196342276553,63.33002973240833,36.66997026759167,EURUSD,abc_plus_research,3,10
any,20,2786,53.44580043072506,0.009580952896784397,0.007287368258647574,0.10073628113492028,0.08280733203511129,57.68126346015793,42.31873653984207,EURUSD,abc_plus_research,3,10
long,1,291,55.32646048109966,0.0043595062449061335,0.0027737968656071834,0.02434382293294606,0.018659005055692023,55.32646048109966,42.955326460481096,EURUSD,abc_plus_research,4,10
short,1,146,54.109589041095894,0.005417111353508458,0.0017735853082242216,0.020900497080721423,0.013783333564249498,54.10958904109589,40.41095890410959,EURUSD,abc_plus_research,4,10
any,1,437,54.91990846681922,0.0047128479974368875,0.0025991803917809145,0.023193421160806933,0.017030062177544172,54.91990846681922,42.10526315789474,EURUSD,abc_plus_research,4,10
long,2,291,54.63917525773196,0.006303919046581321,0.0034202650705463878,0.03461078020325103,0.027222436517358128,56.3573883161512,43.6426116838488,EURUSD,abc_plus_research,4,10
short,2,146,57.534246575342465,0.00947785735170381,0.0031549228261324143,0.030183267777081454,0.019238072205646006,57.534246575342465,41.78082191780822,EURUSD,abc_plus_research,4,10
any,2,437,55.60640732265446,0.007364319487194326,0.0034202650705463878,0.03313156552540032,0.024554891461271242,56.75057208237986,43.02059496567506,EURUSD,abc_plus_research,4,10
long,3,291,57.73195876288659,0.0071342430662097245,0.0058783023462836105,0.041562155674138,0.03226147054805792,56.3573883161512,43.6426116838488,EURUSD,abc_plus_research,4,10
short,3,146,62.328767123287676,0.014604181232638763,0.009223624442846075,0.03709483521167803,0.02260381167149807,58.21917808219178,41.78082191780822,EURUSD,abc_plus_research,4,10
any,3,437,59.26773455377574,0.009629920348357641,0.006490616423094767,0.040069641286222306,0.029034884287239295,56.97940503432494,43.02059496567506,EURUSD,abc_plus_research,4,10
long,5,291,57.388316151202744,0.010134806762912826,0.007608034084000305,0.054010949458403824,0.03981031583993508,56.3573883161512,43.6426116838488,EURUSD,abc_plus_research,4,10
short,5,146,57.534246575342465,0.016057260657048433,0.008502036360270809,0.048815918500627595,0.027886218541546222,58.21917808219178,41.78082191780822,EURUSD,abc_plus_research,4,10
any,5,437,57.43707093821511,0.012113475569649207,0.007642792846358252,0.052275309824913366,0.035826521319191895,56.97940503432494,43.02059496567506,EURUSD,abc_plus_research,4,10
long,8,291,57.73195876288659,0.010458416842615541,0.01042634262855988,0.06529248542292376,0.05128616555222541,56.3573883161512,43.6426116838488,EURUSD,abc_plus_research,4,10
short,8,146,56.16438356164384,0.018771945185607167,0.008767810993251855,0.06361491852579701,0.03905394962190213,58.21917808219178,41.78082191780822,EURUSD,abc_plus_research,4,10
any,8,437,57.20823798627003,0.013235934321052103,0.00924539117249949,0.06473201684859767,0.04719942979518376,56.97940503432494,43.02059496567506,EURUSD,abc_plus_research,4,10
long,10,291,54.98281786941581,0.010768587601866875,0.007648768548257226,0.07296053528596275,0.058047152576353844,56.3573883161512,43.6426116838488,EURUSD,abc_plus_research,4,10
short,10,146,56.849315068493155,0.016175686104888624,0.011033869526691692,0.06995760048656521,0.04630923667163595,58.21917808219178,41.78082191780822,EURUSD,abc_plus_research,4,10
any,10,437,55.60640732265446,0.012575078177247137,0.008441984804441001,0.07195726645138142,0.054125560534960676,56.97940503432494,43.02059496567506,EURUSD,abc_plus_research,4,10
long,15,291,52.23367697594502,0.004489430272576413,0.005502012819685191,0.08770998296888412,0.07605263416653507,56.3573883161512,43.6426116838488,EURUSD,abc_plus_research,4,10
short,15,146,49.31506849315068,0.026447007375195383,-0.0008589220528197973,0.09230495859659604,0.05633488312458485,58.21917808219178,41.78082191780822,EURUSD,abc_plus_research,4,10
any,15,437,51.25858123569794,0.011825371364069246,0.004479684630211487,0.08924514645091144,0.06946501024862951,56.97940503432494,43.02059496567506,EURUSD,abc_plus_research,4,10
long,20,291,53.264604810996566,0.0033747336999889713,0.00853064396882746,0.0992677627391591,0.08928926784468434,56.3573883161512,43.6426116838488,EURUSD,abc_plus_research,4,10
short,20,146,45.89041095890411,0.01866148297301168,-0.006234833369993055,0.10748115724745136,0.06866756694025358,58.21917808219178,41.78082191780822,EURUSD,abc_plus_research,4,10
any,20,437,50.800915331807786,0.00848197716420251,0.0018569929712731526,0.10201182589295928,0.08239963779423379,56.97940503432494,43.02059496567506,EURUSD,abc_plus_research,4,10
long,1,4315,52.004634994206256,0.0025237972646690904,0.0009488116134603646,0.02034699529636687,0.017565295025923064,52.004634994206256,45.26071842410197,EURUSD,abc_plus_research_longOnly,2,10
any,1,4315,52.004634994206256,0.0025237972646690904,0.0009488116134603646,0.02034699529636687,0.017565295025923064,52.004634994206256,45.26071842410197,EURUSD,abc_plus_research_longOnly,2,10
long,2,4315,53.25608342989572,0.0036638771586109424,0.0026191723415378465,0.029186095828429046,0.02500058920797968,53.23290845886443,46.65121668597914,EURUSD,abc_plus_research_longOnly,2,10
any,2,4315,53.25608342989572,0.0036638771586109424,0.0026191723415378465,0.029186095828429046,0.02500058920797968,53.23290845886443,46.65121668597914,EURUSD,abc_plus_research_longOnly,2,10
long,3,4315,53.603707995365,0.003990291753728616,0.0028612849076734403,0.03582394312289336,0.03051842228894678,53.32560834298957,46.67439165701043,EURUSD,abc_plus_research_longOnly,2,10
any,3,4315,53.603707995365,0.003990291753728616,0.0028612849076734403,0.03582394312289336,0.03051842228894678,53.32560834298957,46.67439165701043,EURUSD,abc_plus_research_longOnly,2,10
long,5,4315,53.441483198146,0.005529734962714238,0.003396018168700599,0.04644016971236237,0.03926410801105244,53.32560834298957,46.67439165701043,EURUSD,abc_plus_research_longOnly,2,10
any,5,4315,53.441483198146,0.005529734962714238,0.003396018168700599,0.04644016971236237,0.03926410801105244,53.32560834298957,46.67439165701043,EURUSD,abc_plus_research_longOnly,2,10
long,8,4315,52.14368482039398,0.004289775004589855,0.003443526170802342,0.057693325219373606,0.0508468822833181,53.32560834298957,46.67439165701043,EURUSD,abc_plus_research_longOnly,2,10
any,8,4315,52.14368482039398,0.004289775004589855,0.003443526170802342,0.057693325219373606,0.0508468822833181,53.32560834298957,46.67439165701043,EURUSD,abc_plus_research_longOnly,2,10
long,10,4315,52.83893395133256,0.005481669367071545,0.004604687571957961,0.0643900808511123,0.0569056210379117,53.32560834298957,46.67439165701043,EURUSD,abc_plus_research_longOnly,2,10
any,10,4315,52.83893395133256,0.005481669367071545,0.004604687571957961,0.0643900808511123,0.0569056210379117,53.32560834298957,46.67439165701043,EURUSD,abc_plus_research_longOnly,2,10
long,15,4315,52.236384704519125,0.004967216714115069,0.004268797650462781,0.07934287274298238,0.07078982971797189,53.32560834298957,46.67439165701043,EURUSD,abc_plus_research_longOnly,2,10
any,15,4315,52.236384704519125,0.004967216714115069,0.004268797650462781,0.07934287274298238,0.07078982971797189,53.32560834298957,46.67439165701043,EURUSD,abc_plus_research_longOnly,2,10
long,20,4315,51.680185399768256,0.004006735421259651,0.003717921310178549,0.09108074838129615,0.08335467739819594,53.32560834298957,46.67439165701043,EURUSD,abc_plus_research_longOnly,2,10
any,20,4315,51.680185399768256,0.004006735421259651,0.003717921310178549,0.09108074838129615,0.08335467739819594,53.32560834298957,46.67439165701043,EURUSD,abc_plus_research_longOnly,2,10
long,1,1777,53.06696679797411,0.004032031930165653,0.0018487363886699247,0.02301058715217304,0.01875154013047052,53.06696679797411,44.23185143500282,EURUSD,abc_plus_research_longOnly,3,10
any,1,1777,53.06696679797411,0.004032031930165653,0.0018487363886699247,0.02301058715217304,0.01875154013047052,53.06696679797411,44.23185143500282,EURUSD,abc_plus_research_longOnly,3,10
long,2,1777,55.37422622397299,0.005998415333995217,0.003706243166597294,0.03370482401198967,0.026947556488422654,54.41755768148565,45.46989307822172,EURUSD,abc_plus_research_longOnly,3,10
any,2,1777,55.37422622397299,0.005998415333995217,0.003706243166597294,0.03370482401198967,0.026947556488422654,54.41755768148565,45.46989307822172,EURUSD,abc_plus_research_longOnly,3,10
long,3,1777,55.88069780528981,0.005888033788247813,0.004630229844598695,0.04027401443952124,0.032324155555157316,54.473832301631965,45.526167698368035,EURUSD,abc_plus_research_longOnly,3,10
any,3,1777,55.88069780528981,0.005888033788247813,0.004630229844598695,0.04027401443952124,0.032324155555157316,54.473832301631965,45.526167698368035,EURUSD,abc_plus_research_longOnly,3,10
long,5,1777,56.049521665728754,0.007840024939336507,0.0068657741160384495,0.0524937678181638,0.04129572671482566,54.473832301631965,45.526167698368035,EURUSD,abc_plus_research_longOnly,3,10
any,5,1777,56.049521665728754,0.007840024939336507,0.0068657741160384495,0.0524937678181638,0.04129572671482566,54.473832301631965,45.526167698368035,EURUSD,abc_plus_research_longOnly,3,10
long,8,1777,54.755205402363536,0.005913112762315138,0.006637335962984004,0.06372759900838501,0.05302768814210547,54.473832301631965,45.526167698368035,EURUSD,abc_plus_research_longOnly,3,10
any,8,1777,54.755205402363536,0.005913112762315138,0.006637335962984004,0.06372759900838501,0.05302768814210547,54.473832301631965,45.526167698368035,EURUSD,abc_plus_research_longOnly,3,10
long,10,1777,53.742262239729875,0.0058240602371968046,0.007037111969254857,0.07064569489618089,0.059462072855114075,54.473832301631965,45.526167698368035,EURUSD,abc_plus_research_longOnly,3,10
any,10,1777,53.742262239729875,0.0058240602371968046,0.007037111969254857,0.07064569489618089,0.059462072855114075,54.473832301631965,45.526167698368035,EURUSD,abc_plus_research_longOnly,3,10
long,15,1777,53.34833989870569,0.005917707308493219,0.005571754917089597,0.08674415421524947,0.07521792877283971,54.473832301631965,45.526167698368035,EURUSD,abc_plus_research_longOnly,3,10
any,15,1777,53.34833989870569,0.005917707308493219,0.005571754917089597,0.08674415421524947,0.07521792877283971,54.473832301631965,45.526167698368035,EURUSD,abc_plus_research_longOnly,3,10
long,20,1777,53.0106921778278,0.005054315705262277,0.0060121961693734,0.0997716693233119,0.08936859648635319,54.473832301631965,45.526167698368035,EURUSD,abc_plus_research_longOnly,3,10
any,20,1777,53.0106921778278,0.005054315705262277,0.0060121961693734,0.0997716693233119,0.08936859648635319,54.473832301631965,45.526167698368035,EURUSD,abc_plus_research_longOnly,3,10
long,1,291,55.32646048109966,0.0043595062449061335,0.0027737968656071834,0.02434382293294606,0.018659005055692023,55.32646048109966,42.955326460481096,EURUSD,abc_plus_research_longOnly,4,10
any,1,291,55.32646048109966,0.0043595062449061335,0.0027737968656071834,0.02434382293294606,0.018659005055692023,55.32646048109966,42.955326460481096,EURUSD,abc_plus_research_longOnly,4,10
long,2,291,54.63917525773196,0.006303919046581321,0.0034202650705463878,0.03461078020325103,0.027222436517358128,56.3573883161512,43.6426116838488,EURUSD,abc_plus_research_longOnly,4,10
any,2,291,54.63917525773196,0.006303919046581321,0.0034202650705463878,0.03461078020325103,0.027222436517358128,56.3573883161512,43.6426116838488,EURUSD,abc_plus_research_longOnly,4,10
long,3,291,57.73195876288659,0.0071342430662097245,0.0058783023462836105,0.041562155674138,0.03226147054805792,56.3573883161512,43.6426116838488,EURUSD,abc_plus_research_longOnly,4,10
any,3,291,57.73195876288659,0.0071342430662097245,0.0058783023462836105,0.041562155674138,0.03226147054805792,56.3573883161512,43.6426116838488,EURUSD,abc_plus_research_longOnly,4,10
long,5,291,57.388316151202744,0.010134806762912826,0.007608034084000305,0.054010949458403824,0.03981031583993508,56.3573883161512,43.6426116838488,EURUSD,abc_plus_research_longOnly,4,10
any,5,291,57.388316151202744,0.010134806762912826,0.007608034084000305,0.054010949458403824,0.03981031583993508,56.3573883161512,43.6426116838488,EURUSD,abc_plus_research_longOnly,4,10
long,8,291,57.73195876288659,0.010458416842615541,0.01042634262855988,0.06529248542292376,0.05128616555222541,56.3573883161512,43.6426116838488,EURUSD,abc_plus_research_longOnly,4,10
any,8,291,57.73195876288659,0.010458416842615541,0.01042634262855988,0.06529248542292376,0.05128616555222541,56.3573883161512,43.6426116838488,EURUSD,abc_plus_research_longOnly,4,10
long,10,291,54.98281786941581,0.010768587601866875,0.007648768548257226,0.07296053528596275,0.058047152576353844,56.3573883161512,43.6426116838488,EURUSD,abc_plus_research_longOnly,4,10
any,10,291,54.98281786941581,0.010768587601866875,0.007648768548257226,0.07296053528596275,0.058047152576353844,56.3573883161512,43.6426116838488,EURUSD,abc_plus_research_longOnly,4,10
long,15,291,52.23367697594502,0.004489430272576413,0.005502012819685191,0.08770998296888412,0.07605263416653507,56.3573883161512,43.6426116838488,EURUSD,abc_plus_research_longOnly,4,10
any,15,291,52.23367697594502,0.004489430272576413,0.005502012819685191,0.08770998296888412,0.07605263416653507,56.3573883161512,43.6426116838488,EURUSD,abc_plus_research_longOnly,4,10
long,20,291,53.264604810996566,0.0033747336999889713,0.00853064396882746,0.0992677627391591,0.08928926784468434,56.3573883161512,43.6426116838488,EURUSD,abc_plus_research_longOnly,4,10
any,20,291,53.264604810996566,0.0033747336999889713,0.00853064396882746,0.0992677627391591,0.08928926784468434,56.3573883161512,43.6426116838488,EURUSD,abc_plus_research_longOnly,4,10
long,1,1956,48.61963190184049,0.002338274233602644,0.0,0.032477420143942295,0.02854732999048556,48.61963190184049,48.77300613496933,US30,abc_only,2,3
short,1,1082,48.98336414048059,-0.0033874646563887396,0.0,0.045375450869488194,0.051527843711110785,48.98336414048059,47.504621072088725,US30,abc_only,2,3
any,1,3038,48.74917709019091,0.000299021607213349,0.0,0.03707112298957781,0.036731963251090065,48.74917709019091,48.32126398946676,US30,abc_only,2,3
long,2,1956,49.84662576687116,0.002324474312061718,0.0,0.04366162015199178,0.03921737726416779,49.59100204498978,50.05112474437628,US30,abc_only,2,3
short,2,1082,48.428835489833645,-0.0032454835412134685,0.0,0.06433617555051549,0.07101366691655592,50.83179297597042,48.521256931608136,US30,abc_only,2,3
any,2,3038,49.34167215273206,0.0003407039377221031,0.0,0.05102497398385571,0.05054179642278659,50.0329163923634,49.506254114549044,US30,abc_only,2,3
long,3,1956,48.97750511247444,0.0017498983585802026,0.0,0.052251673049878544,0.047590147802850785,49.64212678936605,50.102249488752555,US30,abc_only,2,3
short,3,1082,48.52125693160813,-0.004182630865936482,0.0,0.07852639324229362,0.08525916412880855,50.83179297597042,48.613678373382626,US30,abc_only,2,3
any,3,3038,48.815009874917706,-0.0003630037549573393,0.0,0.061609555620054025,0.06100617007562443,50.065832784726794,49.57208689927584,US30,abc_only,2,3
long,5,1956,49.02862985685071,0.0006772063910611941,0.0,0.06456887244230881,0.061738653457678455,49.693251533742334,50.15337423312884,US30,abc_only,2,3
short,5,1082,49.35304990757856,-0.009369182976928635,0.0,0.10063289697573798,0.10992597705828772,50.83179297597042,48.613678373382626,US30,abc_only,2,3
any,5,3038,49.14417379855168,-0.002900869084964149,0.0,0.07741326827679543,0.07890082730095009,50.09874917709019,49.605003291639235,US30,abc_only,2,3
long,8,1956,49.33537832310839,0.001771866324294695,0.0,0.08185209158445217,0.07930159590388944,49.74437627811861,50.15337423312884,US30,abc_only,2,3
short,8,1082,49.81515711645101,-0.0024972834478597158,0.0,0.13040340894364072,0.1368783053896965,51.01663585951941,48.79852125693161,US30,abc_only,2,3
any,8,3038,49.506254114549044,0.0002513857273654403,0.0,0.09914390375780371,0.09980784990772197,50.19749835418038,49.67083607636603,US30,abc_only,2,3
long,10,1956,49.897750511247445,0.004167094252943418,0.0,0.09154940064009696,0.08916823826713557,49.74437627811861,50.15337423312884,US30,abc_only,2,3
short,10,1082,48.890942698706105,-0.0027592566434716907,0.0,0.14716013778527487,0.1522259668021478,51.01663585951941,48.79852125693161,US30,abc_only,2,3
any,10,3038,49.53917050691244,0.0017002372187363238,0.0,0.11135546304664158,0.1116265866130484,50.19749835418038,49.67083607636603,US30,abc_only,2,3
long,15,1956,51.27811860940695,0.00871972827399623,0.0016403463860004898,0.1148152816819103,0.10979101383721533,49.79550102249489,50.15337423312884,US30,abc_only,2,3
short,15,1082,48.059149722735675,-0.012345752069093436,0.0,0.18295331506512422,0.19129568671832292,51.1090573012939,48.79852125693161,US30,abc_only,2,3
any,15,3038,50.13166556945359,0.0012171444256673903,0.0005647431030619251,0.13908300785723532,0.1388193403867079,50.263331138907176,49.67083607636603,US30,abc_only,2,3
long,20,1956,50.0,0.006844801055190971,0.00027812995210379723,0.13226381621576114,0.12778478951501826,49.79550102249489,50.15337423312884,US30,abc_only,2,3
short,20,1082,47.13493530499076,-0.003322826929581098,0.0,0.21720340075717876,0.21832356558564137,51.20147874306839,48.79852125693161,US30,abc_only,2,3
any,20,3038,48.97959183673469,0.0032235457953083578,0.0,0.16251550498265183,0.16003066038678065,50.29624753127057,49.67083607636603,US30,abc_only,2,3
long,1,35,45.714285714285715,0.007049528383030278,0.0,0.03548555379125059,0.024311188913754115,45.714285714285715,48.57142857142857,US30,abc_only,3,3
short,1,20,60.0,0.02382578743551885,0.006864192252779353,0.056736968614081375,0.04057503892295587,60.0,30.0,US30,abc_only,3,3
any,1,55,50.90909090909091,0.01314998622029885,0.001045716640070607,0.043213340999552693,0.03022531618982748,50.90909090909091,41.81818181818182,US30,abc_only,3,3
long,2,35,54.285714285714285,0.008065945677421554,0.002892505806705407,0.04422243526960401,0.030174723117935804,48.57142857142857,48.57142857142857,US30,abc_only,3,3
short,2,20,60.0,0.03912911513189704,0.006030487488427455,0.07613792765780406,0.04834005034185029,65.0,30.0,US30,abc_only,3,3
any,2,55,56.36363636363636,0.019361643660867185,0.002892505806705407,0.0558280688653131,0.036780296653904705,54.54545454545455,41.81818181818182,US30,abc_only,3,3
long,3,35,48.57142857142857,0.009995012592154863,0.0,0.05269384716590775,0.03806397222866334,48.57142857142857,48.57142857142857,US30,abc_only,3,3
short,3,20,75.0,0.0333554594878131,0.016288614756711936,0.0860194769797218,0.05171145509221098,65.0,30.0,US30,abc_only,3,3
any,3,55,58.18181818181818,0.018489720554212403,0.004063223761732559,0.06481225800729466,0.0430266932699534,54.54545454545455,41.81818181818182,US30,abc_only,3,3
long,5,35,48.57142857142857,0.0012166773419112428,0.0,0.06238545557284532,0.04795470967584273,48.57142857142857,48.57142857142857,US30,abc_only,3,3
short,5,20,50.0,0.005288598727013654,0.0008743221380463726,0.10074491592628083,0.06627751805860302,70.0,30.0,US30,abc_only,3,3
any,5,55,49.09090909090909,0.00269737602740303,0.0,0.07633435024682186,0.05461754908775557,56.36363636363637,41.81818181818182,US30,abc_only,3,3
long,8,35,57.14285714285714,0.04617691903159858,0.0029248574863189793,0.11100445482673116,0.06670550428310641,48.57142857142857,48.57142857142857,US30,abc_only,3,3
short,8,20,65.0,0.011294301365585915,0.01887925612387337,0.11931438789680812,0.08667549320906476,70.0,30.0,US30,abc_only,3,3
any,8,55,60.0,0.033492330789412154,0.00532577782985205,0.11402624867039554,0.07396731843800036,56.36363636363637,41.81818181818182,US30,abc_only,3,3
long,10,35,51.42857142857142,0.028294544151230946,0.0025822178152371507,0.11643781805987606,0.07320952875344347,48.57142857142857,48.57142857142857,US30,abc_only,3,3
short,10,20,70.0,-0.002510938491848852,0.01819557807251669,0.13068342136085004,0.10503262656279073,70.0,30.0,US30,abc_only,3,3
any,10,55,58.18181818181818,0.017092550462838287,0.002662888914926025,0.12161803744204842,0.08478156432047883,56.36363636363637,41.81818181818182,US30,abc_only,3,3
long,15,35,51.42857142857142,0.021635661789655307,0.0005750709062427397,0.12562977723570282,0.09568653803016776,51.42857142857143,48.57142857142857,US30,abc_only,3,3
short,15,20,55.00000000000001,-0.0153500455526317,0.001760406222936536,0.14534798741240607,0.1440442370948608,70.0,30.0,US30,abc_only,3,3
any,15,55,52.72727272727272,0.0081863136651873,0.0013266558323155291,0.13280003548177674,0.11327115587187433,58.18181818181818,41.81818181818182,US30,abc_only,3,3
long,20,35,40.0,-0.009304403279206811,-0.007137967635027149,0.13191688712642047,0.12208984896329625,51.42857142857143,48.57142857142857,US30,abc_only,3,3
short,20,20,45.0,-0.07980969003582253,0.0,0.167070912719102,0.18845074855309224,70.0,30.0,US30,abc_only,3,3
any,20,55,41.81818181818181,-0.034942689372521624,-0.00029248574862764175,0.1447001691601228,0.1462210851777675,58.18181818181818,41.81818181818182,US30,abc_only,3,3
long,1,1956,48.61963190184049,0.002338274233602644,0.0,0.032477420143942295,0.02854732999048556,48.61963190184049,48.77300613496933,US30,abc_only_longOnly,2,3
any,1,1956,48.61963190184049,0.002338274233602644,0.0,0.032477420143942295,0.02854732999048556,48.61963190184049,48.77300613496933,US30,abc_only_longOnly,2,3
long,2,1956,49.84662576687116,0.002324474312061718,0.0,0.04366162015199178,0.03921737726416779,49.59100204498978,50.05112474437628,US30,abc_only_longOnly,2,3
any,2,1956,49.84662576687116,0.002324474312061718,0.0,0.04366162015199178,0.03921737726416779,49.59100204498978,50.05112474437628,US30,abc_only_longOnly,2,3
long,3,1956,48.97750511247444,0.0017498983585802026,0.0,0.052251673049878544,0.047590147802850785,49.64212678936605,50.102249488752555,US30,abc_only_longOnly,2,3
any,3,1956,48.97750511247444,0.0017498983585802026,0.0,0.052251673049878544,0.047590147802850785,49.64212678936605,50.102249488752555,US30,abc_only_longOnly,2,3
long,5,1956,49.02862985685071,0.0006772063910611941,0.0,0.06456887244230881,0.061738653457678455,49.693251533742334,50.15337423312884,US30,abc_only_longOnly,2,3
any,5,1956,49.02862985685071,0.0006772063910611941,0.0,0.06456887244230881,0.061738653457678455,49.693251533742334,50.15337423312884,US30,abc_only_longOnly,2,3
long,8,1956,49.33537832310839,0.001771866324294695,0.0,0.08185209158445217,0.07930159590388944,49.74437627811861,50.15337423312884,US30,abc_only_longOnly,2,3
any,8,1956,49.33537832310839,0.001771866324294695,0.0,0.08185209158445217,0.07930159590388944,49.74437627811861,50.15337423312884,US30,abc_only_longOnly,2,3
long,10,1956,49.897750511247445,0.004167094252943418,0.0,0.09154940064009696,0.08916823826713557,49.74437627811861,50.15337423312884,US30,abc_only_longOnly,2,3
any,10,1956,49.897750511247445,0.004167094252943418,0.0,0.09154940064009696,0.08916823826713557,49.74437627811861,50.15337423312884,US30,abc_only_longOnly,2,3
long,15,1956,51.27811860940695,0.00871972827399623,0.0016403463860004898,0.1148152816819103,0.10979101383721533,49.79550102249489,50.15337423312884,US30,abc_only_longOnly,2,3
any,15,1956,51.27811860940695,0.00871972827399623,0.0016403463860004898,0.1148152816819103,0.10979101383721533,49.79550102249489,50.15337423312884,US30,abc_only_longOnly,2,3
long,20,1956,50.0,0.006844801055190971,0.00027812995210379723,0.13226381621576114,0.12778478951501826,49.79550102249489,50.15337423312884,US30,abc_only_longOnly,2,3
any,20,1956,50.0,0.006844801055190971,0.00027812995210379723,0.13226381621576114,0.12778478951501826,49.79550102249489,50.15337423312884,US30,abc_only_longOnly,2,3
long,1,35,45.714285714285715,0.007049528383030278,0.0,0.03548555379125059,0.024311188913754115,45.714285714285715,48.57142857142857,US30,abc_only_longOnly,3,3
any,1,35,45.714285714285715,0.007049528383030278,0.0,0.03548555379125059,0.024311188913754115,45.714285714285715,48.57142857142857,US30,abc_only_longOnly,3,3
long,2,35,54.285714285714285,0.008065945677421554,0.002892505806705407,0.04422243526960401,0.030174723117935804,48.57142857142857,48.57142857142857,US30,abc_only_longOnly,3,3
any,2,35,54.285714285714285,0.008065945677421554,0.002892505806705407,0.04422243526960401,0.030174723117935804,48.57142857142857,48.57142857142857,US30,abc_only_longOnly,3,3
long,3,35,48.57142857142857,0.009995012592154863,0.0,0.05269384716590775,0.03806397222866334,48.57142857142857,48.57142857142857,US30,abc_only_longOnly,3,3
any,3,35,48.57142857142857,0.009995012592154863,0.0,0.05269384716590775,0.03806397222866334,48.57142857142857,48.57142857142857,US30,abc_only_longOnly,3,3
long,5,35,48.57142857142857,0.0012166773419112428,0.0,0.06238545557284532,0.04795470967584273,48.57142857142857,48.57142857142857,US30,abc_only_longOnly,3,3
any,5,35,48.57142857142857,0.0012166773419112428,0.0,0.06238545557284532,0.04795470967584273,48.57142857142857,48.57142857142857,US30,abc_only_longOnly,3,3
long,8,35,57.14285714285714,0.04617691903159858,0.0029248574863189793,0.11100445482673116,0.06670550428310641,48.57142857142857,48.57142857142857,US30,abc_only_longOnly,3,3
any,8,35,57.14285714285714,0.04617691903159858,0.0029248574863189793,0.11100445482673116,0.06670550428310641,48.57142857142857,48.57142857142857,US30,abc_only_longOnly,3,3
long,10,35,51.42857142857142,0.028294544151230946,0.0025822178152371507,0.11643781805987606,0.07320952875344347,48.57142857142857,48.57142857142857,US30,abc_only_longOnly,3,3
any,10,35,51.42857142857142,0.028294544151230946,0.0025822178152371507,0.11643781805987606,0.07320952875344347,48.57142857142857,48.57142857142857,US30,abc_only_longOnly,3,3
long,15,35,51.42857142857142,0.021635661789655307,0.0005750709062427397,0.12562977723570282,0.09568653803016776,51.42857142857143,48.57142857142857,US30,abc_only_longOnly,3,3
any,15,35,51.42857142857142,0.021635661789655307,0.0005750709062427397,0.12562977723570282,0.09568653803016776,51.42857142857143,48.57142857142857,US30,abc_only_longOnly,3,3
long,20,35,40.0,-0.009304403279206811,-0.007137967635027149,0.13191688712642047,0.12208984896329625,51.42857142857143,48.57142857142857,US30,abc_only_longOnly,3,3
any,20,35,40.0,-0.009304403279206811,-0.007137967635027149,0.13191688712642047,0.12208984896329625,51.42857142857143,48.57142857142857,US30,abc_only_longOnly,3,3
long,1,3095,48.07754442649434,-0.00017429475219626396,0.0,0.03297200373045667,0.03129954244021786,48.07754442649435,49.17609046849758,US30,abc_plus_dvmr_mv,2,7
short,1,1155,48.484848484848484,-0.004684793036667138,0.0,0.044444130725145324,0.05191480941809467,48.484848484848484,48.05194805194805,US30,abc_plus_dvmr_mv,2,7
any,1,4250,48.188235294117646,-0.0014000889918583483,0.0,0.03608972294901323,0.036902044407146735,48.188235294117646,48.870588235294115,US30,abc_plus_dvmr_mv,2,7
long,2,3095,48.917609046849755,-0.0005227623662272639,0.0,0.04465424330709269,0.04372896198010637,49.11147011308562,50.50080775444265,US30,abc_plus_dvmr_mv,2,7
short,2,1155,48.74458874458875,-0.003525489125687156,0.0,0.06367466756669027,0.07133854890437291,50.12987012987013,49.09090909090909,US30,abc_plus_dvmr_mv,2,7
any,2,4250,48.870588235294115,-0.0013387975208569518,0.0,0.04982332331175979,0.05123227325011291,49.38823529411765,50.11764705882353,US30,abc_plus_dvmr_mv,2,7
long,3,3095,48.949919224555735,-0.0005390461819024977,0.0,0.053583279806509385,0.052601652743845755,49.20840064620356,50.59773828756058,US30,abc_plus_dvmr_mv,2,7
short,3,1155,48.311688311688314,-0.005078488110041206,0.0,0.07790264627520789,0.08603888461464691,50.21645021645022,49.26406926406926,US30,abc_plus_dvmr_mv,2,7
any,3,4250,48.77647058823529,-0.0017727062823731344,0.0,0.06019242528212038,0.06168871222873408,49.48235294117647,50.23529411764706,US30,abc_plus_dvmr_mv,2,7
long,5,3095,48.336025848142164,-0.000470370988626208,-0.0002912267928607057,0.06716521490690151,0.06735251931518355,49.24071082390953,50.662358642972535,US30,abc_plus_dvmr_mv,2,7
short,5,1155,49.17748917748918,-0.010508072301703846,0.0,0.09947649543003932,0.11049908020379258,50.21645021645022,49.26406926406926,US30,abc_plus_dvmr_mv,2,7
any,5,4250,48.564705882352946,-0.00319826393370966,0.0,0.07594628055495425,0.07907823174491141,49.50588235294118,50.28235294117647,US30,abc_plus_dvmr_mv,2,7
long,8,3095,48.88529886914378,-0.0017624417742218973,0.0,0.0847290475533711,0.08687206516112972,49.27302100161551,50.662358642972535,US30,abc_plus_dvmr_mv,2,7
short,8,1155,50.21645021645021,-0.0032176149650907674,0.0005704553420176412,0.12969696093110006,0.1371023583136178,50.38961038961039,49.43722943722944,US30,abc_plus_dvmr_mv,2,7
any,8,4250,49.24705882352941,-0.002157906488446261,0.0,0.09694973930661273,0.10052288600609999,49.576470588235296,50.32941176470588,US30,abc_plus_dvmr_mv,2,7
long,10,3095,49.98384491114701,0.0003664098107404435,0.0,0.09430108491469955,0.09719336216268679,49.27302100161551,50.662358642972535,US30,abc_plus_dvmr_mv,2,7
short,10,1155,49.35064935064935,-0.0030881279487240455,0.0,0.14662683681686942,0.15243915210729814,50.38961038961039,49.43722943722944,US30,abc_plus_dvmr_mv,2,7
any,10,4250,49.811764705882354,-0.0005724116274199063,0.0,0.10852137749046571,0.11220721801822235,49.576470588235296,50.32941176470588,US30,abc_plus_dvmr_mv,2,7
long,15,3095,50.53311793214863,0.0020684615168701653,0.0010338546028240774,0.11763163602969927,0.11926087994201297,49.27302100161551,50.662358642972535,US30,abc_plus_dvmr_mv,2,7
short,15,1155,48.3982683982684,-0.012987480026874656,0.0,0.18226823033735828,0.19102510062297812,50.476190476190474,49.43722943722944,US30,abc_plus_dvmr_mv,2,7
any,15,4250,49.95294117647059,-0.002023212008547546,0.0,0.1351975810709572,0.13876386226825174,49.6,50.32941176470588,US30,abc_plus_dvmr_mv,2,7
long,20,3095,50.113085621970924,0.0008953771160079689,0.0005583423040330181,0.13541112092273494,0.13816481695098332,49.305331179321485,50.662358642972535,US30,abc_plus_dvmr_mv,2,7
short,20,1155,47.44588744588745,-0.0027544850960669375,0.0,0.21712486165958916,0.21803280414241122,50.56277056277056,49.43722943722944,US30,abc_plus_dvmr_mv,2,7
any,20,4250,49.38823529411765,-9.652661456768097e-05,0.0,0.15761803164063298,0.15987011699947726,49.64705882352941,50.32941176470588,US30,abc_plus_dvmr_mv,2,7
long,1,895,48.49162011173184,0.0014936619411073427,0.0,0.03491724001409199,0.030334577743261777,48.49162011173184,49.16201117318436,US30,abc_plus_dvmr_mv,3,7
short,1,30,56.666666666666664,0.014800748883675758,0.004610767412313666,0.054267315433521514,0.053042590111259245,56.666666666666664,33.333333333333336,US30,abc_plus_dvmr_mv,3,7
any,1,925,48.75675675675676,0.0019252431392446964,0.0,0.0355448100276951,0.031071053820061697,48.75675675675676,48.648648648648646,US30,abc_plus_dvmr_mv,3,7
long,2,895,49.94413407821229,0.0035358650240285717,0.0,0.048314208729569874,0.04282630462302344,49.720670391061454,49.944134078212294,US30,abc_plus_dvmr_mv,3,7
short,2,30,56.666666666666664,0.014392766610788026,0.001760406222936536,0.0676534381231947,0.06715752907210373,63.333333333333336,33.333333333333336,US30,abc_plus_dvmr_mv,3,7
any,2,925,50.16216216216216,0.003887980751166716,0.0005926722477426891,0.048941426980173924,0.04361542541596659,50.16216216216216,49.4054054054054,US30,abc_plus_dvmr_mv,3,7
long,3,895,47.374301675977655,0.0008718740958646678,-0.0013192438094484242,0.05780076765611434,0.05232113038999187,49.944134078212294,49.944134078212294,US30,abc_plus_dvmr_mv,3,7
short,3,30,63.33333333333333,0.014083420077840698,0.006036635860861849,0.07764114152786063,0.0718849234248123,63.333333333333336,33.333333333333336,US30,abc_plus_dvmr_mv,3,7
any,3,925,47.89189189189189,0.00130035666825308,-0.0010430704656683785,0.05844423924114394,0.05295563178571579,50.37837837837838,49.4054054054054,US30,abc_plus_dvmr_mv,3,7
long,5,895,49.94413407821229,0.0049269347476317525,0.0,0.07426209614480175,0.06840781259505756,49.944134078212294,49.944134078212294,US30,abc_plus_dvmr_mv,3,7
short,5,30,46.666666666666664,-0.0028895392836646816,0.0,0.09730045935411157,0.08940205701695574,66.66666666666667,33.333333333333336,US30,abc_plus_dvmr_mv,3,7
any,5,925,49.83783783783784,0.004673427481751867,0.0,0.07500928630294153,0.06908870700874073,50.486486486486484,49.4054054054054,US30,abc_plus_dvmr_mv,3,7
long,8,895,50.05586592178771,0.008421421002338074,0.0006254737964007736,0.09604912258718151,0.08785715680335072,49.944134078212294,49.944134078212294,US30,abc_plus_dvmr_mv,3,7
short,8,30,56.666666666666664,-0.01216924400498775,0.0037695322275170424,0.11444967146908686,0.12303374668043453,66.66666666666667,33.333333333333336,US30,abc_plus_dvmr_mv,3,7
any,8,925,50.27027027027027,0.007753615650749128,0.001138205718846342,0.09664589714551357,0.08899801917774262,50.486486486486484,49.4054054054054,US30,abc_plus_dvmr_mv,3,7
long,10,895,50.6145251396648,0.00957183455801124,0.002156152905739463,0.10654214418155104,0.09827777527297583,49.944134078212294,49.944134078212294,US30,abc_plus_dvmr_mv,3,7
short,10,30,63.33333333333333,-0.02360989686544306,0.0030486701918603226,0.12967527705136442,0.14260642306603127,66.66666666666667,33.333333333333336,US30,abc_plus_dvmr_mv,3,7
any,10,925,51.027027027027025,0.00849567029562894,0.002156152905739463,0.10729240795030173,0.09971546114734518,50.486486486486484,49.4054054054054,US30,abc_plus_dvmr_mv,3,7
long,15,895,51.62011173184358,0.012708724950264387,0.004296442238941894,0.12913338446125638,0.12114218031000662,50.055865921787706,49.944134078212294,US30,abc_plus_dvmr_mv,3,7
short,15,30,50.0,-0.03363506843543051,0.0008743221380463726,0.14538178085101483,0.18253520470929072,66.66666666666667,33.333333333333336,US30,abc_plus_dvmr_mv,3,7
any,15,925,51.567567567567565,0.011205683002620226,0.0037528427784046417,0.1296603594793026,0.12313330542565908,50.5945945945946,49.4054054054054,US30,abc_plus_dvmr_mv,3,7
long,20,895,51.28491620111731,0.014940422242145325,0.0028699098561314187,0.15170633178632595,0.13960454060619076,50.055865921787706,49.944134078212294,US30,abc_plus_dvmr_mv,3,7
short,20,30,43.333333333333336,-0.061327850346835286,0.0,0.16956306551148764,0.21442401812226475,66.66666666666667,33.333333333333336,US30,abc_plus_dvmr_mv,3,7
any,20,925,51.027027027027025,0.012466856644664872,0.002467681227627766,0.1522854690963312,0.14203111825536074,50.5945945945946,49.4054054054054,US30,abc_plus_dvmr_mv,3,7
long,1,95,51.578947368421055,0.0046203954068357225,0.004746340156434625,0.04324663323600338,0.0341663400022235,51.578947368421055,43.1578947368421,US30,abc_plus_dvmr_mv,4,7
any,1,95,51.578947368421055,0.0046203954068357225,0.004746340156434625,0.04324663323600338,0.0341663400022235,51.578947368421055,43.1578947368421,US30,abc_plus_dvmr_mv,4,7
long,2,95,47.368421052631575,-0.0001389822478338494,0.0,0.053452030580921024,0.04483775816400425,52.63157894736842,46.31578947368421,US30,abc_plus_dvmr_mv,4,7
any,2,95,47.368421052631575,-0.0001389822478338494,0.0,0.053452030580921024,0.04483775816400425,52.63157894736842,46.31578947368421,US30,abc_plus_dvmr_mv,4,7
long,3,95,42.10526315789473,-0.006502694701258134,-0.012795835636122074,0.06311989355062128,0.062137092381692925,52.63157894736842,46.31578947368421,US30,abc_plus_dvmr_mv,4,7
any,3,95,42.10526315789473,-0.006502694701258134,-0.012795835636122074,0.06311989355062128,0.062137092381692925,52.63157894736842,46.31578947368421,US30,abc_plus_dvmr_mv,4,7
long,5,95,50.526315789473685,0.0042965419728594936,0.0013290166871335236,0.07560634823228642,0.07634535877240176,52.63157894736842,46.31578947368421,US30,abc_plus_dvmr_mv,4,7
any,5,95,50.526315789473685,0.0042965419728594936,0.0013290166871335236,0.07560634823228642,0.07634535877240176,52.63157894736842,46.31578947368421,US30,abc_plus_dvmr_mv,4,7
long,8,95,53.68421052631579,-0.005691583656699764,0.005419544016664182,0.10120352787312721,0.0992680646762219,52.63157894736842,46.31578947368421,US30,abc_plus_dvmr_mv,4,7
any,8,95,53.68421052631579,-0.005691583656699764,0.005419544016664182,0.10120352787312721,0.0992680646762219,52.63157894736842,46.31578947368421,US30,abc_plus_dvmr_mv,4,7
long,10,95,52.63157894736842,-0.0006964179617606471,0.014675452370819329,0.11596107506704693,0.1113394947140533,52.63157894736842,46.31578947368421,US30,abc_plus_dvmr_mv,4,7
any,10,95,52.63157894736842,-0.0006964179617606471,0.014675452370819329,0.11596107506704693,0.1113394947140533,52.63157894736842,46.31578947368421,US30,abc_plus_dvmr_mv,4,7
long,15,95,63.1578947368421,0.016287303600603383,0.02901728140314676,0.14011840294893277,0.13299981840331523,53.68421052631579,46.31578947368421,US30,abc_plus_dvmr_mv,4,7
any,15,95,63.1578947368421,0.016287303600603383,0.02901728140314676,0.14011840294893277,0.13299981840331523,53.68421052631579,46.31578947368421,US30,abc_plus_dvmr_mv,4,7
long,20,95,60.0,0.013490164345928075,0.03536806906419305,0.1676763668213353,0.15531275360492142,53.68421052631579,46.31578947368421,US30,abc_plus_dvmr_mv,4,7
any,20,95,60.0,0.013490164345928075,0.03536806906419305,0.1676763668213353,0.15531275360492142,53.68421052631579,46.31578947368421,US30,abc_plus_dvmr_mv,4,7
long,1,3095,48.07754442649434,-0.00017429475219626396,0.0,0.03297200373045667,0.03129954244021786,48.07754442649435,49.17609046849758,US30,abc_plus_dvmr_mv_longOnly,2,7
any,1,3095,48.07754442649434,-0.00017429475219626396,0.0,0.03297200373045667,0.03129954244021786,48.07754442649435,49.17609046849758,US30,abc_plus_dvmr_mv_longOnly,2,7
long,2,3095,48.917609046849755,-0.0005227623662272639,0.0,0.04465424330709269,0.04372896198010637,49.11147011308562,50.50080775444265,US30,abc_plus_dvmr_mv_longOnly,2,7
any,2,3095,48.917609046849755,-0.0005227623662272639,0.0,0.04465424330709269,0.04372896198010637,49.11147011308562,50.50080775444265,US30,abc_plus_dvmr_mv_longOnly,2,7
long,3,3095,48.949919224555735,-0.0005390461819024977,0.0,0.053583279806509385,0.052601652743845755,49.20840064620356,50.59773828756058,US30,abc_plus_dvmr_mv_longOnly,2,7
any,3,3095,48.949919224555735,-0.0005390461819024977,0.0,0.053583279806509385,0.052601652743845755,49.20840064620356,50.59773828756058,US30,abc_plus_dvmr_mv_longOnly,2,7
long,5,3095,48.336025848142164,-0.000470370988626208,-0.0002912267928607057,0.06716521490690151,0.06735251931518355,49.24071082390953,50.662358642972535,US30,abc_plus_dvmr_mv_longOnly,2,7
any,5,3095,48.336025848142164,-0.000470370988626208,-0.0002912267928607057,0.06716521490690151,0.06735251931518355,49.24071082390953,50.662358642972535,US30,abc_plus_dvmr_mv_longOnly,2,7
long,8,3095,48.88529886914378,-0.0017624417742218973,0.0,0.0847290475533711,0.08687206516112972,49.27302100161551,50.662358642972535,US30,abc_plus_dvmr_mv_longOnly,2,7
any,8,3095,48.88529886914378,-0.0017624417742218973,0.0,0.0847290475533711,0.08687206516112972,49.27302100161551,50.662358642972535,US30,abc_plus_dvmr_mv_longOnly,2,7
long,10,3095,49.98384491114701,0.0003664098107404435,0.0,0.09430108491469955,0.09719336216268679,49.27302100161551,50.662358642972535,US30,abc_plus_dvmr_mv_longOnly,2,7
any,10,3095,49.98384491114701,0.0003664098107404435,0.0,0.09430108491469955,0.09719336216268679,49.27302100161551,50.662358642972535,US30,abc_plus_dvmr_mv_longOnly,2,7
long,15,3095,50.53311793214863,0.0020684615168701653,0.0010338546028240774,0.11763163602969927,0.11926087994201297,49.27302100161551,50.662358642972535,US30,abc_plus_dvmr_mv_longOnly,2,7
any,15,3095,50.53311793214863,0.0020684615168701653,0.0010338546028240774,0.11763163602969927,0.11926087994201297,49.27302100161551,50.662358642972535,US30,abc_plus_dvmr_mv_longOnly,2,7
long,20,3095,50.113085621970924,0.0008953771160079689,0.0005583423040330181,0.13541112092273494,0.13816481695098332,49.305331179321485,50.662358642972535,US30,abc_plus_dvmr_mv_longOnly,2,7
any,20,3095,50.113085621970924,0.0008953771160079689,0.0005583423040330181,0.13541112092273494,0.13816481695098332,49.305331179321485,50.662358642972535,US30,abc_plus_dvmr_mv_longOnly,2,7
long,1,895,48.49162011173184,0.0014936619411073427,0.0,0.03491724001409199,0.030334577743261777,48.49162011173184,49.16201117318436,US30,abc_plus_dvmr_mv_longOnly,3,7
any,1,895,48.49162011173184,0.0014936619411073427,0.0,0.03491724001409199,0.030334577743261777,48.49162011173184,49.16201117318436,US30,abc_plus_dvmr_mv_longOnly,3,7
long,2,895,49.94413407821229,0.0035358650240285717,0.0,0.048314208729569874,0.04282630462302344,49.720670391061454,49.944134078212294,US30,abc_plus_dvmr_mv_longOnly,3,7
any,2,895,49.94413407821229,0.0035358650240285717,0.0,0.048314208729569874,0.04282630462302344,49.720670391061454,49.944134078212294,US30,abc_plus_dvmr_mv_longOnly,3,7
long,3,895,47.374301675977655,0.0008718740958646678,-0.0013192438094484242,0.05780076765611434,0.05232113038999187,49.944134078212294,49.944134078212294,US30,abc_plus_dvmr_mv_longOnly,3,7
any,3,895,47.374301675977655,0.0008718740958646678,-0.0013192438094484242,0.05780076765611434,0.05232113038999187,49.944134078212294,49.944134078212294,US30,abc_plus_dvmr_mv_longOnly,3,7
long,5,895,49.94413407821229,0.0049269347476317525,0.0,0.07426209614480175,0.06840781259505756,49.944134078212294,49.944134078212294,US30,abc_plus_dvmr_mv_longOnly,3,7
any,5,895,49.94413407821229,0.0049269347476317525,0.0,0.07426209614480175,0.06840781259505756,49.944134078212294,49.944134078212294,US30,abc_plus_dvmr_mv_longOnly,3,7
long,8,895,50.05586592178771,0.008421421002338074,0.0006254737964007736,0.09604912258718151,0.08785715680335072,49.944134078212294,49.944134078212294,US30,abc_plus_dvmr_mv_longOnly,3,7
any,8,895,50.05586592178771,0.008421421002338074,0.0006254737964007736,0.09604912258718151,0.08785715680335072,49.944134078212294,49.944134078212294,US30,abc_plus_dvmr_mv_longOnly,3,7
long,10,895,50.6145251396648,0.00957183455801124,0.002156152905739463,0.10654214418155104,0.09827777527297583,49.944134078212294,49.944134078212294,US30,abc_plus_dvmr_mv_longOnly,3,7
any,10,895,50.6145251396648,0.00957183455801124,0.002156152905739463,0.10654214418155104,0.09827777527297583,49.944134078212294,49.944134078212294,US30,abc_plus_dvmr_mv_longOnly,3,7
long,15,895,51.62011173184358,0.012708724950264387,0.004296442238941894,0.12913338446125638,0.12114218031000662,50.055865921787706,49.944134078212294,US30,abc_plus_dvmr_mv_longOnly,3,7
any,15,895,51.62011173184358,0.012708724950264387,0.004296442238941894,0.12913338446125638,0.12114218031000662,50.055865921787706,49.944134078212294,US30,abc_plus_dvmr_mv_longOnly,3,7
long,20,895,51.28491620111731,0.014940422242145325,0.0028699098561314187,0.15170633178632595,0.13960454060619076,50.055865921787706,49.944134078212294,US30,abc_plus_dvmr_mv_longOnly,3,7
any,20,895,51.28491620111731,0.014940422242145325,0.0028699098561314187,0.15170633178632595,0.13960454060619076,50.055865921787706,49.944134078212294,US30,abc_plus_dvmr_mv_longOnly,3,7
long,1,95,51.578947368421055,0.0046203954068357225,0.004746340156434625,0.04324663323600338,0.0341663400022235,51.578947368421055,43.1578947368421,US30,abc_plus_dvmr_mv_longOnly,4,7
any,1,95,51.578947368421055,0.0046203954068357225,0.004746340156434625,0.04324663323600338,0.0341663400022235,51.578947368421055,43.1578947368421,US30,abc_plus_dvmr_mv_longOnly,4,7
long,2,95,47.368421052631575,-0.0001389822478338494,0.0,0.053452030580921024,0.04483775816400425,52.63157894736842,46.31578947368421,US30,abc_plus_dvmr_mv_longOnly,4,7
any,2,95,47.368421052631575,-0.0001389822478338494,0.0,0.053452030580921024,0.04483775816400425,52.63157894736842,46.31578947368421,US30,abc_plus_dvmr_mv_longOnly,4,7
long,3,95,42.10526315789473,-0.006502694701258134,-0.012795835636122074,0.06311989355062128,0.062137092381692925,52.63157894736842,46.31578947368421,US30,abc_plus_dvmr_mv_longOnly,4,7
any,3,95,42.10526315789473,-0.006502694701258134,-0.012795835636122074,0.06311989355062128,0.062137092381692925,52.63157894736842,46.31578947368421,US30,abc_plus_dvmr_mv_longOnly,4,7
long,5,95,50.526315789473685,0.0042965419728594936,0.0013290166871335236,0.07560634823228642,0.07634535877240176,52.63157894736842,46.31578947368421,US30,abc_plus_dvmr_mv_longOnly,4,7
any,5,95,50.526315789473685,0.0042965419728594936,0.0013290166871335236,0.07560634823228642,0.07634535877240176,52.63157894736842,46.31578947368421,US30,abc_plus_dvmr_mv_longOnly,4,7
long,8,95,53.68421052631579,-0.005691583656699764,0.005419544016664182,0.10120352787312721,0.0992680646762219,52.63157894736842,46.31578947368421,US30,abc_plus_dvmr_mv_longOnly,4,7
any,8,95,53.68421052631579,-0.005691583656699764,0.005419544016664182,0.10120352787312721,0.0992680646762219,52.63157894736842,46.31578947368421,US30,abc_plus_dvmr_mv_longOnly,4,7
long,10,95,52.63157894736842,-0.0006964179617606471,0.014675452370819329,0.11596107506704693,0.1113394947140533,52.63157894736842,46.31578947368421,US30,abc_plus_dvmr_mv_longOnly,4,7
any,10,95,52.63157894736842,-0.0006964179617606471,0.014675452370819329,0.11596107506704693,0.1113394947140533,52.63157894736842,46.31578947368421,US30,abc_plus_dvmr_mv_longOnly,4,7
long,15,95,63.1578947368421,0.016287303600603383,0.02901728140314676,0.14011840294893277,0.13299981840331523,53.68421052631579,46.31578947368421,US30,abc_plus_dvmr_mv_longOnly,4,7
any,15,95,63.1578947368421,0.016287303600603383,0.02901728140314676,0.14011840294893277,0.13299981840331523,53.68421052631579,46.31578947368421,US30,abc_plus_dvmr_mv_longOnly,4,7
long,20,95,60.0,0.013490164345928075,0.03536806906419305,0.1676763668213353,0.15531275360492142,53.68421052631579,46.31578947368421,US30,abc_plus_dvmr_mv_longOnly,4,7
any,20,95,60.0,0.013490164345928075,0.03536806906419305,0.1676763668213353,0.15531275360492142,53.68421052631579,46.31578947368421,US30,abc_plus_dvmr_mv_longOnly,4,7
long,1,4920,53.08943089430894,0.004952058977736213,0.0016560244874710408,0.035012552461895566,0.02858383582162428,53.08943089430894,43.49593495934959,US30,abc_plus_research,2,10
short,1,2775,54.7027027027027,0.005756234110496718,0.0017228934870491246,0.04238658779640769,0.03685560922130457,54.7027027027027,40.86486486486486,US30,abc_plus_research,2,10
any,1,7695,53.67121507472385,0.0052420636552424375,0.0016823608502517147,0.037671804970442826,0.031566834026187346,53.67121507472385,42.54710851202079,US30,abc_plus_research,2,10
long,2,4920,54.93902439024391,0.008441000881490872,0.0031163640435554374,0.0496174644358071,0.03926939317917776,54.41056910569106,44.77642276422764,US30,abc_plus_research,2,10
short,2,2775,57.08108108108109,0.01198532636336357,0.0038418539250300626,0.062433861311905654,0.049852716946064704,56.68468468468468,41.729729729729726,US30,abc_plus_research,2,10
any,2,7695,55.71150097465887,0.00971916894025588,0.003222571405737208,0.05423936194473153,0.04308599141869839,55.23066926575699,43.67771280051982,US30,abc_plus_research,2,10
long,3,4920,54.91869918699187,0.010733659358517658,0.004135970913643195,0.06098806901678733,0.047080191936000444,54.67479674796748,44.8780487804878,US30,abc_plus_research,2,10
short,3,2775,57.153153153153156,0.014657483721288026,0.004893628821516307,0.07996690600292866,0.06069270133385513,57.189189189189186,42.090090090090094,US30,abc_plus_research,2,10
any,3,7695,55.724496426250816,0.01214868373885395,0.004358032725920417,0.0678322889825498,0.05198918655316052,55.58154645873944,43.87264457439896,US30,abc_plus_research,2,10
long,5,4920,54.044715447154466,0.012113128530256801,0.004403664817037552,0.07720414315280055,0.06099402068263334,54.75609756097561,44.979674796747965,US30,abc_plus_research,2,10
short,5,2775,55.85585585585585,0.016160548235610715,0.005230487991453383,0.10280217605886109,0.07919342600787839,57.369369369369366,42.1981981981982,US30,abc_plus_research,2,10
any,5,7695,54.697855750487335,0.013572724330433163,0.004529587264008503,0.08643540258286138,0.06755715905528506,55.69850552306693,43.9766081871345,US30,abc_plus_research,2,10
long,8,4920,53.67886178861788,0.013310696014321362,0.004495603445066996,0.0976213545473667,0.07950484432049838,54.89837398373984,45.0,US30,abc_plus_research,2,10
short,8,2775,53.04504504504505,0.01747627216985538,0.0022760342470321084,0.12962365317838637,0.1019189184524888,57.513513513513516,42.34234234234234,US30,abc_plus_research,2,10
any,8,7695,53.45029239766082,0.014812901840391135,0.003750726703298764,0.10916214450202291,0.08758789249675224,55.8414554905783,44.04158544509422,US30,abc_plus_research,2,10
long,10,4920,53.963414634146346,0.014985776758859056,0.00624999782414187,0.10803438074721984,0.08941644199195298,54.89837398373984,45.040650406504064,US30,abc_plus_research,2,10
short,10,2775,52.68468468468468,0.018607337887800664,0.0017721681697803267,0.1449410459058946,0.1145305338766955,57.585585585585584,42.34234234234234,US30,abc_plus_research,2,10
any,10,7695,53.50227420402859,0.01629179782875028,0.004536146608258379,0.12134380190580628,0.09847318078079774,55.86744639376219,44.0675763482781,US30,abc_plus_research,2,10
long,15,4920,53.55691056910569,0.01652497241476277,0.006350464960812393,0.13359864884411946,0.11279213294130284,54.89837398373984,45.0609756097561,US30,abc_plus_research,2,10
short,15,2775,52.14414414414414,0.015568383374216913,0.0017721681697803267,0.17550419448931115,0.14331886338175986,57.62162162162162,42.34234234234234,US30,abc_plus_research,2,10
any,15,7695,53.047433398310595,0.016180003657450908,0.004584540356844991,0.14871078518790204,0.12380079791495693,55.88044184535413,44.08057179987004,US30,abc_plus_research,2,10
long,20,4920,53.109756097560975,0.016397528492852875,0.008813883005359237,0.15298152174571042,0.13238223753282824,54.91869918699187,45.0609756097561,US30,abc_plus_research,2,10
short,20,2775,51.31531531531531,0.019032170785813308,0.0015099900944649802,0.2052455364909874,0.16701823335979465,57.65765765765766,42.34234234234234,US30,abc_plus_research,2,10
any,20,7695,52.462638076673166,0.01734764315990488,0.004960698863255855,0.17182916838874404,0.14487280133007735,55.90643274853801,44.08057179987004,US30,abc_plus_research,2,10
long,1,1815,54.049586776859506,0.008422741606335075,0.0022516132809157763,0.03940605190907845,0.028838079784380844,54.049586776859506,43.03030303030303,US30,abc_plus_research,3,10
short,1,897,58.19397993311036,0.011863289189535185,0.004065135078614426,0.04389577924761232,0.032295568998537943,58.19397993311037,38.01560758082497,US30,abc_plus_research,3,10
any,1,2712,55.42035398230089,0.009560710331309447,0.0029091386324587134,0.040891039159323614,0.029981651991275723,55.42035398230089,41.3716814159292,US30,abc_plus_research,3,10
long,2,1815,57.35537190082645,0.014923960160028345,0.0058975825809000895,0.05644114308201973,0.038617843662236466,55.26170798898072,44.18732782369146,US30,abc_plus_research,3,10
short,2,897,63.54515050167224,0.022844841347741705,0.011842553254481667,0.06510122476356364,0.041416393194568926,60.20066889632107,38.46153846153846,US30,abc_plus_research,3,10
any,2,2712,59.40265486725663,0.01754380913693796,0.007334255056885355,0.05930548425766313,0.039543470111536694,56.8952802359882,42.293510324483776,US30,abc_plus_research,3,10
long,3,1815,55.867768595041326,0.01762684558660291,0.005080546992011347,0.06992704836769864,0.04652820775192295,55.53719008264463,44.18732782369146,US30,abc_plus_research,3,10
short,3,897,63.09921962095875,0.026320700891602964,0.014307516215185043,0.08297291588034852,0.04897102657458596,60.53511705685619,38.684503901895205,US30,abc_plus_research,3,10
any,3,2712,58.25958702064897,0.020502357462924833,0.007757943244733062,0.07424199791004633,0.04733617548198516,57.190265486725664,42.36725663716814,US30,abc_plus_research,3,10
long,5,1815,56.74931129476584,0.021627034984520403,0.008935352723048743,0.0886239083178466,0.06069098780450441,55.53719008264463,44.29752066115702,US30,abc_plus_research,3,10
short,5,897,61.64994425863991,0.030982082358031564,0.015060997038003916,0.10767813919380932,0.06344119166137527,60.98104793756968,38.79598662207358,US30,abc_plus_research,3,10
any,5,2712,58.37020648967551,0.024721237600316682,0.010732475131346307,0.09492613733544931,0.06160062381468625,57.3377581120944,42.47787610619469,US30,abc_plus_research,3,10
long,8,1815,56.528925619834716,0.02410321340388373,0.010403012712481535,0.11185710000046613,0.07943028846902905,55.59228650137741,44.29752066115702,US30,abc_plus_research,3,10
short,8,897,55.964325529542926,0.02690082470985475,0.010760417159852452,0.13209148246957225,0.08343614426170813,60.98104793756968,38.90746934225195,US30,abc_plus_research,3,10
any,8,2712,56.342182890855455,0.025028529532739187,0.010619342892075757,0.11854966676845587,0.08075523413497046,57.37463126843658,42.514749262536874,US30,abc_plus_research,3,10
long,10,1815,55.70247933884298,0.022745503002290546,0.01054397893614265,0.12240803301380711,0.0903355817756257,55.59228650137741,44.352617079889804,US30,abc_plus_research,3,10
short,10,897,54.84949832775919,0.027337571930097417,0.00744347390470269,0.14737800243733973,0.09636042627526632,61.09253065774805,38.90746934225195,US30,abc_plus_research,3,10
any,10,2712,55.42035398230089,0.0242643399596072,0.009699798255762917,0.1306669056439357,0.09232831242318383,57.41150442477876,42.551622418879056,US30,abc_plus_research,3,10
long,15,1815,54.87603305785124,0.024106396265468514,0.011473775122352165,0.14841783163469385,0.11551812611405247,55.647382920110196,44.352617079889804,US30,abc_plus_research,3,10
short,15,897,55.406911928651056,0.020991167730893427,0.012825994014536126,0.17348612764304702,0.12499406956032337,61.09253065774805,38.90746934225195,US30,abc_plus_research,3,10
any,15,2712,55.051622418879056,0.02307602753555928,0.01175928985943139,0.15670922600028855,0.11865231537338321,57.448377581120944,42.551622418879056,US30,abc_plus_research,3,10
long,20,1815,54.21487603305785,0.02464631022524116,0.01252958691091008,0.17095201482882996,0.13645330978375342,55.647382920110196,44.352617079889804,US30,abc_plus_research,3,10
short,20,897,54.18060200668896,0.019498659796862904,0.008981605671584595,0.19948892481660485,0.14649589983135172,61.09253065774805,38.90746934225195,US30,abc_plus_research,3,10
any,20,2712,54.20353982300885,0.022943713457447903,0.011424949285907277,0.18039066094204312,0.1397749186601161,57.448377581120944,42.551622418879056,US30,abc_plus_research,3,10
long,1,318,54.40251572327044,0.013608846254847685,0.0032668032558952264,0.04351623622292045,0.02763786880730828,54.40251572327044,42.76729559748428,US30,abc_plus_research,4,10
short,1,88,62.5,0.03686395971220958,0.00946315149578585,0.0742788585939555,0.04035074540734584,62.5,31.818181818181817,US30,abc_plus_research,4,10
any,1,406,56.15763546798029,0.018649363457428587,0.00453421445340794,0.05018399673683937,0.03039336915411445,56.1576354679803,40.39408866995074,US30,abc_plus_research,4,10
long,2,318,58.17610062893082,0.01721079090043995,0.006600534588707056,0.059747448164973675,0.03625644248140613,55.34591194968554,44.0251572327044,US30,abc_plus_research,4,10
short,2,88,70.45454545454545,0.06161706256386317,0.035694868915633594,0.10384060952806698,0.04700481209126849,67.04545454545455,32.95454545454545,US30,abc_plus_research,4,10
any,2,406,60.83743842364532,0.026835795595960256,0.008982073141583308,0.06930458658850129,0.03858613835743541,57.881773399014776,41.6256157635468,US30,abc_plus_research,4,10
long,3,318,52.20125786163522,0.01931291188806618,0.002985383874843325,0.07264631204894091,0.04582719988599862,55.34591194968554,44.0251572327044,US30,abc_plus_research,4,10
short,3,88,69.31818181818183,0.06841494268685698,0.03631359796813144,0.12933337081047971,0.049832595411889405,67.04545454545455,32.95454545454545,US30,abc_plus_research,4,10
any,3,406,55.91133004926109,0.029955716593222808,0.008534228385267354,0.08493316222385572,0.04669536443348234,57.881773399014776,41.6256157635468,US30,abc_plus_research,4,10
long,5,318,54.71698113207547,0.020829179870950097,0.009943700552796331,0.08625836265475119,0.05971809658529366,55.34591194968554,44.339622641509436,US30,abc_plus_research,4,10
short,5,88,67.04545454545455,0.07162032019099324,0.027844314731753896,0.16327841763054177,0.061983984653668694,67.04545454545455,32.95454545454545,US30,abc_plus_research,4,10
any,5,406,57.389162561576356,0.03183809698465402,0.013833770941785315,0.10295236471846936,0.060209225033611403,57.881773399014776,41.87192118226601,US30,abc_plus_research,4,10
long,8,318,58.80503144654088,0.02692756135338956,0.013687442905231172,0.11221165110986119,0.0765374773615554,55.34591194968554,44.339622641509436,US30,abc_plus_research,4,10
short,8,88,63.63636363636363,0.06113965013507369,0.03326016642719502,0.1966117371234738,0.08807968613368816,67.04545454545455,32.95454545454545,US30,abc_plus_research,4,10
any,8,406,59.85221674876847,0.03434298946370533,0.017434264732672643,0.13050526581231908,0.07903923689837235,57.881773399014776,41.87192118226601,US30,abc_plus_research,4,10
long,10,318,54.71698113207547,0.022174247422126918,0.008450333456459283,0.12302677536323359,0.08808165234042209,55.34591194968554,44.339622641509436,US30,abc_plus_research,4,10
short,10,88,56.81818181818182,0.06320196378580442,0.034430121648504675,0.21721293616968856,0.11107233816871083,67.04545454545455,32.95454545454545,US30,abc_plus_research,4,10
any,10,406,55.172413793103445,0.031066954417209722,0.010578456848188048,0.14344150972522382,0.0930648551800512,57.881773399014776,41.87192118226601,US30,abc_plus_research,4,10
long,15,318,57.23270440251572,0.03453153739951545,0.01962725774427429,0.1568434320258916,0.11095017928268225,55.660377358490564,44.339622641509436,US30,abc_plus_research,4,10
short,15,88,57.95454545454546,0.0788497789895146,0.050268237495848786,0.25728361080946255,0.13262855536411278,67.04545454545455,32.95454545454545,US30,abc_plus_research,4,10
any,15,406,57.389162561576356,0.04413746168503251,0.020594983595180735,0.17861371708242918,0.11564894060082484,58.12807881773399,41.87192118226601,US30,abc_plus_research,4,10
long,20,318,56.60377358490566,0.036897649236410625,0.023946891863170623,0.17999177754215578,0.13399094096013897,55.660377358490564,44.339622641509436,US30,abc_plus_research,4,10
short,20,88,59.09090909090909,0.06755417535787268,0.025370546377600646,0.2880032166091811,0.15479313150529417,67.04545454545455,32.95454545454545,US30,abc_plus_research,4,10
any,20,406,57.14285714285714,0.04354241351889502,0.023946891863170623,0.2034031239409199,0.13849979014234012,58.12807881773399,41.87192118226601,US30,abc_plus_research,4,10
long,1,4920,53.08943089430894,0.004952058977736213,0.0016560244874710408,0.035012552461895566,0.02858383582162428,53.08943089430894,43.49593495934959,US30,abc_plus_research_longOnly,2,10
any,1,4920,53.08943089430894,0.004952058977736213,0.0016560244874710408,0.035012552461895566,0.02858383582162428,53.08943089430894,43.49593495934959,US30,abc_plus_research_longOnly,2,10
long,2,4920,54.93902439024391,0.008441000881490872,0.0031163640435554374,0.0496174644358071,0.03926939317917776,54.41056910569106,44.77642276422764,US30,abc_plus_research_longOnly,2,10
any,2,4920,54.93902439024391,0.008441000881490872,0.0031163640435554374,0.0496174644358071,0.03926939317917776,54.41056910569106,44.77642276422764,US30,abc_plus_research_longOnly,2,10
long,3,4920,54.91869918699187,0.010733659358517658,0.004135970913643195,0.06098806901678733,0.047080191936000444,54.67479674796748,44.8780487804878,US30,abc_plus_research_longOnly,2,10
any,3,4920,54.91869918699187,0.010733659358517658,0.004135970913643195,0.06098806901678733,0.047080191936000444,54.67479674796748,44.8780487804878,US30,abc_plus_research_longOnly,2,10
long,5,4920,54.044715447154466,0.012113128530256801,0.004403664817037552,0.07720414315280055,0.06099402068263334,54.75609756097561,44.979674796747965,US30,abc_plus_research_longOnly,2,10
any,5,4920,54.044715447154466,0.012113128530256801,0.004403664817037552,0.07720414315280055,0.06099402068263334,54.75609756097561,44.979674796747965,US30,abc_plus_research_longOnly,2,10
long,8,4920,53.67886178861788,0.013310696014321362,0.004495603445066996,0.0976213545473667,0.07950484432049838,54.89837398373984,45.0,US30,abc_plus_research_longOnly,2,10
any,8,4920,53.67886178861788,0.013310696014321362,0.004495603445066996,0.0976213545473667,0.07950484432049838,54.89837398373984,45.0,US30,abc_plus_research_longOnly,2,10
long,10,4920,53.963414634146346,0.014985776758859056,0.00624999782414187,0.10803438074721984,0.08941644199195298,54.89837398373984,45.040650406504064,US30,abc_plus_research_longOnly,2,10
any,10,4920,53.963414634146346,0.014985776758859056,0.00624999782414187,0.10803438074721984,0.08941644199195298,54.89837398373984,45.040650406504064,US30,abc_plus_research_longOnly,2,10
long,15,4920,53.55691056910569,0.01652497241476277,0.006350464960812393,0.13359864884411946,0.11279213294130284,54.89837398373984,45.0609756097561,US30,abc_plus_research_longOnly,2,10
any,15,4920,53.55691056910569,0.01652497241476277,0.006350464960812393,0.13359864884411946,0.11279213294130284,54.89837398373984,45.0609756097561,US30,abc_plus_research_longOnly,2,10
long,20,4920,53.109756097560975,0.016397528492852875,0.008813883005359237,0.15298152174571042,0.13238223753282824,54.91869918699187,45.0609756097561,US30,abc_plus_research_longOnly,2,10
any,20,4920,53.109756097560975,0.016397528492852875,0.008813883005359237,0.15298152174571042,0.13238223753282824,54.91869918699187,45.0609756097561,US30,abc_plus_research_longOnly,2,10
long,1,1815,54.049586776859506,0.008422741606335075,0.0022516132809157763,0.03940605190907845,0.028838079784380844,54.049586776859506,43.03030303030303,US30,abc_plus_research_longOnly,3,10
any,1,1815,54.049586776859506,0.008422741606335075,0.0022516132809157763,0.03940605190907845,0.028838079784380844,54.049586776859506,43.03030303030303,US30,abc_plus_research_longOnly,3,10
long,2,1815,57.35537190082645,0.014923960160028345,0.0058975825809000895,0.05644114308201973,0.038617843662236466,55.26170798898072,44.18732782369146,US30,abc_plus_research_longOnly,3,10
any,2,1815,57.35537190082645,0.014923960160028345,0.0058975825809000895,0.05644114308201973,0.038617843662236466,55.26170798898072,44.18732782369146,US30,abc_plus_research_longOnly,3,10
long,3,1815,55.867768595041326,0.01762684558660291,0.005080546992011347,0.06992704836769864,0.04652820775192295,55.53719008264463,44.18732782369146,US30,abc_plus_research_longOnly,3,10
any,3,1815,55.867768595041326,0.01762684558660291,0.005080546992011347,0.06992704836769864,0.04652820775192295,55.53719008264463,44.18732782369146,US30,abc_plus_research_longOnly,3,10
long,5,1815,56.74931129476584,0.021627034984520403,0.008935352723048743,0.0886239083178466,0.06069098780450441,55.53719008264463,44.29752066115702,US30,abc_plus_research_longOnly,3,10
any,5,1815,56.74931129476584,0.021627034984520403,0.008935352723048743,0.0886239083178466,0.06069098780450441,55.53719008264463,44.29752066115702,US30,abc_plus_research_longOnly,3,10
long,8,1815,56.528925619834716,0.02410321340388373,0.010403012712481535,0.11185710000046613,0.07943028846902905,55.59228650137741,44.29752066115702,US30,abc_plus_research_longOnly,3,10
any,8,1815,56.528925619834716,0.02410321340388373,0.010403012712481535,0.11185710000046613,0.07943028846902905,55.59228650137741,44.29752066115702,US30,abc_plus_research_longOnly,3,10
long,10,1815,55.70247933884298,0.022745503002290546,0.01054397893614265,0.12240803301380711,0.0903355817756257,55.59228650137741,44.352617079889804,US30,abc_plus_research_longOnly,3,10
any,10,1815,55.70247933884298,0.022745503002290546,0.01054397893614265,0.12240803301380711,0.0903355817756257,55.59228650137741,44.352617079889804,US30,abc_plus_research_longOnly,3,10
long,15,1815,54.87603305785124,0.024106396265468514,0.011473775122352165,0.14841783163469385,0.11551812611405247,55.647382920110196,44.352617079889804,US30,abc_plus_research_longOnly,3,10
any,15,1815,54.87603305785124,0.024106396265468514,0.011473775122352165,0.14841783163469385,0.11551812611405247,55.647382920110196,44.352617079889804,US30,abc_plus_research_longOnly,3,10
long,20,1815,54.21487603305785,0.02464631022524116,0.01252958691091008,0.17095201482882996,0.13645330978375342,55.647382920110196,44.352617079889804,US30,abc_plus_research_longOnly,3,10
any,20,1815,54.21487603305785,0.02464631022524116,0.01252958691091008,0.17095201482882996,0.13645330978375342,55.647382920110196,44.352617079889804,US30,abc_plus_research_longOnly,3,10
long,1,318,54.40251572327044,0.013608846254847685,0.0032668032558952264,0.04351623622292045,0.02763786880730828,54.40251572327044,42.76729559748428,US30,abc_plus_research_longOnly,4,10
any,1,318,54.40251572327044,0.013608846254847685,0.0032668032558952264,0.04351623622292045,0.02763786880730828,54.40251572327044,42.76729559748428,US30,abc_plus_research_longOnly,4,10
long,2,318,58.17610062893082,0.01721079090043995,0.006600534588707056,0.059747448164973675,0.03625644248140613,55.34591194968554,44.0251572327044,US30,abc_plus_research_longOnly,4,10
any,2,318,58.17610062893082,0.01721079090043995,0.006600534588707056,0.059747448164973675,0.03625644248140613,55.34591194968554,44.0251572327044,US30,abc_plus_research_longOnly,4,10
long,3,318,52.20125786163522,0.01931291188806618,0.002985383874843325,0.07264631204894091,0.04582719988599862,55.34591194968554,44.0251572327044,US30,abc_plus_research_longOnly,4,10
any,3,318,52.20125786163522,0.01931291188806618,0.002985383874843325,0.07264631204894091,0.04582719988599862,55.34591194968554,44.0251572327044,US30,abc_plus_research_longOnly,4,10
long,5,318,54.71698113207547,0.020829179870950097,0.009943700552796331,0.08625836265475119,0.05971809658529366,55.34591194968554,44.339622641509436,US30,abc_plus_research_longOnly,4,10
any,5,318,54.71698113207547,0.020829179870950097,0.009943700552796331,0.08625836265475119,0.05971809658529366,55.34591194968554,44.339622641509436,US30,abc_plus_research_longOnly,4,10
long,8,318,58.80503144654088,0.02692756135338956,0.013687442905231172,0.11221165110986119,0.0765374773615554,55.34591194968554,44.339622641509436,US30,abc_plus_research_longOnly,4,10
any,8,318,58.80503144654088,0.02692756135338956,0.013687442905231172,0.11221165110986119,0.0765374773615554,55.34591194968554,44.339622641509436,US30,abc_plus_research_longOnly,4,10
long,10,318,54.71698113207547,0.022174247422126918,0.008450333456459283,0.12302677536323359,0.08808165234042209,55.34591194968554,44.339622641509436,US30,abc_plus_research_longOnly,4,10
any,10,318,54.71698113207547,0.022174247422126918,0.008450333456459283,0.12302677536323359,0.08808165234042209,55.34591194968554,44.339622641509436,US30,abc_plus_research_longOnly,4,10
long,15,318,57.23270440251572,0.03453153739951545,0.01962725774427429,0.1568434320258916,0.11095017928268225,55.660377358490564,44.339622641509436,US30,abc_plus_research_longOnly,4,10
any,15,318,57.23270440251572,0.03453153739951545,0.01962725774427429,0.1568434320258916,0.11095017928268225,55.660377358490564,44.339622641509436,US30,abc_plus_research_longOnly,4,10
long,20,318,56.60377358490566,0.036897649236410625,0.023946891863170623,0.17999177754215578,0.13399094096013897,55.660377358490564,44.339622641509436,US30,abc_plus_research_longOnly,4,10
any,20,318,56.60377358490566,0.036897649236410625,0.023946891863170623,0.17999177754215578,0.13399094096013897,55.660377358490564,44.339622641509436,US30,abc_plus_research_longOnly,4,10
